t,status
1780280464.083,4
1780280464.0839,4
1780280464.0849,4
1780280464.0859,4
1780280464.0869,4
1780280464.088,4
1780280464.089,4
1780280464.09,4
1780280464.091,4
1780280464.0919,4
1780280464.0929,4
1780280464.0939,4
1780280464.0949,4
1780280464.096,4
1780280464.097,4
1780280464.098,4
1780280464.099,4
1780280465.0,4
1780280465.0009,4
1780280465.0019,4
1780280465.0029,4
1780280465.0039,4
1780280465.005,4
1780280465.006,4
1780280465.007,4
1780280465.008,4
1780280465.0089,4
1780280465.0099,4
1780280465.0109,4
1780280465.0119,4
1780280465.013,4
1780280465.014,4
1780280465.015,4
1780280465.016,4
1780280465.0169,4
1780280465.0179,4
1780280465.0189,4
1780280465.0199,4
1780280465.021,4
1780280465.022,4
1780280465.023,4
1780280465.024,4
1780280465.025,4
1780280465.0259,4
1780280465.0269,4
1780280465.0279,4
1780280465.0289,4
1780280465.03,4
1780280465.031,4
1780280465.032,4
1780280465.033,4
1780280465.0339,4
1780280465.0349,4
1780280465.0359,4
1780280465.0369,4
1780280465.038,4
1780280465.039,4
1780280465.04,4
1780280465.041,4
1780280465.0419,4
1780280465.0429,4
1780280465.0439,4
1780280465.0449,4
1780280465.046,4
1780280465.047,4
1780280465.048,4
1780280465.049,4
1780280465.05,4
1780280465.0509,4
1780280465.0519,4
1780280465.0529,4
1780280465.0539,4
1780280465.055,4
1780280465.056,4
1780280465.057,4
1780280465.058,4
1780280465.0589,4
1780280465.0599,4
1780280465.0609,4
1780280465.0619,4
1780280465.063,4
1780280465.064,4
1780280465.065,4
1780280465.066,4
1780280465.0669,4
1780280465.0679,4
1780280465.0689,4
1780280465.0699,4
1780280465.071,4
1780280465.072,4
1780280465.073,4
1780280465.074,4
1780280465.075,4
1780280465.0759,4
1780280465.0769,4
1780280465.0779,4
1780280465.0789,4
1780280465.08,4
1780280465.081,4
1780280465.082,4
1780280465.083,4
1780280465.0839,4
1780280465.0849,4
1780280465.0859,4
1780280465.0869,4
1780280465.088,4
1780280465.089,4
1780280465.09,4
1780280465.091,4
1780280465.0919,4
1780280465.0929,4
1780280465.0939,4
1780280465.0949,4
1780280465.096,4
1780280465.097,4
1780280465.098,4
1780280465.099,4
1780280466.0,4
1780280466.0009,4
1780280466.0019,4
1780280466.0029,4
1780280466.0039,4
1780280466.005,4
1780280466.006,4
1780280466.007,4
1780280466.008,4
1780280466.0089,4
1780280466.0099,4
1780280466.0109,4
1780280466.0119,4
1780280466.013,4
1780280466.014,4
1780280466.015,4
1780280466.016,4
1780280466.0169,4
1780280466.0179,4
1780280466.0189,4
1780280466.0199,4
1780280466.021,4
1780280466.022,4
1780280466.023,4
1780280466.024,4
1780280466.025,4
1780280466.0259,4
1780280466.0269,4
1780280466.0279,4
1780280466.0289,4
1780280466.03,4
1780280466.031,4
1780280466.032,4
1780280466.033,4
1780280466.0339,4
1780280466.0349,4
1780280466.0359,4
1780280466.0369,4
1780280466.038,4
1780280466.039,4
1780280466.04,4
1780280466.041,4
1780280466.0419,4
1780280466.0429,4
1780280466.0439,4
1780280466.0449,4
1780280466.046,4
1780280466.047,4
1780280466.048,4
1780280466.049,4
1780280466.05,4
1780280466.0509,4
1780280466.0519,4
1780280466.0529,4
1780280466.0539,4
1780280466.055,4
1780280466.056,4
1780280466.057,4
1780280466.058,4
1780280466.0589,4
1780280466.0599,4
1780280466.0609,4
1780280466.0619,4
1780280466.063,4
1780280466.064,4
1780280466.065,4
1780280466.066,4
1780280466.0669,4
1780280466.0679,4
1780280466.0689,4
1780280466.0699,4
1780280466.071,4
1780280466.072,4
1780280466.073,4
1780280466.074,4
1780280466.075,4
1780280466.0759,4
1780280466.0769,4
1780280466.0779,4
1780280466.0789,4
1780280466.08,4
1780280466.081,4
1780280466.082,4
1780280466.083,4
1780280466.0839,4
1780280466.0849,4
1780280466.0859,4
1780280466.0869,4
1780280466.088,4
1780280466.089,4
1780280466.09,4
1780280466.091,4
1780280466.0919,4
1780280466.0929,4
1780280466.0939,4
1780280466.0949,4
1780280466.096,4
1780280466.097,4
1780280466.098,4
1780280466.099,4
1780280467.0,4
1780280467.0009,4
1780280467.0019,4
1780280467.0029,4
1780280467.0039,4
1780280467.005,4
1780280467.006,4
1780280467.007,4
1780280467.008,4
1780280467.0089,4
1780280467.0099,4
1780280467.0109,4
1780280467.0119,4
1780280467.013,4
1780280467.014,4
1780280467.015,4
1780280467.016,4
1780280467.0169,4
1780280467.0179,4
1780280467.0189,4
1780280467.0199,4
1780280467.021,4
1780280467.022,4
1780280467.023,4
1780280467.024,4
1780280467.025,4
1780280467.0259,4
1780280467.0269,4
1780280467.0279,4
1780280467.0289,4
1780280467.03,4
1780280467.031,4
1780280467.032,4
1780280467.033,4
1780280467.0339,4
1780280467.0349,4
1780280467.0359,4
1780280467.0369,4
1780280467.038,4
1780280467.039,4
1780280467.04,4
1780280467.041,4
1780280467.0419,4
1780280467.0429,4
1780280467.0439,4
1780280467.0449,4
1780280467.046,4
1780280467.047,4
1780280467.048,4
1780280467.049,4
1780280467.05,4
1780280467.0509,4
1780280467.0519,4
1780280467.0529,4
1780280467.0539,4
1780280467.055,4
1780280467.056,4
1780280467.057,4
1780280467.058,4
1780280467.0589,4
1780280467.0599,4
1780280467.0609,4
1780280467.0619,4
1780280467.063,4
1780280467.064,4
1780280467.065,4
1780280467.066,4
1780280467.0669,4
1780280467.0679,4
1780280467.0689,4
1780280467.0699,4
1780280467.071,4
1780280467.072,4
1780280467.073,4
1780280467.074,4
1780280467.075,4
1780280467.0759,4
1780280467.0769,4
1780280467.0779,4
1780280467.0789,4
1780280467.08,4
1780280467.081,4
1780280467.082,4
1780280467.083,4
1780280467.0839,4
1780280467.0849,4
1780280467.0859,4
1780280467.0869,4
1780280467.088,4
1780280467.089,4
1780280467.09,4
1780280467.091,4
1780280467.0919,4
1780280467.0929,4
1780280467.0939,4
1780280467.0949,4
1780280467.096,4
1780280467.097,4
1780280467.098,4
1780280467.099,4
1780280468.0,4
1780280468.0009,4
1780280468.0019,4
1780280468.0029,4
1780280468.0039,4
1780280468.005,4
1780280468.006,4
1780280468.007,4
1780280468.008,4
1780280468.0089,4
1780280468.0099,4
1780280468.0109,4
1780280468.0119,4
1780280468.013,4
1780280468.014,4
1780280468.015,4
1780280468.016,4
1780280468.0169,4
1780280468.0179,4
1780280468.0189,4
1780280468.0199,4
1780280468.021,4
1780280468.022,4
1780280468.023,4
1780280468.024,4
1780280468.025,4
1780280468.0259,4
1780280468.0269,4
1780280468.0279,4
1780280468.0289,4
1780280468.03,4
1780280468.031,4
1780280468.032,4
1780280468.033,4
1780280468.0339,4
1780280468.0349,4
1780280468.0359,4
1780280468.0369,4
1780280468.038,4
1780280468.039,4
1780280468.04,4
1780280468.041,4
1780280468.0419,4
1780280468.0429,4
1780280468.0439,4
1780280468.0449,4
1780280468.046,4
1780280468.047,4
1780280468.048,4
1780280468.049,4
1780280468.05,4
1780280468.0509,4
1780280468.0519,4
1780280468.0529,4
1780280468.0539,4
1780280468.055,4
1780280468.056,4
1780280468.057,4
1780280468.058,4
1780280468.0589,4
1780280468.0599,4
1780280468.0609,4
1780280468.0619,4
1780280468.063,4
1780280468.064,4
1780280468.065,4
1780280468.066,4
1780280468.0669,4
1780280468.0679,4
1780280468.0689,4
1780280468.0699,4
1780280468.071,4
1780280468.072,4
1780280468.073,4
1780280468.074,4
1780280468.075,4
1780280468.0759,4
1780280468.0769,4
1780280468.0779,4
1780280468.0789,4
1780280468.08,4
1780280468.081,4
1780280468.082,4
1780280468.083,4
1780280468.0839,4
1780280468.0849,4
1780280468.0859,4
1780280468.0869,4
1780280468.088,4
1780280468.089,4
1780280468.09,4
1780280468.091,4
1780280468.0919,4
1780280468.0929,4
1780280468.0939,4
1780280468.0949,4
1780280468.096,4
1780280468.097,4
1780280468.098,4
1780280468.099,4
1780280469.0,4
1780280469.0009,4
1780280469.0019,4
1780280469.0029,4
1780280469.0039,4
1780280469.005,4
1780280469.006,4
1780280469.007,4
1780280469.008,4
1780280469.0089,4
1780280469.0099,4
1780280469.0109,4
1780280469.0119,4
1780280469.013,4
1780280469.014,4
1780280469.015,4
1780280469.016,4
1780280469.0169,4
1780280469.0179,4
1780280469.0189,4
1780280469.0199,4
1780280469.021,4
1780280469.022,4
1780280469.023,4
1780280469.024,4
1780280469.025,4
1780280469.0259,4
1780280469.0269,4
1780280469.0279,4
1780280469.0289,4
1780280469.03,4
1780280469.031,4
1780280469.032,4
1780280469.033,4
1780280469.0339,4
1780280469.0349,4
1780280469.0359,4
1780280469.0369,4
1780280469.038,4
1780280469.039,4
1780280469.04,4
1780280469.041,4
1780280469.0419,4
1780280469.0429,4
1780280469.0439,4
1780280469.0449,4
1780280469.046,4
1780280469.047,4
1780280469.048,4
1780280469.049,4
1780280469.05,4
1780280469.0509,4
1780280469.0519,4
1780280469.0529,4
1780280469.0539,4
1780280469.055,4
1780280469.056,4
1780280469.057,4
1780280469.058,4
1780280469.0589,4
1780280469.0599,4
1780280469.0609,4
1780280469.0619,4
1780280469.063,4
1780280469.064,4
1780280469.065,4
1780280469.066,4
1780280469.0669,4
1780280469.0679,4
1780280469.0689,4
1780280469.0699,4
1780280469.071,4
1780280469.072,4
1780280469.073,4
1780280469.074,4
1780280469.075,4
1780280469.0759,4
1780280469.0769,4
1780280469.0779,4
1780280469.0789,4
1780280469.08,4
1780280469.081,4
1780280469.082,4
1780280469.083,4
1780280469.0839,4
1780280469.0849,4
1780280469.0859,4
1780280469.0869,4
1780280469.088,4
1780280469.089,4
1780280469.09,4
1780280469.091,4
1780280469.0919,4
1780280469.0929,4
1780280469.0939,4
1780280469.0949,4
1780280469.096,4
1780280469.097,4
1780280469.098,4
1780280469.099,4
1780280470.0,4
1780280470.0009,4
1780280470.0019,4
1780280470.0029,4
1780280470.0039,4
1780280470.005,4
1780280470.006,4
1780280470.007,4
1780280470.008,4
1780280470.0089,4
1780280470.0099,4
1780280470.0109,4
1780280470.0119,4
1780280470.013,4
1780280470.014,4
1780280470.015,4
1780280470.016,4
1780280470.0169,4
1780280470.0179,4
1780280470.0189,4
1780280470.0199,4
1780280470.021,4
1780280470.022,4
1780280470.023,4
1780280470.024,4
1780280470.025,4
1780280470.0259,4
1780280470.0269,4
1780280470.0279,4
1780280470.0289,4
1780280470.03,4
1780280470.031,4
1780280470.032,4
1780280470.033,4
1780280470.0339,4
1780280470.0349,4
1780280470.0359,4
1780280470.0369,4
1780280470.038,4
1780280470.039,4
1780280470.04,4
1780280470.041,4
1780280470.0419,4
1780280470.0429,4
1780280470.0439,4
1780280470.0449,4
1780280470.046,4
1780280470.047,4
1780280470.048,4
1780280470.049,4
1780280470.05,4
1780280470.0509,4
1780280470.0519,4
1780280470.0529,4
1780280470.0539,4
1780280470.055,4
1780280470.056,4
1780280470.057,4
1780280470.058,4
1780280470.0589,4
1780280470.0599,4
1780280470.0609,4
1780280470.0619,4
1780280470.063,4
1780280470.064,4
1780280470.065,4
1780280470.066,4
1780280470.0669,4
1780280470.0679,4
1780280470.0689,4
1780280470.0699,4
1780280470.071,4
1780280470.072,4
1780280470.073,4
1780280470.074,4
1780280470.075,4
1780280470.0759,4
1780280470.0769,4
1780280470.0779,4
1780280470.0789,4
1780280470.08,4
1780280470.081,4
1780280470.082,4
1780280470.083,4
1780280470.0839,4
1780280470.0849,4
1780280470.0859,4
1780280470.0869,4
1780280470.088,4
1780280470.089,4
1780280470.09,4
1780280470.091,4
1780280470.0919,4
1780280470.0929,4
1780280470.0939,4
1780280470.0949,4
1780280470.096,4
1780280470.097,4
1780280470.098,4
1780280470.099,4
1780280471.0,4
1780280471.0009,4
1780280471.0019,4
1780280471.0029,4
1780280471.0039,4
1780280471.005,4
1780280471.006,4
1780280471.007,4
1780280471.008,4
1780280471.0089,4
1780280471.0099,4
1780280471.0109,4
1780280471.0119,4
1780280471.013,4
1780280471.014,4
1780280471.015,4
1780280471.016,4
1780280471.0169,4
1780280471.0179,4
1780280471.0189,4
1780280471.0199,4
1780280471.021,4
1780280471.022,4
1780280471.023,4
1780280471.024,4
1780280471.025,4
1780280471.0259,4
1780280471.0269,4
1780280471.0279,4
1780280471.0289,4
1780280471.03,4
1780280471.031,4
1780280471.032,4
1780280471.033,4
1780280471.0339,4
1780280471.0349,4
1780280471.0359,4
1780280471.0369,4
1780280471.038,4
1780280471.039,4
1780280471.04,4
1780280471.041,4
1780280471.0419,4
1780280471.0429,4
1780280471.0439,4
1780280471.0449,4
1780280471.046,4
1780280471.047,4
1780280471.048,4
1780280471.049,4
1780280471.05,4
1780280471.0509,4
1780280471.0519,4
1780280471.0529,4
1780280471.0539,4
1780280471.055,4
1780280471.056,4
1780280471.057,4
1780280471.058,4
1780280471.0589,4
1780280471.0599,4
1780280471.0609,4
1780280471.0619,4
1780280471.063,4
1780280471.064,4
1780280471.065,4
1780280471.066,4
1780280471.0669,4
1780280471.0679,4
1780280471.0689,4
1780280471.0699,4
1780280471.071,4
1780280471.072,4
1780280471.073,4
1780280471.074,4
1780280471.075,4
1780280471.0759,4
1780280471.0769,4
1780280471.0779,4
1780280471.0789,4
1780280471.08,4
1780280471.081,4
1780280471.082,4
1780280471.083,4
1780280471.0839,4
1780280471.0849,4
1780280471.0859,4
1780280471.0869,4
1780280471.088,4
1780280471.089,4
1780280471.09,4
1780280471.091,4
1780280471.0919,4
1780280471.0929,4
1780280471.0939,4
1780280471.0949,4
1780280471.096,4
1780280471.097,4
1780280471.098,4
1780280471.099,4
1780280472.0,4
1780280472.0009,4
1780280472.0019,4
1780280472.0029,4
1780280472.0039,4
1780280472.005,4
1780280472.006,4
1780280472.007,4
1780280472.008,4
1780280472.0089,4
1780280472.0099,4
1780280472.0109,4
1780280472.0119,4
1780280472.013,4
1780280472.014,4
1780280472.015,4
1780280472.016,4
1780280472.0169,4
1780280472.0179,4
1780280472.0189,4
1780280472.0199,4
1780280472.021,4
1780280472.022,4
1780280472.023,4
1780280472.024,4
1780280472.025,4
1780280472.0259,4
1780280472.0269,4
1780280472.0279,4
1780280472.0289,4
1780280472.03,4
1780280472.031,4
1780280472.032,4
1780280472.033,4
1780280472.0339,4
1780280472.0349,4
1780280472.0359,4
1780280472.0369,4
1780280472.038,4
1780280472.039,4
1780280472.04,4
1780280472.041,4
1780280472.0419,4
1780280472.0429,4
1780280472.0439,4
1780280472.0449,4
1780280472.046,4
1780280472.047,4
1780280472.048,4
1780280472.049,4
1780280472.05,4
1780280472.0509,4
1780280472.0519,4
1780280472.0529,4
1780280472.0539,4
1780280472.055,4
1780280472.056,4
1780280472.057,4
1780280472.058,4
1780280472.0589,4
1780280472.0599,4
1780280472.0609,4
1780280472.0619,4
1780280472.063,4
1780280472.064,4
1780280472.065,4
1780280472.066,4
1780280472.0669,4
1780280472.0679,4
1780280472.0689,4
1780280472.0699,4
1780280472.071,4
1780280472.072,4
1780280472.073,4
1780280472.074,4
1780280472.075,4
1780280472.0759,4
1780280472.0769,4
1780280472.0779,4
1780280472.0789,4
1780280472.08,4
1780280472.081,4
1780280472.082,4
1780280472.083,4
1780280472.0839,4
1780280472.0849,4
1780280472.0859,4
1780280472.0869,4
1780280472.088,4
1780280472.089,4
1780280472.09,4
1780280472.091,4
1780280472.0919,4
1780280472.0929,4
1780280472.0939,4
1780280472.0949,4
1780280472.096,4
1780280472.097,4
1780280472.098,4
1780280472.099,4
1780280473.0,4
1780280473.0009,4
1780280473.0019,4
1780280473.0029,4
1780280473.0039,4
1780280473.005,4
1780280473.006,4
1780280473.007,4
1780280473.008,4
1780280473.0089,4
1780280473.0099,4
1780280473.0109,4
1780280473.0119,4
1780280473.013,4
1780280473.014,4
1780280473.015,4
1780280473.016,4
1780280473.0169,4
1780280473.0179,4
1780280473.0189,4
1780280473.0199,4
1780280473.021,4
1780280473.022,4
1780280473.023,4
1780280473.024,4
1780280473.025,4
1780280473.0259,4
1780280473.0269,4
1780280473.0279,4
1780280473.0289,4
1780280473.03,4
1780280473.031,4
1780280473.032,4
1780280473.033,4
1780280473.0339,4
1780280473.0349,4
1780280473.0359,4
1780280473.0369,4
1780280473.038,4
1780280473.039,4
1780280473.04,4
1780280473.041,4
1780280473.0419,4
1780280473.0429,4
1780280473.0439,4
1780280473.0449,4
1780280473.046,4
1780280473.047,4
1780280473.048,4
1780280473.049,4
1780280473.05,4
1780280473.0509,4
1780280473.0519,4
1780280473.0529,4
1780280473.0539,4
1780280473.055,4
1780280473.056,4
1780280473.057,4
1780280473.058,4
1780280473.0589,4
1780280473.0599,4
1780280473.0609,4
1780280473.0619,4
1780280473.063,4
1780280473.064,4
1780280473.065,4
1780280473.066,4
1780280473.0669,4
1780280473.0679,4
1780280473.0689,4
1780280473.0699,4
1780280473.071,4
1780280473.072,4
1780280473.073,4
1780280473.074,4
1780280473.075,4
1780280473.0759,4
1780280473.0769,4
1780280473.0779,4
1780280473.0789,4
1780280473.08,4
1780280473.081,4
1780280473.082,4
1780280473.083,4
1780280473.0839,4
1780280473.0849,4
1780280473.0859,4
1780280473.0869,4
1780280473.088,4
1780280473.089,4
1780280473.09,4
1780280473.091,4
1780280473.0919,4
1780280473.0929,4
1780280473.0939,4
1780280473.0949,4
1780280473.096,4
1780280473.097,4
1780280473.098,4
1780280473.099,4
1780280474.0,4
1780280474.0009,4
1780280474.0019,4
1780280474.0029,4
1780280474.0039,4
1780280474.005,4
1780280474.006,4
1780280474.007,4
1780280474.008,4
1780280474.0089,4
1780280474.0099,4
1780280474.0109,4
1780280474.0119,4
1780280474.013,4
1780280474.014,4
1780280474.015,4
1780280474.016,4
1780280474.0169,4
1780280474.0179,4
1780280474.0189,4
1780280474.0199,4
1780280474.021,4
1780280474.022,4
1780280474.023,4
1780280474.024,4
1780280474.025,4
1780280474.0259,4
1780280474.0269,4
1780280474.0279,4
1780280474.0289,4
1780280474.03,4
1780280474.031,4
1780280474.032,4
1780280474.033,4
1780280474.0339,4
1780280474.0349,4
1780280474.0359,4
1780280474.0369,4
1780280474.038,4
1780280474.039,4
1780280474.04,4
1780280474.041,4
1780280474.0419,4
1780280474.0429,4
1780280474.0439,4
1780280474.0449,4
1780280474.046,4
1780280474.047,4
1780280474.048,4
1780280474.049,4
1780280474.05,4
1780280474.0509,4
1780280474.0519,4
1780280474.0529,4
1780280474.0539,4
1780280474.055,4
1780280474.056,4
1780280474.057,4
1780280474.058,4
1780280474.0589,4
1780280474.0599,4
1780280474.0609,4
1780280474.0619,4
1780280474.063,4
1780280474.064,4
1780280474.065,4
1780280474.066,4
1780280474.0669,4
1780280474.0679,4
1780280474.0689,4
1780280474.0699,4
1780280474.071,4
1780280474.072,4
1780280474.073,4
1780280474.074,4
1780280474.075,4
1780280474.0759,4
1780280474.0769,4
1780280474.0779,4
1780280474.0789,4
1780280474.08,4
1780280474.081,4
1780280474.082,4
1780280474.083,4
1780280474.0839,4
1780280474.0849,4
1780280474.0859,4
1780280474.0869,4
1780280474.088,4
1780280474.089,4
1780280474.09,4
1780280474.091,4
1780280474.0919,4
1780280474.0929,4
1780280474.0939,4
1780280474.0949,4
1780280474.096,4
1780280474.097,4
1780280474.098,4
1780280474.099,4
1780280475.0,4
1780280475.0009,4
1780280475.0019,4
1780280475.0029,4
1780280475.0039,4
1780280475.005,4
1780280475.006,4
1780280475.007,4
1780280475.008,4
1780280475.0089,4
1780280475.0099,4
1780280475.0109,4
1780280475.0119,4
1780280475.013,4
1780280475.014,4
1780280475.015,4
1780280475.016,4
1780280475.0169,4
1780280475.0179,4
1780280475.0189,4
1780280475.0199,4
1780280475.021,4
1780280475.022,4
1780280475.023,4
1780280475.024,4
1780280475.025,4
1780280475.0259,4
1780280475.0269,4
1780280475.0279,4
1780280475.0289,4
1780280475.03,4
1780280475.031,4
1780280475.032,4
1780280475.033,4
1780280475.0339,4
1780280475.0349,4
1780280475.0359,4
1780280475.0369,4
1780280475.038,4
1780280475.039,4
1780280475.04,4
1780280475.041,4
1780280475.0419,4
1780280475.0429,4
1780280475.0439,4
1780280475.0449,4
1780280475.046,4
1780280475.047,4
1780280475.048,4
1780280475.049,4
1780280475.05,4
1780280475.0509,4
1780280475.0519,4
1780280475.0529,4
1780280475.0539,4
1780280475.055,4
1780280475.056,4
1780280475.057,4
1780280475.058,4
1780280475.0589,4
1780280475.0599,4
1780280475.0609,4
1780280475.0619,4
1780280475.063,4
1780280475.064,4
1780280475.065,4
1780280475.066,4
1780280475.0669,4
1780280475.0679,4
1780280475.0689,4
1780280475.0699,4
1780280475.071,4
1780280475.072,4
1780280475.073,4
1780280475.074,4
1780280475.075,4
1780280475.0759,4
1780280475.0769,4
1780280475.0779,4
1780280475.0789,4
1780280475.08,4
1780280475.081,4
1780280475.082,4
1780280475.083,4
1780280475.0839,4
1780280475.0849,4
1780280475.0859,4
1780280475.0869,4
1780280475.088,4
1780280475.089,4
1780280475.09,4
1780280475.091,4
1780280475.0919,4
1780280475.0929,4
1780280475.0939,4
1780280475.0949,4
1780280475.096,4
1780280475.097,4
1780280475.098,4
1780280475.099,4
1780280476.0,4
1780280476.0009,4
1780280476.0019,4
1780280476.0029,4
1780280476.0039,4
1780280476.005,4
1780280476.006,4
1780280476.007,4
1780280476.008,4
1780280476.0089,4
1780280476.0099,4
1780280476.0109,4
1780280476.0119,4
1780280476.013,4
1780280476.014,4
1780280476.015,4
1780280476.016,4
1780280476.0169,4
1780280476.0179,4
1780280476.0189,4
1780280476.0199,4
1780280476.021,4
1780280476.022,4
1780280476.023,4
1780280476.024,4
1780280476.025,4
1780280476.0259,4
1780280476.0269,4
1780280476.0279,4
1780280476.0289,4
1780280476.03,4
1780280476.031,4
1780280476.032,4
1780280476.033,4
1780280476.0339,4
1780280476.0349,4
1780280476.0359,4
1780280476.0369,4
1780280476.038,4
1780280476.039,4
1780280476.04,4
1780280476.041,4
1780280476.0419,4
1780280476.0429,4
1780280476.0439,4
1780280476.0449,4
1780280476.046,4
1780280476.047,4
1780280476.048,4
1780280476.049,4
1780280476.05,4
1780280476.0509,4
1780280476.0519,4
1780280476.0529,4
1780280476.0539,4
1780280476.055,4
1780280476.056,4
1780280476.057,4
1780280476.058,4
1780280476.0589,4
1780280476.0599,4
1780280476.0609,4
1780280476.0619,4
1780280476.063,4
1780280476.064,4
1780280476.065,4
1780280476.066,4
1780280476.0669,4
1780280476.0679,4
1780280476.0689,4
1780280476.0699,4
1780280476.071,4
1780280476.072,4
1780280476.073,4
1780280476.074,4
1780280476.075,4
1780280476.0759,4
1780280476.0769,4
1780280476.0779,4
1780280476.0789,4
1780280476.08,4
1780280476.081,4
1780280476.082,4
1780280476.083,4
1780280476.0839,4
1780280476.0849,4
1780280476.0859,4
1780280476.0869,4
1780280476.088,4
1780280476.089,4
1780280476.09,4
1780280476.091,4
1780280476.0919,4
1780280476.0929,4
1780280476.0939,4
1780280476.0949,4
1780280476.096,4
1780280476.097,4
1780280476.098,4
1780280476.099,4
1780280477.0,4
1780280477.0009,4
1780280477.0019,4
1780280477.0029,4
1780280477.0039,4
1780280477.005,4
1780280477.006,4
1780280477.007,4
1780280477.008,4
1780280477.0089,4
1780280477.0099,4
1780280477.0109,4
1780280477.0119,4
1780280477.013,4
1780280477.014,4
1780280477.015,4
1780280477.016,4
1780280477.0169,4
1780280477.0179,4
1780280477.0189,4
1780280477.0199,4
1780280477.021,4
1780280477.022,4
1780280477.023,4
1780280477.024,4
1780280477.025,4
1780280477.0259,4
1780280477.0269,4
1780280477.0279,4
1780280477.0289,4
1780280477.03,4
1780280477.031,4
1780280477.032,4
1780280477.033,4
1780280477.0339,4
1780280477.0349,4
1780280477.0359,4
1780280477.0369,4
1780280477.038,4
1780280477.039,4
1780280477.04,4
1780280477.041,4
1780280477.0419,4
1780280477.0429,4
1780280477.0439,4
1780280477.0449,4
1780280477.046,4
1780280477.047,4
1780280477.048,4
1780280477.049,4
1780280477.05,4
1780280477.0509,4
1780280477.0519,4
1780280477.0529,4
1780280477.0539,4
1780280477.055,4
1780280477.056,4
1780280477.057,4
1780280477.058,4
1780280477.0589,4
1780280477.0599,4
1780280477.0609,4
1780280477.0619,4
1780280477.063,4
1780280477.064,4
1780280477.065,4
1780280477.066,4
1780280477.0669,4
1780280477.0679,4
1780280477.0689,4
1780280477.0699,4
1780280477.071,4
1780280477.072,4
1780280477.073,4
1780280477.074,4
1780280477.075,4
1780280477.0759,4
1780280477.0769,4
1780280477.0779,4
1780280477.0789,4
1780280477.08,4
1780280477.081,4
1780280477.082,4
1780280477.083,4
1780280477.0839,4
1780280477.0849,4
1780280477.0859,4
1780280477.0869,4
1780280477.088,4
1780280477.089,4
1780280477.09,4
1780280477.091,4
1780280477.0919,4
1780280477.0929,4
1780280477.0939,4
1780280477.0949,4
1780280477.096,4
1780280477.097,4
1780280477.098,4
1780280477.099,4
1780280478.0,4
1780280478.0009,4
1780280478.0019,4
1780280478.0029,4
1780280478.0039,4
1780280478.005,4
1780280478.006,4
1780280478.007,4
1780280478.008,4
1780280478.0089,4
1780280478.0099,4
1780280478.0109,4
1780280478.0119,4
1780280478.013,4
1780280478.014,4
1780280478.015,4
1780280478.016,4
1780280478.0169,4
1780280478.0179,4
1780280478.0189,4
1780280478.0199,4
1780280478.021,4
1780280478.022,4
1780280478.023,4
1780280478.024,4
1780280478.025,4
1780280478.0259,4
1780280478.0269,4
1780280478.0279,4
1780280478.0289,4
1780280478.03,4
1780280478.031,4
1780280478.032,4
1780280478.033,4
1780280478.0339,4
1780280478.0349,4
1780280478.0359,4
1780280478.0369,4
1780280478.038,4
1780280478.039,4
1780280478.04,4
1780280478.041,4
1780280478.0419,4
1780280478.0429,4
1780280478.0439,4
1780280478.0449,4
1780280478.046,4
1780280478.047,4
1780280478.048,4
1780280478.049,4
1780280478.05,4
1780280478.0509,4
1780280478.0519,4
1780280478.0529,4
1780280478.0539,4
1780280478.055,4
1780280478.056,4
1780280478.057,4
1780280478.058,4
1780280478.0589,4
1780280478.0599,4
1780280478.0609,4
1780280478.0619,4
1780280478.063,4
1780280478.064,4
1780280478.065,4
1780280478.066,4
1780280478.0669,4
1780280478.0679,4
1780280478.0689,4
1780280478.0699,4
1780280478.071,4
1780280478.072,4
1780280478.073,4
1780280478.074,4
1780280478.075,4
1780280478.0759,4
1780280478.0769,4
1780280478.0779,4
1780280478.0789,4
1780280478.08,4
1780280478.081,4
1780280478.082,4
1780280478.083,4
1780280478.0839,4
1780280478.0849,4
1780280478.0859,4
1780280478.0869,4
1780280478.088,4
1780280478.089,4
1780280478.09,4
1780280478.091,4
1780280478.0919,4
1780280478.0929,4
1780280478.0939,4
1780280478.0949,4
1780280478.096,4
1780280478.097,4
1780280478.098,4
1780280478.099,4
1780280479.0,4
1780280479.0009,4
1780280479.0019,4
1780280479.0029,4
1780280479.0039,4
1780280479.005,4
1780280479.006,4
1780280479.007,4
1780280479.008,4
1780280479.0089,4
1780280479.0099,4
1780280479.0109,4
1780280479.0119,4
1780280479.013,4
1780280479.014,4
1780280479.015,4
1780280479.016,4
1780280479.0169,4
1780280479.0179,4
1780280479.0189,4
1780280479.0199,4
1780280479.021,4
1780280479.022,4
1780280479.023,4
1780280479.024,4
1780280479.025,4
1780280479.0259,4
1780280479.0269,4
1780280479.0279,4
1780280479.0289,4
1780280479.03,4
1780280479.031,4
1780280479.032,4
1780280479.033,4
1780280479.0339,4
1780280479.0349,4
1780280479.0359,4
1780280479.0369,4
1780280479.038,4
1780280479.039,4
1780280479.04,4
1780280479.041,4
1780280479.0419,4
1780280479.0429,4
1780280479.0439,4
1780280479.0449,4
1780280479.046,4
1780280479.047,4
1780280479.048,4
1780280479.049,4
1780280479.05,4
1780280479.0509,4
1780280479.0519,4
1780280479.0529,4
1780280479.0539,4
1780280479.055,4
1780280479.056,4
1780280479.057,4
1780280479.058,4
1780280479.0589,4
1780280479.0599,4
1780280479.0609,4
1780280479.0619,4
1780280479.063,4
1780280479.064,4
1780280479.065,4
1780280479.066,4
1780280479.0669,4
1780280479.0679,4
1780280479.0689,4
1780280479.0699,4
1780280479.071,4
1780280479.072,4
1780280479.073,4
1780280479.074,4
1780280479.075,4
1780280479.0759,4
1780280479.0769,4
1780280479.0779,4
1780280479.0789,4
1780280479.08,4
1780280479.081,4
1780280479.082,4
1780280479.083,4
1780280479.0839,4
1780280479.0849,4
1780280479.0859,4
1780280479.0869,4
1780280479.088,4
1780280479.089,4
1780280479.09,4
1780280479.091,4
1780280479.0919,4
1780280479.0929,4
1780280479.0939,4
1780280479.0949,4
1780280479.096,4
1780280479.097,4
1780280479.098,4
1780280479.099,4
1780280480.0,4
1780280480.0009,4
1780280480.0019,4
1780280480.0029,4
1780280480.0039,4
1780280480.005,4
1780280480.006,4
1780280480.007,4
1780280480.008,4
1780280480.0089,4
1780280480.0099,4
1780280480.0109,4
1780280480.0119,4
1780280480.013,4
1780280480.014,4
1780280480.015,4
1780280480.016,4
1780280480.0169,4
1780280480.0179,4
1780280480.0189,4
1780280480.0199,4
1780280480.021,4
1780280480.022,4
1780280480.023,4
1780280480.024,4
1780280480.025,4
1780280480.0259,4
1780280480.0269,4
1780280480.0279,4
1780280480.0289,4
1780280480.03,4
1780280480.031,4
1780280480.032,4
1780280480.033,4
1780280480.0339,4
1780280480.0349,4
1780280480.0359,4
1780280480.0369,4
1780280480.038,4
1780280480.039,4
1780280480.04,4
1780280480.041,4
1780280480.0419,4
1780280480.0429,4
1780280480.0439,4
1780280480.0449,4
1780280480.046,4
1780280480.047,4
1780280480.048,4
1780280480.049,4
1780280480.05,4
1780280480.0509,4
1780280480.0519,4
1780280480.0529,4
1780280480.0539,4
1780280480.055,4
1780280480.056,4
1780280480.057,4
1780280480.058,4
1780280480.0589,4
1780280480.0599,4
1780280480.0609,4
1780280480.0619,4
1780280480.063,4
1780280480.064,4
1780280480.065,4
1780280480.066,4
1780280480.0669,4
1780280480.0679,4
1780280480.0689,4
1780280480.0699,4
1780280480.071,4
1780280480.072,4
1780280480.073,4
1780280480.074,4
1780280480.075,4
1780280480.0759,4
1780280480.0769,4
1780280480.0779,4
1780280480.0789,4
1780280480.08,4
1780280480.081,4
1780280480.082,4
1780280480.083,4
1780280480.0839,4
1780280480.0849,4
1780280480.0859,4
1780280480.0869,4
1780280480.088,4
1780280480.089,4
1780280480.09,4
1780280480.091,4
1780280480.0919,4
1780280480.0929,4
1780280480.0939,4
1780280480.0949,4
1780280480.096,4
1780280480.097,4
1780280480.098,4
1780280480.099,4
1780280481.0,4
1780280481.0009,4
1780280481.0019,4
1780280481.0029,4
1780280481.0039,4
1780280481.005,4
1780280481.006,4
1780280481.007,4
1780280481.008,4
1780280481.0089,4
1780280481.0099,4
1780280481.0109,4
1780280481.0119,4
1780280481.013,4
1780280481.014,4
1780280481.015,4
1780280481.016,4
1780280481.0169,4
1780280481.0179,4
1780280481.0189,4
1780280481.0199,4
1780280481.021,4
1780280481.022,4
1780280481.023,4
1780280481.024,4
1780280481.025,4
1780280481.0259,4
1780280481.0269,4
1780280481.0279,4
1780280481.0289,4
1780280481.03,4
1780280481.031,4
1780280481.032,4
1780280481.033,4
1780280481.0339,4
1780280481.0349,4
1780280481.0359,4
1780280481.0369,4
1780280481.038,4
1780280481.039,4
1780280481.04,4
1780280481.041,4
1780280481.0419,4
1780280481.0429,4
1780280481.0439,4
1780280481.0449,4
1780280481.046,4
1780280481.047,4
1780280481.048,4
1780280481.049,4
1780280481.05,4
1780280481.0509,4
1780280481.0519,4
1780280481.0529,4
1780280481.0539,4
1780280481.055,4
1780280481.056,4
1780280481.057,4
1780280481.058,4
1780280481.0589,4
1780280481.0599,4
1780280481.0609,4
1780280481.0619,4
1780280481.063,4
1780280481.064,4
1780280481.065,4
1780280481.066,4
1780280481.0669,4
1780280481.0679,4
1780280481.0689,4
1780280481.0699,4
1780280481.071,4
1780280481.072,4
1780280481.073,4
1780280481.074,4
1780280481.075,4
1780280481.0759,4
1780280481.0769,4
1780280481.0779,4
1780280481.0789,4
1780280481.08,4
1780280481.081,4
1780280481.082,4
1780280481.083,4
1780280481.0839,4
1780280481.0849,4
1780280481.0859,4
1780280481.0869,4
1780280481.088,4
1780280481.089,4
1780280481.09,4
1780280481.091,4
1780280481.0919,4
1780280481.0929,4
1780280481.0939,4
1780280481.0949,4
1780280481.096,4
1780280481.097,4
1780280481.098,4
1780280481.099,4
1780280482.0,4
1780280482.0009,4
1780280482.0019,4
1780280482.0029,4
1780280482.0039,4
1780280482.005,4
1780280482.006,4
1780280482.007,4
1780280482.008,4
1780280482.0089,4
1780280482.0099,4
1780280482.0109,4
1780280482.0119,4
1780280482.013,4
1780280482.014,4
1780280482.015,4
1780280482.016,4
1780280482.0169,4
1780280482.0179,4
1780280482.0189,4
1780280482.0199,4
1780280482.021,4
1780280482.022,4
1780280482.023,4
1780280482.024,4
1780280482.025,4
1780280482.0259,4
1780280482.0269,4
1780280482.0279,4
1780280482.0289,4
1780280482.03,4
1780280482.031,4
1780280482.032,4
1780280482.033,4
1780280482.0339,4
1780280482.0349,4
1780280482.0359,4
1780280482.0369,4
1780280482.038,4
1780280482.039,4
1780280482.04,4
1780280482.041,4
1780280482.0419,4
1780280482.0429,4
1780280482.0439,4
1780280482.0449,4
1780280482.046,4
1780280482.047,4
1780280482.048,4
1780280482.049,4
1780280482.05,4
1780280482.0509,4
1780280482.0519,4
1780280482.0529,4
1780280482.0539,4
1780280482.055,4
1780280482.056,4
1780280482.057,4
1780280482.058,4
1780280482.0589,4
1780280482.0599,4
1780280482.0609,4
1780280482.0619,4
1780280482.063,4
1780280482.064,4
1780280482.065,4
1780280482.066,4
1780280482.0669,4
1780280482.0679,4
1780280482.0689,4
1780280482.0699,4
1780280482.071,4
1780280482.072,4
1780280482.073,4
1780280482.074,4
1780280482.075,4
1780280482.0759,4
1780280482.0769,4
1780280482.0779,4
1780280482.0789,4
1780280482.08,4
1780280482.081,4
1780280482.082,4
1780280482.083,4
1780280482.0839,4
1780280482.0849,4
1780280482.0859,4
1780280482.0869,4
1780280482.088,4
1780280482.089,4
1780280482.09,4
1780280482.091,4
1780280482.0919,4
1780280482.0929,4
1780280482.0939,4
1780280482.0949,4
1780280482.096,4
1780280482.097,4
1780280482.098,4
1780280482.099,4
1780280483.0,4
1780280483.0009,4
1780280483.0019,4
1780280483.0029,4
1780280483.0039,4
1780280483.005,4
1780280483.006,4
1780280483.007,4
1780280483.008,4
1780280483.0089,4
1780280483.0099,4
1780280483.0109,4
1780280483.0119,4
1780280483.013,4
1780280483.014,4
1780280483.015,4
1780280483.016,4
1780280483.0169,4
1780280483.0179,4
1780280483.0189,4
1780280483.0199,4
1780280483.021,4
1780280483.022,4
1780280483.023,4
1780280483.024,4
1780280483.025,4
1780280483.0259,4
1780280483.0269,4
1780280483.0279,4
1780280483.0289,4
1780280483.03,4
1780280483.031,4
1780280483.032,4
1780280483.033,4
1780280483.0339,4
1780280483.0349,4
1780280483.0359,4
1780280483.0369,4
1780280483.038,4
1780280483.039,4
1780280483.04,4
1780280483.041,4
1780280483.0419,4
1780280483.0429,4
1780280483.0439,4
1780280483.0449,4
1780280483.046,4
1780280483.047,4
1780280483.048,4
1780280483.049,4
1780280483.05,4
1780280483.0509,4
1780280483.0519,4
1780280483.0529,4
1780280483.0539,4
1780280483.055,4
1780280483.056,4
1780280483.057,4
1780280483.058,4
1780280483.0589,4
1780280483.0599,4
1780280483.0609,4
1780280483.0619,4
1780280483.063,4
1780280483.064,4
1780280483.065,4
1780280483.066,4
1780280483.0669,4
1780280483.0679,4
1780280483.0689,4
1780280483.0699,4
1780280483.071,4
1780280483.072,4
1780280483.073,4
1780280483.074,4
1780280483.075,4
1780280483.0759,4
1780280483.0769,4
1780280483.0779,4
1780280483.0789,4
1780280483.08,4
1780280483.081,4
1780280483.082,4
1780280483.083,4
1780280483.0839,4
1780280483.0849,4
1780280483.0859,4
1780280483.0869,4
1780280483.088,4
1780280483.089,4
1780280483.09,4
1780280483.091,4
1780280483.0919,4
1780280483.0929,4
1780280483.0939,4
1780280483.0949,4
1780280483.096,4
1780280483.097,4
1780280483.098,4
1780280483.099,4
1780280484.0,4
1780280484.0009,4
1780280484.0019,4
1780280484.0029,4
1780280484.0039,4
1780280484.005,4
1780280484.006,4
1780280484.007,4
1780280484.008,4
1780280484.0089,4
1780280484.0099,4
1780280484.0109,4
1780280484.0119,4
1780280484.013,4
1780280484.014,4
1780280484.015,4
1780280484.016,4
1780280484.0169,4
1780280484.0179,4
1780280484.0189,4
1780280484.0199,4
1780280484.021,4
1780280484.022,4
1780280484.023,4
1780280484.024,4
1780280484.025,4
1780280484.0259,4
1780280484.0269,4
1780280484.0279,4
1780280484.0289,4
1780280484.03,4
1780280484.031,4
1780280484.032,4
1780280484.033,4
1780280484.0339,4
1780280484.0349,4
1780280484.0359,4
1780280484.0369,4
1780280484.038,4
1780280484.039,4
1780280484.04,4
1780280484.041,4
1780280484.0419,4
1780280484.0429,4
1780280484.0439,4
1780280484.0449,4
1780280484.046,4
1780280484.047,4
1780280484.048,4
1780280484.049,4
1780280484.05,4
1780280484.0509,4
1780280484.0519,4
1780280484.0529,4
1780280484.0539,4
1780280484.055,4
1780280484.056,4
1780280484.057,4
1780280484.058,4
1780280484.0589,4
1780280484.0599,4
1780280484.0609,4
1780280484.0619,4
1780280484.063,4
1780280484.064,4
1780280484.065,4
1780280484.066,4
1780280484.0669,4
1780280484.0679,4
1780280484.0689,4
1780280484.0699,4
1780280484.071,4
1780280484.072,4
1780280484.073,4
1780280484.074,4
1780280484.075,4
1780280484.0759,4
1780280484.0769,4
1780280484.0779,4
1780280484.0789,4
1780280484.08,4
1780280484.081,4
1780280484.082,4
1780280484.083,4
1780280484.0839,4
1780280484.0849,4
1780280484.0859,4
1780280484.0869,4
1780280484.088,4
1780280484.089,4
1780280484.09,4
1780280484.091,4
1780280484.0919,4
1780280484.0929,4
1780280484.0939,4
1780280484.0949,4
1780280484.096,4
1780280484.097,4
1780280484.098,4
1780280484.099,4
1780280485.0,4
1780280485.0009,4
1780280485.0019,4
1780280485.0029,4
1780280485.0039,4
1780280485.005,4
1780280485.006,4
1780280485.007,4
1780280485.008,4
1780280485.0089,4
1780280485.0099,4
1780280485.0109,4
1780280485.0119,4
1780280485.013,4
1780280485.014,4
1780280485.015,4
1780280485.016,4
1780280485.0169,4
1780280485.0179,4
1780280485.0189,4
1780280485.0199,4
1780280485.021,4
1780280485.022,4
1780280485.023,4
1780280485.024,4
1780280485.025,4
1780280485.0259,4
1780280485.0269,4
1780280485.0279,4
1780280485.0289,4
1780280485.03,4
1780280485.031,4
1780280485.032,4
1780280485.033,4
1780280485.0339,4
1780280485.0349,4
1780280485.0359,4
1780280485.0369,4
1780280485.038,4
1780280485.039,4
1780280485.04,4
1780280485.041,4
1780280485.0419,4
1780280485.0429,4
1780280485.0439,4
1780280485.0449,4
1780280485.046,4
1780280485.047,4
1780280485.048,4
1780280485.049,4
1780280485.05,4
1780280485.0509,4
1780280485.0519,4
1780280485.0529,4
1780280485.0539,4
1780280485.055,4
1780280485.056,4
1780280485.057,4
1780280485.058,4
1780280485.0589,4
1780280485.0599,4
1780280485.0609,4
1780280485.0619,4
1780280485.063,4
1780280485.064,4
1780280485.065,4
1780280485.066,4
1780280485.0669,4
1780280485.0679,4
1780280485.0689,4
1780280485.0699,4
1780280485.071,4
1780280485.072,4
1780280485.073,4
1780280485.074,4
1780280485.075,4
1780280485.0759,4
1780280485.0769,4
1780280485.0779,4
1780280485.0789,4
1780280485.08,4
1780280485.081,4
1780280485.082,4
1780280485.083,4
1780280485.0839,4
1780280485.0849,4
1780280485.0859,4
1780280485.0869,4
1780280485.088,4
1780280485.089,4
1780280485.09,4
1780280485.091,4
1780280485.0919,4
1780280485.0929,4
1780280485.0939,4
1780280485.0949,4
1780280485.096,4
1780280485.097,4
1780280485.098,4
1780280485.099,4
1780280486.0,4
1780280486.0009,4
1780280486.0019,4
1780280486.0029,4
1780280486.0039,4
1780280486.005,4
1780280486.006,4
1780280486.007,4
1780280486.008,4
1780280486.0089,4
1780280486.0099,4
1780280486.0109,4
1780280486.0119,4
1780280486.013,4
1780280486.014,4
1780280486.015,4
1780280486.016,4
1780280486.0169,4
1780280486.0179,4
1780280486.0189,4
1780280486.0199,4
1780280486.021,4
1780280486.022,4
1780280486.023,4
1780280486.024,4
1780280486.025,4
1780280486.0259,4
1780280486.0269,4
1780280486.0279,4
1780280486.0289,4
1780280486.03,4
1780280486.031,4
1780280486.032,4
1780280486.033,4
1780280486.0339,4
1780280486.0349,4
1780280486.0359,4
1780280486.0369,4
1780280486.038,4
1780280486.039,4
1780280486.04,4
1780280486.041,4
1780280486.0419,4
1780280486.0429,4
1780280486.0439,4
1780280486.0449,4
1780280486.046,4
1780280486.047,4
1780280486.048,4
1780280486.049,4
1780280486.05,4
1780280486.0509,4
1780280486.0519,4
1780280486.0529,4
1780280486.0539,4
1780280486.055,4
1780280486.056,4
1780280486.057,4
1780280486.058,4
1780280486.0589,4
1780280486.0599,4
1780280486.0609,4
1780280486.0619,4
1780280486.063,4
1780280486.064,4
1780280486.065,4
1780280486.066,4
1780280486.0669,4
1780280486.0679,4
1780280486.0689,4
1780280486.0699,4
1780280486.071,4
1780280486.072,4
1780280486.073,4
1780280486.074,4
1780280486.075,4
1780280486.0759,4
1780280486.0769,4
1780280486.0779,4
1780280486.0789,4
1780280486.08,4
1780280486.081,4
1780280486.082,4
1780280486.083,4
1780280486.0839,4
1780280486.0849,4
1780280486.0859,4
1780280486.0869,4
1780280486.088,4
1780280486.089,4
1780280486.09,4
1780280486.091,4
1780280486.0919,4
1780280486.0929,4
1780280486.0939,4
1780280486.0949,4
1780280486.096,4
1780280486.097,4
1780280486.098,4
1780280486.099,4
1780280487.0,4
1780280487.0009,4
1780280487.0019,4
1780280487.0029,4
1780280487.0039,4
1780280487.005,4
1780280487.006,4
1780280487.007,4
1780280487.008,4
1780280487.0089,4
1780280487.0099,4
1780280487.0109,4
1780280487.0119,4
1780280487.013,4
1780280487.014,4
1780280487.015,4
1780280487.016,4
1780280487.0169,4
1780280487.0179,4
1780280487.0189,4
1780280487.0199,4
1780280487.021,4
1780280487.022,4
1780280487.023,4
1780280487.024,4
1780280487.025,4
1780280487.0259,4
1780280487.0269,4
1780280487.0279,4
1780280487.0289,4
1780280487.03,4
1780280487.031,4
1780280487.032,4
1780280487.033,4
1780280487.0339,4
1780280487.0349,4
1780280487.0359,4
1780280487.0369,4
1780280487.038,4
1780280487.039,4
1780280487.04,4
1780280487.041,4
1780280487.0419,4
1780280487.0429,4
1780280487.0439,4
1780280487.0449,4
1780280487.046,4
1780280487.047,4
1780280487.048,4
1780280487.049,4
1780280487.05,4
1780280487.0509,4
1780280487.0519,4
1780280487.0529,4
1780280487.0539,4
1780280487.055,4
1780280487.056,4
1780280487.057,4
1780280487.058,4
1780280487.0589,4
1780280487.0599,4
1780280487.0609,4
1780280487.0619,4
1780280487.063,4
1780280487.064,4
1780280487.065,4
1780280487.066,4
1780280487.0669,4
1780280487.0679,4
1780280487.0689,4
1780280487.0699,4
1780280487.071,4
1780280487.072,4
1780280487.073,4
1780280487.074,4
1780280487.075,4
1780280487.0759,4
1780280487.0769,4
1780280487.0779,4
1780280487.0789,4
1780280487.08,4
1780280487.081,4
1780280487.082,4
1780280487.083,4
1780280487.0839,4
1780280487.0849,4
1780280487.0859,4
1780280487.0869,4
1780280487.088,4
1780280487.089,4
1780280487.09,4
1780280487.091,4
1780280487.0919,4
1780280487.0929,4
1780280487.0939,4
1780280487.0949,4
1780280487.096,4
1780280487.097,4
1780280487.098,4
1780280487.099,4
1780280488.0,4
1780280488.0009,4
1780280488.0019,4
1780280488.0029,4
1780280488.0039,4
1780280488.005,4
1780280488.006,4
1780280488.007,4
1780280488.008,4
1780280488.0089,4
1780280488.0099,4
1780280488.0109,4
1780280488.0119,4
1780280488.013,4
1780280488.014,4
1780280488.015,4
1780280488.016,4
1780280488.0169,4
1780280488.0179,4
1780280488.0189,4
1780280488.0199,4
1780280488.021,4
1780280488.022,4
1780280488.023,4
1780280488.024,4
1780280488.025,4
1780280488.0259,4
1780280488.0269,4
1780280488.0279,4
1780280488.0289,4
1780280488.03,4
1780280488.031,4
1780280488.032,4
1780280488.033,4
1780280488.0339,4
1780280488.0349,4
1780280488.0359,4
1780280488.0369,4
1780280488.038,4
1780280488.039,4
1780280488.04,4
1780280488.041,4
1780280488.0419,4
1780280488.0429,4
1780280488.0439,4
1780280488.0449,4
1780280488.046,4
1780280488.047,4
1780280488.048,4
1780280488.049,4
1780280488.05,4
1780280488.0509,4
1780280488.0519,4
1780280488.0529,4
1780280488.0539,4
1780280488.055,4
1780280488.056,4
1780280488.057,4
1780280488.058,4
1780280488.0589,4
1780280488.0599,4
1780280488.0609,4
1780280488.0619,4
1780280488.063,4
1780280488.064,4
1780280488.065,4
1780280488.066,4
1780280488.0669,4
1780280488.0679,4
1780280488.0689,4
1780280488.0699,4
1780280488.071,4
1780280488.072,4
1780280488.073,4
1780280488.074,4
1780280488.075,4
1780280488.0759,4
1780280488.0769,4
1780280488.0779,4
1780280488.0789,4
1780280488.08,4
1780280488.081,4
1780280488.082,4
1780280488.083,4
1780280488.0839,4
1780280488.0849,4
1780280488.0859,4
1780280488.0869,4
1780280488.088,4
1780280488.089,4
1780280488.09,4
1780280488.091,4
1780280488.0919,4
1780280488.0929,4
1780280488.0939,4
1780280488.0949,4
1780280488.096,4
1780280488.097,4
1780280488.098,4
1780280488.099,4
1780280489.0,4
1780280489.0009,4
1780280489.0019,4
1780280489.0029,4
1780280489.0039,4
1780280489.005,4
1780280489.006,4
1780280489.007,4
1780280489.008,4
1780280489.0089,4
1780280489.0099,4
1780280489.0109,4
1780280489.0119,4
1780280489.013,4
1780280489.014,4
1780280489.015,4
1780280489.016,4
1780280489.0169,4
1780280489.0179,4
1780280489.0189,4
1780280489.0199,4
1780280489.021,4
1780280489.022,4
1780280489.023,4
1780280489.024,4
1780280489.025,4
1780280489.0259,4
1780280489.0269,4
1780280489.0279,4
1780280489.0289,4
1780280489.03,4
1780280489.031,4
1780280489.032,4
1780280489.033,4
1780280489.0339,4
1780280489.0349,4
1780280489.0359,4
1780280489.0369,4
1780280489.038,4
1780280489.039,4
1780280489.04,4
1780280489.041,4
1780280489.0419,4
1780280489.0429,4
1780280489.0439,4
1780280489.0449,4
1780280489.046,4
1780280489.047,4
1780280489.048,4
1780280489.049,4
1780280489.05,4
1780280489.0509,4
1780280489.0519,4
1780280489.0529,4
1780280489.0539,4
1780280489.055,4
1780280489.056,4
1780280489.057,4
1780280489.058,4
1780280489.0589,4
1780280489.0599,4
1780280489.0609,4
1780280489.0619,4
1780280489.063,4
1780280489.064,4
1780280489.065,4
1780280489.066,4
1780280489.0669,4
1780280489.0679,4
1780280489.0689,4
1780280489.0699,4
1780280489.071,4
1780280489.072,4
1780280489.073,4
1780280489.074,4
1780280489.075,4
1780280489.0759,4
1780280489.0769,4
1780280489.0779,4
1780280489.0789,4
1780280489.08,4
1780280489.081,4
1780280489.082,4
1780280489.083,4
1780280489.0839,4
1780280489.0849,4
1780280489.0859,4
1780280489.0869,4
1780280489.088,4
1780280489.089,4
1780280489.09,4
1780280489.091,4
1780280489.0919,4
1780280489.0929,4
1780280489.0939,4
1780280489.0949,4
1780280489.096,4
1780280489.097,4
1780280489.098,4
1780280489.099,4
1780280490.0,4
1780280490.0009,4
1780280490.0019,4
1780280490.0029,4
1780280490.0039,4
1780280490.005,4
1780280490.006,4
1780280490.007,4
1780280490.008,4
1780280490.0089,4
1780280490.0099,4
1780280490.0109,4
1780280490.0119,4
1780280490.013,4
1780280490.014,4
1780280490.015,4
1780280490.016,4
1780280490.0169,4
1780280490.0179,4
1780280490.0189,4
1780280490.0199,4
1780280490.021,4
1780280490.022,4
1780280490.023,4
1780280490.024,4
1780280490.025,4
1780280490.0259,4
1780280490.0269,4
1780280490.0279,4
1780280490.0289,4
1780280490.03,4
1780280490.031,4
1780280490.032,4
1780280490.033,4
1780280490.0339,4
1780280490.0349,4
1780280490.0359,4
1780280490.0369,4
1780280490.038,4
1780280490.039,4
1780280490.04,4
1780280490.041,4
1780280490.0419,4
1780280490.0429,4
1780280490.0439,4
1780280490.0449,4
1780280490.046,4
1780280490.047,4
1780280490.048,4
1780280490.049,4
1780280490.05,4
1780280490.0509,4
1780280490.0519,4
1780280490.0529,4
1780280490.0539,4
1780280490.055,4
1780280490.056,4
1780280490.057,4
1780280490.058,4
1780280490.0589,4
1780280490.0599,4
1780280490.0609,4
1780280490.0619,4
1780280490.063,4
1780280490.064,4
1780280490.065,4
1780280490.066,4
1780280490.0669,4
1780280490.0679,4
1780280490.0689,4
1780280490.0699,4
1780280490.071,4
1780280490.072,4
1780280490.073,4
1780280490.074,4
1780280490.075,4
1780280490.0759,4
1780280490.0769,4
1780280490.0779,4
1780280490.0789,4
1780280490.08,4
1780280490.081,4
1780280490.082,4
1780280490.083,4
1780280490.0839,4
1780280490.0849,4
1780280490.0859,4
1780280490.0869,4
1780280490.088,4
1780280490.089,4
1780280490.09,4
1780280490.091,4
1780280490.0919,4
1780280490.0929,4
1780280490.0939,4
1780280490.0949,4
1780280490.096,4
1780280490.097,4
1780280490.098,4
1780280490.099,4
1780280491.0,4
1780280491.0009,4
1780280491.0019,4
1780280491.0029,4
1780280491.0039,4
1780280491.005,4
1780280491.006,4
1780280491.007,4
1780280491.008,4
1780280491.0089,4
1780280491.0099,4
1780280491.0109,4
1780280491.0119,4
1780280491.013,4
1780280491.014,4
1780280491.015,4
1780280491.016,4
1780280491.0169,4
1780280491.0179,4
1780280491.0189,4
1780280491.0199,4
1780280491.021,4
1780280491.022,4
1780280491.023,4
1780280491.024,4
1780280491.025,4
1780280491.0259,4
1780280491.0269,4
1780280491.0279,4
1780280491.0289,4
1780280491.03,4
1780280491.031,4
1780280491.032,4
1780280491.033,4
1780280491.0339,4
1780280491.0349,4
1780280491.0359,4
1780280491.0369,4
1780280491.038,4
1780280491.039,4
1780280491.04,4
1780280491.041,4
1780280491.0419,4
1780280491.0429,4
1780280491.0439,4
1780280491.0449,4
1780280491.046,4
1780280491.047,4
1780280491.048,4
1780280491.049,4
1780280491.05,4
1780280491.0509,4
1780280491.0519,4
1780280491.0529,4
1780280491.0539,4
1780280491.055,4
1780280491.056,4
1780280491.057,4
1780280491.058,4
1780280491.0589,4
1780280491.0599,4
1780280491.0609,4
1780280491.0619,4
1780280491.063,4
1780280491.064,4
1780280491.065,4
1780280491.066,4
1780280491.0669,4
1780280491.0679,4
1780280491.0689,4
1780280491.0699,4
1780280491.071,4
1780280491.072,4
1780280491.073,4
1780280491.074,4
1780280491.075,4
1780280491.0759,4
1780280491.0769,4
1780280491.0779,4
1780280491.0789,4
1780280491.08,4
1780280491.081,4
1780280491.082,4
1780280491.083,4
1780280491.0839,4
1780280491.0849,4
1780280491.0859,4
1780280491.0869,4
1780280491.088,4
1780280491.089,4
1780280491.09,4
1780280491.091,4
1780280491.0919,4
1780280491.0929,4
1780280491.0939,4
1780280491.0949,4
1780280491.096,4
1780280491.097,4
1780280491.098,4
1780280491.099,4
1780280492.0,4
1780280492.0009,4
1780280492.0019,4
1780280492.0029,4
1780280492.0039,4
1780280492.005,4
1780280492.006,4
1780280492.007,4
1780280492.008,4
1780280492.0089,4
1780280492.0099,4
1780280492.0109,4
1780280492.0119,4
1780280492.013,4
1780280492.014,4
1780280492.015,4
1780280492.016,4
1780280492.0169,4
1780280492.0179,4
1780280492.0189,4
1780280492.0199,4
1780280492.021,4
1780280492.022,4
1780280492.023,4
1780280492.024,4
1780280492.025,4
1780280492.0259,4
1780280492.0269,4
1780280492.0279,4
1780280492.0289,4
1780280492.03,4
1780280492.031,4
1780280492.032,4
1780280492.033,4
1780280492.0339,4
1780280492.0349,4
1780280492.0359,4
1780280492.0369,4
1780280492.038,4
1780280492.039,4
1780280492.04,4
1780280492.041,4
1780280492.0419,4
1780280492.0429,4
1780280492.0439,4
1780280492.0449,4
1780280492.046,4
1780280492.047,4
1780280492.048,4
1780280492.049,4
1780280492.05,4
1780280492.0509,4
1780280492.0519,4
1780280492.0529,4
1780280492.0539,4
1780280492.055,4
1780280492.056,4
1780280492.057,4
1780280492.058,4
1780280492.0589,4
1780280492.0599,4
1780280492.0609,4
1780280492.0619,4
1780280492.063,4
1780280492.064,4
1780280492.065,4
1780280492.066,4
1780280492.0669,4
1780280492.0679,4
1780280492.0689,4
1780280492.0699,4
1780280492.071,4
1780280492.072,4
1780280492.073,4
1780280492.074,4
1780280492.075,4
1780280492.0759,4
1780280492.0769,4
1780280492.0779,4
1780280492.0789,4
1780280492.08,4
1780280492.081,4
1780280492.082,4
1780280492.083,4
1780280492.0839,4
1780280492.0849,4
1780280492.0859,4
1780280492.0869,4
1780280492.088,4
1780280492.089,4
1780280492.09,4
1780280492.091,4
1780280492.0919,4
1780280492.0929,4
1780280492.0939,4
1780280492.0949,4
1780280492.096,4
1780280492.097,4
1780280492.098,4
1780280492.099,4
1780280493.0,4
1780280493.0009,4
1780280493.0019,4
1780280493.0029,4
1780280493.0039,4
1780280493.005,4
1780280493.006,4
1780280493.007,4
1780280493.008,4
1780280493.0089,4
1780280493.0099,4
1780280493.0109,4
1780280493.0119,4
1780280493.013,4
1780280493.014,4
1780280493.015,4
1780280493.016,4
1780280493.0169,4
1780280493.0179,4
1780280493.0189,4
1780280493.0199,4
1780280493.021,4
1780280493.022,4
1780280493.023,4
1780280493.024,4
1780280493.025,4
1780280493.0259,4
1780280493.0269,4
1780280493.0279,4
1780280493.0289,4
1780280493.03,4
1780280493.031,4
1780280493.032,4
1780280493.033,4
1780280493.0339,4
1780280493.0349,4
1780280493.0359,4
1780280493.0369,4
1780280493.038,4
1780280493.039,4
1780280493.04,4
1780280493.041,4
1780280493.0419,4
1780280493.0429,4
1780280493.0439,4
1780280493.0449,4
1780280493.046,4
1780280493.047,4
1780280493.048,4
1780280493.049,4
1780280493.05,4
1780280493.0509,4
1780280493.0519,4
1780280493.0529,4
1780280493.0539,4
1780280493.055,4
1780280493.056,4
1780280493.057,4
1780280493.058,4
1780280493.0589,4
1780280493.0599,4
1780280493.0609,4
1780280493.0619,4
1780280493.063,4
1780280493.064,4
1780280493.065,4
1780280493.066,4
1780280493.0669,4
1780280493.0679,4
1780280493.0689,4
1780280493.0699,4
1780280493.071,4
1780280493.072,4
1780280493.073,4
1780280493.074,4
1780280493.075,4
1780280493.0759,4
1780280493.0769,4
1780280493.0779,4
1780280493.0789,4
1780280493.08,4
1780280493.081,4
1780280493.082,4
1780280493.083,4
1780280493.0839,4
1780280493.0849,4
1780280493.0859,4
1780280493.0869,4
1780280493.088,4
1780280493.089,4
1780280493.09,4
1780280493.091,4
1780280493.0919,4
1780280493.0929,4
1780280493.0939,4
1780280493.0949,4
1780280493.096,4
1780280493.097,4
1780280493.098,4
1780280493.099,4
1780280494.0,4
1780280494.0009,4
1780280494.0019,4
1780280494.0029,4
1780280494.0039,4
1780280494.005,4
1780280494.006,4
1780280494.007,4
1780280494.008,4
1780280494.0089,4
1780280494.0099,4
1780280494.0109,4
1780280494.0119,4
1780280494.013,4
1780280494.014,4
1780280494.015,4
1780280494.016,4
1780280494.0169,4
1780280494.0179,4
1780280494.0189,4
1780280494.0199,4
1780280494.021,4
1780280494.022,4
1780280494.023,4
1780280494.024,4
1780280494.025,4
1780280494.0259,4
1780280494.0269,4
1780280494.0279,4
1780280494.0289,4
1780280494.03,4
1780280494.031,4
1780280494.032,4
1780280494.033,4
1780280494.0339,4
1780280494.0349,4
1780280494.0359,4
1780280494.0369,4
1780280494.038,4
1780280494.039,4
1780280494.04,4
1780280494.041,4
1780280494.0419,4
1780280494.0429,4
1780280494.0439,4
1780280494.0449,4
1780280494.046,4
1780280494.047,4
1780280494.048,4
1780280494.049,4
1780280494.05,4
1780280494.0509,4
1780280494.0519,4
1780280494.0529,4
1780280494.0539,4
1780280494.055,4
1780280494.056,4
1780280494.057,4
1780280494.058,4
1780280494.0589,4
1780280494.0599,4
1780280494.0609,4
1780280494.0619,4
1780280494.063,4
1780280494.064,4
1780280494.065,4
1780280494.066,4
1780280494.0669,4
1780280494.0679,4
1780280494.0689,4
1780280494.0699,4
1780280494.071,4
1780280494.072,4
1780280494.073,4
1780280494.074,4
1780280494.075,4
1780280494.0759,4
1780280494.0769,4
1780280494.0779,4
1780280494.0789,4
1780280494.08,4
1780280494.081,4
1780280494.082,4
1780280494.083,4
1780280494.0839,4
1780280494.0849,4
1780280494.0859,4
1780280494.0869,4
1780280494.088,4
1780280494.089,4
1780280494.09,4
1780280494.091,4
1780280494.0919,4
1780280494.0929,4
1780280494.0939,4
1780280494.0949,4
1780280494.096,4
1780280494.097,4
1780280494.098,4
1780280494.099,4
1780280495.0,4
1780280495.0009,4
1780280495.0019,4
1780280495.0029,4
1780280495.0039,4
1780280495.005,4
1780280495.006,4
1780280495.007,4
1780280495.008,4
1780280495.0089,4
1780280495.0099,4
1780280495.0109,4
1780280495.0119,4
1780280495.013,4
1780280495.014,4
1780280495.015,4
1780280495.016,4
1780280495.0169,4
1780280495.0179,4
1780280495.0189,4
1780280495.0199,4
1780280495.021,4
1780280495.022,4
1780280495.023,4
1780280495.024,4
1780280495.025,4
1780280495.0259,4
1780280495.0269,4
1780280495.0279,4
1780280495.0289,4
1780280495.03,4
1780280495.031,4
1780280495.032,4
1780280495.033,4
1780280495.0339,4
1780280495.0349,4
1780280495.0359,4
1780280495.0369,4
1780280495.038,4
1780280495.039,4
1780280495.04,4
1780280495.041,4
1780280495.0419,4
1780280495.0429,4
1780280495.0439,4
1780280495.0449,4
1780280495.046,4
1780280495.047,4
1780280495.048,4
1780280495.049,4
1780280495.05,4
1780280495.0509,4
1780280495.0519,4
1780280495.0529,4
1780280495.0539,4
1780280495.055,4
1780280495.056,4
1780280495.057,4
1780280495.058,4
1780280495.0589,4
1780280495.0599,4
1780280495.0609,4
1780280495.0619,4
1780280495.063,4
1780280495.064,4
1780280495.065,4
1780280495.066,4
1780280495.0669,4
1780280495.0679,4
1780280495.0689,4
1780280495.0699,4
1780280495.071,4
1780280495.072,4
1780280495.073,4
1780280495.074,4
1780280495.075,4
1780280495.0759,4
1780280495.0769,4
1780280495.0779,4
1780280495.0789,4
1780280495.08,4
1780280495.081,4
1780280495.082,4
1780280495.083,4
1780280495.0839,4
1780280495.0849,4
1780280495.0859,4
1780280495.0869,4
1780280495.088,4
1780280495.089,4
1780280495.09,4
1780280495.091,4
1780280495.0919,4
1780280495.0929,4
1780280495.0939,4
1780280495.0949,4
1780280495.096,4
1780280495.097,4
1780280495.098,4
1780280495.099,4
1780280496.0,4
1780280496.0009,4
1780280496.0019,4
1780280496.0029,4
1780280496.0039,4
1780280496.005,4
1780280496.006,4
1780280496.007,4
1780280496.008,4
1780280496.0089,4
1780280496.0099,4
1780280496.0109,4
1780280496.0119,4
1780280496.013,4
1780280496.014,4
1780280496.015,4
1780280496.016,4
1780280496.0169,4
1780280496.0179,4
1780280496.0189,4
1780280496.0199,4
1780280496.021,4
1780280496.022,4
1780280496.023,4
1780280496.024,4
1780280496.025,4
1780280496.0259,4
1780280496.0269,4
1780280496.0279,4
1780280496.0289,4
1780280496.03,4
1780280496.031,4
1780280496.032,4
1780280496.033,4
1780280496.0339,4
1780280496.0349,4
1780280496.0359,4
1780280496.0369,4
1780280496.038,4
1780280496.039,4
1780280496.04,4
1780280496.041,4
1780280496.0419,4
1780280496.0429,4
1780280496.0439,4
1780280496.0449,4
1780280496.046,4
1780280496.047,4
1780280496.048,4
1780280496.049,4
1780280496.05,4
1780280496.0509,4
1780280496.0519,4
1780280496.0529,4
1780280496.0539,4
1780280496.055,4
1780280496.056,4
1780280496.057,4
1780280496.058,4
1780280496.0589,4
1780280496.0599,4
1780280496.0609,4
1780280496.0619,4
1780280496.063,4
1780280496.064,4
1780280496.065,4
1780280496.066,4
1780280496.0669,4
1780280496.0679,4
1780280496.0689,4
1780280496.0699,4
1780280496.071,4
1780280496.072,4
1780280496.073,4
1780280496.074,4
1780280496.075,4
1780280496.0759,4
1780280496.0769,4
1780280496.0779,4
1780280496.0789,4
1780280496.08,4
1780280496.081,4
1780280496.082,4
1780280496.083,4
1780280496.0839,4
1780280496.0849,4
1780280496.0859,4
1780280496.0869,4
1780280496.088,4
1780280496.089,4
1780280496.09,4
1780280496.091,4
1780280496.0919,4
1780280496.0929,4
1780280496.0939,4
1780280496.0949,4
1780280496.096,4
1780280496.097,4
1780280496.098,4
1780280496.099,4
1780280497.0,4
1780280497.0009,4
1780280497.0019,4
1780280497.0029,4
1780280497.0039,4
1780280497.005,4
1780280497.006,4
1780280497.007,4
1780280497.008,4
1780280497.0089,4
1780280497.0099,4
1780280497.0109,4
1780280497.0119,4
1780280497.013,4
1780280497.014,4
1780280497.015,4
1780280497.016,4
1780280497.0169,4
1780280497.0179,4
1780280497.0189,4
1780280497.0199,4
1780280497.021,4
1780280497.022,4
1780280497.023,4
1780280497.024,4
1780280497.025,4
1780280497.0259,4
1780280497.0269,4
1780280497.0279,4
1780280497.0289,4
1780280497.03,4
1780280497.031,4
1780280497.032,4
1780280497.033,4
1780280497.0339,4
1780280497.0349,4
1780280497.0359,4
1780280497.0369,4
1780280497.038,4
1780280497.039,4
1780280497.04,4
1780280497.041,4
1780280497.0419,4
1780280497.0429,4
1780280497.0439,4
1780280497.0449,4
1780280497.046,4
1780280497.047,4
1780280497.048,4
1780280497.049,4
1780280497.05,4
1780280497.0509,4
1780280497.0519,4
1780280497.0529,4
1780280497.0539,4
1780280497.055,4
1780280497.056,4
1780280497.057,4
1780280497.058,4
1780280497.0589,4
1780280497.0599,4
1780280497.0609,4
1780280497.0619,4
1780280497.063,4
1780280497.064,4
1780280497.065,4
1780280497.066,4
1780280497.0669,4
1780280497.0679,4
1780280497.0689,4
1780280497.0699,4
1780280497.071,4
1780280497.072,4
1780280497.073,4
1780280497.074,4
1780280497.075,4
1780280497.0759,4
1780280497.0769,4
1780280497.0779,4
1780280497.0789,4
1780280497.08,4
1780280497.081,4
1780280497.082,4
1780280497.083,4
1780280497.0839,4
1780280497.0849,4
1780280497.0859,4
1780280497.0869,4
1780280497.088,4
1780280497.089,4
1780280497.09,4
1780280497.091,4
1780280497.0919,4
1780280497.0929,4
1780280497.0939,4
1780280497.0949,4
1780280497.096,4
1780280497.097,4
1780280497.098,4
1780280497.099,4
1780280498.0,4
1780280498.0009,4
1780280498.0019,4
1780280498.0029,4
1780280498.0039,4
1780280498.005,4
1780280498.006,4
1780280498.007,4
1780280498.008,4
1780280498.0089,4
1780280498.0099,4
1780280498.0109,4
1780280498.0119,4
1780280498.013,4
1780280498.014,4
1780280498.015,4
1780280498.016,4
1780280498.0169,4
1780280498.0179,4
1780280498.0189,4
1780280498.0199,4
1780280498.021,4
1780280498.022,4
1780280498.023,4
1780280498.024,4
1780280498.025,4
1780280498.0259,4
1780280498.0269,4
1780280498.0279,4
1780280498.0289,4
1780280498.03,4
1780280498.031,4
1780280498.032,4
1780280498.033,4
1780280498.0339,4
1780280498.0349,4
1780280498.0359,4
1780280498.0369,4
1780280498.038,4
1780280498.039,4
1780280498.04,4
1780280498.041,4
1780280498.0419,4
1780280498.0429,4
1780280498.0439,4
1780280498.0449,4
1780280498.046,4
1780280498.047,4
1780280498.048,4
1780280498.049,4
1780280498.05,4
1780280498.0509,4
1780280498.0519,4
1780280498.0529,4
1780280498.0539,4
1780280498.055,4
1780280498.056,4
1780280498.057,4
1780280498.058,4
1780280498.0589,4
1780280498.0599,4
1780280498.0609,4
1780280498.0619,4
1780280498.063,4
1780280498.064,4
1780280498.065,4
1780280498.066,4
1780280498.0669,4
1780280498.0679,4
1780280498.0689,4
1780280498.0699,4
1780280498.071,4
1780280498.072,4
1780280498.073,4
1780280498.074,4
1780280498.075,4
1780280498.0759,4
1780280498.0769,4
1780280498.0779,4
1780280498.0789,4
1780280498.08,4
1780280498.081,4
1780280498.082,4
1780280498.083,4
1780280498.0839,4
1780280498.0849,4
1780280498.0859,4
1780280498.0869,4
1780280498.088,4
1780280498.089,4
1780280498.09,4
1780280498.091,4
1780280498.0919,4
1780280498.0929,4
1780280498.0939,4
1780280498.0949,4
1780280498.096,4
1780280498.097,4
1780280498.098,4
1780280498.099,4
1780280499.0,4
1780280499.0009,4
1780280499.0019,4
1780280499.0029,4
1780280499.0039,4
1780280499.005,4
1780280499.006,4
1780280499.007,4
1780280499.008,4
1780280499.0089,4
1780280499.0099,4
1780280499.0109,4
1780280499.0119,4
1780280499.013,4
1780280499.014,4
1780280499.015,4
1780280499.016,4
1780280499.0169,4
1780280499.0179,4
1780280499.0189,4
1780280499.0199,4
1780280499.021,4
1780280499.022,4
1780280499.023,4
1780280499.024,4
1780280499.025,4
1780280499.0259,4
1780280499.0269,4
1780280499.0279,4
1780280499.0289,4
1780280499.03,4
1780280499.031,4
1780280499.032,4
1780280499.033,4
1780280499.0339,4
1780280499.0349,4
1780280499.0359,4
1780280499.0369,4
1780280499.038,4
1780280499.039,4
1780280499.04,4
1780280499.041,4
1780280499.0419,4
1780280499.0429,4
1780280499.0439,4
1780280499.0449,4
1780280499.046,4
1780280499.047,4
1780280499.048,4
1780280499.049,4
1780280499.05,4
1780280499.0509,4
1780280499.0519,4
1780280499.0529,4
1780280499.0539,4
1780280499.055,4
1780280499.056,4
1780280499.057,4
1780280499.058,4
1780280499.0589,4
1780280499.0599,4
1780280499.0609,4
1780280499.0619,4
1780280499.063,4
1780280499.064,4
1780280499.065,4
1780280499.066,4
1780280499.0669,4
1780280499.0679,4
1780280499.0689,4
1780280499.0699,4
1780280499.071,4
1780280499.072,4
1780280499.073,4
1780280499.074,4
1780280499.075,4
1780280499.0759,4
1780280499.0769,4
1780280499.0779,4
1780280499.0789,4
1780280499.08,4
1780280499.081,4
1780280499.082,4
1780280499.083,4
1780280499.0839,4
1780280499.0849,4
1780280499.0859,4
1780280499.0869,4
1780280499.088,4
1780280499.089,4
1780280499.09,4
1780280499.091,4
1780280499.0919,4
1780280499.0929,4
1780280499.0939,4
1780280499.0949,4
1780280499.096,4
1780280499.097,4
1780280499.098,4
1780280499.099,4
1780280500.0,4
1780280500.0009,4
1780280500.0019,4
1780280500.0029,4
1780280500.0039,4
1780280500.005,4
1780280500.006,4
1780280500.007,4
1780280500.008,4
1780280500.0089,4
1780280500.0099,4
1780280500.0109,4
1780280500.0119,4
1780280500.013,4
1780280500.014,4
1780280500.015,4
1780280500.016,4
1780280500.0169,4
1780280500.0179,4
1780280500.0189,4
1780280500.0199,4
1780280500.021,4
1780280500.022,4
1780280500.023,4
1780280500.024,4
1780280500.025,4
1780280500.0259,4
1780280500.0269,4
1780280500.0279,4
1780280500.0289,4
1780280500.03,4
1780280500.031,4
1780280500.032,4
1780280500.033,4
1780280500.0339,4
1780280500.0349,4
1780280500.0359,4
1780280500.0369,4
1780280500.038,4
1780280500.039,4
1780280500.04,4
1780280500.041,4
1780280500.0419,4
1780280500.0429,4
1780280500.0439,4
1780280500.0449,4
1780280500.046,4
1780280500.047,4
1780280500.048,4
1780280500.049,4
1780280500.05,4
1780280500.0509,4
1780280500.0519,4
1780280500.0529,4
1780280500.0539,4
1780280500.055,4
1780280500.056,4
1780280500.057,4
1780280500.058,4
1780280500.0589,4
1780280500.0599,4
1780280500.0609,4
1780280500.0619,4
1780280500.063,4
1780280500.064,4
1780280500.065,4
1780280500.066,4
1780280500.0669,4
1780280500.0679,4
1780280500.0689,4
1780280500.0699,4
1780280500.071,4
1780280500.072,4
1780280500.073,4
1780280500.074,4
1780280500.075,4
1780280500.0759,4
1780280500.0769,4
1780280500.0779,4
1780280500.0789,4
1780280500.08,4
1780280500.081,4
1780280500.082,4
1780280500.083,4
1780280500.0839,4
1780280500.0849,4
1780280500.0859,4
1780280500.0869,4
1780280500.088,4
1780280500.089,4
1780280500.09,4
1780280500.091,4
1780280500.0919,4
1780280500.0929,4
1780280500.0939,4
1780280500.0949,4
1780280500.096,4
1780280500.097,4
1780280500.098,4
1780280500.099,4
1780280501.0,4
1780280501.0009,4
1780280501.0019,4
1780280501.0029,4
1780280501.0039,4
1780280501.005,4
1780280501.006,4
1780280501.007,4
1780280501.008,4
1780280501.0089,4
1780280501.0099,4
1780280501.0109,4
1780280501.0119,4
1780280501.013,4
1780280501.014,4
1780280501.015,4
1780280501.016,4
1780280501.0169,4
1780280501.0179,4
1780280501.0189,4
1780280501.0199,4
1780280501.021,4
1780280501.022,4
1780280501.023,4
1780280501.024,4
1780280501.025,4
1780280501.0259,4
1780280501.0269,4
1780280501.0279,4
1780280501.0289,4
1780280501.03,4
1780280501.031,4
1780280501.032,4
1780280501.033,4
1780280501.0339,4
1780280501.0349,4
1780280501.0359,4
1780280501.0369,4
1780280501.038,4
1780280501.039,4
1780280501.04,4
1780280501.041,4
1780280501.0419,4
1780280501.0429,4
1780280501.0439,4
1780280501.0449,4
1780280501.046,4
1780280501.047,4
1780280501.048,4
1780280501.049,4
1780280501.05,4
1780280501.0509,4
1780280501.0519,4
1780280501.0529,4
1780280501.0539,4
1780280501.055,4
1780280501.056,4
1780280501.057,4
1780280501.058,4
1780280501.0589,4
1780280501.0599,4
1780280501.0609,4
1780280501.0619,4
1780280501.063,4
1780280501.064,4
1780280501.065,4
1780280501.066,4
1780280501.0669,4
1780280501.0679,4
1780280501.0689,4
1780280501.0699,4
1780280501.071,4
1780280501.072,4
1780280501.073,4
1780280501.074,4
1780280501.075,4
1780280501.0759,4
1780280501.0769,4
1780280501.0779,4
1780280501.0789,4
1780280501.08,4
1780280501.081,4
1780280501.082,4
1780280501.083,4
1780280501.0839,4
1780280501.0849,4
1780280501.0859,4
1780280501.0869,4
1780280501.088,4
1780280501.089,4
1780280501.09,4
1780280501.091,4
1780280501.0919,4
1780280501.0929,4
1780280501.0939,4
1780280501.0949,4
1780280501.096,4
1780280501.097,4
1780280501.098,4
1780280501.099,4
1780280502.0,4
1780280502.0009,4
1780280502.0019,4
1780280502.0029,4
1780280502.0039,4
1780280502.005,4
1780280502.006,4
1780280502.007,4
1780280502.008,4
1780280502.0089,4
1780280502.0099,4
1780280502.0109,4
1780280502.0119,4
1780280502.013,4
1780280502.014,4
1780280502.015,4
1780280502.016,4
1780280502.0169,4
1780280502.0179,4
1780280502.0189,4
1780280502.0199,4
1780280502.021,4
1780280502.022,4
1780280502.023,4
1780280502.024,4
1780280502.025,4
1780280502.0259,4
1780280502.0269,4
1780280502.0279,4
1780280502.0289,4
1780280502.03,4
1780280502.031,4
1780280502.032,4
1780280502.033,4
1780280502.0339,4
1780280502.0349,4
1780280502.0359,4
1780280502.0369,4
1780280502.038,4
1780280502.039,4
1780280502.04,4
1780280502.041,4
1780280502.0419,4
1780280502.0429,4
1780280502.0439,4
1780280502.0449,4
1780280502.046,4
1780280502.047,4
1780280502.048,4
1780280502.049,4
1780280502.05,4
1780280502.0509,4
1780280502.0519,4
1780280502.0529,4
1780280502.0539,4
1780280502.055,4
1780280502.056,4
1780280502.057,4
1780280502.058,4
1780280502.0589,4
1780280502.0599,4
1780280502.0609,4
1780280502.0619,4
1780280502.063,4
1780280502.064,4
1780280502.065,4
1780280502.066,4
1780280502.0669,4
1780280502.0679,4
1780280502.0689,4
1780280502.0699,4
1780280502.071,4
1780280502.072,4
1780280502.073,4
1780280502.074,4
1780280502.075,4
1780280502.0759,4
1780280502.0769,4
1780280502.0779,4
1780280502.0789,4
1780280502.08,4
1780280502.081,4
1780280502.082,4
1780280502.083,4
1780280502.0839,4
1780280502.0849,4
1780280502.0859,4
1780280502.0869,4
1780280502.088,4
1780280502.089,4
1780280502.09,4
1780280502.091,4
1780280502.0919,4
1780280502.0929,4
1780280502.0939,4
1780280502.0949,4
1780280502.096,4
1780280502.097,4
1780280502.098,4
1780280502.099,4
1780280503.0,4
1780280503.0009,4
1780280503.0019,4
1780280503.0029,4
1780280503.0039,4
1780280503.005,4
1780280503.006,4
1780280503.007,4
1780280503.008,4
1780280503.0089,4
1780280503.0099,4
1780280503.0109,4
1780280503.0119,4
1780280503.013,4
1780280503.014,4
1780280503.015,4
1780280503.016,4
1780280503.0169,4
1780280503.0179,4
1780280503.0189,4
1780280503.0199,4
1780280503.021,4
1780280503.022,4
1780280503.023,4
1780280503.024,4
1780280503.025,4
1780280503.0259,4
1780280503.0269,4
1780280503.0279,4
1780280503.0289,4
1780280503.03,4
1780280503.031,4
1780280503.032,4
1780280503.033,4
1780280503.0339,4
1780280503.0349,4
1780280503.0359,4
1780280503.0369,4
1780280503.038,4
1780280503.039,4
1780280503.04,4
1780280503.041,4
1780280503.0419,4
1780280503.0429,4
1780280503.0439,4
1780280503.0449,4
1780280503.046,4
1780280503.047,4
1780280503.048,4
1780280503.049,4
1780280503.05,4
1780280503.0509,4
1780280503.0519,4
1780280503.0529,4
1780280503.0539,4
1780280503.055,4
1780280503.056,4
1780280503.057,4
1780280503.058,4
1780280503.0589,4
1780280503.0599,4
1780280503.0609,4
1780280503.0619,4
1780280503.063,4
1780280503.064,4
1780280503.065,4
1780280503.066,4
1780280503.0669,4
1780280503.0679,4
1780280503.0689,4
1780280503.0699,4
1780280503.071,4
1780280503.072,4
1780280503.073,4
1780280503.074,4
1780280503.075,4
1780280503.0759,4
1780280503.0769,4
1780280503.0779,4
1780280503.0789,4
1780280503.08,4
1780280503.081,4
1780280503.082,4
1780280503.083,4
1780280503.0839,4
1780280503.0849,4
1780280503.0859,4
1780280503.0869,4
1780280503.088,4
1780280503.089,4
1780280503.09,4
1780280503.091,4
1780280503.0919,4
1780280503.0929,4
1780280503.0939,4
1780280503.0949,4
1780280503.096,4
1780280503.097,4
1780280503.098,4
1780280503.099,4
1780280504.0,4
1780280504.0009,4
1780280504.0019,4
1780280504.0029,4
1780280504.0039,4
1780280504.005,4
1780280504.006,4
1780280504.007,4
1780280504.008,4
1780280504.0089,4
1780280504.0099,4
1780280504.0109,4
1780280504.0119,4
1780280504.013,4
1780280504.014,4
1780280504.015,4
1780280504.016,4
1780280504.0169,4
1780280504.0179,4
1780280504.0189,4
1780280504.0199,4
1780280504.021,4
1780280504.022,4
1780280504.023,4
1780280504.024,4
1780280504.025,4
1780280504.0259,4
1780280504.0269,4
1780280504.0279,4
1780280504.0289,4
1780280504.03,4
1780280504.031,4
1780280504.032,4
1780280504.033,4
1780280504.0339,4
1780280504.0349,4
1780280504.0359,4
1780280504.0369,4
1780280504.038,4
1780280504.039,4
1780280504.04,4
1780280504.041,4
1780280504.0419,4
1780280504.0429,4
1780280504.0439,4
1780280504.0449,4
1780280504.046,4
1780280504.047,4
1780280504.048,4
1780280504.049,4
1780280504.05,4
1780280504.0509,4
1780280504.0519,4
1780280504.0529,4
1780280504.0539,4
1780280504.055,4
1780280504.056,4
1780280504.057,4
1780280504.058,4
1780280504.0589,4
1780280504.0599,4
1780280504.0609,4
1780280504.0619,4
1780280504.063,4
1780280504.064,4
1780280504.065,4
1780280504.066,4
1780280504.0669,4
1780280504.0679,4
1780280504.0689,4
1780280504.0699,4
1780280504.071,4
1780280504.072,4
1780280504.073,4
1780280504.074,4
1780280504.075,4
1780280504.0759,4
1780280504.0769,4
1780280504.0779,4
1780280504.0789,4
1780280504.08,4
1780280504.081,4
1780280504.082,4
1780280504.083,4
1780280504.0839,4
1780280504.0849,4
1780280504.0859,4
1780280504.0869,4
1780280504.088,4
1780280504.089,4
1780280504.09,4
1780280504.091,4
1780280504.0919,4
1780280504.0929,4
1780280504.0939,4
1780280504.0949,4
1780280504.096,4
1780280504.097,4
1780280504.098,4
1780280504.099,4
1780280505.0,4
1780280505.0009,4
1780280505.0019,4
1780280505.0029,4
1780280505.0039,4
1780280505.005,4
1780280505.006,4
1780280505.007,4
1780280505.008,4
1780280505.0089,4
1780280505.0099,4
1780280505.0109,4
1780280505.0119,4
1780280505.013,4
1780280505.014,4
1780280505.015,4
1780280505.016,4
1780280505.0169,4
1780280505.0179,4
1780280505.0189,4
1780280505.0199,4
1780280505.021,4
1780280505.022,4
1780280505.023,4
1780280505.024,4
1780280505.025,4
1780280505.0259,4
1780280505.0269,4
1780280505.0279,4
1780280505.0289,4
1780280505.03,4
1780280505.031,4
1780280505.032,4
1780280505.033,4
1780280505.0339,4
1780280505.0349,4
1780280505.0359,4
1780280505.0369,4
1780280505.038,4
1780280505.039,4
1780280505.04,4
1780280505.041,4
1780280505.0419,4
1780280505.0429,4
1780280505.0439,4
1780280505.0449,4
1780280505.046,4
1780280505.047,4
1780280505.048,4
1780280505.049,4
1780280505.05,4
1780280505.0509,4
1780280505.0519,4
1780280505.0529,4
1780280505.0539,4
1780280505.055,4
1780280505.056,4
1780280505.057,4
1780280505.058,4
1780280505.0589,4
1780280505.0599,4
1780280505.0609,4
1780280505.0619,4
1780280505.063,4
1780280505.064,4
1780280505.065,4
1780280505.066,4
1780280505.0669,4
1780280505.0679,4
1780280505.0689,4
1780280505.0699,4
1780280505.071,4
1780280505.072,4
1780280505.073,4
1780280505.074,4
1780280505.075,4
1780280505.0759,4
1780280505.0769,4
1780280505.0779,4
1780280505.0789,4
1780280505.08,4
1780280505.081,4
1780280505.082,4
1780280505.083,4
1780280505.0839,4
1780280505.0849,4
1780280505.0859,4
1780280505.0869,4
1780280505.088,4
1780280505.089,4
1780280505.09,4
1780280505.091,4
1780280505.0919,4
1780280505.0929,4
1780280505.0939,4
1780280505.0949,4
1780280505.096,4
1780280505.097,4
1780280505.098,4
1780280505.099,4
1780280506.0,4
1780280506.0009,4
1780280506.0019,4
1780280506.0029,4
1780280506.0039,4
1780280506.005,4
1780280506.006,4
1780280506.007,4
1780280506.008,4
1780280506.0089,4
1780280506.0099,4
1780280506.0109,4
1780280506.0119,4
1780280506.013,4
1780280506.014,4
1780280506.015,4
1780280506.016,4
1780280506.0169,4
1780280506.0179,4
1780280506.0189,4
1780280506.0199,4
1780280506.021,4
1780280506.022,4
1780280506.023,4
1780280506.024,4
1780280506.025,4
1780280506.0259,4
1780280506.0269,4
1780280506.0279,4
1780280506.0289,4
1780280506.03,4
1780280506.031,4
1780280506.032,4
1780280506.033,4
1780280506.0339,4
1780280506.0349,4
1780280506.0359,4
1780280506.0369,4
1780280506.038,4
1780280506.039,4
1780280506.04,4
1780280506.041,4
1780280506.0419,4
1780280506.0429,4
1780280506.0439,4
1780280506.0449,4
1780280506.046,4
1780280506.047,4
1780280506.048,4
1780280506.049,4
1780280506.05,4
1780280506.0509,4
1780280506.0519,4
1780280506.0529,4
1780280506.0539,4
1780280506.055,4
1780280506.056,4
1780280506.057,4
1780280506.058,4
1780280506.0589,4
1780280506.0599,4
1780280506.0609,4
1780280506.0619,4
1780280506.063,4
1780280506.064,4
1780280506.065,4
1780280506.066,4
1780280506.0669,4
1780280506.0679,4
1780280506.0689,4
1780280506.0699,4
1780280506.071,4
1780280506.072,4
1780280506.073,4
1780280506.074,4
1780280506.075,4
1780280506.0759,4
1780280506.0769,4
1780280506.0779,4
1780280506.0789,4
1780280506.08,4
1780280506.081,4
1780280506.082,4
1780280506.083,4
1780280506.0839,4
1780280506.0849,4
1780280506.0859,4
1780280506.0869,4
1780280506.088,4
1780280506.089,4
1780280506.09,4
1780280506.091,4
1780280506.0919,4
1780280506.0929,4
1780280506.0939,4
1780280506.0949,4
1780280506.096,4
1780280506.097,4
1780280506.098,4
1780280506.099,4
1780280507.0,4
1780280507.0009,4
1780280507.0019,4
1780280507.0029,4
1780280507.0039,4
1780280507.005,4
1780280507.006,4
1780280507.007,4
1780280507.008,4
1780280507.0089,4
1780280507.0099,4
1780280507.0109,4
1780280507.0119,4
1780280507.013,4
1780280507.014,4
1780280507.015,4
1780280507.016,4
1780280507.0169,4
1780280507.0179,4
1780280507.0189,4
1780280507.0199,4
1780280507.021,4
1780280507.022,4
1780280507.023,4
1780280507.024,4
1780280507.025,4
1780280507.0259,4
1780280507.0269,4
1780280507.0279,4
1780280507.0289,4
1780280507.03,4
1780280507.031,4
1780280507.032,4
1780280507.033,4
1780280507.0339,4
1780280507.0349,4
1780280507.0359,4
1780280507.0369,4
1780280507.038,4
1780280507.039,4
1780280507.04,4
1780280507.041,4
1780280507.0419,4
1780280507.0429,4
1780280507.0439,4
1780280507.0449,4
1780280507.046,4
1780280507.047,4
1780280507.048,4
1780280507.049,4
1780280507.05,4
1780280507.0509,4
1780280507.0519,4
1780280507.0529,4
1780280507.0539,4
1780280507.055,4
1780280507.056,4
1780280507.057,4
1780280507.058,4
1780280507.0589,4
1780280507.0599,4
1780280507.0609,4
1780280507.0619,4
1780280507.063,4
1780280507.064,4
1780280507.065,4
1780280507.066,4
1780280507.0669,4
1780280507.0679,4
1780280507.0689,4
1780280507.0699,4
1780280507.071,4
1780280507.072,4
1780280507.073,4
1780280507.074,4
1780280507.075,4
1780280507.0759,4
1780280507.0769,4
1780280507.0779,4
1780280507.0789,4
1780280507.08,4
1780280507.081,4
1780280507.082,4
1780280507.083,4
1780280507.0839,4
1780280507.0849,4
1780280507.0859,4
1780280507.0869,4
1780280507.088,4
1780280507.089,4
1780280507.09,4
1780280507.091,4
1780280507.0919,4
1780280507.0929,4
1780280507.0939,4
1780280507.0949,4
1780280507.096,4
1780280507.097,4
1780280507.098,4
1780280507.099,4
1780280508.0,4
1780280508.0009,4
1780280508.0019,4
1780280508.0029,4
1780280508.0039,4
1780280508.005,4
1780280508.006,4
1780280508.007,4
1780280508.008,4
1780280508.0089,4
1780280508.0099,4
1780280508.0109,4
1780280508.0119,4
1780280508.013,4
1780280508.014,4
1780280508.015,4
1780280508.016,4
1780280508.0169,4
1780280508.0179,4
1780280508.0189,4
1780280508.0199,4
1780280508.021,4
1780280508.022,4
1780280508.023,4
1780280508.024,4
1780280508.025,4
1780280508.0259,4
1780280508.0269,4
1780280508.0279,4
1780280508.0289,4
1780280508.03,4
1780280508.031,4
1780280508.032,4
1780280508.033,4
1780280508.0339,4
1780280508.0349,4
1780280508.0359,4
1780280508.0369,4
1780280508.038,4
1780280508.039,4
1780280508.04,4
1780280508.041,4
1780280508.0419,4
1780280508.0429,4
1780280508.0439,4
1780280508.0449,4
1780280508.046,4
1780280508.047,4
1780280508.048,4
1780280508.049,4
1780280508.05,4
1780280508.0509,4
1780280508.0519,4
1780280508.0529,4
1780280508.0539,4
1780280508.055,4
1780280508.056,4
1780280508.057,4
1780280508.058,4
1780280508.0589,4
1780280508.0599,4
1780280508.0609,4
1780280508.0619,4
1780280508.063,4
1780280508.064,4
1780280508.065,4
1780280508.066,4
1780280508.0669,4
1780280508.0679,4
1780280508.0689,4
1780280508.0699,4
1780280508.071,4
1780280508.072,4
1780280508.073,4
1780280508.074,4
1780280508.075,4
1780280508.0759,4
1780280508.0769,4
1780280508.0779,4
1780280508.0789,4
1780280508.08,4
1780280508.081,4
1780280508.082,4
1780280508.083,4
1780280508.0839,4
1780280508.0849,4
1780280508.0859,4
1780280508.0869,4
1780280508.088,4
1780280508.089,4
1780280508.09,4
1780280508.091,4
1780280508.0919,4
1780280508.0929,4
1780280508.0939,4
1780280508.0949,4
1780280508.096,4
1780280508.097,4
1780280508.098,4
1780280508.099,4
1780280509.0,4
1780280509.0009,4
1780280509.0019,4
1780280509.0029,4
1780280509.0039,4
1780280509.005,4
1780280509.006,4
1780280509.007,4
1780280509.008,4
1780280509.0089,4
1780280509.0099,4
1780280509.0109,4
1780280509.0119,4
1780280509.013,4
1780280509.014,4
1780280509.015,4
1780280509.016,4
1780280509.0169,4
1780280509.0179,4
1780280509.0189,4
1780280509.0199,4
1780280509.021,4
1780280509.022,4
1780280509.023,4
1780280509.024,4
1780280509.025,4
1780280509.0259,4
1780280509.0269,4
1780280509.0279,4
1780280509.0289,4
1780280509.03,4
1780280509.031,4
1780280509.032,4
1780280509.033,4
1780280509.0339,4
1780280509.0349,4
1780280509.0359,4
1780280509.0369,4
1780280509.038,4
1780280509.039,4
1780280509.04,4
1780280509.041,4
1780280509.0419,4
1780280509.0429,4
1780280509.0439,4
1780280509.0449,4
1780280509.046,4
1780280509.047,4
1780280509.048,4
1780280509.049,4
1780280509.05,4
1780280509.0509,4
1780280509.0519,4
1780280509.0529,4
1780280509.0539,4
1780280509.055,4
1780280509.056,4
1780280509.057,4
1780280509.058,4
1780280509.0589,4
1780280509.0599,4
1780280509.0609,4
1780280509.0619,4
1780280509.063,4
1780280509.064,4
1780280509.065,4
1780280509.066,4
1780280509.0669,4
1780280509.0679,4
1780280509.0689,4
1780280509.0699,4
1780280509.071,4
1780280509.072,4
1780280509.073,4
1780280509.074,4
1780280509.075,4
1780280509.0759,4
1780280509.0769,4
1780280509.0779,4
1780280509.0789,4
1780280509.08,4
1780280509.081,4
1780280509.082,4
1780280509.083,4
1780280509.0839,4
1780280509.0849,4
1780280509.0859,4
1780280509.0869,4
1780280509.088,4
1780280509.089,4
1780280509.09,4
1780280509.091,4
1780280509.0919,4
1780280509.0929,4
1780280509.0939,4
1780280509.0949,4
1780280509.096,4
1780280509.097,4
1780280509.098,4
1780280509.099,4
1780280510.0,4
1780280510.0009,4
1780280510.0019,4
1780280510.0029,4
1780280510.0039,4
1780280510.005,4
1780280510.006,4
1780280510.007,4
1780280510.008,4
1780280510.0089,4
1780280510.0099,4
1780280510.0109,4
1780280510.0119,4
1780280510.013,4
1780280510.014,4
1780280510.015,4
1780280510.016,4
1780280510.0169,4
1780280510.0179,4
1780280510.0189,4
1780280510.0199,4
1780280510.021,4
1780280510.022,4
1780280510.023,4
1780280510.024,4
1780280510.025,4
1780280510.0259,4
1780280510.0269,4
1780280510.0279,4
1780280510.0289,4
1780280510.03,4
1780280510.031,4
1780280510.032,4
1780280510.033,4
1780280510.0339,4
1780280510.0349,4
1780280510.0359,4
1780280510.0369,4
1780280510.038,4
1780280510.039,4
1780280510.04,4
1780280510.041,4
1780280510.0419,4
1780280510.0429,4
1780280510.0439,4
1780280510.0449,4
1780280510.046,4
1780280510.047,4
1780280510.048,4
1780280510.049,4
1780280510.05,4
1780280510.0509,4
1780280510.0519,4
1780280510.0529,4
1780280510.0539,4
1780280510.055,4
1780280510.056,4
1780280510.057,4
1780280510.058,4
1780280510.0589,4
1780280510.0599,4
1780280510.0609,4
1780280510.0619,4
1780280510.063,4
1780280510.064,4
1780280510.065,4
1780280510.066,4
1780280510.0669,4
1780280510.0679,4
1780280510.0689,4
1780280510.0699,4
1780280510.071,4
1780280510.072,4
1780280510.073,4
1780280510.074,4
1780280510.075,4
1780280510.0759,4
1780280510.0769,4
1780280510.0779,4
1780280510.0789,4
1780280510.08,4
1780280510.081,4
1780280510.082,4
1780280510.083,4
1780280510.0839,4
1780280510.0849,4
1780280510.0859,4
1780280510.0869,4
1780280510.088,4
1780280510.089,4
1780280510.09,4
1780280510.091,4
1780280510.0919,4
1780280510.0929,4
1780280510.0939,4
1780280510.0949,4
1780280510.096,4
1780280510.097,4
1780280510.098,4
1780280510.099,4
1780280511.0,4
1780280511.0009,4
1780280511.0019,4
1780280511.0029,4
1780280511.0039,4
1780280511.005,4
1780280511.006,4
1780280511.007,4
1780280511.008,4
1780280511.0089,4
1780280511.0099,4
1780280511.0109,4
1780280511.0119,4
1780280511.013,4
1780280511.014,4
1780280511.015,4
1780280511.016,4
1780280511.0169,4
1780280511.0179,4
1780280511.0189,4
1780280511.0199,4
1780280511.021,4
1780280511.022,4
1780280511.023,4
1780280511.024,4
1780280511.025,4
1780280511.0259,4
1780280511.0269,4
1780280511.0279,4
1780280511.0289,4
1780280511.03,4
1780280511.031,4
1780280511.032,4
1780280511.033,4
1780280511.0339,4
1780280511.0349,4
1780280511.0359,4
1780280511.0369,4
1780280511.038,4
1780280511.039,4
1780280511.04,4
1780280511.041,4
1780280511.0419,4
1780280511.0429,4
1780280511.0439,4
1780280511.0449,4
1780280511.046,4
1780280511.047,4
1780280511.048,4
1780280511.049,4
1780280511.05,4
1780280511.0509,4
1780280511.0519,4
1780280511.0529,4
1780280511.0539,4
1780280511.055,4
1780280511.056,4
1780280511.057,4
1780280511.058,4
1780280511.0589,4
1780280511.0599,4
1780280511.0609,4
1780280511.0619,4
1780280511.063,4
1780280511.064,4
1780280511.065,4
1780280511.066,4
1780280511.0669,4
1780280511.0679,4
1780280511.0689,4
1780280511.0699,4
1780280511.071,4
1780280511.072,4
1780280511.073,4
1780280511.074,4
1780280511.075,4
1780280511.0759,4
1780280511.0769,4
1780280511.0779,4
1780280511.0789,4
1780280511.08,4
1780280511.081,4
1780280511.082,4
1780280511.083,4
1780280511.0839,4
1780280511.0849,4
1780280511.0859,4
1780280511.0869,4
1780280511.088,4
1780280511.089,4
1780280511.09,4
1780280511.091,4
1780280511.0919,4
1780280511.0929,4
1780280511.0939,4
1780280511.0949,4
1780280511.096,4
1780280511.097,4
1780280511.098,4
1780280511.099,4
1780280512.0,4
1780280512.0009,4
1780280512.0019,4
1780280512.0029,4
1780280512.0039,4
1780280512.005,4
1780280512.006,4
1780280512.007,4
1780280512.008,4
1780280512.0089,4
1780280512.0099,4
1780280512.0109,4
1780280512.0119,4
1780280512.013,4
1780280512.014,4
1780280512.015,4
1780280512.016,4
1780280512.0169,4
1780280512.0179,4
1780280512.0189,4
1780280512.0199,4
1780280512.021,4
1780280512.022,4
1780280512.023,4
1780280512.024,4
1780280512.025,4
1780280512.0259,4
1780280512.0269,4
1780280512.0279,4
1780280512.0289,4
1780280512.03,4
1780280512.031,4
1780280512.032,4
1780280512.033,4
1780280512.0339,4
1780280512.0349,4
1780280512.0359,4
1780280512.0369,4
1780280512.038,4
1780280512.039,4
1780280512.04,4
1780280512.041,4
1780280512.0419,4
1780280512.0429,4
1780280512.0439,4
1780280512.0449,4
1780280512.046,4
1780280512.047,4
1780280512.048,4
1780280512.049,4
1780280512.05,4
1780280512.0509,4
1780280512.0519,4
1780280512.0529,4
1780280512.0539,4
1780280512.055,4
1780280512.056,4
1780280512.057,4
1780280512.058,4
1780280512.0589,4
1780280512.0599,4
1780280512.0609,4
1780280512.0619,4
1780280512.063,4
1780280512.064,4
1780280512.065,4
1780280512.066,4
1780280512.0669,4
1780280512.0679,4
1780280512.0689,4
1780280512.0699,4
1780280512.071,4
1780280512.072,4
1780280512.073,4
1780280512.074,4
1780280512.075,4
1780280512.0759,4
1780280512.0769,4
1780280512.0779,4
1780280512.0789,4
1780280512.08,4
1780280512.081,4
1780280512.082,4
1780280512.083,4
1780280512.0839,4
1780280512.0849,4
1780280512.0859,4
1780280512.0869,4
1780280512.088,4
1780280512.089,4
1780280512.09,4
1780280512.091,4
1780280512.0919,4
1780280512.0929,4
1780280512.0939,4
1780280512.0949,4
1780280512.096,4
1780280512.097,4
1780280512.098,4
1780280512.099,4
1780280513.0,4
1780280513.0009,4
1780280513.0019,4
1780280513.0029,4
1780280513.0039,4
1780280513.005,4
1780280513.006,4
1780280513.007,4
1780280513.008,4
1780280513.0089,4
1780280513.0099,4
1780280513.0109,4
1780280513.0119,4
1780280513.013,4
1780280513.014,4
1780280513.015,4
1780280513.016,4
1780280513.0169,4
1780280513.0179,4
1780280513.0189,4
1780280513.0199,4
1780280513.021,4
1780280513.022,4
1780280513.023,4
1780280513.024,4
1780280513.025,4
1780280513.0259,4
1780280513.0269,4
1780280513.0279,4
1780280513.0289,4
1780280513.03,4
1780280513.031,4
1780280513.032,4
1780280513.033,4
1780280513.0339,4
1780280513.0349,4
1780280513.0359,4
1780280513.0369,4
1780280513.038,4
1780280513.039,4
1780280513.04,4
1780280513.041,4
1780280513.0419,4
1780280513.0429,4
1780280513.0439,4
1780280513.0449,4
1780280513.046,4
1780280513.047,4
1780280513.048,4
1780280513.049,4
1780280513.05,4
1780280513.0509,4
1780280513.0519,4
1780280513.0529,4
1780280513.0539,4
1780280513.055,4
1780280513.056,4
1780280513.057,4
1780280513.058,4
1780280513.0589,4
1780280513.0599,4
1780280513.0609,4
1780280513.0619,4
1780280513.063,4
1780280513.064,4
1780280513.065,4
1780280513.066,4
1780280513.0669,4
1780280513.0679,4
1780280513.0689,4
1780280513.0699,4
1780280513.071,4
1780280513.072,4
1780280513.073,4
1780280513.074,4
1780280513.075,4
1780280513.0759,4
1780280513.0769,4
1780280513.0779,4
1780280513.0789,4
1780280513.08,4
1780280513.081,4
1780280513.082,4
1780280513.083,4
1780280513.0839,4
1780280513.0849,4
1780280513.0859,4
1780280513.0869,4
1780280513.088,4
1780280513.089,4
1780280513.09,4
1780280513.091,4
1780280513.0919,4
1780280513.0929,4
1780280513.0939,4
1780280513.0949,4
1780280513.096,4
1780280513.097,4
1780280513.098,4
1780280513.099,4
1780280514.0,4
1780280514.0009,4
1780280514.0019,4
1780280514.0029,4
1780280514.0039,4
1780280514.005,4
1780280514.006,4
1780280514.007,4
1780280514.008,4
1780280514.0089,4
1780280514.0099,4
1780280514.0109,4
1780280514.0119,4
1780280514.013,4
1780280514.014,4
1780280514.015,4
1780280514.016,4
1780280514.0169,4
1780280514.0179,4
1780280514.0189,4
1780280514.0199,4
1780280514.021,4
1780280514.022,4
1780280514.023,4
1780280514.024,4
1780280514.025,4
1780280514.0259,4
1780280514.0269,4
1780280514.0279,4
1780280514.0289,4
1780280514.03,4
1780280514.031,4
1780280514.032,4
1780280514.033,4
1780280514.0339,4
1780280514.0349,4
1780280514.0359,4
1780280514.0369,4
1780280514.038,4
1780280514.039,4
1780280514.04,4
1780280514.041,4
1780280514.0419,4
1780280514.0429,4
1780280514.0439,4
1780280514.0449,4
1780280514.046,4
1780280514.047,4
1780280514.048,4
1780280514.049,4
1780280514.05,4
1780280514.0509,4
1780280514.0519,4
1780280514.0529,4
1780280514.0539,4
1780280514.055,4
1780280514.056,4
1780280514.057,4
1780280514.058,4
1780280514.0589,4
1780280514.0599,4
1780280514.0609,4
1780280514.0619,4
1780280514.063,4
1780280514.064,4
1780280514.065,4
1780280514.066,4
1780280514.0669,4
1780280514.0679,4
1780280514.0689,4
1780280514.0699,4
1780280514.071,4
1780280514.072,4
1780280514.073,4
1780280514.074,4
1780280514.075,4
1780280514.0759,4
1780280514.0769,4
1780280514.0779,4
1780280514.0789,4
1780280514.08,4
1780280514.081,4
1780280514.082,4
1780280514.083,4
1780280514.0839,4
1780280514.0849,4
1780280514.0859,4
1780280514.0869,4
1780280514.088,4
1780280514.089,4
1780280514.09,4
1780280514.091,4
1780280514.0919,4
1780280514.0929,4
1780280514.0939,4
1780280514.0949,4
1780280514.096,4
1780280514.097,4
1780280514.098,4
1780280514.099,4
1780280515.0,4
1780280515.0009,4
1780280515.0019,4
1780280515.0029,4
1780280515.0039,4
1780280515.005,4
1780280515.006,4
1780280515.007,4
1780280515.008,4
1780280515.0089,4
1780280515.0099,4
1780280515.0109,4
1780280515.0119,4
1780280515.013,4
1780280515.014,4
1780280515.015,4
1780280515.016,4
1780280515.0169,4
1780280515.0179,4
1780280515.0189,4
1780280515.0199,4
1780280515.021,4
1780280515.022,4
1780280515.023,4
1780280515.024,4
1780280515.025,4
1780280515.0259,4
1780280515.0269,4
1780280515.0279,4
1780280515.0289,4
1780280515.03,4
1780280515.031,4
1780280515.032,4
1780280515.033,4
1780280515.0339,4
1780280515.0349,4
1780280515.0359,4
1780280515.0369,4
1780280515.038,4
1780280515.039,4
1780280515.04,4
1780280515.041,4
1780280515.0419,4
1780280515.0429,4
1780280515.0439,4
1780280515.0449,4
1780280515.046,4
1780280515.047,4
1780280515.048,4
1780280515.049,4
1780280515.05,4
1780280515.0509,4
1780280515.0519,4
1780280515.0529,4
1780280515.0539,4
1780280515.055,4
1780280515.056,4
1780280515.057,4
1780280515.058,4
1780280515.0589,4
1780280515.0599,4
1780280515.0609,4
1780280515.0619,4
1780280515.063,4
1780280515.064,4
1780280515.065,4
1780280515.066,4
1780280515.0669,4
1780280515.0679,4
1780280515.0689,4
1780280515.0699,4
1780280515.071,4
1780280515.072,4
1780280515.073,4
1780280515.074,4
1780280515.075,4
1780280515.0759,4
1780280515.0769,4
1780280515.0779,4
1780280515.0789,4
1780280515.08,4
1780280515.081,4
1780280515.082,4
1780280515.083,4
1780280515.0839,4
1780280515.0849,4
1780280515.0859,4
1780280515.0869,4
1780280515.088,4
1780280515.089,4
1780280515.09,4
1780280515.091,4
1780280515.0919,4
1780280515.0929,4
1780280515.0939,4
1780280515.0949,4
1780280515.096,4
1780280515.097,4
1780280515.098,4
1780280515.099,4
1780280516.0,4
1780280516.0009,4
1780280516.0019,4
1780280516.0029,4
1780280516.0039,4
1780280516.005,4
1780280516.006,4
1780280516.007,4
1780280516.008,4
1780280516.0089,4
1780280516.0099,4
1780280516.0109,4
1780280516.0119,4
1780280516.013,4
1780280516.014,4
1780280516.015,4
1780280516.016,4
1780280516.0169,4
1780280516.0179,4
1780280516.0189,4
1780280516.0199,4
1780280516.021,4
1780280516.022,4
1780280516.023,4
1780280516.024,4
1780280516.025,4
1780280516.0259,4
1780280516.0269,4
1780280516.0279,4
1780280516.0289,4
1780280516.03,4
1780280516.031,4
1780280516.032,4
1780280516.033,4
1780280516.0339,4
1780280516.0349,4
1780280516.0359,4
1780280516.0369,4
1780280516.038,4
1780280516.039,4
1780280516.04,4
1780280516.041,4
1780280516.0419,4
1780280516.0429,4
1780280516.0439,4
1780280516.0449,4
1780280516.046,4
1780280516.047,4
1780280516.048,4
1780280516.049,4
1780280516.05,4
1780280516.0509,4
1780280516.0519,4
1780280516.0529,4
1780280516.0539,4
1780280516.055,4
1780280516.056,4
1780280516.057,4
1780280516.058,4
1780280516.0589,4
1780280516.0599,4
1780280516.0609,4
1780280516.0619,4
1780280516.063,4
1780280516.064,4
1780280516.065,4
1780280516.066,4
1780280516.0669,4
1780280516.0679,4
1780280516.0689,4
1780280516.0699,4
1780280516.071,4
1780280516.072,4
1780280516.073,4
1780280516.074,4
1780280516.075,4
1780280516.0759,4
1780280516.0769,4
1780280516.0779,4
1780280516.0789,4
1780280516.08,4
1780280516.081,4
1780280516.082,4
1780280516.083,4
1780280516.0839,4
1780280516.0849,4
1780280516.0859,4
1780280516.0869,4
1780280516.088,4
1780280516.089,4
1780280516.09,4
1780280516.091,4
1780280516.0919,4
1780280516.0929,4
1780280516.0939,4
1780280516.0949,4
1780280516.096,4
1780280516.097,4
1780280516.098,4
1780280516.099,4
1780280517.0,4
1780280517.0009,4
1780280517.0019,4
1780280517.0029,4
1780280517.0039,4
1780280517.005,4
1780280517.006,4
1780280517.007,4
1780280517.008,4
1780280517.0089,4
1780280517.0099,4
1780280517.0109,4
1780280517.0119,4
1780280517.013,4
1780280517.014,4
1780280517.015,4
1780280517.016,4
1780280517.0169,4
1780280517.0179,4
1780280517.0189,4
1780280517.0199,4
1780280517.021,4
1780280517.022,4
1780280517.023,4
1780280517.024,4
1780280517.025,4
1780280517.0259,4
1780280517.0269,4
1780280517.0279,4
1780280517.0289,4
1780280517.03,4
1780280517.031,4
1780280517.032,4
1780280517.033,4
1780280517.0339,4
1780280517.0349,4
1780280517.0359,4
1780280517.0369,4
1780280517.038,4
1780280517.039,4
1780280517.04,4
1780280517.041,4
1780280517.0419,4
1780280517.0429,4
1780280517.0439,4
1780280517.0449,4
1780280517.046,4
1780280517.047,4
1780280517.048,4
1780280517.049,4
1780280517.05,4
1780280517.0509,4
1780280517.0519,4
1780280517.0529,4
1780280517.0539,4
1780280517.055,4
1780280517.056,4
1780280517.057,4
1780280517.058,4
1780280517.0589,4
1780280517.0599,4
1780280517.0609,4
1780280517.0619,4
1780280517.063,4
1780280517.064,4
1780280517.065,4
1780280517.066,4
1780280517.0669,4
1780280517.0679,4
1780280517.0689,4
1780280517.0699,4
1780280517.071,4
1780280517.072,4
1780280517.073,4
1780280517.074,4
1780280517.075,4
1780280517.0759,4
1780280517.0769,4
1780280517.0779,4
1780280517.0789,4
1780280517.08,4
1780280517.081,4
1780280517.082,4
1780280517.083,4
1780280517.0839,4
1780280517.0849,4
1780280517.0859,4
1780280517.0869,4
1780280517.088,4
1780280517.089,4
1780280517.09,4
1780280517.091,4
1780280517.0919,4
1780280517.0929,4
1780280517.0939,4
1780280517.0949,4
1780280517.096,4
1780280517.097,4
1780280517.098,4
1780280517.099,4
1780280518.0,4
1780280518.0009,4
1780280518.0019,4
1780280518.0029,4
1780280518.0039,4
1780280518.005,4
1780280518.006,4
1780280518.007,4
1780280518.008,4
1780280518.0089,4
1780280518.0099,4
1780280518.0109,4
1780280518.0119,4
1780280518.013,4
1780280518.014,4
1780280518.015,4
1780280518.016,4
1780280518.0169,4
1780280518.0179,4
1780280518.0189,4
1780280518.0199,4
1780280518.021,4
1780280518.022,4
1780280518.023,4
1780280518.024,4
1780280518.025,4
1780280518.0259,4
1780280518.0269,4
1780280518.0279,4
1780280518.0289,4
1780280518.03,4
1780280518.031,4
1780280518.032,4
1780280518.033,4
1780280518.0339,4
1780280518.0349,4
1780280518.0359,4
1780280518.0369,4
1780280518.038,4
1780280518.039,4
1780280518.04,4
1780280518.041,4
1780280518.0419,4
1780280518.0429,4
1780280518.0439,4
1780280518.0449,4
1780280518.046,4
1780280518.047,4
1780280518.048,4
1780280518.049,4
1780280518.05,4
1780280518.0509,4
1780280518.0519,4
1780280518.0529,4
1780280518.0539,4
1780280518.055,4
1780280518.056,4
1780280518.057,4
1780280518.058,4
1780280518.0589,4
1780280518.0599,4
1780280518.0609,4
1780280518.0619,4
1780280518.063,4
1780280518.064,4
1780280518.065,4
1780280518.066,4
1780280518.0669,4
1780280518.0679,4
1780280518.0689,4
1780280518.0699,4
1780280518.071,4
1780280518.072,4
1780280518.073,4
1780280518.074,4
1780280518.075,4
1780280518.0759,4
1780280518.0769,4
1780280518.0779,4
1780280518.0789,4
1780280518.08,4
1780280518.081,4
1780280518.082,4
1780280518.083,4
1780280518.0839,4
1780280518.0849,4
1780280518.0859,4
1780280518.0869,4
1780280518.088,4
1780280518.089,4
1780280518.09,4
1780280518.091,4
1780280518.0919,4
1780280518.0929,4
1780280518.0939,4
1780280518.0949,4
1780280518.096,4
1780280518.097,4
1780280518.098,4
1780280518.099,4
1780280519.0,4
1780280519.0009,4
1780280519.0019,4
1780280519.0029,4
1780280519.0039,4
1780280519.005,4
1780280519.006,4
1780280519.007,4
1780280519.008,4
1780280519.0089,4
1780280519.0099,4
1780280519.0109,4
1780280519.0119,4
1780280519.013,4
1780280519.014,4
1780280519.015,4
1780280519.016,4
1780280519.0169,4
1780280519.0179,4
1780280519.0189,4
1780280519.0199,4
1780280519.021,4
1780280519.022,4
1780280519.023,4
1780280519.024,4
1780280519.025,4
1780280519.0259,4
1780280519.0269,4
1780280519.0279,4
1780280519.0289,4
1780280519.03,4
1780280519.031,4
1780280519.032,4
1780280519.033,4
1780280519.0339,4
1780280519.0349,4
1780280519.0359,4
1780280519.0369,4
1780280519.038,4
1780280519.039,4
1780280519.04,4
1780280519.041,4
1780280519.0419,4
1780280519.0429,4
1780280519.0439,4
1780280519.0449,4
1780280519.046,4
1780280519.047,4
1780280519.048,4
1780280519.049,4
1780280519.05,4
1780280519.0509,4
1780280519.0519,4
1780280519.0529,4
1780280519.0539,4
1780280519.055,4
1780280519.056,4
1780280519.057,4
1780280519.058,4
1780280519.0589,4
1780280519.0599,4
1780280519.0609,4
1780280519.0619,4
1780280519.063,4
1780280519.064,4
1780280519.065,4
1780280519.066,4
1780280519.0669,4
1780280519.0679,4
1780280519.0689,4
1780280519.0699,4
1780280519.071,4
1780280519.072,4
1780280519.073,4
1780280519.074,4
1780280519.075,4
1780280519.0759,4
1780280519.0769,4
1780280519.0779,4
1780280519.0789,4
1780280519.08,4
1780280519.081,4
1780280519.082,4
1780280519.083,4
1780280519.0839,4
1780280519.0849,4
1780280519.0859,4
1780280519.0869,4
1780280519.088,4
1780280519.089,4
1780280519.09,4
1780280519.091,4
1780280519.0919,4
1780280519.0929,4
1780280519.0939,4
1780280519.0949,4
1780280519.096,4
1780280519.097,4
1780280519.098,4
1780280519.099,4
1780280520.0,4
1780280520.0009,4
1780280520.0019,4
1780280520.0029,4
1780280520.0039,4
1780280520.005,4
1780280520.006,4
1780280520.007,4
1780280520.008,4
1780280520.0089,4
1780280520.0099,4
1780280520.0109,4
1780280520.0119,4
1780280520.013,4
1780280520.014,4
1780280520.015,4
1780280520.016,4
1780280520.0169,4
1780280520.0179,4
1780280520.0189,4
1780280520.0199,4
1780280520.021,4
1780280520.022,4
1780280520.023,4
1780280520.024,4
1780280520.025,4
1780280520.0259,4
1780280520.0269,4
1780280520.0279,4
1780280520.0289,4
1780280520.03,4
1780280520.031,4
1780280520.032,4
1780280520.033,4
1780280520.0339,4
1780280520.0349,4
1780280520.0359,4
1780280520.0369,4
1780280520.038,4
1780280520.039,4
1780280520.04,4
1780280520.041,4
1780280520.0419,4
1780280520.0429,4
1780280520.0439,4
1780280520.0449,4
1780280520.046,4
1780280520.047,4
1780280520.048,4
1780280520.049,4
1780280520.05,4
1780280520.0509,4
1780280520.0519,4
1780280520.0529,4
1780280520.0539,4
1780280520.055,4
1780280520.056,4
1780280520.057,4
1780280520.058,4
1780280520.0589,4
1780280520.0599,4
1780280520.0609,4
1780280520.0619,4
1780280520.063,4
1780280520.064,4
1780280520.065,4
1780280520.066,4
1780280520.0669,4
1780280520.0679,4
1780280520.0689,4
1780280520.0699,4
1780280520.071,4
1780280520.072,4
1780280520.073,4
1780280520.074,4
1780280520.075,4
1780280520.0759,4
1780280520.0769,4
1780280520.0779,4
1780280520.0789,4
1780280520.08,4
1780280520.081,4
1780280520.082,4
1780280520.083,4
1780280520.0839,4
1780280520.0849,4
1780280520.0859,4
1780280520.0869,4
1780280520.088,4
1780280520.089,4
1780280520.09,4
1780280520.091,4
1780280520.0919,4
1780280520.0929,4
1780280520.0939,4
1780280520.0949,4
1780280520.096,4
1780280520.097,4
1780280520.098,4
1780280520.099,4
1780280521.0,4
1780280521.0009,4
1780280521.0019,4
1780280521.0029,4
1780280521.0039,4
1780280521.005,4
1780280521.006,4
1780280521.007,4
1780280521.008,4
1780280521.0089,4
1780280521.0099,4
1780280521.0109,4
1780280521.0119,4
1780280521.013,4
1780280521.014,4
1780280521.015,4
1780280521.016,4
1780280521.0169,4
1780280521.0179,4
1780280521.0189,4
1780280521.0199,4
1780280521.021,4
1780280521.022,4
1780280521.023,4
1780280521.024,4
1780280521.025,4
1780280521.0259,4
1780280521.0269,4
1780280521.0279,4
1780280521.0289,4
1780280521.03,4
1780280521.031,4
1780280521.032,4
1780280521.033,4
1780280521.0339,4
1780280521.0349,4
1780280521.0359,4
1780280521.0369,4
1780280521.038,4
1780280521.039,4
1780280521.04,4
1780280521.041,4
1780280521.0419,4
1780280521.0429,4
1780280521.0439,4
1780280521.0449,4
1780280521.046,4
1780280521.047,4
1780280521.048,4
1780280521.049,4
1780280521.05,4
1780280521.0509,4
1780280521.0519,4
1780280521.0529,4
1780280521.0539,4
1780280521.055,4
1780280521.056,4
1780280521.057,4
1780280521.058,4
1780280521.0589,4
1780280521.0599,4
1780280521.0609,4
1780280521.0619,4
1780280521.063,4
1780280521.064,4
1780280521.065,4
1780280521.066,4
1780280521.0669,4
1780280521.0679,4
1780280521.0689,4
1780280521.0699,4
1780280521.071,4
1780280521.072,4
1780280521.073,4
1780280521.074,4
1780280521.075,4
1780280521.0759,4
1780280521.0769,4
1780280521.0779,4
1780280521.0789,4
1780280521.08,4
1780280521.081,4
1780280521.082,4
1780280521.083,4
1780280521.0839,4
1780280521.0849,4
1780280521.0859,4
1780280521.0869,4
1780280521.088,4
1780280521.089,4
1780280521.09,4
1780280521.091,4
1780280521.0919,4
1780280521.0929,4
1780280521.0939,4
1780280521.0949,4
1780280521.096,4
1780280521.097,4
1780280521.098,4
1780280521.099,4
1780280522.0,4
1780280522.0009,4
1780280522.0019,4
1780280522.0029,4
1780280522.0039,4
1780280522.005,4
1780280522.006,4
1780280522.007,4
1780280522.008,4
1780280522.0089,4
1780280522.0099,4
1780280522.0109,4
1780280522.0119,4
1780280522.013,4
1780280522.014,4
1780280522.015,4
1780280522.016,4
1780280522.0169,4
1780280522.0179,4
1780280522.0189,4
1780280522.0199,4
1780280522.021,4
1780280522.022,4
1780280522.023,4
1780280522.024,4
1780280522.025,4
1780280522.0259,4
1780280522.0269,4
1780280522.0279,4
1780280522.0289,4
1780280522.03,4
1780280522.031,4
1780280522.032,4
1780280522.033,4
1780280522.0339,4
1780280522.0349,4
1780280522.0359,4
1780280522.0369,4
1780280522.038,4
1780280522.039,4
1780280522.04,4
1780280522.041,4
1780280522.0419,4
1780280522.0429,4
1780280522.0439,4
1780280522.0449,4
1780280522.046,4
1780280522.047,4
1780280522.048,4
1780280522.049,4
1780280522.05,4
1780280522.0509,4
1780280522.0519,4
1780280522.0529,4
1780280522.0539,4
1780280522.055,4
1780280522.056,4
1780280522.057,4
1780280522.058,4
1780280522.0589,4
1780280522.0599,4
1780280522.0609,4
1780280522.0619,4
1780280522.063,4
1780280522.064,4
1780280522.065,4
1780280522.066,4
1780280522.0669,4
1780280522.0679,4
1780280522.0689,4
1780280522.0699,4
1780280522.071,4
1780280522.072,4
1780280522.073,4
1780280522.074,4
1780280522.075,4
1780280522.0759,4
1780280522.0769,4
1780280522.0779,4
1780280522.0789,4
1780280522.08,4
1780280522.081,4
1780280522.082,4
1780280522.083,4
1780280522.0839,4
1780280522.0849,4
1780280522.0859,4
1780280522.0869,4
1780280522.088,4
1780280522.089,4
1780280522.09,4
1780280522.091,4
1780280522.0919,4
1780280522.0929,4
1780280522.0939,4
1780280522.0949,4
1780280522.096,4
1780280522.097,4
1780280522.098,4
1780280522.099,4
1780280523.0,4
1780280523.0009,4
1780280523.0019,4
1780280523.0029,4
1780280523.0039,4
1780280523.005,4
1780280523.006,4
1780280523.007,4
1780280523.008,4
1780280523.0089,4
1780280523.0099,4
1780280523.0109,4
1780280523.0119,4
1780280523.013,4
1780280523.014,4
1780280523.015,4
1780280523.016,4
1780280523.0169,4
1780280523.0179,4
1780280523.0189,4
1780280523.0199,4
1780280523.021,4
1780280523.022,4
1780280523.023,4
1780280523.024,4
1780280523.025,4
1780280523.0259,4
1780280523.0269,4
1780280523.0279,4
1780280523.0289,4
1780280523.03,4
1780280523.031,4
1780280523.032,4
1780280523.033,4
1780280523.0339,4
1780280523.0349,4
1780280523.0359,4
1780280523.0369,4
1780280523.038,4
1780280523.039,4
1780280523.04,4
1780280523.041,4
1780280523.0419,4
1780280523.0429,4
1780280523.0439,4
1780280523.0449,4
1780280523.046,4
1780280523.047,4
1780280523.048,4
1780280523.049,4
1780280523.05,4
1780280523.0509,4
1780280523.0519,4
1780280523.0529,4
1780280523.0539,4
1780280523.055,4
1780280523.056,4
1780280523.057,4
1780280523.058,4
1780280523.0589,4
1780280523.0599,4
1780280523.0609,4
1780280523.0619,4
1780280523.063,4
1780280523.064,4
1780280523.065,4
1780280523.066,4
1780280523.0669,4
1780280523.0679,4
1780280523.0689,4
1780280523.0699,4
1780280523.071,4
1780280523.072,4
1780280523.073,4
1780280523.074,4
1780280523.075,4
1780280523.0759,4
1780280523.0769,4
1780280523.0779,4
1780280523.0789,4
1780280523.08,4
1780280523.081,4
1780280523.082,4
1780280523.083,4
1780280523.0839,4
1780280523.0849,4
1780280523.0859,4
1780280523.0869,4
1780280523.088,4
1780280523.089,4
1780280523.09,4
1780280523.091,4
1780280523.0919,4
1780280523.0929,4
1780280523.0939,4
1780280523.0949,4
1780280523.096,4
1780280523.097,4
1780280523.098,4
1780280523.099,4
1780280524.0,4
1780280524.0009,4
1780280524.0019,4
1780280524.0029,4
1780280524.0039,4
1780280524.005,4
1780280524.006,4
1780280524.007,4
1780280524.008,4
1780280524.0089,4
1780280524.0099,4
1780280524.0109,4
1780280524.0119,4
1780280524.013,4
1780280524.014,4
1780280524.015,4
1780280524.016,4
1780280524.0169,4
1780280524.0179,4
1780280524.0189,4
1780280524.0199,4
1780280524.021,4
1780280524.022,4
1780280524.023,4
1780280524.024,4
1780280524.025,4
1780280524.0259,4
1780280524.0269,4
1780280524.0279,4
1780280524.0289,4
1780280524.03,4
1780280524.031,4
1780280524.032,4
1780280524.033,4
1780280524.0339,4
1780280524.0349,4
1780280524.0359,4
1780280524.0369,4
1780280524.038,4
1780280524.039,4
1780280524.04,4
1780280524.041,4
1780280524.0419,4
1780280524.0429,4
1780280524.0439,4
1780280524.0449,4
1780280524.046,4
1780280524.047,4
1780280524.048,4
1780280524.049,4
1780280524.05,4
1780280524.0509,4
1780280524.0519,4
1780280524.0529,4
1780280524.0539,4
1780280524.055,4
1780280524.056,4
1780280524.057,4
1780280524.058,4
1780280524.0589,4
1780280524.0599,4
1780280524.0609,4
1780280524.0619,4
1780280524.063,4
1780280524.064,4
1780280524.065,4
1780280524.066,4
1780280524.0669,4
1780280524.0679,4
1780280524.0689,4
1780280524.0699,4
1780280524.071,4
1780280524.072,4
1780280524.073,4
1780280524.074,4
1780280524.075,4
1780280524.0759,4
1780280524.0769,4
1780280524.0779,4
1780280524.0789,4
1780280524.08,4
1780280524.081,4
1780280524.082,4
1780280524.083,4
1780280524.0839,4
1780280524.0849,4
1780280524.0859,4
1780280524.0869,4
1780280524.088,4
1780280524.089,4
1780280524.09,4
1780280524.091,4
1780280524.0919,4
1780280524.0929,4
1780280524.0939,4
1780280524.0949,4
1780280524.096,4
1780280524.097,4
1780280524.098,4
1780280524.099,4
1780280525.0,4
1780280525.0009,4
1780280525.0019,4
1780280525.0029,4
1780280525.0039,4
1780280525.005,4
1780280525.006,4
1780280525.007,4
1780280525.008,4
1780280525.0089,4
1780280525.0099,4
1780280525.0109,4
1780280525.0119,4
1780280525.013,4
1780280525.014,4
1780280525.015,4
1780280525.016,4
1780280525.0169,4
1780280525.0179,4
1780280525.0189,4
1780280525.0199,4
1780280525.021,4
1780280525.022,4
1780280525.023,4
1780280525.024,4
1780280525.025,4
1780280525.0259,4
1780280525.0269,4
1780280525.0279,4
1780280525.0289,4
1780280525.03,4
1780280525.031,4
1780280525.032,4
1780280525.033,4
1780280525.0339,4
1780280525.0349,4
1780280525.0359,4
1780280525.0369,4
1780280525.038,4
1780280525.039,4
1780280525.04,4
1780280525.041,4
1780280525.0419,4
1780280525.0429,4
1780280525.0439,4
1780280525.0449,4
1780280525.046,4
1780280525.047,4
1780280525.048,4
1780280525.049,4
1780280525.05,4
1780280525.0509,4
1780280525.0519,4
1780280525.0529,4
1780280525.0539,4
1780280525.055,4
1780280525.056,4
1780280525.057,4
1780280525.058,4
1780280525.0589,4
1780280525.0599,4
1780280525.0609,4
1780280525.0619,4
1780280525.063,4
1780280525.064,4
1780280525.065,4
1780280525.066,4
1780280525.0669,4
1780280525.0679,4
1780280525.0689,4
1780280525.0699,4
1780280525.071,4
1780280525.072,4
1780280525.073,4
1780280525.074,4
1780280525.075,4
1780280525.0759,4
1780280525.0769,4
1780280525.0779,4
1780280525.0789,4
1780280525.08,4
1780280525.081,4
1780280525.082,4
1780280525.083,4
1780280525.0839,4
1780280525.0849,4
1780280525.0859,4
1780280525.0869,4
1780280525.088,4
1780280525.089,4
1780280525.09,4
1780280525.091,4
1780280525.0919,4
1780280525.0929,4
1780280525.0939,4
1780280525.0949,4
1780280525.096,4
1780280525.097,4
1780280525.098,4
1780280525.099,4
1780280526.0,4
1780280526.0009,4
1780280526.0019,4
1780280526.0029,4
1780280526.0039,4
1780280526.005,4
1780280526.006,4
1780280526.007,4
1780280526.008,4
1780280526.0089,4
1780280526.0099,4
1780280526.0109,4
1780280526.0119,4
1780280526.013,4
1780280526.014,4
1780280526.015,4
1780280526.016,4
1780280526.0169,4
1780280526.0179,4
1780280526.0189,4
1780280526.0199,4
1780280526.021,4
1780280526.022,4
1780280526.023,4
1780280526.024,4
1780280526.025,4
1780280526.0259,4
1780280526.0269,4
1780280526.0279,4
1780280526.0289,4
1780280526.03,4
1780280526.031,4
1780280526.032,4
1780280526.033,4
1780280526.0339,4
1780280526.0349,4
1780280526.0359,4
1780280526.0369,4
1780280526.038,4
1780280526.039,4
1780280526.04,4
1780280526.041,4
1780280526.0419,4
1780280526.0429,4
1780280526.0439,4
1780280526.0449,4
1780280526.046,4
1780280526.047,4
1780280526.048,4
1780280526.049,4
1780280526.05,4
1780280526.0509,4
1780280526.0519,4
1780280526.0529,4
1780280526.0539,4
1780280526.055,4
1780280526.056,4
1780280526.057,4
1780280526.058,4
1780280526.0589,4
1780280526.0599,4
1780280526.0609,4
1780280526.0619,4
1780280526.063,4
1780280526.064,4
1780280526.065,4
1780280526.066,4
1780280526.0669,4
1780280526.0679,4
1780280526.0689,4
1780280526.0699,4
1780280526.071,4
1780280526.072,4
1780280526.073,4
1780280526.074,4
1780280526.075,4
1780280526.0759,4
1780280526.0769,4
1780280526.0779,4
1780280526.0789,4
1780280526.08,4
1780280526.081,4
1780280526.082,4
1780280526.083,4
1780280526.0839,4
1780280526.0849,4
1780280526.0859,4
1780280526.0869,4
1780280526.088,4
1780280526.089,4
1780280526.09,4
1780280526.091,4
1780280526.0919,4
1780280526.0929,4
1780280526.0939,4
1780280526.0949,4
1780280526.096,4
1780280526.097,4
1780280526.098,4
1780280526.099,4
1780280527.0,4
1780280527.0009,4
1780280527.0019,4
1780280527.0029,4
1780280527.0039,4
1780280527.005,4
1780280527.006,4
1780280527.007,4
1780280527.008,4
1780280527.0089,4
1780280527.0099,4
1780280527.0109,4
1780280527.0119,4
1780280527.013,4
1780280527.014,4
1780280527.015,4
1780280527.016,4
1780280527.0169,4
1780280527.0179,4
1780280527.0189,4
1780280527.0199,4
1780280527.021,4
1780280527.022,4
1780280527.023,4
1780280527.024,4
1780280527.025,4
1780280527.0259,4
1780280527.0269,4
1780280527.0279,4
1780280527.0289,4
1780280527.03,4
1780280527.031,4
1780280527.032,4
1780280527.033,4
1780280527.0339,4
1780280527.0349,4
1780280527.0359,4
1780280527.0369,4
1780280527.038,4
1780280527.039,4
1780280527.04,4
1780280527.041,4
1780280527.0419,4
1780280527.0429,4
1780280527.0439,4
1780280527.0449,4
1780280527.046,4
1780280527.047,4
1780280527.048,4
1780280527.049,4
1780280527.05,4
1780280527.0509,4
1780280527.0519,4
1780280527.0529,4
1780280527.0539,4
1780280527.055,4
1780280527.056,4
1780280527.057,4
1780280527.058,4
1780280527.0589,4
1780280527.0599,4
1780280527.0609,4
1780280527.0619,4
1780280527.063,4
1780280527.064,4
1780280527.065,4
1780280527.066,4
1780280527.0669,4
1780280527.0679,4
1780280527.0689,4
1780280527.0699,4
1780280527.071,4
1780280527.072,4
1780280527.073,4
1780280527.074,4
1780280527.075,4
1780280527.0759,4
1780280527.0769,4
1780280527.0779,4
1780280527.0789,4
1780280527.08,4
1780280527.081,4
1780280527.082,4
1780280527.083,4
1780280527.0839,4
1780280527.0849,4
1780280527.0859,4
1780280527.0869,4
1780280527.088,4
1780280527.089,4
1780280527.09,4
1780280527.091,4
1780280527.0919,4
1780280527.0929,4
1780280527.0939,4
1780280527.0949,4
1780280527.096,4
1780280527.097,4
1780280527.098,4
1780280527.099,4
1780280528.0,4
1780280528.0009,4
1780280528.0019,4
1780280528.0029,4
1780280528.0039,4
1780280528.005,4
1780280528.006,4
1780280528.007,4
1780280528.008,4
1780280528.0089,4
1780280528.0099,4
1780280528.0109,4
1780280528.0119,4
1780280528.013,4
1780280528.014,4
1780280528.015,4
1780280528.016,4
1780280528.0169,4
1780280528.0179,4
1780280528.0189,4
1780280528.0199,4
1780280528.021,4
1780280528.022,4
1780280528.023,4
1780280528.024,4
1780280528.025,4
1780280528.0259,4
1780280528.0269,4
1780280528.0279,4
1780280528.0289,4
1780280528.03,4
1780280528.031,4
1780280528.032,4
1780280528.033,4
1780280528.0339,4
1780280528.0349,4
1780280528.0359,4
1780280528.0369,4
1780280528.038,4
1780280528.039,4
1780280528.04,4
1780280528.041,4
1780280528.0419,4
1780280528.0429,4
1780280528.0439,4
1780280528.0449,4
1780280528.046,4
1780280528.047,4
1780280528.048,4
1780280528.049,4
1780280528.05,4
1780280528.0509,4
1780280528.0519,4
1780280528.0529,4
1780280528.0539,4
1780280528.055,4
1780280528.056,4
1780280528.057,4
1780280528.058,4
1780280528.0589,4
1780280528.0599,4
1780280528.0609,4
1780280528.0619,4
1780280528.063,4
1780280528.064,4
1780280528.065,4
1780280528.066,4
1780280528.0669,4
1780280528.0679,4
1780280528.0689,4
1780280528.0699,4
1780280528.071,4
1780280528.072,4
1780280528.073,4
1780280528.074,4
1780280528.075,4
1780280528.0759,4
1780280528.0769,4
1780280528.0779,4
1780280528.0789,4
1780280528.08,4
1780280528.081,4
1780280528.082,4
1780280528.083,4
1780280528.0839,4
1780280528.0849,4
1780280528.0859,4
1780280528.0869,4
1780280528.088,4
1780280528.089,4
1780280528.09,4
1780280528.091,4
1780280528.0919,4
1780280528.0929,4
1780280528.0939,4
1780280528.0949,4
1780280528.096,4
1780280528.097,4
1780280528.098,4
1780280528.099,4
1780280529.0,4
1780280529.0009,4
1780280529.0019,4
1780280529.0029,4
1780280529.0039,4
1780280529.005,4
1780280529.006,4
1780280529.007,4
1780280529.008,4
1780280529.0089,4
1780280529.0099,4
1780280529.0109,4
1780280529.0119,4
1780280529.013,4
1780280529.014,4
1780280529.015,4
1780280529.016,4
1780280529.0169,4
1780280529.0179,4
1780280529.0189,4
1780280529.0199,4
1780280529.021,4
1780280529.022,4
1780280529.023,4
1780280529.024,4
1780280529.025,4
1780280529.0259,4
1780280529.0269,4
1780280529.0279,4
1780280529.0289,4
1780280529.03,4
1780280529.031,4
1780280529.032,4
1780280529.033,4
1780280529.0339,4
1780280529.0349,4
1780280529.0359,4
1780280529.0369,4
1780280529.038,4
1780280529.039,4
1780280529.04,4
1780280529.041,4
1780280529.0419,4
1780280529.0429,4
1780280529.0439,4
1780280529.0449,4
1780280529.046,4
1780280529.047,4
1780280529.048,4
1780280529.049,4
1780280529.05,4
1780280529.0509,4
1780280529.0519,4
1780280529.0529,4
1780280529.0539,4
1780280529.055,4
1780280529.056,4
1780280529.057,4
1780280529.058,4
1780280529.0589,4
1780280529.0599,4
1780280529.0609,4
1780280529.0619,4
1780280529.063,4
1780280529.064,4
1780280529.065,4
1780280529.066,4
1780280529.0669,4
1780280529.0679,4
1780280529.0689,4
1780280529.0699,4
1780280529.071,4
1780280529.072,4
1780280529.073,4
1780280529.074,4
1780280529.075,4
1780280529.0759,4
1780280529.0769,4
1780280529.0779,4
1780280529.0789,4
1780280529.08,4
1780280529.081,4
1780280529.082,4
1780280529.083,4
1780280529.0839,4
1780280529.0849,4
1780280529.0859,4
1780280529.0869,4
1780280529.088,4
1780280529.089,4
1780280529.09,4
1780280529.091,4
1780280529.0919,4
1780280529.0929,4
1780280529.0939,4
1780280529.0949,4
1780280529.096,4
1780280529.097,4
1780280529.098,4
1780280529.099,4
1780280530.0,4
1780280530.0009,4
1780280530.0019,4
1780280530.0029,4
1780280530.0039,4
1780280530.005,4
1780280530.006,4
1780280530.007,4
1780280530.008,4
1780280530.0089,4
1780280530.0099,4
1780280530.0109,4
1780280530.0119,4
1780280530.013,4
1780280530.014,4
1780280530.015,4
1780280530.016,4
1780280530.0169,4
1780280530.0179,4
1780280530.0189,4
1780280530.0199,4
1780280530.021,4
1780280530.022,4
1780280530.023,4
1780280530.024,4
1780280530.025,4
1780280530.0259,4
1780280530.0269,4
1780280530.0279,4
1780280530.0289,4
1780280530.03,4
1780280530.031,4
1780280530.032,4
1780280530.033,4
1780280530.0339,4
1780280530.0349,4
1780280530.0359,4
1780280530.0369,4
1780280530.038,4
1780280530.039,4
1780280530.04,4
1780280530.041,4
1780280530.0419,4
1780280530.0429,4
1780280530.0439,4
1780280530.0449,4
1780280530.046,4
1780280530.047,4
1780280530.048,4
1780280530.049,4
1780280530.05,4
1780280530.0509,4
1780280530.0519,4
1780280530.0529,4
1780280530.0539,4
1780280530.055,4
1780280530.056,4
1780280530.057,4
1780280530.058,4
1780280530.0589,4
1780280530.0599,4
1780280530.0609,4
1780280530.0619,4
1780280530.063,4
1780280530.064,4
1780280530.065,4
1780280530.066,4
1780280530.0669,4
1780280530.0679,4
1780280530.0689,4
1780280530.0699,4
1780280530.071,4
1780280530.072,4
1780280530.073,4
1780280530.074,4
1780280530.075,4
1780280530.0759,4
1780280530.0769,4
1780280530.0779,4
1780280530.0789,4
1780280530.08,4
1780280530.081,4
1780280530.082,4
1780280530.083,4
1780280530.0839,4
1780280530.0849,4
1780280530.0859,4
1780280530.0869,4
1780280530.088,4
1780280530.089,4
1780280530.09,4
1780280530.091,4
1780280530.0919,4
1780280530.0929,4
1780280530.0939,4
1780280530.0949,4
1780280530.096,4
1780280530.097,4
1780280530.098,4
1780280530.099,4
1780280531.0,4
1780280531.0009,4
1780280531.0019,4
1780280531.0029,4
1780280531.0039,4
1780280531.005,4
1780280531.006,4
1780280531.007,4
1780280531.008,4
1780280531.0089,4
1780280531.0099,4
1780280531.0109,4
1780280531.0119,4
1780280531.013,4
1780280531.014,4
1780280531.015,4
1780280531.016,4
1780280531.0169,4
1780280531.0179,4
1780280531.0189,4
1780280531.0199,4
1780280531.021,4
1780280531.022,4
1780280531.023,4
1780280531.024,4
1780280531.025,4
1780280531.0259,4
1780280531.0269,4
1780280531.0279,4
1780280531.0289,4
1780280531.03,4
1780280531.031,4
1780280531.032,4
1780280531.033,4
1780280531.0339,4
1780280531.0349,4
1780280531.0359,4
1780280531.0369,4
1780280531.038,4
1780280531.039,4
1780280531.04,4
1780280531.041,4
1780280531.0419,4
1780280531.0429,4
1780280531.0439,4
1780280531.0449,4
1780280531.046,4
1780280531.047,4
1780280531.048,4
1780280531.049,4
1780280531.05,4
1780280531.0509,4
1780280531.0519,4
1780280531.0529,4
1780280531.0539,4
1780280531.055,4
1780280531.056,4
1780280531.057,4
1780280531.058,4
1780280531.0589,4
1780280531.0599,4
1780280531.0609,4
1780280531.0619,4
1780280531.063,4
1780280531.064,4
1780280531.065,4
1780280531.066,4
1780280531.0669,4
1780280531.0679,4
1780280531.0689,4
1780280531.0699,4
1780280531.071,4
1780280531.072,4
1780280531.073,4
1780280531.074,4
1780280531.075,4
1780280531.0759,4
1780280531.0769,4
1780280531.0779,4
1780280531.0789,4
1780280531.08,4
1780280531.081,4
1780280531.082,4
1780280531.083,4
1780280531.0839,4
1780280531.0849,4
1780280531.0859,4
1780280531.0869,4
1780280531.088,4
1780280531.089,4
1780280531.09,4
1780280531.091,4
1780280531.0919,4
1780280531.0929,4
1780280531.0939,4
1780280531.0949,4
1780280531.096,4
1780280531.097,4
1780280531.098,4
1780280531.099,4
1780280532.0,4
1780280532.0009,4
1780280532.0019,4
1780280532.0029,4
1780280532.0039,4
1780280532.005,4
1780280532.006,4
1780280532.007,4
1780280532.008,4
1780280532.0089,4
1780280532.0099,4
1780280532.0109,4
1780280532.0119,4
1780280532.013,4
1780280532.014,4
1780280532.015,4
1780280532.016,4
1780280532.0169,4
1780280532.0179,4
1780280532.0189,4
1780280532.0199,4
1780280532.021,4
1780280532.022,4
1780280532.023,4
1780280532.024,4
1780280532.025,4
1780280532.0259,4
1780280532.0269,4
1780280532.0279,4
1780280532.0289,4
1780280532.03,4
1780280532.031,4
1780280532.032,4
1780280532.033,4
1780280532.0339,4
1780280532.0349,4
1780280532.0359,4
1780280532.0369,4
1780280532.038,4
1780280532.039,4
1780280532.04,4
1780280532.041,4
1780280532.0419,4
1780280532.0429,4
1780280532.0439,4
1780280532.0449,4
1780280532.046,4
1780280532.047,4
1780280532.048,4
1780280532.049,4
1780280532.05,4
1780280532.0509,4
1780280532.0519,4
1780280532.0529,4
1780280532.0539,4
1780280532.055,4
1780280532.056,4
1780280532.057,4
1780280532.058,4
1780280532.0589,4
1780280532.0599,4
1780280532.0609,4
1780280532.0619,4
1780280532.063,4
1780280532.064,4
1780280532.065,4
1780280532.066,4
1780280532.0669,4
1780280532.0679,4
1780280532.0689,4
1780280532.0699,4
1780280532.071,4
1780280532.072,4
1780280532.073,4
1780280532.074,4
1780280532.075,4
1780280532.0759,4
1780280532.0769,4
1780280532.0779,4
1780280532.0789,4
1780280532.08,4
1780280532.081,4
1780280532.082,4
1780280532.083,4
1780280532.0839,4
1780280532.0849,4
1780280532.0859,4
1780280532.0869,4
1780280532.088,4
1780280532.089,4
1780280532.09,4
1780280532.091,4
1780280532.0919,4
1780280532.0929,4
1780280532.0939,4
1780280532.0949,4
1780280532.096,4
1780280532.097,4
1780280532.098,4
1780280532.099,4
1780280533.0,4
1780280533.0009,4
1780280533.0019,4
1780280533.0029,4
1780280533.0039,4
1780280533.005,4
1780280533.006,4
1780280533.007,4
1780280533.008,4
1780280533.0089,4
1780280533.0099,4
1780280533.0109,4
1780280533.0119,4
1780280533.013,4
1780280533.014,4
1780280533.015,4
1780280533.016,4
1780280533.0169,4
1780280533.0179,4
1780280533.0189,4
1780280533.0199,4
1780280533.021,4
1780280533.022,4
1780280533.023,4
1780280533.024,4
1780280533.025,4
1780280533.0259,4
1780280533.0269,4
1780280533.0279,4
1780280533.0289,4
1780280533.03,4
1780280533.031,4
1780280533.032,4
1780280533.033,4
1780280533.0339,4
1780280533.0349,4
1780280533.0359,4
1780280533.0369,4
1780280533.038,4
1780280533.039,4
1780280533.04,4
1780280533.041,4
1780280533.0419,4
1780280533.0429,4
1780280533.0439,4
1780280533.0449,4
1780280533.046,4
1780280533.047,4
1780280533.048,4
1780280533.049,4
1780280533.05,4
1780280533.0509,4
1780280533.0519,4
1780280533.0529,4
1780280533.0539,4
1780280533.055,4
1780280533.056,4
1780280533.057,4
1780280533.058,4
1780280533.0589,4
1780280533.0599,4
1780280533.0609,4
1780280533.0619,4
1780280533.063,4
1780280533.064,4
1780280533.065,4
1780280533.066,4
1780280533.0669,4
1780280533.0679,4
1780280533.0689,4
1780280533.0699,4
1780280533.071,4
1780280533.072,4
1780280533.073,4
1780280533.074,4
1780280533.075,4
1780280533.0759,4
1780280533.0769,4
1780280533.0779,4
1780280533.0789,4
1780280533.08,4
1780280533.081,4
1780280533.082,4
1780280533.083,4
1780280533.0839,4
1780280533.0849,4
1780280533.0859,4
1780280533.0869,4
1780280533.088,4
1780280533.089,4
1780280533.09,4
1780280533.091,4
1780280533.0919,4
1780280533.0929,4
1780280533.0939,4
1780280533.0949,4
1780280533.096,4
1780280533.097,4
1780280533.098,4
1780280533.099,4
1780280534.0,4
1780280534.0009,4
1780280534.0019,4
1780280534.0029,4
1780280534.0039,4
1780280534.005,4
1780280534.006,4
1780280534.007,4
1780280534.008,4
1780280534.0089,4
1780280534.0099,4
1780280534.0109,4
1780280534.0119,4
1780280534.013,4
1780280534.014,4
1780280534.015,4
1780280534.016,4
1780280534.0169,4
1780280534.0179,4
1780280534.0189,4
1780280534.0199,4
1780280534.021,4
1780280534.022,4
1780280534.023,4
1780280534.024,4
1780280534.025,4
1780280534.0259,4
1780280534.0269,4
1780280534.0279,4
1780280534.0289,4
1780280534.03,4
1780280534.031,4
1780280534.032,4
1780280534.033,4
1780280534.0339,4
1780280534.0349,4
1780280534.0359,4
1780280534.0369,4
1780280534.038,4
1780280534.039,4
1780280534.04,4
1780280534.041,4
1780280534.0419,4
1780280534.0429,4
1780280534.0439,4
1780280534.0449,4
1780280534.046,4
1780280534.047,4
1780280534.048,4
1780280534.049,4
1780280534.05,4
1780280534.0509,4
1780280534.0519,4
1780280534.0529,4
1780280534.0539,4
1780280534.055,4
1780280534.056,4
1780280534.057,4
1780280534.058,4
1780280534.0589,4
1780280534.0599,4
1780280534.0609,4
1780280534.0619,4
1780280534.063,4
1780280534.064,4
1780280534.065,4
1780280534.066,4
1780280534.0669,4
1780280534.0679,4
1780280534.0689,4
1780280534.0699,4
1780280534.071,4
1780280534.072,4
1780280534.073,4
1780280534.074,4
1780280534.075,4
1780280534.0759,4
1780280534.0769,4
1780280534.0779,4
1780280534.0789,4
1780280534.08,4
1780280534.081,4
1780280534.082,4
1780280534.083,4
1780280534.0839,4
1780280534.0849,4
1780280534.0859,4
1780280534.0869,4
1780280534.088,4
1780280534.089,4
1780280534.09,4
1780280534.091,4
1780280534.0919,4
1780280534.0929,4
1780280534.0939,4
1780280534.0949,4
1780280534.096,4
1780280534.097,4
1780280534.098,4
1780280534.099,4
1780280535.0,4
1780280535.0009,4
1780280535.0019,4
1780280535.0029,4
1780280535.0039,4
1780280535.005,4
1780280535.006,4
1780280535.007,4
1780280535.008,4
1780280535.0089,4
1780280535.0099,4
1780280535.0109,4
1780280535.0119,4
1780280535.013,4
1780280535.014,4
1780280535.015,4
1780280535.016,4
1780280535.0169,4
1780280535.0179,4
1780280535.0189,4
1780280535.0199,4
1780280535.021,4
1780280535.022,4
1780280535.023,4
1780280535.024,4
1780280535.025,4
1780280535.0259,4
1780280535.0269,4
1780280535.0279,4
1780280535.0289,4
1780280535.03,4
1780280535.031,4
1780280535.032,4
1780280535.033,4
1780280535.0339,4
1780280535.0349,4
1780280535.0359,4
1780280535.0369,4
1780280535.038,4
1780280535.039,4
1780280535.04,4
1780280535.041,4
1780280535.0419,4
1780280535.0429,4
1780280535.0439,4
1780280535.0449,4
1780280535.046,4
1780280535.047,4
1780280535.048,4
1780280535.049,4
1780280535.05,4
1780280535.0509,4
1780280535.0519,4
1780280535.0529,4
1780280535.0539,4
1780280535.055,4
1780280535.056,4
1780280535.057,4
1780280535.058,4
1780280535.0589,4
1780280535.0599,4
1780280535.0609,4
1780280535.0619,4
1780280535.063,4
1780280535.064,4
1780280535.065,4
1780280535.066,4
1780280535.0669,4
1780280535.0679,4
1780280535.0689,4
1780280535.0699,4
1780280535.071,4
1780280535.072,4
1780280535.073,4
1780280535.074,4
1780280535.075,4
1780280535.0759,4
1780280535.0769,4
1780280535.0779,4
1780280535.0789,4
1780280535.08,4
1780280535.081,4
1780280535.082,4
1780280535.083,4
1780280535.0839,4
1780280535.0849,4
1780280535.0859,4
1780280535.0869,4
1780280535.088,4
1780280535.089,4
1780280535.09,4
1780280535.091,4
1780280535.0919,4
1780280535.0929,4
1780280535.0939,4
1780280535.0949,4
1780280535.096,4
1780280535.097,4
1780280535.098,4
1780280535.099,4
1780280536.0,4
1780280536.0009,4
1780280536.0019,4
1780280536.0029,4
1780280536.0039,4
1780280536.005,4
1780280536.006,4
1780280536.007,4
1780280536.008,4
1780280536.0089,4
1780280536.0099,4
1780280536.0109,4
1780280536.0119,4
1780280536.013,4
1780280536.014,4
1780280536.015,4
1780280536.016,4
1780280536.0169,4
1780280536.0179,4
1780280536.0189,4
1780280536.0199,4
1780280536.021,4
1780280536.022,4
1780280536.023,4
1780280536.024,4
1780280536.025,4
1780280536.0259,4
1780280536.0269,4
1780280536.0279,4
1780280536.0289,4
1780280536.03,4
1780280536.031,4
1780280536.032,4
1780280536.033,4
1780280536.0339,4
1780280536.0349,4
1780280536.0359,4
1780280536.0369,4
1780280536.038,4
1780280536.039,4
1780280536.04,4
1780280536.041,4
1780280536.0419,4
1780280536.0429,4
1780280536.0439,4
1780280536.0449,4
1780280536.046,4
1780280536.047,4
1780280536.048,4
1780280536.049,4
1780280536.05,4
1780280536.0509,4
1780280536.0519,4
1780280536.0529,4
1780280536.0539,4
1780280536.055,4
1780280536.056,4
1780280536.057,4
1780280536.058,4
1780280536.0589,4
1780280536.0599,4
1780280536.0609,4
1780280536.0619,4
1780280536.063,4
1780280536.064,4
1780280536.065,4
1780280536.066,4
1780280536.0669,4
1780280536.0679,4
1780280536.0689,4
1780280536.0699,4
1780280536.071,4
1780280536.072,4
1780280536.073,4
1780280536.074,4
1780280536.075,4
1780280536.0759,4
1780280536.0769,4
1780280536.0779,4
1780280536.0789,4
1780280536.08,4
1780280536.081,4
1780280536.082,4
1780280536.083,4
1780280536.0839,4
1780280536.0849,4
1780280536.0859,4
1780280536.0869,4
1780280536.088,4
1780280536.089,4
1780280536.09,4
1780280536.091,4
1780280536.0919,4
1780280536.0929,4
1780280536.0939,4
1780280536.0949,4
1780280536.096,4
1780280536.097,4
1780280536.098,4
1780280536.099,4
1780280537.0,4
1780280537.0009,4
1780280537.0019,4
1780280537.0029,4
1780280537.0039,4
1780280537.005,4
1780280537.006,4
1780280537.007,4
1780280537.008,4
1780280537.0089,4
1780280537.0099,4
1780280537.0109,4
1780280537.0119,4
1780280537.013,4
1780280537.014,4
1780280537.015,4
1780280537.016,4
1780280537.0169,4
1780280537.0179,4
1780280537.0189,4
1780280537.0199,4
1780280537.021,4
1780280537.022,4
1780280537.023,4
1780280537.024,4
1780280537.025,4
1780280537.0259,4
1780280537.0269,4
1780280537.0279,4
1780280537.0289,4
1780280537.03,4
1780280537.031,4
1780280537.032,4
1780280537.033,4
1780280537.0339,4
1780280537.0349,4
1780280537.0359,4
1780280537.0369,4
1780280537.038,4
1780280537.039,4
1780280537.04,4
1780280537.041,4
1780280537.0419,4
1780280537.0429,4
1780280537.0439,4
1780280537.0449,4
1780280537.046,4
1780280537.047,4
1780280537.048,4
1780280537.049,4
1780280537.05,4
1780280537.0509,4
1780280537.0519,4
1780280537.0529,4
1780280537.0539,4
1780280537.055,4
1780280537.056,4
1780280537.057,4
1780280537.058,4
1780280537.0589,4
1780280537.0599,4
1780280537.0609,4
1780280537.0619,4
1780280537.063,4
1780280537.064,4
1780280537.065,4
1780280537.066,4
1780280537.0669,4
1780280537.0679,4
1780280537.0689,4
1780280537.0699,4
1780280537.071,4
1780280537.072,4
1780280537.073,4
1780280537.074,4
1780280537.075,4
1780280537.0759,4
1780280537.0769,4
1780280537.0779,4
1780280537.0789,4
1780280537.08,4
1780280537.081,4
1780280537.082,4
1780280537.083,4
1780280537.0839,4
1780280537.0849,4
1780280537.0859,4
1780280537.0869,4
1780280537.088,4
1780280537.089,4
1780280537.09,4
1780280537.091,4
1780280537.0919,4
1780280537.0929,4
1780280537.0939,4
1780280537.0949,4
1780280537.096,4
1780280537.097,4
1780280537.098,4
1780280537.099,4
1780280538.0,4
1780280538.0009,4
1780280538.0019,4
1780280538.0029,4
1780280538.0039,4
1780280538.005,4
1780280538.006,4
1780280538.007,4
1780280538.008,4
1780280538.0089,4
1780280538.0099,4
1780280538.0109,4
1780280538.0119,4
1780280538.013,4
1780280538.014,4
1780280538.015,4
1780280538.016,4
1780280538.0169,4
1780280538.0179,4
1780280538.0189,4
1780280538.0199,4
1780280538.021,4
1780280538.022,4
1780280538.023,4
1780280538.024,4
1780280538.025,4
1780280538.0259,4
1780280538.0269,4
1780280538.0279,4
1780280538.0289,4
1780280538.03,4
1780280538.031,4
1780280538.032,4
1780280538.033,4
1780280538.0339,4
1780280538.0349,4
1780280538.0359,4
1780280538.0369,4
1780280538.038,4
1780280538.039,4
1780280538.04,4
1780280538.041,4
1780280538.0419,4
1780280538.0429,4
1780280538.0439,4
1780280538.0449,4
1780280538.046,4
1780280538.047,4
1780280538.048,4
1780280538.049,4
1780280538.05,4
1780280538.0509,4
1780280538.0519,4
1780280538.0529,4
1780280538.0539,4
1780280538.055,4
1780280538.056,4
1780280538.057,4
1780280538.058,4
1780280538.0589,4
1780280538.0599,4
1780280538.0609,4
1780280538.0619,4
1780280538.063,4
1780280538.064,4
1780280538.065,4
1780280538.066,4
1780280538.0669,4
1780280538.0679,4
1780280538.0689,4
1780280538.0699,4
1780280538.071,4
1780280538.072,4
1780280538.073,4
1780280538.074,4
1780280538.075,4
1780280538.0759,4
1780280538.0769,4
1780280538.0779,4
1780280538.0789,4
1780280538.08,4
1780280538.081,4
1780280538.082,4
1780280538.083,4
1780280538.0839,4
1780280538.0849,4
1780280538.0859,4
1780280538.0869,4
1780280538.088,4
1780280538.089,4
1780280538.09,4
1780280538.091,4
1780280538.0919,4
1780280538.0929,4
1780280538.0939,4
1780280538.0949,4
1780280538.096,4
1780280538.097,4
1780280538.098,4
1780280538.099,4
1780280539.0,4
1780280539.0009,4
1780280539.0019,4
1780280539.0029,4
1780280539.0039,4
1780280539.005,4
1780280539.006,4
1780280539.007,4
1780280539.008,4
1780280539.0089,4
1780280539.0099,4
1780280539.0109,4
1780280539.0119,4
1780280539.013,4
1780280539.014,4
1780280539.015,4
1780280539.016,4
1780280539.0169,4
1780280539.0179,4
1780280539.0189,4
1780280539.0199,4
1780280539.021,4
1780280539.022,4
1780280539.023,4
1780280539.024,4
1780280539.025,4
1780280539.0259,4
1780280539.0269,4
1780280539.0279,4
1780280539.0289,4
1780280539.03,4
1780280539.031,4
1780280539.032,4
1780280539.033,4
1780280539.0339,4
1780280539.0349,4
1780280539.0359,4
1780280539.0369,4
1780280539.038,4
1780280539.039,4
1780280539.04,4
1780280539.041,4
1780280539.0419,4
1780280539.0429,4
1780280539.0439,4
1780280539.0449,4
1780280539.046,4
1780280539.047,4
1780280539.048,4
1780280539.049,4
1780280539.05,4
1780280539.0509,4
1780280539.0519,4
1780280539.0529,4
1780280539.0539,4
1780280539.055,4
1780280539.056,4
1780280539.057,4
1780280539.058,4
1780280539.0589,4
1780280539.0599,4
1780280539.0609,4
1780280539.0619,4
1780280539.063,4
1780280539.064,4
1780280539.065,4
1780280539.066,4
1780280539.0669,4
1780280539.0679,4
1780280539.0689,4
1780280539.0699,4
1780280539.071,4
1780280539.072,4
1780280539.073,4
1780280539.074,4
1780280539.075,4
1780280539.0759,4
1780280539.0769,4
1780280539.0779,4
1780280539.0789,4
1780280539.08,4
1780280539.081,4
1780280539.082,4
1780280539.083,4
1780280539.0839,4
1780280539.0849,4
1780280539.0859,4
1780280539.0869,4
1780280539.088,4
1780280539.089,4
1780280539.09,4
1780280539.091,4
1780280539.0919,4
1780280539.0929,4
1780280539.0939,4
1780280539.0949,4
1780280539.096,4
1780280539.097,4
1780280539.098,4
1780280539.099,4
1780280540.0,4
1780280540.0009,4
1780280540.0019,4
1780280540.0029,4
1780280540.0039,4
1780280540.005,4
1780280540.006,4
1780280540.007,4
1780280540.008,4
1780280540.0089,4
1780280540.0099,4
1780280540.0109,4
1780280540.0119,4
1780280540.013,4
1780280540.014,4
1780280540.015,4
1780280540.016,4
1780280540.0169,4
1780280540.0179,4
1780280540.0189,4
1780280540.0199,4
1780280540.021,4
1780280540.022,4
1780280540.023,4
1780280540.024,4
1780280540.025,4
1780280540.0259,4
1780280540.0269,4
1780280540.0279,4
1780280540.0289,4
1780280540.03,4
1780280540.031,4
1780280540.032,4
1780280540.033,4
1780280540.0339,4
1780280540.0349,4
1780280540.0359,4
1780280540.0369,4
1780280540.038,4
1780280540.039,4
1780280540.04,4
1780280540.041,4
1780280540.0419,4
1780280540.0429,4
1780280540.0439,4
1780280540.0449,4
1780280540.046,4
1780280540.047,4
1780280540.048,4
1780280540.049,4
1780280540.05,4
1780280540.0509,4
1780280540.0519,4
1780280540.0529,4
1780280540.0539,4
1780280540.055,4
1780280540.056,4
1780280540.057,4
1780280540.058,4
1780280540.0589,4
1780280540.0599,4
1780280540.0609,4
1780280540.0619,4
1780280540.063,4
1780280540.064,4
1780280540.065,4
1780280540.066,4
1780280540.0669,4
1780280540.0679,4
1780280540.0689,4
1780280540.0699,4
1780280540.071,4
1780280540.072,4
1780280540.073,4
1780280540.074,4
1780280540.075,4
1780280540.0759,4
1780280540.0769,4
1780280540.0779,4
1780280540.0789,4
1780280540.08,4
1780280540.081,4
1780280540.082,4
1780280540.083,4
1780280540.0839,4
1780280540.0849,4
1780280540.0859,4
1780280540.0869,4
1780280540.088,4
1780280540.089,4
1780280540.09,4
1780280540.091,4
1780280540.0919,4
1780280540.0929,4
1780280540.0939,4
1780280540.0949,4
1780280540.096,4
1780280540.097,4
1780280540.098,4
1780280540.099,4
1780280541.0,4
1780280541.0009,4
1780280541.0019,4
1780280541.0029,4
1780280541.0039,4
1780280541.005,4
1780280541.006,4
1780280541.007,4
1780280541.008,4
1780280541.0089,4
1780280541.0099,4
1780280541.0109,4
1780280541.0119,4
1780280541.013,4
1780280541.014,4
1780280541.015,4
1780280541.016,4
1780280541.0169,4
1780280541.0179,4
1780280541.0189,4
1780280541.0199,4
1780280541.021,4
1780280541.022,4
1780280541.023,4
1780280541.024,4
1780280541.025,4
1780280541.0259,4
1780280541.0269,4
1780280541.0279,4
1780280541.0289,4
1780280541.03,4
1780280541.031,4
1780280541.032,4
1780280541.033,4
1780280541.0339,4
1780280541.0349,4
1780280541.0359,4
1780280541.0369,4
1780280541.038,4
1780280541.039,4
1780280541.04,4
1780280541.041,4
1780280541.0419,4
1780280541.0429,4
1780280541.0439,4
1780280541.0449,4
1780280541.046,4
1780280541.047,4
1780280541.048,4
1780280541.049,4
1780280541.05,4
1780280541.0509,4
1780280541.0519,4
1780280541.0529,4
1780280541.0539,4
1780280541.055,4
1780280541.056,4
1780280541.057,4
1780280541.058,4
1780280541.0589,4
1780280541.0599,4
1780280541.0609,4
1780280541.0619,4
1780280541.063,4
1780280541.064,4
1780280541.065,4
1780280541.066,4
1780280541.0669,4
1780280541.0679,4
1780280541.0689,4
1780280541.0699,4
1780280541.071,4
1780280541.072,4
1780280541.073,4
1780280541.074,4
1780280541.075,4
1780280541.0759,4
1780280541.0769,4
1780280541.0779,4
1780280541.0789,4
1780280541.08,4
1780280541.081,4
1780280541.082,4
1780280541.083,4
1780280541.0839,4
1780280541.0849,4
1780280541.0859,4
1780280541.0869,4
1780280541.088,4
1780280541.089,4
1780280541.09,4
1780280541.091,4
1780280541.0919,4
1780280541.0929,4
1780280541.0939,4
1780280541.0949,4
1780280541.096,4
1780280541.097,4
1780280541.098,4
1780280541.099,4
1780280542.0,4
1780280542.0009,4
1780280542.0019,4
1780280542.0029,4
1780280542.0039,4
1780280542.005,4
1780280542.006,4
1780280542.007,4
1780280542.008,4
1780280542.0089,4
1780280542.0099,4
1780280542.0109,4
1780280542.0119,4
1780280542.013,4
1780280542.014,4
1780280542.015,4
1780280542.016,4
1780280542.0169,4
1780280542.0179,4
1780280542.0189,4
1780280542.0199,4
1780280542.021,4
1780280542.022,4
1780280542.023,4
1780280542.024,4
1780280542.025,4
1780280542.0259,4
1780280542.0269,4
1780280542.0279,4
1780280542.0289,4
1780280542.03,4
1780280542.031,4
1780280542.032,4
1780280542.033,4
1780280542.0339,4
1780280542.0349,4
1780280542.0359,4
1780280542.0369,4
1780280542.038,4
1780280542.039,4
1780280542.04,4
1780280542.041,4
1780280542.0419,4
1780280542.0429,4
1780280542.0439,4
1780280542.0449,4
1780280542.046,4
1780280542.047,4
1780280542.048,4
1780280542.049,4
1780280542.05,4
1780280542.0509,4
1780280542.0519,4
1780280542.0529,4
1780280542.0539,4
1780280542.055,4
1780280542.056,4
1780280542.057,4
1780280542.058,4
1780280542.0589,4
1780280542.0599,4
1780280542.0609,4
1780280542.0619,4
1780280542.063,4
1780280542.064,4
1780280542.065,4
1780280542.066,4
1780280542.0669,4
1780280542.0679,4
1780280542.0689,4
1780280542.0699,4
1780280542.071,4
1780280542.072,4
1780280542.073,4
1780280542.074,4
1780280542.075,4
1780280542.0759,4
1780280542.0769,4
1780280542.0779,4
1780280542.0789,4
1780280542.08,4
1780280542.081,4
1780280542.082,4
1780280542.083,4
1780280542.0839,4
1780280542.0849,4
1780280542.0859,4
1780280542.0869,4
1780280542.088,4
1780280542.089,4
1780280542.09,4
1780280542.091,4
1780280542.0919,4
1780280542.0929,4
1780280542.0939,4
1780280542.0949,4
1780280542.096,4
1780280542.097,4
1780280542.098,4
1780280542.099,4
1780280543.0,4
1780280543.0009,4
1780280543.0019,4
1780280543.0029,4
1780280543.0039,4
1780280543.005,4
1780280543.006,4
1780280543.007,4
1780280543.008,4
1780280543.0089,4
1780280543.0099,4
1780280543.0109,4
1780280543.0119,4
1780280543.013,4
1780280543.014,4
1780280543.015,4
1780280543.016,4
1780280543.0169,4
1780280543.0179,4
1780280543.0189,4
1780280543.0199,4
1780280543.021,4
1780280543.022,4
1780280543.023,4
1780280543.024,4
1780280543.025,4
1780280543.0259,4
1780280543.0269,4
1780280543.0279,4
1780280543.0289,4
1780280543.03,4
1780280543.031,4
1780280543.032,4
1780280543.033,4
1780280543.0339,4
1780280543.0349,4
1780280543.0359,4
1780280543.0369,4
1780280543.038,4
1780280543.039,4
1780280543.04,4
1780280543.041,4
1780280543.0419,4
1780280543.0429,4
1780280543.0439,4
1780280543.0449,4
1780280543.046,4
1780280543.047,4
1780280543.048,4
1780280543.049,4
1780280543.05,4
1780280543.0509,4
1780280543.0519,4
1780280543.0529,4
1780280543.0539,4
1780280543.055,4
1780280543.056,4
1780280543.057,4
1780280543.058,4
1780280543.0589,4
1780280543.0599,4
1780280543.0609,4
1780280543.0619,4
1780280543.063,4
1780280543.064,4
1780280543.065,4
1780280543.066,4
1780280543.0669,4
1780280543.0679,4
1780280543.0689,4
1780280543.0699,4
1780280543.071,4
1780280543.072,4
1780280543.073,4
1780280543.074,4
1780280543.075,4
1780280543.0759,4
1780280543.0769,4
1780280543.0779,4
1780280543.0789,4
1780280543.08,4
1780280543.081,4
1780280543.082,4
1780280543.083,4
1780280543.0839,4
1780280543.0849,4
1780280543.0859,4
1780280543.0869,4
1780280543.088,4
1780280543.089,4
1780280543.09,4
1780280543.091,4
1780280543.0919,4
1780280543.0929,4
1780280543.0939,4
1780280543.0949,4
1780280543.096,4
1780280543.097,4
1780280543.098,4
1780280543.099,4
1780280544.0,4
1780280544.0009,4
1780280544.0019,4
1780280544.0029,4
1780280544.0039,4
1780280544.005,4
1780280544.006,4
1780280544.007,4
1780280544.008,4
1780280544.0089,4
1780280544.0099,4
1780280544.0109,4
1780280544.0119,4
1780280544.013,4
1780280544.014,4
1780280544.015,4
1780280544.016,4
1780280544.0169,4
1780280544.0179,4
1780280544.0189,4
1780280544.0199,4
1780280544.021,4
1780280544.022,4
1780280544.023,4
1780280544.024,4
1780280544.025,4
1780280544.0259,4
1780280544.0269,4
1780280544.0279,4
1780280544.0289,4
1780280544.03,4
1780280544.031,4
1780280544.032,4
1780280544.033,4
1780280544.0339,4
1780280544.0349,4
1780280544.0359,4
1780280544.0369,4
1780280544.038,4
1780280544.039,4
1780280544.04,4
1780280544.041,4
1780280544.0419,4
1780280544.0429,4
1780280544.0439,4
1780280544.0449,4
1780280544.046,4
1780280544.047,4
1780280544.048,4
1780280544.049,4
1780280544.05,4
1780280544.0509,4
1780280544.0519,4
1780280544.0529,4
1780280544.0539,4
1780280544.055,4
1780280544.056,4
1780280544.057,4
1780280544.058,4
1780280544.0589,4
1780280544.0599,4
1780280544.0609,4
1780280544.0619,4
1780280544.063,4
1780280544.064,4
1780280544.065,4
1780280544.066,4
1780280544.0669,4
1780280544.0679,4
1780280544.0689,4
1780280544.0699,4
1780280544.071,4
1780280544.072,4
1780280544.073,4
1780280544.074,4
1780280544.075,4
1780280544.0759,4
1780280544.0769,4
1780280544.0779,4
1780280544.0789,4
1780280544.08,4
1780280544.081,4
1780280544.082,4
1780280544.083,4
1780280544.0839,4
1780280544.0849,4
1780280544.0859,4
1780280544.0869,4
1780280544.088,4
1780280544.089,4
1780280544.09,4
1780280544.091,4
1780280544.0919,4
1780280544.0929,4
1780280544.0939,4
1780280544.0949,4
1780280544.096,4
1780280544.097,4
1780280544.098,4
1780280544.099,4
1780280545.0,4
1780280545.0009,4
1780280545.0019,4
1780280545.0029,4
1780280545.0039,4
1780280545.005,4
1780280545.006,4
1780280545.007,4
1780280545.008,4
1780280545.0089,4
1780280545.0099,4
1780280545.0109,4
1780280545.0119,4
1780280545.013,4
1780280545.014,4
1780280545.015,4
1780280545.016,4
1780280545.0169,4
1780280545.0179,4
1780280545.0189,4
1780280545.0199,4
1780280545.021,4
1780280545.022,4
1780280545.023,4
1780280545.024,4
1780280545.025,4
1780280545.0259,4
1780280545.0269,4
1780280545.0279,4
1780280545.0289,4
1780280545.03,4
1780280545.031,4
1780280545.032,4
1780280545.033,4
1780280545.0339,4
1780280545.0349,4
1780280545.0359,4
1780280545.0369,4
1780280545.038,4
1780280545.039,4
1780280545.04,4
1780280545.041,4
1780280545.0419,4
1780280545.0429,4
1780280545.0439,4
1780280545.0449,4
1780280545.046,4
1780280545.047,4
1780280545.048,4
1780280545.049,4
1780280545.05,4
1780280545.0509,4
1780280545.0519,4
1780280545.0529,4
1780280545.0539,4
1780280545.055,4
1780280545.056,4
1780280545.057,4
1780280545.058,4
1780280545.0589,4
1780280545.0599,4
1780280545.0609,4
1780280545.0619,4
1780280545.063,4
1780280545.064,4
1780280545.065,4
1780280545.066,4
1780280545.0669,4
1780280545.0679,4
1780280545.0689,4
1780280545.0699,4
1780280545.071,4
1780280545.072,4
1780280545.073,4
1780280545.074,4
1780280545.075,4
1780280545.0759,4
1780280545.0769,4
1780280545.0779,4
1780280545.0789,4
1780280545.08,4
1780280545.081,4
1780280545.082,4
1780280545.083,4
1780280545.0839,4
1780280545.0849,4
1780280545.0859,4
1780280545.0869,4
1780280545.088,4
1780280545.089,4
1780280545.09,4
1780280545.091,4
1780280545.0919,4
1780280545.0929,4
1780280545.0939,4
1780280545.0949,4
1780280545.096,4
1780280545.097,4
1780280545.098,4
1780280545.099,4
1780280546.0,4
1780280546.0009,4
1780280546.0019,4
1780280546.0029,4
1780280546.0039,4
1780280546.005,4
1780280546.006,4
1780280546.007,4
1780280546.008,4
1780280546.0089,4
1780280546.0099,4
1780280546.0109,4
1780280546.0119,4
1780280546.013,4
1780280546.014,4
1780280546.015,4
1780280546.016,4
1780280546.0169,4
1780280546.0179,4
1780280546.0189,4
1780280546.0199,4
1780280546.021,4
1780280546.022,4
1780280546.023,4
1780280546.024,4
1780280546.025,4
1780280546.0259,4
1780280546.0269,4
1780280546.0279,4
1780280546.0289,4
1780280546.03,4
1780280546.031,4
1780280546.032,4
1780280546.033,4
1780280546.0339,4
1780280546.0349,4
1780280546.0359,4
1780280546.0369,4
1780280546.038,4
1780280546.039,4
1780280546.04,4
1780280546.041,4
1780280546.0419,4
1780280546.0429,4
1780280546.0439,4
1780280546.0449,4
1780280546.046,4
1780280546.047,4
1780280546.048,4
1780280546.049,4
1780280546.05,4
1780280546.0509,4
1780280546.0519,4
1780280546.0529,4
1780280546.0539,4
1780280546.055,4
1780280546.056,4
1780280546.057,4
1780280546.058,4
1780280546.0589,4
1780280546.0599,4
1780280546.0609,4
1780280546.0619,4
1780280546.063,4
1780280546.064,4
1780280546.065,4
1780280546.066,4
1780280546.0669,4
1780280546.0679,4
1780280546.0689,4
1780280546.0699,4
1780280546.071,4
1780280546.072,4
1780280546.073,4
1780280546.074,4
1780280546.075,4
1780280546.0759,4
1780280546.0769,4
1780280546.0779,4
1780280546.0789,4
1780280546.08,4
1780280546.081,4
1780280546.082,4
1780280546.083,4
1780280546.0839,4
1780280546.0849,4
1780280546.0859,4
1780280546.0869,4
1780280546.088,4
1780280546.089,4
1780280546.09,4
1780280546.091,4
1780280546.0919,4
1780280546.0929,4
1780280546.0939,4
1780280546.0949,4
1780280546.096,4
1780280546.097,4
1780280546.098,4
1780280546.099,4
1780280547.0,4
1780280547.0009,4
1780280547.0019,4
1780280547.0029,4
1780280547.0039,4
1780280547.005,4
1780280547.006,4
1780280547.007,4
1780280547.008,4
1780280547.0089,4
1780280547.0099,4
1780280547.0109,4
1780280547.0119,4
1780280547.013,4
1780280547.014,4
1780280547.015,4
1780280547.016,4
1780280547.0169,4
1780280547.0179,4
1780280547.0189,4
1780280547.0199,4
1780280547.021,4
1780280547.022,4
1780280547.023,4
1780280547.024,4
1780280547.025,4
1780280547.0259,4
1780280547.0269,4
1780280547.0279,4
1780280547.0289,4
1780280547.03,4
1780280547.031,4
1780280547.032,4
1780280547.033,4
1780280547.0339,4
1780280547.0349,4
1780280547.0359,4
1780280547.0369,4
1780280547.038,4
1780280547.039,4
1780280547.04,4
1780280547.041,4
1780280547.0419,4
1780280547.0429,4
1780280547.0439,4
1780280547.0449,4
1780280547.046,4
1780280547.047,4
1780280547.048,4
1780280547.049,4
1780280547.05,4
1780280547.0509,4
1780280547.0519,4
1780280547.0529,4
1780280547.0539,4
1780280547.055,4
1780280547.056,4
1780280547.057,4
1780280547.058,4
1780280547.0589,4
1780280547.0599,4
1780280547.0609,4
1780280547.0619,4
1780280547.063,4
1780280547.064,4
1780280547.065,4
1780280547.066,4
1780280547.0669,4
1780280547.0679,4
1780280547.0689,4
1780280547.0699,4
1780280547.071,4
1780280547.072,4
1780280547.073,4
1780280547.074,4
1780280547.075,4
1780280547.0759,4
1780280547.0769,4
1780280547.0779,4
1780280547.0789,4
1780280547.08,4
1780280547.081,4
1780280547.082,4
1780280547.083,4
1780280547.0839,4
1780280547.0849,4
1780280547.0859,4
1780280547.0869,4
1780280547.088,4
1780280547.089,4
1780280547.09,4
1780280547.091,4
1780280547.0919,4
1780280547.0929,4
1780280547.0939,4
1780280547.0949,4
1780280547.096,4
1780280547.097,4
1780280547.098,4
1780280547.099,4
1780280548.0,4
1780280548.0009,4
1780280548.0019,4
1780280548.0029,4
1780280548.0039,4
1780280548.005,4
1780280548.006,4
1780280548.007,4
1780280548.008,4
1780280548.0089,4
1780280548.0099,4
1780280548.0109,4
1780280548.0119,4
1780280548.013,4
1780280548.014,4
1780280548.015,4
1780280548.016,4
1780280548.0169,4
1780280548.0179,4
1780280548.0189,4
1780280548.0199,4
1780280548.021,4
1780280548.022,4
1780280548.023,4
1780280548.024,4
1780280548.025,4
1780280548.0259,4
1780280548.0269,4
1780280548.0279,4
1780280548.0289,4
1780280548.03,4
1780280548.031,4
1780280548.032,4
1780280548.033,4
1780280548.0339,4
1780280548.0349,4
1780280548.0359,4
1780280548.0369,4
1780280548.038,4
1780280548.039,4
1780280548.04,4
1780280548.041,4
1780280548.0419,4
1780280548.0429,4
1780280548.0439,4
1780280548.0449,4
1780280548.046,4
1780280548.047,4
1780280548.048,4
1780280548.049,4
1780280548.05,4
1780280548.0509,4
1780280548.0519,4
1780280548.0529,4
1780280548.0539,4
1780280548.055,4
1780280548.056,4
1780280548.057,4
1780280548.058,4
1780280548.0589,4
1780280548.0599,4
1780280548.0609,4
1780280548.0619,4
1780280548.063,4
1780280548.064,4
1780280548.065,4
1780280548.066,4
1780280548.0669,4
1780280548.0679,4
1780280548.0689,4
1780280548.0699,4
1780280548.071,4
1780280548.072,4
1780280548.073,4
1780280548.074,4
1780280548.075,4
1780280548.0759,4
1780280548.0769,4
1780280548.0779,4
1780280548.0789,4
1780280548.08,4
1780280548.081,4
1780280548.082,4
1780280548.083,4
1780280548.0839,4
1780280548.0849,4
1780280548.0859,4
1780280548.0869,4
1780280548.088,4
1780280548.089,4
1780280548.09,4
1780280548.091,4
1780280548.0919,4
1780280548.0929,4
1780280548.0939,4
1780280548.0949,4
1780280548.096,4
1780280548.097,4
1780280548.098,4
1780280548.099,4
1780280549.0,4
1780280549.0009,4
1780280549.0019,4
1780280549.0029,4
1780280549.0039,4
1780280549.005,4
1780280549.006,4
1780280549.007,4
1780280549.008,4
1780280549.0089,4
1780280549.0099,4
1780280549.0109,4
1780280549.0119,4
1780280549.013,4
1780280549.014,4
1780280549.015,4
1780280549.016,4
1780280549.0169,4
1780280549.0179,4
1780280549.0189,4
1780280549.0199,4
1780280549.021,4
1780280549.022,4
1780280549.023,4
1780280549.024,4
1780280549.025,4
1780280549.0259,4
1780280549.0269,4
1780280549.0279,4
1780280549.0289,4
1780280549.03,4
1780280549.031,4
1780280549.032,4
1780280549.033,4
1780280549.0339,4
1780280549.0349,4
1780280549.0359,4
1780280549.0369,4
1780280549.038,4
1780280549.039,4
1780280549.04,4
1780280549.041,4
1780280549.0419,4
1780280549.0429,4
1780280549.0439,4
1780280549.0449,4
1780280549.046,4
1780280549.047,4
1780280549.048,4
1780280549.049,4
1780280549.05,4
1780280549.0509,4
1780280549.0519,4
1780280549.0529,4
1780280549.0539,4
1780280549.055,4
1780280549.056,4
1780280549.057,4
1780280549.058,4
1780280549.0589,4
1780280549.0599,4
1780280549.0609,4
1780280549.0619,4
1780280549.063,4
1780280549.064,4
1780280549.065,4
1780280549.066,4
1780280549.0669,4
1780280549.0679,4
1780280549.0689,4
1780280549.0699,4
1780280549.071,4
1780280549.072,4
1780280549.073,4
1780280549.074,4
1780280549.075,4
1780280549.0759,4
1780280549.0769,4
1780280549.0779,4
1780280549.0789,4
1780280549.08,4
1780280549.081,4
1780280549.082,4
1780280549.083,4
1780280549.0839,4
1780280549.0849,4
1780280549.0859,4
1780280549.0869,4
1780280549.088,4
1780280549.089,4
1780280549.09,4
1780280549.091,4
1780280549.0919,4
1780280549.0929,4
1780280549.0939,4
1780280549.0949,4
1780280549.096,4
1780280549.097,4
1780280549.098,4
1780280549.099,4
1780280550.0,4
1780280550.0009,4
1780280550.0019,4
1780280550.0029,4
1780280550.0039,4
1780280550.005,4
1780280550.006,4
1780280550.007,4
1780280550.008,4
1780280550.0089,4
1780280550.0099,4
1780280550.0109,4
1780280550.0119,4
1780280550.013,4
1780280550.014,4
1780280550.015,4
1780280550.016,4
1780280550.0169,4
1780280550.0179,4
1780280550.0189,4
1780280550.0199,4
1780280550.021,4
1780280550.022,4
1780280550.023,4
1780280550.024,4
1780280550.025,4
1780280550.0259,4
1780280550.0269,4
1780280550.0279,4
1780280550.0289,4
1780280550.03,4
1780280550.031,4
1780280550.032,4
1780280550.033,4
1780280550.0339,4
1780280550.0349,4
1780280550.0359,4
1780280550.0369,4
1780280550.038,4
1780280550.039,4
1780280550.04,4
1780280550.041,4
1780280550.0419,4
1780280550.0429,4
1780280550.0439,4
1780280550.0449,4
1780280550.046,4
1780280550.047,4
1780280550.048,4
1780280550.049,4
1780280550.05,4
1780280550.0509,4
1780280550.0519,4
1780280550.0529,4
1780280550.0539,4
1780280550.055,4
1780280550.056,4
1780280550.057,4
1780280550.058,4
1780280550.0589,4
1780280550.0599,4
1780280550.0609,4
1780280550.0619,4
1780280550.063,4
1780280550.064,4
1780280550.065,4
1780280550.066,4
1780280550.0669,4
1780280550.0679,4
1780280550.0689,4
1780280550.0699,4
1780280550.071,4
1780280550.072,4
1780280550.073,4
1780280550.074,4
1780280550.075,4
1780280550.0759,4
1780280550.0769,4
1780280550.0779,4
1780280550.0789,4
1780280550.08,4
1780280550.081,4
1780280550.082,4
1780280550.083,4
1780280550.0839,4
1780280550.0849,4
1780280550.0859,4
1780280550.0869,4
1780280550.088,4
1780280550.089,4
1780280550.09,4
1780280550.091,4
1780280550.0919,4
1780280550.0929,4
1780280550.0939,4
1780280550.0949,4
1780280550.096,4
1780280550.097,4
1780280550.098,4
1780280550.099,4
1780280551.0,4
1780280551.0009,4
1780280551.0019,4
1780280551.0029,4
1780280551.0039,4
1780280551.005,4
1780280551.006,4
1780280551.007,4
1780280551.008,4
1780280551.0089,4
1780280551.0099,4
1780280551.0109,4
1780280551.0119,4
1780280551.013,4
1780280551.014,4
1780280551.015,4
1780280551.016,4
1780280551.0169,4
1780280551.0179,4
1780280551.0189,4
1780280551.0199,4
1780280551.021,4
1780280551.022,4
1780280551.023,4
1780280551.024,4
1780280551.025,4
1780280551.0259,4
1780280551.0269,4
1780280551.0279,4
1780280551.0289,4
1780280551.03,4
1780280551.031,4
1780280551.032,4
1780280551.033,4
1780280551.0339,4
1780280551.0349,4
1780280551.0359,4
1780280551.0369,4
1780280551.038,4
1780280551.039,4
1780280551.04,4
1780280551.041,4
1780280551.0419,4
1780280551.0429,4
1780280551.0439,4
1780280551.0449,4
1780280551.046,4
1780280551.047,4
1780280551.048,4
1780280551.049,4
1780280551.05,4
1780280551.0509,4
1780280551.0519,4
1780280551.0529,4
1780280551.0539,4
1780280551.055,4
1780280551.056,4
1780280551.057,4
1780280551.058,4
1780280551.0589,4
1780280551.0599,4
1780280551.0609,4
1780280551.0619,4
1780280551.063,4
1780280551.064,4
1780280551.065,4
1780280551.066,4
1780280551.0669,4
1780280551.0679,4
1780280551.0689,4
1780280551.0699,4
1780280551.071,4
1780280551.072,4
1780280551.073,4
1780280551.074,4
1780280551.075,4
1780280551.0759,4
1780280551.0769,4
1780280551.0779,4
1780280551.0789,4
1780280551.08,4
1780280551.081,4
1780280551.082,4
1780280551.083,4
1780280551.0839,4
1780280551.0849,4
1780280551.0859,4
1780280551.0869,4
1780280551.088,4
1780280551.089,4
1780280551.09,4
1780280551.091,4
1780280551.0919,4
1780280551.0929,4
1780280551.0939,4
1780280551.0949,4
1780280551.096,4
1780280551.097,4
1780280551.098,4
1780280551.099,4
1780280552.0,4
1780280552.0009,4
1780280552.0019,4
1780280552.0029,4
1780280552.0039,4
1780280552.005,4
1780280552.006,4
1780280552.007,4
1780280552.008,4
1780280552.0089,4
1780280552.0099,4
1780280552.0109,4
1780280552.0119,4
1780280552.013,4
1780280552.014,4
1780280552.015,4
1780280552.016,4
1780280552.0169,4
1780280552.0179,4
1780280552.0189,4
1780280552.0199,4
1780280552.021,4
1780280552.022,4
1780280552.023,4
1780280552.024,4
1780280552.025,4
1780280552.0259,4
1780280552.0269,4
1780280552.0279,4
1780280552.0289,4
1780280552.03,4
1780280552.031,4
1780280552.032,4
1780280552.033,4
1780280552.0339,4
1780280552.0349,4
1780280552.0359,4
1780280552.0369,4
1780280552.038,4
1780280552.039,4
1780280552.04,4
1780280552.041,4
1780280552.0419,4
1780280552.0429,4
1780280552.0439,4
1780280552.0449,4
1780280552.046,4
1780280552.047,4
1780280552.048,4
1780280552.049,4
1780280552.05,4
1780280552.0509,4
1780280552.0519,4
1780280552.0529,4
1780280552.0539,4
1780280552.055,4
1780280552.056,4
1780280552.057,4
1780280552.058,4
1780280552.0589,4
1780280552.0599,4
1780280552.0609,4
1780280552.0619,4
1780280552.063,4
1780280552.064,4
1780280552.065,4
1780280552.066,4
1780280552.0669,4
1780280552.0679,4
1780280552.0689,4
1780280552.0699,4
1780280552.071,4
1780280552.072,4
1780280552.073,4
1780280552.074,4
1780280552.075,4
1780280552.0759,4
1780280552.0769,4
1780280552.0779,4
1780280552.0789,4
1780280552.08,4
1780280552.081,4
1780280552.082,4
1780280552.083,4
1780280552.0839,4
1780280552.0849,4
1780280552.0859,4
1780280552.0869,4
1780280552.088,4
1780280552.089,4
1780280552.09,4
1780280552.091,4
1780280552.0919,4
1780280552.0929,4
1780280552.0939,4
1780280552.0949,4
1780280552.096,4
1780280552.097,4
1780280552.098,4
1780280552.099,4
1780280553.0,4
1780280553.0009,4
1780280553.0019,4
1780280553.0029,4
1780280553.0039,4
1780280553.005,4
1780280553.006,4
1780280553.007,4
1780280553.008,4
1780280553.0089,4
1780280553.0099,4
1780280553.0109,4
1780280553.0119,4
1780280553.013,4
1780280553.014,4
1780280553.015,4
1780280553.016,4
1780280553.0169,4
1780280553.0179,4
1780280553.0189,4
1780280553.0199,4
1780280553.021,4
1780280553.022,4
1780280553.023,4
1780280553.024,4
1780280553.025,4
1780280553.0259,4
1780280553.0269,4
1780280553.0279,4
1780280553.0289,4
1780280553.03,4
1780280553.031,4
1780280553.032,4
1780280553.033,4
1780280553.0339,4
1780280553.0349,4
1780280553.0359,4
1780280553.0369,4
1780280553.038,4
1780280553.039,4
1780280553.04,4
1780280553.041,4
1780280553.0419,4
1780280553.0429,4
1780280553.0439,4
1780280553.0449,4
1780280553.046,4
1780280553.047,4
1780280553.048,4
1780280553.049,4
1780280553.05,4
1780280553.0509,4
1780280553.0519,4
1780280553.0529,4
1780280553.0539,4
1780280553.055,4
1780280553.056,4
1780280553.057,4
1780280553.058,4
1780280553.0589,4
1780280553.0599,4
1780280553.0609,4
1780280553.0619,4
1780280553.063,4
1780280553.064,4
1780280553.065,4
1780280553.066,4
1780280553.0669,4
1780280553.0679,4
1780280553.0689,4
1780280553.0699,4
1780280553.071,4
1780280553.072,4
1780280553.073,4
1780280553.074,4
1780280553.075,4
1780280553.0759,4
1780280553.0769,4
1780280553.0779,4
1780280553.0789,4
1780280553.08,4
1780280553.081,4
1780280553.082,4
1780280553.083,4
1780280553.0839,4
1780280553.0849,4
1780280553.0859,4
1780280553.0869,4
1780280553.088,4
1780280553.089,4
1780280553.09,4
1780280553.091,4
1780280553.0919,4
1780280553.0929,4
1780280553.0939,4
1780280553.0949,4
1780280553.096,4
1780280553.097,4
1780280553.098,4
1780280553.099,4
1780280554.0,4
1780280554.0009,4
1780280554.0019,4
1780280554.0029,4
1780280554.0039,4
1780280554.005,4
1780280554.006,4
1780280554.007,4
1780280554.008,4
1780280554.0089,4
1780280554.0099,4
1780280554.0109,4
1780280554.0119,4
1780280554.013,4
1780280554.014,4
1780280554.015,4
1780280554.016,4
1780280554.0169,4
1780280554.0179,4
1780280554.0189,4
1780280554.0199,4
1780280554.021,4
1780280554.022,4
1780280554.023,4
1780280554.024,4
1780280554.025,4
1780280554.0259,4
1780280554.0269,4
1780280554.0279,4
1780280554.0289,4
1780280554.03,4
1780280554.031,4
1780280554.032,4
1780280554.033,4
1780280554.0339,4
1780280554.0349,4
1780280554.0359,4
1780280554.0369,4
1780280554.038,4
1780280554.039,4
1780280554.04,4
1780280554.041,4
1780280554.0419,4
1780280554.0429,4
1780280554.0439,4
1780280554.0449,4
1780280554.046,4
1780280554.047,4
1780280554.048,4
1780280554.049,4
1780280554.05,4
1780280554.0509,4
1780280554.0519,4
1780280554.0529,4
1780280554.0539,4
1780280554.055,4
1780280554.056,4
1780280554.057,4
1780280554.058,4
1780280554.0589,4
1780280554.0599,4
1780280554.0609,4
1780280554.0619,4
1780280554.063,4
1780280554.064,4
1780280554.065,4
1780280554.066,4
1780280554.0669,4
1780280554.0679,4
1780280554.0689,4
1780280554.0699,4
1780280554.071,4
1780280554.072,4
1780280554.073,4
1780280554.074,4
1780280554.075,4
1780280554.0759,4
1780280554.0769,4
1780280554.0779,4
1780280554.0789,4
1780280554.08,4
1780280554.081,4
1780280554.082,4
1780280554.083,4
1780280554.0839,4
1780280554.0849,4
1780280554.0859,4
1780280554.0869,4
1780280554.088,4
1780280554.089,4
1780280554.09,4
1780280554.091,4
1780280554.0919,4
1780280554.0929,4
1780280554.0939,4
1780280554.0949,4
1780280554.096,4
1780280554.097,4
1780280554.098,4
1780280554.099,4
1780280555.0,4
1780280555.0009,4
1780280555.0019,4
1780280555.0029,4
1780280555.0039,4
1780280555.005,4
1780280555.006,4
1780280555.007,4
1780280555.008,4
1780280555.0089,4
1780280555.0099,4
1780280555.0109,4
1780280555.0119,4
1780280555.013,4
1780280555.014,4
1780280555.015,4
1780280555.016,4
1780280555.0169,4
1780280555.0179,4
1780280555.0189,4
1780280555.0199,4
1780280555.021,4
1780280555.022,4
1780280555.023,4
1780280555.024,4
1780280555.025,4
1780280555.0259,4
1780280555.0269,4
1780280555.0279,4
1780280555.0289,4
1780280555.03,4
1780280555.031,4
1780280555.032,4
1780280555.033,4
1780280555.0339,4
1780280555.0349,4
1780280555.0359,4
1780280555.0369,4
1780280555.038,4
1780280555.039,4
1780280555.04,4
1780280555.041,4
1780280555.0419,4
1780280555.0429,4
1780280555.0439,4
1780280555.0449,4
1780280555.046,4
1780280555.047,4
1780280555.048,4
1780280555.049,4
1780280555.05,4
1780280555.0509,4
1780280555.0519,4
1780280555.0529,4
1780280555.0539,4
1780280555.055,4
1780280555.056,4
1780280555.057,4
1780280555.058,4
1780280555.0589,4
1780280555.0599,4
1780280555.0609,4
1780280555.0619,4
1780280555.063,4
1780280555.064,4
1780280555.065,4
1780280555.066,4
1780280555.0669,4
1780280555.0679,4
1780280555.0689,4
1780280555.0699,4
1780280555.071,4
1780280555.072,4
1780280555.073,4
1780280555.074,4
1780280555.075,4
1780280555.0759,4
1780280555.0769,4
1780280555.0779,4
1780280555.0789,4
1780280555.08,4
1780280555.081,4
1780280555.082,4
1780280555.083,4
1780280555.0839,4
1780280555.0849,4
1780280555.0859,4
1780280555.0869,4
1780280555.088,4
1780280555.089,4
1780280555.09,4
1780280555.091,4
1780280555.0919,4
1780280555.0929,4
1780280555.0939,4
1780280555.0949,4
1780280555.096,4
1780280555.097,4
1780280555.098,4
1780280555.099,4
1780280556.0,4
1780280556.0009,4
1780280556.0019,4
1780280556.0029,4
1780280556.0039,4
1780280556.005,4
1780280556.006,4
1780280556.007,4
1780280556.008,4
1780280556.0089,4
1780280556.0099,4
1780280556.0109,4
1780280556.0119,4
1780280556.013,4
1780280556.014,4
1780280556.015,4
1780280556.016,4
1780280556.0169,4
1780280556.0179,4
1780280556.0189,4
1780280556.0199,4
1780280556.021,4
1780280556.022,4
1780280556.023,4
1780280556.024,4
1780280556.025,4
1780280556.0259,4
1780280556.0269,4
1780280556.0279,4
1780280556.0289,4
1780280556.03,4
1780280556.031,4
1780280556.032,4
1780280556.033,4
1780280556.0339,4
1780280556.0349,4
1780280556.0359,4
1780280556.0369,4
1780280556.038,4
1780280556.039,4
1780280556.04,4
1780280556.041,4
1780280556.0419,4
1780280556.0429,4
1780280556.0439,4
1780280556.0449,4
1780280556.046,4
1780280556.047,4
1780280556.048,4
1780280556.049,4
1780280556.05,4
1780280556.0509,4
1780280556.0519,4
1780280556.0529,4
1780280556.0539,4
1780280556.055,4
1780280556.056,4
1780280556.057,4
1780280556.058,4
1780280556.0589,4
1780280556.0599,4
1780280556.0609,4
1780280556.0619,4
1780280556.063,4
1780280556.064,4
1780280556.065,4
1780280556.066,4
1780280556.0669,4
1780280556.0679,4
1780280556.0689,4
1780280556.0699,4
1780280556.071,4
1780280556.072,4
1780280556.073,4
1780280556.074,4
1780280556.075,4
1780280556.0759,4
1780280556.0769,4
1780280556.0779,4
1780280556.0789,4
1780280556.08,4
1780280556.081,4
1780280556.082,4
1780280556.083,4
1780280556.0839,4
1780280556.0849,4
1780280556.0859,4
1780280556.0869,4
1780280556.088,4
1780280556.089,4
1780280556.09,4
1780280556.091,4
1780280556.0919,4
1780280556.0929,4
1780280556.0939,4
1780280556.0949,4
1780280556.096,4
1780280556.097,4
1780280556.098,4
1780280556.099,4
1780280557.0,4
1780280557.0009,4
1780280557.0019,4
1780280557.0029,4
1780280557.0039,4
1780280557.005,4
1780280557.006,4
1780280557.007,4
1780280557.008,4
1780280557.0089,4
1780280557.0099,4
1780280557.0109,4
1780280557.0119,4
1780280557.013,4
1780280557.014,4
1780280557.015,4
1780280557.016,4
1780280557.0169,4
1780280557.0179,4
1780280557.0189,4
1780280557.0199,4
1780280557.021,4
1780280557.022,4
1780280557.023,4
1780280557.024,4
1780280557.025,4
1780280557.0259,4
1780280557.0269,4
1780280557.0279,4
1780280557.0289,4
1780280557.03,4
1780280557.031,4
1780280557.032,4
1780280557.033,4
1780280557.0339,4
1780280557.0349,4
1780280557.0359,4
1780280557.0369,4
1780280557.038,4
1780280557.039,4
1780280557.04,4
1780280557.041,4
1780280557.0419,4
1780280557.0429,4
1780280557.0439,4
1780280557.0449,4
1780280557.046,4
1780280557.047,4
1780280557.048,4
1780280557.049,4
1780280557.05,4
1780280557.0509,4
1780280557.0519,4
1780280557.0529,4
1780280557.0539,4
1780280557.055,4
1780280557.056,4
1780280557.057,4
1780280557.058,4
1780280557.0589,4
1780280557.0599,4
1780280557.0609,4
1780280557.0619,4
1780280557.063,4
1780280557.064,4
1780280557.065,4
1780280557.066,4
1780280557.0669,4
1780280557.0679,4
1780280557.0689,4
1780280557.0699,4
1780280557.071,4
1780280557.072,4
1780280557.073,4
1780280557.074,4
1780280557.075,4
1780280557.0759,4
1780280557.0769,4
1780280557.0779,4
1780280557.0789,4
1780280557.08,4
1780280557.081,4
1780280557.082,4
1780280557.083,4
1780280557.0839,4
1780280557.0849,4
1780280557.0859,4
1780280557.0869,4
1780280557.088,4
1780280557.089,4
1780280557.09,4
1780280557.091,4
1780280557.0919,4
1780280557.0929,4
1780280557.0939,4
1780280557.0949,4
1780280557.096,4
1780280557.097,4
1780280557.098,4
1780280557.099,4
1780280558.0,4
1780280558.0009,4
1780280558.0019,4
1780280558.0029,4
1780280558.0039,4
1780280558.005,4
1780280558.006,4
1780280558.007,4
1780280558.008,4
1780280558.0089,4
1780280558.0099,4
1780280558.0109,4
1780280558.0119,4
1780280558.013,4
1780280558.014,4
1780280558.015,4
1780280558.016,4
1780280558.0169,4
1780280558.0179,4
1780280558.0189,4
1780280558.0199,4
1780280558.021,4
1780280558.022,4
1780280558.023,4
1780280558.024,4
1780280558.025,4
1780280558.0259,4
1780280558.0269,4
1780280558.0279,4
1780280558.0289,4
1780280558.03,4
1780280558.031,4
1780280558.032,4
1780280558.033,4
1780280558.0339,4
1780280558.0349,4
1780280558.0359,4
1780280558.0369,4
1780280558.038,4
1780280558.039,4
1780280558.04,4
1780280558.041,4
1780280558.0419,4
1780280558.0429,4
1780280558.0439,4
1780280558.0449,4
1780280558.046,4
1780280558.047,4
1780280558.048,4
1780280558.049,4
1780280558.05,4
1780280558.0509,4
1780280558.0519,4
1780280558.0529,4
1780280558.0539,4
1780280558.055,4
1780280558.056,4
1780280558.057,4
1780280558.058,4
1780280558.0589,4
1780280558.0599,4
1780280558.0609,4
1780280558.0619,4
1780280558.063,4
1780280558.064,4
1780280558.065,4
1780280558.066,4
1780280558.0669,4
1780280558.0679,4
1780280558.0689,4
1780280558.0699,4
1780280558.071,4
1780280558.072,4
1780280558.073,4
1780280558.074,4
1780280558.075,4
1780280558.0759,4
1780280558.0769,4
1780280558.0779,4
1780280558.0789,4
1780280558.08,4
1780280558.081,4
1780280558.082,4
1780280558.083,4
1780280558.0839,4
1780280558.0849,4
1780280558.0859,4
1780280558.0869,4
1780280558.088,4
1780280558.089,4
1780280558.09,4
1780280558.091,4
1780280558.0919,4
1780280558.0929,4
1780280558.0939,4
1780280558.0949,4
1780280558.096,4
1780280558.097,4
1780280558.098,4
1780280558.099,4
1780280559.0,4
1780280559.0009,4
1780280559.0019,4
1780280559.0029,4
1780280559.0039,4
1780280559.005,4
1780280559.006,4
1780280559.007,4
1780280559.008,4
1780280559.0089,4
1780280559.0099,4
1780280559.0109,4
1780280559.0119,4
1780280559.013,4
1780280559.014,4
1780280559.015,4
1780280559.016,4
1780280559.0169,4
1780280559.0179,4
1780280559.0189,4
1780280559.0199,4
1780280559.021,4
1780280559.022,4
1780280559.023,4
1780280559.024,4
1780280559.025,4
1780280559.0259,4
1780280559.0269,4
1780280559.0279,4
1780280559.0289,4
1780280559.03,4
1780280559.031,4
1780280559.032,4
1780280559.033,4
1780280559.0339,4
1780280559.0349,4
1780280559.0359,4
1780280559.0369,4
1780280559.038,4
1780280559.039,4
1780280559.04,4
1780280559.041,4
1780280559.0419,4
1780280559.0429,4
1780280559.0439,4
1780280559.0449,4
1780280559.046,4
1780280559.047,4
1780280559.048,4
1780280559.049,4
1780280559.05,4
1780280559.0509,4
1780280559.0519,4
1780280559.0529,4
1780280559.0539,4
1780280559.055,4
1780280559.056,4
1780280559.057,4
1780280559.058,4
1780280559.0589,4
1780280559.0599,4
1780280559.0609,4
1780280559.0619,4
1780280559.063,4
1780280559.064,4
1780280559.065,4
1780280559.066,4
1780280559.0669,4
1780280559.0679,4
1780280559.0689,4
1780280559.0699,4
1780280559.071,4
1780280559.072,4
1780280559.073,4
1780280559.074,4
1780280559.075,4
1780280559.0759,4
1780280559.0769,4
1780280559.0779,4
1780280559.0789,4
1780280559.08,4
1780280559.081,4
1780280559.082,4
1780280559.083,4
1780280559.0839,4
1780280559.0849,4
1780280559.0859,4
1780280559.0869,4
1780280559.088,4
1780280559.089,4
1780280559.09,4
1780280559.091,4
1780280559.0919,4
1780280559.0929,4
1780280559.0939,4
1780280559.0949,4
1780280559.096,4
1780280559.097,4
1780280559.098,4
1780280559.099,4
1780280560.0,4
1780280560.0009,4
1780280560.0019,4
1780280560.0029,4
1780280560.0039,4
1780280560.005,4
1780280560.006,4
1780280560.007,4
1780280560.008,4
1780280560.0089,4
1780280560.0099,4
1780280560.0109,4
1780280560.0119,4
1780280560.013,4
1780280560.014,4
1780280560.015,4
1780280560.016,4
1780280560.0169,4
1780280560.0179,4
1780280560.0189,4
1780280560.0199,4
1780280560.021,4
1780280560.022,4
1780280560.023,4
1780280560.024,4
1780280560.025,4
1780280560.0259,4
1780280560.0269,4
1780280560.0279,4
1780280560.0289,4
1780280560.03,4
1780280560.031,4
1780280560.032,4
1780280560.033,4
1780280560.0339,4
1780280560.0349,4
1780280560.0359,4
1780280560.0369,4
1780280560.038,4
1780280560.039,4
1780280560.04,4
1780280560.041,4
1780280560.0419,4
1780280560.0429,4
1780280560.0439,4
1780280560.0449,4
1780280560.046,4
1780280560.047,4
1780280560.048,4
1780280560.049,4
1780280560.05,4
1780280560.0509,4
1780280560.0519,4
1780280560.0529,4
1780280560.0539,4
1780280560.055,4
1780280560.056,4
1780280560.057,4
1780280560.058,4
1780280560.0589,4
1780280560.0599,4
1780280560.0609,4
1780280560.0619,4
1780280560.063,4
1780280560.064,4
1780280560.065,4
1780280560.066,4
1780280560.0669,4
1780280560.0679,4
1780280560.0689,4
1780280560.0699,4
1780280560.071,4
1780280560.072,4
1780280560.073,4
1780280560.074,4
1780280560.075,4
1780280560.0759,4
1780280560.0769,4
1780280560.0779,4
1780280560.0789,4
1780280560.08,4
1780280560.081,4
1780280560.082,4
1780280560.083,4
1780280560.0839,4
1780280560.0849,4
1780280560.0859,4
1780280560.0869,4
1780280560.088,4
1780280560.089,4
1780280560.09,4
1780280560.091,4
1780280560.0919,4
1780280560.0929,4
1780280560.0939,4
1780280560.0949,4
1780280560.096,4
1780280560.097,4
1780280560.098,4
1780280560.099,4
1780280561.0,4
1780280561.0009,4
1780280561.0019,4
1780280561.0029,4
1780280561.0039,4
1780280561.005,4
1780280561.006,4
1780280561.007,4
1780280561.008,4
1780280561.0089,4
1780280561.0099,4
1780280561.0109,4
1780280561.0119,4
1780280561.013,4
1780280561.014,4
1780280561.015,4
1780280561.016,4
1780280561.0169,4
1780280561.0179,4
1780280561.0189,4
1780280561.0199,4
1780280561.021,4
1780280561.022,4
1780280561.023,4
1780280561.024,4
1780280561.025,4
1780280561.0259,4
1780280561.0269,4
1780280561.0279,4
1780280561.0289,4
1780280561.03,4
1780280561.031,4
1780280561.032,4
1780280561.033,4
1780280561.0339,4
1780280561.0349,4
1780280561.0359,4
1780280561.0369,4
1780280561.038,4
1780280561.039,4
1780280561.04,4
1780280561.041,4
1780280561.0419,4
1780280561.0429,4
1780280561.0439,4
1780280561.0449,4
1780280561.046,4
1780280561.047,4
1780280561.048,4
1780280561.049,4
1780280561.05,4
1780280561.0509,4
1780280561.0519,4
1780280561.0529,4
1780280561.0539,4
1780280561.055,4
1780280561.056,4
1780280561.057,4
1780280561.058,4
1780280561.0589,4
1780280561.0599,4
1780280561.0609,4
1780280561.0619,4
1780280561.063,4
1780280561.064,4
1780280561.065,4
1780280561.066,4
1780280561.0669,4
1780280561.0679,4
1780280561.0689,4
1780280561.0699,4
1780280561.071,4
1780280561.072,4
1780280561.073,4
1780280561.074,4
1780280561.075,4
1780280561.0759,4
1780280561.0769,4
1780280561.0779,4
1780280561.0789,4
1780280561.08,4
1780280561.081,4
1780280561.082,4
1780280561.083,4
1780280561.0839,4
1780280561.0849,4
1780280561.0859,4
1780280561.0869,4
1780280561.088,4
1780280561.089,4
1780280561.09,4
1780280561.091,4
1780280561.0919,4
1780280561.0929,4
1780280561.0939,4
1780280561.0949,4
1780280561.096,4
1780280561.097,4
1780280561.098,4
1780280561.099,4
1780280562.0,4
1780280562.0009,4
1780280562.0019,4
1780280562.0029,4
1780280562.0039,4
1780280562.005,4
1780280562.006,4
1780280562.007,4
1780280562.008,4
1780280562.0089,4
1780280562.0099,4
1780280562.0109,4
1780280562.0119,4
1780280562.013,4
1780280562.014,4
1780280562.015,4
1780280562.016,4
1780280562.0169,4
1780280562.0179,4
1780280562.0189,4
1780280562.0199,4
1780280562.021,4
1780280562.022,4
1780280562.023,4
1780280562.024,4
1780280562.025,4
1780280562.0259,4
1780280562.0269,4
1780280562.0279,4
1780280562.0289,4
1780280562.03,4
1780280562.031,4
1780280562.032,4
1780280562.033,4
1780280562.0339,4
1780280562.0349,4
1780280562.0359,4
1780280562.0369,4
1780280562.038,4
1780280562.039,4
1780280562.04,4
1780280562.041,4
1780280562.0419,4
1780280562.0429,4
1780280562.0439,4
1780280562.0449,4
1780280562.046,4
1780280562.047,4
1780280562.048,4
1780280562.049,4
1780280562.05,4
1780280562.0509,4
1780280562.0519,4
1780280562.0529,4
1780280562.0539,4
1780280562.055,4
1780280562.056,4
1780280562.057,4
1780280562.058,4
1780280562.0589,4
1780280562.0599,4
1780280562.0609,4
1780280562.0619,4
1780280562.063,4
1780280562.064,4
1780280562.065,4
1780280562.066,4
1780280562.0669,4
1780280562.0679,4
1780280562.0689,4
1780280562.0699,4
1780280562.071,4
1780280562.072,4
1780280562.073,4
1780280562.074,4
1780280562.075,4
1780280562.0759,4
1780280562.0769,4
1780280562.0779,4
1780280562.0789,4
1780280562.08,4
1780280562.081,4
1780280562.082,4
1780280562.083,4
1780280562.0839,4
1780280562.0849,4
1780280562.0859,4
1780280562.0869,4
1780280562.088,4
1780280562.089,4
1780280562.09,4
1780280562.091,4
1780280562.0919,4
1780280562.0929,4
1780280562.0939,4
1780280562.0949,4
1780280562.096,4
1780280562.097,4
1780280562.098,4
1780280562.099,4
1780280563.0,4
1780280563.0009,4
1780280563.0019,4
1780280563.0029,4
1780280563.0039,4
1780280563.005,4
1780280563.006,4
1780280563.007,4
1780280563.008,4
1780280563.0089,4
1780280563.0099,4
1780280563.0109,4
1780280563.0119,4
1780280563.013,4
1780280563.014,4
1780280563.015,4
1780280563.016,4
1780280563.0169,4
1780280563.0179,4
1780280563.0189,4
1780280563.0199,4
1780280563.021,4
1780280563.022,4
1780280563.023,4
1780280563.024,4
1780280563.025,4
1780280563.0259,4
1780280563.0269,4
1780280563.0279,4
1780280563.0289,4
1780280563.03,4
1780280563.031,4
1780280563.032,4
1780280563.033,4
1780280563.0339,4
1780280563.0349,4
1780280563.0359,4
1780280563.0369,4
1780280563.038,4
1780280563.039,4
1780280563.04,4
1780280563.041,4
1780280563.0419,4
1780280563.0429,4
1780280563.0439,4
1780280563.0449,4
1780280563.046,4
1780280563.047,4
1780280563.048,4
1780280563.049,4
1780280563.05,4
1780280563.0509,4
1780280563.0519,4
1780280563.0529,4
1780280563.0539,4
1780280563.055,4
1780280563.056,4
1780280563.057,4
1780280563.058,4
1780280563.0589,4
1780280563.0599,4
1780280563.0609,4
1780280563.0619,4
1780280563.063,4
1780280563.064,4
1780280563.065,4
1780280563.066,4
1780280563.0669,4
1780280563.0679,4
1780280563.0689,4
1780280563.0699,4
1780280563.071,4
1780280563.072,4
1780280563.073,4
1780280563.074,4
1780280563.075,4
1780280563.0759,4
1780280563.0769,4
1780280563.0779,4
1780280563.0789,4
1780280563.08,4
1780280563.081,4
1780280563.082,4
1780280563.083,4
1780280563.0839,4
1780280563.0849,4
1780280563.0859,4
1780280563.0869,4
1780280563.088,4
1780280563.089,4
1780280563.09,4
1780280563.091,4
1780280563.0919,4
1780280563.0929,4
1780280563.0939,4
1780280563.0949,4
1780280563.096,4
1780280563.097,4
1780280563.098,4
1780280563.099,4
1780280564.0,4
1780280564.0009,4
1780280564.0019,4
1780280564.0029,4
1780280564.0039,4
1780280564.005,4
1780280564.006,4
1780280564.007,4
1780280564.008,4
1780280564.0089,4
1780280564.0099,4
1780280564.0109,4
1780280564.0119,4
1780280564.013,4
1780280564.014,4
1780280564.015,4
1780280564.016,4
1780280564.0169,4
1780280564.0179,4
1780280564.0189,4
1780280564.0199,4
1780280564.021,4
1780280564.022,4
1780280564.023,4
1780280564.024,4
1780280564.025,4
1780280564.0259,4
1780280564.0269,4
1780280564.0279,4
1780280564.0289,4
1780280564.03,4
1780280564.031,4
1780280564.032,4
1780280564.033,4
1780280564.0339,4
1780280564.0349,4
1780280564.0359,4
1780280564.0369,4
1780280564.038,4
1780280564.039,4
1780280564.04,4
1780280564.041,4
1780280564.0419,4
1780280564.0429,4
1780280564.0439,4
1780280564.0449,4
1780280564.046,4
1780280564.047,4
1780280564.048,4
1780280564.049,4
1780280564.05,4
1780280564.0509,4
1780280564.0519,4
1780280564.0529,4
1780280564.0539,4
1780280564.055,4
1780280564.056,4
1780280564.057,4
1780280564.058,4
1780280564.0589,4
1780280564.0599,4
1780280564.0609,4
1780280564.0619,4
1780280564.063,4
1780280564.064,4
1780280564.065,4
1780280564.066,4
1780280564.0669,4
1780280564.0679,4
1780280564.0689,4
1780280564.0699,4
1780280564.071,4
1780280564.072,4
1780280564.073,4
1780280564.074,4
1780280564.075,4
1780280564.0759,4
1780280564.0769,4
1780280564.0779,4
1780280564.0789,4
1780280564.08,4
1780280564.081,4
1780280564.082,4
1780280564.083,4
1780280564.0839,4
1780280564.0849,4
1780280564.0859,4
1780280564.0869,4
1780280564.088,4
1780280564.089,4
1780280564.09,4
1780280564.091,4
1780280564.0919,4
1780280564.0929,4
1780280564.0939,4
1780280564.0949,4
1780280564.096,4
1780280564.097,4
1780280564.098,4
1780280564.099,4
1780280565.0,4
1780280565.0009,4
1780280565.0019,4
1780280565.0029,4
1780280565.0039,4
1780280565.005,4
1780280565.006,4
1780280565.007,4
1780280565.008,4
1780280565.0089,4
1780280565.0099,4
1780280565.0109,4
1780280565.0119,4
1780280565.013,4
1780280565.014,4
1780280565.015,4
1780280565.016,4
1780280565.0169,4
1780280565.0179,4
1780280565.0189,4
1780280565.0199,4
1780280565.021,4
1780280565.022,4
1780280565.023,4
1780280565.024,4
1780280565.025,4
1780280565.0259,4
1780280565.0269,4
1780280565.0279,4
1780280565.0289,4
1780280565.03,4
1780280565.031,4
1780280565.032,4
1780280565.033,4
1780280565.0339,4
1780280565.0349,4
1780280565.0359,4
1780280565.0369,4
1780280565.038,4
1780280565.039,4
1780280565.04,4
1780280565.041,4
1780280565.0419,4
1780280565.0429,4
1780280565.0439,4
1780280565.0449,4
1780280565.046,4
1780280565.047,4
1780280565.048,4
1780280565.049,4
1780280565.05,4
1780280565.0509,4
1780280565.0519,4
1780280565.0529,4
1780280565.0539,4
1780280565.055,4
1780280565.056,4
1780280565.057,4
1780280565.058,4
1780280565.0589,4
1780280565.0599,4
1780280565.0609,4
1780280565.0619,4
1780280565.063,4
1780280565.064,4
1780280565.065,4
1780280565.066,4
1780280565.0669,4
1780280565.0679,4
1780280565.0689,4
1780280565.0699,4
1780280565.071,4
1780280565.072,4
1780280565.073,4
1780280565.074,4
1780280565.075,4
1780280565.0759,4
1780280565.0769,4
1780280565.0779,4
1780280565.0789,4
1780280565.08,4
1780280565.081,4
1780280565.082,4
1780280565.083,4
1780280565.0839,4
1780280565.0849,4
1780280565.0859,4
1780280565.0869,4
1780280565.088,4
1780280565.089,4
1780280565.09,4
1780280565.091,4
1780280565.0919,4
1780280565.0929,4
1780280565.0939,4
1780280565.0949,4
1780280565.096,4
1780280565.097,4
1780280565.098,4
1780280565.099,4
1780280566.0,4
1780280566.0009,4
1780280566.0019,4
1780280566.0029,4
1780280566.0039,4
1780280566.005,4
1780280566.006,4
1780280566.007,4
1780280566.008,4
1780280566.0089,4
1780280566.0099,4
1780280566.0109,4
1780280566.0119,4
1780280566.013,4
1780280566.014,4
1780280566.015,4
1780280566.016,4
1780280566.0169,4
1780280566.0179,4
1780280566.0189,4
1780280566.0199,4
1780280566.021,4
1780280566.022,4
1780280566.023,4
1780280566.024,4
1780280566.025,4
1780280566.0259,4
1780280566.0269,4
1780280566.0279,4
1780280566.0289,4
1780280566.03,4
1780280566.031,4
1780280566.032,4
1780280566.033,4
1780280566.0339,4
1780280566.0349,4
1780280566.0359,4
1780280566.0369,4
1780280566.038,4
1780280566.039,4
1780280566.04,4
1780280566.041,4
1780280566.0419,4
1780280566.0429,4
1780280566.0439,4
1780280566.0449,4
1780280566.046,4
1780280566.047,4
1780280566.048,4
1780280566.049,4
1780280566.05,4
1780280566.0509,4
1780280566.0519,4
1780280566.0529,4
1780280566.0539,4
1780280566.055,4
1780280566.056,4
1780280566.057,4
1780280566.058,4
1780280566.0589,4
1780280566.0599,4
1780280566.0609,4
1780280566.0619,4
1780280566.063,4
1780280566.064,4
1780280566.065,4
1780280566.066,4
1780280566.0669,4
1780280566.0679,4
1780280566.0689,4
1780280566.0699,4
1780280566.071,4
1780280566.072,4
1780280566.073,4
1780280566.074,4
1780280566.075,4
1780280566.0759,4
1780280566.0769,4
1780280566.0779,4
1780280566.0789,4
1780280566.08,4
1780280566.081,4
1780280566.082,4
1780280566.083,4
1780280566.0839,4
1780280566.0849,4
1780280566.0859,4
1780280566.0869,4
1780280566.088,4
1780280566.089,4
1780280566.09,4
1780280566.091,4
1780280566.0919,4
1780280566.0929,4
1780280566.0939,4
1780280566.0949,4
1780280566.096,4
1780280566.097,4
1780280566.098,4
1780280566.099,4
1780280567.0,4
1780280567.0009,4
1780280567.0019,4
1780280567.0029,4
1780280567.0039,4
1780280567.005,4
1780280567.006,4
1780280567.007,4
1780280567.008,4
1780280567.0089,4
1780280567.0099,4
1780280567.0109,4
1780280567.0119,4
1780280567.013,4
1780280567.014,4
1780280567.015,4
1780280567.016,4
1780280567.0169,4
1780280567.0179,4
1780280567.0189,4
1780280567.0199,4
1780280567.021,4
1780280567.022,4
1780280567.023,4
1780280567.024,4
1780280567.025,4
1780280567.0259,4
1780280567.0269,4
1780280567.0279,4
1780280567.0289,4
1780280567.03,4
1780280567.031,4
1780280567.032,4
1780280567.033,4
1780280567.0339,4
1780280567.0349,4
1780280567.0359,4
1780280567.0369,4
1780280567.038,4
1780280567.039,4
1780280567.04,4
1780280567.041,4
1780280567.0419,4
1780280567.0429,4
1780280567.0439,4
1780280567.0449,4
1780280567.046,4
1780280567.047,4
1780280567.048,4
1780280567.049,4
1780280567.05,4
1780280567.0509,4
1780280567.0519,4
1780280567.0529,4
1780280567.0539,4
1780280567.055,4
1780280567.056,4
1780280567.057,4
1780280567.058,4
1780280567.0589,4
1780280567.0599,4
1780280567.0609,4
1780280567.0619,4
1780280567.063,4
1780280567.064,4
1780280567.065,4
1780280567.066,4
1780280567.0669,4
1780280567.0679,4
1780280567.0689,4
1780280567.0699,4
1780280567.071,4
1780280567.072,4
1780280567.073,4
1780280567.074,4
1780280567.075,4
1780280567.0759,4
1780280567.0769,4
1780280567.0779,4
1780280567.0789,4
1780280567.08,4
1780280567.081,4
1780280567.082,4
1780280567.083,4
1780280567.0839,4
1780280567.0849,4
1780280567.0859,4
1780280567.0869,4
1780280567.088,4
1780280567.089,4
1780280567.09,4
1780280567.091,4
1780280567.0919,4
1780280567.0929,4
1780280567.0939,4
1780280567.0949,4
1780280567.096,4
1780280567.097,4
1780280567.098,4
1780280567.099,4
1780280568.0,4
1780280568.0009,4
1780280568.0019,4
1780280568.0029,4
1780280568.0039,4
1780280568.005,4
1780280568.006,4
1780280568.007,4
1780280568.008,4
1780280568.0089,4
1780280568.0099,4
1780280568.0109,4
1780280568.0119,4
1780280568.013,4
1780280568.014,4
1780280568.015,4
1780280568.016,4
1780280568.0169,4
1780280568.0179,4
1780280568.0189,4
1780280568.0199,4
1780280568.021,4
1780280568.022,4
1780280568.023,4
1780280568.024,4
1780280568.025,4
1780280568.0259,4
1780280568.0269,4
1780280568.0279,4
1780280568.0289,4
1780280568.03,4
1780280568.031,4
1780280568.032,4
1780280568.033,4
1780280568.0339,4
1780280568.0349,4
1780280568.0359,4
1780280568.0369,4
1780280568.038,4
1780280568.039,4
1780280568.04,4
1780280568.041,4
1780280568.0419,4
1780280568.0429,4
1780280568.0439,4
1780280568.0449,4
1780280568.046,4
1780280568.047,4
1780280568.048,4
1780280568.049,4
1780280568.05,4
1780280568.0509,4
1780280568.0519,4
1780280568.0529,4
1780280568.0539,4
1780280568.055,4
1780280568.056,4
1780280568.057,4
1780280568.058,4
1780280568.0589,4
1780280568.0599,4
1780280568.0609,4
1780280568.0619,4
1780280568.063,4
1780280568.064,4
1780280568.065,4
1780280568.066,4
1780280568.0669,4
1780280568.0679,4
1780280568.0689,4
1780280568.0699,4
1780280568.071,4
1780280568.072,4
1780280568.073,4
1780280568.074,4
1780280568.075,4
1780280568.0759,4
1780280568.0769,4
1780280568.0779,4
1780280568.0789,4
1780280568.08,4
1780280568.081,4
1780280568.082,4
1780280568.083,4
1780280568.0839,4
1780280568.0849,4
1780280568.0859,4
1780280568.0869,4
1780280568.088,4
1780280568.089,4
1780280568.09,4
1780280568.091,4
1780280568.0919,4
1780280568.0929,4
1780280568.0939,4
1780280568.0949,4
1780280568.096,4
1780280568.097,4
1780280568.098,4
1780280568.099,4
1780280569.0,4
1780280569.0009,4
1780280569.0019,4
1780280569.0029,4
1780280569.0039,4
1780280569.005,4
1780280569.006,4
1780280569.007,4
1780280569.008,4
1780280569.0089,4
1780280569.0099,4
1780280569.0109,4
1780280569.0119,4
1780280569.013,4
1780280569.014,4
1780280569.015,4
1780280569.016,4
1780280569.0169,4
1780280569.0179,4
1780280569.0189,4
1780280569.0199,4
1780280569.021,4
1780280569.022,4
1780280569.023,4
1780280569.024,4
1780280569.025,4
1780280569.0259,4
1780280569.0269,4
1780280569.0279,4
1780280569.0289,4
1780280569.03,4
1780280569.031,4
1780280569.032,4
1780280569.033,4
1780280569.0339,4
1780280569.0349,4
1780280569.0359,4
1780280569.0369,4
1780280569.038,4
1780280569.039,4
1780280569.04,4
1780280569.041,4
1780280569.0419,4
1780280569.0429,4
1780280569.0439,4
1780280569.0449,4
1780280569.046,4
1780280569.047,4
1780280569.048,4
1780280569.049,4
1780280569.05,4
1780280569.0509,4
1780280569.0519,4
1780280569.0529,4
1780280569.0539,4
1780280569.055,4
1780280569.056,4
1780280569.057,4
1780280569.058,4
1780280569.0589,4
1780280569.0599,4
1780280569.0609,4
1780280569.0619,4
1780280569.063,4
1780280569.064,4
1780280569.065,4
1780280569.066,4
1780280569.0669,4
1780280569.0679,4
1780280569.0689,4
1780280569.0699,4
1780280569.071,4
1780280569.072,4
1780280569.073,4
1780280569.074,4
1780280569.075,4
1780280569.0759,4
1780280569.0769,4
1780280569.0779,4
1780280569.0789,4
1780280569.08,4
1780280569.081,4
1780280569.082,4
1780280569.083,4
1780280569.0839,4
1780280569.0849,4
1780280569.0859,4
1780280569.0869,4
1780280569.088,4
1780280569.089,4
1780280569.09,4
1780280569.091,4
1780280569.0919,4
1780280569.0929,4
1780280569.0939,4
1780280569.0949,4
1780280569.096,4
1780280569.097,4
1780280569.098,4
1780280569.099,4
1780280570.0,4
1780280570.0009,4
1780280570.0019,4
1780280570.0029,4
1780280570.0039,4
1780280570.005,4
1780280570.006,4
1780280570.007,4
1780280570.008,4
1780280570.0089,4
1780280570.0099,4
1780280570.0109,4
1780280570.0119,4
1780280570.013,4
1780280570.014,4
1780280570.015,4
1780280570.016,4
1780280570.0169,4
1780280570.0179,4
1780280570.0189,4
1780280570.0199,4
1780280570.021,4
1780280570.022,4
1780280570.023,4
1780280570.024,4
1780280570.025,4
1780280570.0259,4
1780280570.0269,4
1780280570.0279,4
1780280570.0289,4
1780280570.03,4
1780280570.031,4
1780280570.032,4
1780280570.033,4
1780280570.0339,4
1780280570.0349,4
1780280570.0359,4
1780280570.0369,4
1780280570.038,4
1780280570.039,4
1780280570.04,4
1780280570.041,4
1780280570.0419,4
1780280570.0429,4
1780280570.0439,4
1780280570.0449,4
1780280570.046,4
1780280570.047,4
1780280570.048,4
1780280570.049,4
1780280570.05,4
1780280570.0509,4
1780280570.0519,4
1780280570.0529,4
1780280570.0539,4
1780280570.055,4
1780280570.056,4
1780280570.057,4
1780280570.058,4
1780280570.0589,4
1780280570.0599,4
1780280570.0609,4
1780280570.0619,4
1780280570.063,4
1780280570.064,4
1780280570.065,4
1780280570.066,4
1780280570.0669,4
1780280570.0679,4
1780280570.0689,4
1780280570.0699,4
1780280570.071,4
1780280570.072,4
1780280570.073,4
1780280570.074,4
1780280570.075,4
1780280570.0759,4
1780280570.0769,4
1780280570.0779,4
1780280570.0789,4
1780280570.08,4
1780280570.081,4
1780280570.082,4
1780280570.083,4
1780280570.0839,4
1780280570.0849,4
1780280570.0859,4
1780280570.0869,4
1780280570.088,4
1780280570.089,4
1780280570.09,4
1780280570.091,4
1780280570.0919,4
1780280570.0929,4
1780280570.0939,4
1780280570.0949,4
1780280570.096,4
1780280570.097,4
1780280570.098,4
1780280570.099,4
1780280571.0,4
1780280571.0009,4
1780280571.0019,4
1780280571.0029,4
1780280571.0039,4
1780280571.005,4
1780280571.006,4
1780280571.007,4
1780280571.008,4
1780280571.0089,4
1780280571.0099,4
1780280571.0109,4
1780280571.0119,4
1780280571.013,4
1780280571.014,4
1780280571.015,4
1780280571.016,4
1780280571.0169,4
1780280571.0179,4
1780280571.0189,4
1780280571.0199,4
1780280571.021,4
1780280571.022,4
1780280571.023,4
1780280571.024,4
1780280571.025,4
1780280571.0259,4
1780280571.0269,4
1780280571.0279,4
1780280571.0289,4
1780280571.03,4
1780280571.031,4
1780280571.032,4
1780280571.033,4
1780280571.0339,4
1780280571.0349,4
1780280571.0359,4
1780280571.0369,4
1780280571.038,4
1780280571.039,4
1780280571.04,4
1780280571.041,4
1780280571.0419,4
1780280571.0429,4
1780280571.0439,4
1780280571.0449,4
1780280571.046,4
1780280571.047,4
1780280571.048,4
1780280571.049,4
1780280571.05,4
1780280571.0509,4
1780280571.0519,4
1780280571.0529,4
1780280571.0539,4
1780280571.055,4
1780280571.056,4
1780280571.057,4
1780280571.058,4
1780280571.0589,4
1780280571.0599,4
1780280571.0609,4
1780280571.0619,4
1780280571.063,4
1780280571.064,4
1780280571.065,4
1780280571.066,4
1780280571.0669,4
1780280571.0679,4
1780280571.0689,4
1780280571.0699,4
1780280571.071,4
1780280571.072,4
1780280571.073,4
1780280571.074,4
1780280571.075,4
1780280571.0759,4
1780280571.0769,4
1780280571.0779,4
1780280571.0789,4
1780280571.08,4
1780280571.081,4
1780280571.082,4
1780280571.083,4
1780280571.0839,4
1780280571.0849,4
1780280571.0859,4
1780280571.0869,4
1780280571.088,4
1780280571.089,4
1780280571.09,4
1780280571.091,4
1780280571.0919,4
1780280571.0929,4
1780280571.0939,4
1780280571.0949,4
1780280571.096,4
1780280571.097,4
1780280571.098,4
1780280571.099,4
1780280572.0,4
1780280572.0009,4
1780280572.0019,4
1780280572.0029,4
1780280572.0039,4
1780280572.005,4
1780280572.006,4
1780280572.007,4
1780280572.008,4
1780280572.0089,4
1780280572.0099,4
1780280572.0109,4
1780280572.0119,4
1780280572.013,4
1780280572.014,4
1780280572.015,4
1780280572.016,4
1780280572.0169,4
1780280572.0179,4
1780280572.0189,4
1780280572.0199,4
1780280572.021,4
1780280572.022,4
1780280572.023,4
1780280572.024,4
1780280572.025,4
1780280572.0259,4
1780280572.0269,4
1780280572.0279,4
1780280572.0289,4
1780280572.03,4
1780280572.031,4
1780280572.032,4
1780280572.033,4
1780280572.0339,4
1780280572.0349,4
1780280572.0359,4
1780280572.0369,4
1780280572.038,4
1780280572.039,4
1780280572.04,4
1780280572.041,4
1780280572.0419,4
1780280572.0429,4
1780280572.0439,4
1780280572.0449,4
1780280572.046,4
1780280572.047,4
1780280572.048,4
1780280572.049,4
1780280572.05,4
1780280572.0509,4
1780280572.0519,4
1780280572.0529,4
1780280572.0539,4
1780280572.055,4
1780280572.056,4
1780280572.057,4
1780280572.058,4
1780280572.0589,4
1780280572.0599,4
1780280572.0609,4
1780280572.0619,4
1780280572.063,4
1780280572.064,4
1780280572.065,4
1780280572.066,4
1780280572.0669,4
1780280572.0679,4
1780280572.0689,4
1780280572.0699,4
1780280572.071,4
1780280572.072,4
1780280572.073,4
1780280572.074,4
1780280572.075,4
1780280572.0759,4
1780280572.0769,4
1780280572.0779,4
1780280572.0789,4
1780280572.08,4
1780280572.081,4
1780280572.082,4
1780280572.083,4
1780280572.0839,4
1780280572.0849,4
1780280572.0859,4
1780280572.0869,4
1780280572.088,4
1780280572.089,4
1780280572.09,4
1780280572.091,4
1780280572.0919,4
1780280572.0929,4
1780280572.0939,4
1780280572.0949,4
1780280572.096,4
1780280572.097,4
1780280572.098,4
1780280572.099,4
1780280573.0,4
1780280573.0009,4
1780280573.0019,4
1780280573.0029,4
1780280573.0039,4
1780280573.005,4
1780280573.006,4
1780280573.007,4
1780280573.008,4
1780280573.0089,4
1780280573.0099,4
1780280573.0109,4
1780280573.0119,4
1780280573.013,4
1780280573.014,4
1780280573.015,4
1780280573.016,4
1780280573.0169,4
1780280573.0179,4
1780280573.0189,4
1780280573.0199,4
1780280573.021,4
1780280573.022,4
1780280573.023,4
1780280573.024,4
1780280573.025,4
1780280573.0259,4
1780280573.0269,4
1780280573.0279,4
1780280573.0289,4
1780280573.03,4
1780280573.031,4
1780280573.032,4
1780280573.033,4
1780280573.0339,4
1780280573.0349,4
1780280573.0359,4
1780280573.0369,4
1780280573.038,4
1780280573.039,4
1780280573.04,4
1780280573.041,4
1780280573.0419,4
1780280573.0429,4
1780280573.0439,4
1780280573.0449,4
1780280573.046,4
1780280573.047,4
1780280573.048,4
1780280573.049,4
1780280573.05,4
1780280573.0509,4
1780280573.0519,4
1780280573.0529,4
1780280573.0539,4
1780280573.055,4
1780280573.056,4
1780280573.057,4
1780280573.058,4
1780280573.0589,4
1780280573.0599,4
1780280573.0609,4
1780280573.0619,4
1780280573.063,4
1780280573.064,4
1780280573.065,4
1780280573.066,4
1780280573.0669,4
1780280573.0679,4
1780280573.0689,4
1780280573.0699,4
1780280573.071,4
1780280573.072,4
1780280573.073,4
1780280573.074,4
1780280573.075,4
1780280573.0759,4
1780280573.0769,4
1780280573.0779,4
1780280573.0789,4
1780280573.08,4
1780280573.081,4
1780280573.082,4
1780280573.083,4
1780280573.0839,4
1780280573.0849,4
1780280573.0859,4
1780280573.0869,4
1780280573.088,4
1780280573.089,4
1780280573.09,4
1780280573.091,4
1780280573.0919,4
1780280573.0929,4
1780280573.0939,4
1780280573.0949,4
1780280573.096,4
1780280573.097,4
1780280573.098,4
1780280573.099,4
1780280574.0,4
1780280574.0009,4
1780280574.0019,4
1780280574.0029,4
1780280574.0039,4
1780280574.005,4
1780280574.006,4
1780280574.007,4
1780280574.008,4
1780280574.0089,4
1780280574.0099,4
1780280574.0109,4
1780280574.0119,4
1780280574.013,4
1780280574.014,4
1780280574.015,4
1780280574.016,4
1780280574.0169,4
1780280574.0179,4
1780280574.0189,4
1780280574.0199,4
1780280574.021,4
1780280574.022,4
1780280574.023,4
1780280574.024,4
1780280574.025,4
1780280574.0259,4
1780280574.0269,4
1780280574.0279,4
1780280574.0289,4
1780280574.03,4
1780280574.031,4
1780280574.032,4
1780280574.033,4
1780280574.0339,4
1780280574.0349,4
1780280574.0359,4
1780280574.0369,4
1780280574.038,4
1780280574.039,4
1780280574.04,4
1780280574.041,4
1780280574.0419,4
1780280574.0429,4
1780280574.0439,4
1780280574.0449,4
1780280574.046,4
1780280574.047,4
1780280574.048,4
1780280574.049,4
1780280574.05,4
1780280574.0509,4
1780280574.0519,4
1780280574.0529,4
1780280574.0539,4
1780280574.055,4
1780280574.056,4
1780280574.057,4
1780280574.058,4
1780280574.0589,4
1780280574.0599,4
1780280574.0609,4
1780280574.0619,4
1780280574.063,4
1780280574.064,4
1780280574.065,4
1780280574.066,4
1780280574.0669,4
1780280574.0679,4
1780280574.0689,4
1780280574.0699,4
1780280574.071,4
1780280574.072,4
1780280574.073,4
1780280574.074,4
1780280574.075,4
1780280574.0759,4
1780280574.0769,4
1780280574.0779,4
1780280574.0789,4
1780280574.08,4
1780280574.081,4
1780280574.082,4
1780280574.083,4
1780280574.0839,4
1780280574.0849,4
1780280574.0859,4
1780280574.0869,4
1780280574.088,4
1780280574.089,4
1780280574.09,4
1780280574.091,4
1780280574.0919,4
1780280574.0929,4
1780280574.0939,4
1780280574.0949,4
1780280574.096,4
1780280574.097,4
1780280574.098,4
1780280574.099,4
1780280575.0,4
1780280575.0009,4
1780280575.0019,4
1780280575.0029,4
1780280575.0039,4
1780280575.005,4
1780280575.006,4
1780280575.007,4
1780280575.008,4
1780280575.0089,4
1780280575.0099,4
1780280575.0109,4
1780280575.0119,4
1780280575.013,4
1780280575.014,4
1780280575.015,4
1780280575.016,4
1780280575.0169,4
1780280575.0179,4
1780280575.0189,4
1780280575.0199,4
1780280575.021,4
1780280575.022,4
1780280575.023,4
1780280575.024,4
1780280575.025,4
1780280575.0259,4
1780280575.0269,4
1780280575.0279,4
1780280575.0289,4
1780280575.03,4
1780280575.031,4
1780280575.032,4
1780280575.033,4
1780280575.0339,4
1780280575.0349,4
1780280575.0359,4
1780280575.0369,4
1780280575.038,4
1780280575.039,4
1780280575.04,4
1780280575.041,4
1780280575.0419,4
1780280575.0429,4
1780280575.0439,4
1780280575.0449,4
1780280575.046,4
1780280575.047,4
1780280575.048,4
1780280575.049,4
1780280575.05,4
1780280575.0509,4
1780280575.0519,4
1780280575.0529,4
1780280575.0539,4
1780280575.055,4
1780280575.056,4
1780280575.057,4
1780280575.058,4
1780280575.0589,4
1780280575.0599,4
1780280575.0609,4
1780280575.0619,4
1780280575.063,4
1780280575.064,4
1780280575.065,4
1780280575.066,4
1780280575.0669,4
1780280575.0679,4
1780280575.0689,4
1780280575.0699,4
1780280575.071,4
1780280575.072,4
1780280575.073,4
1780280575.074,4
1780280575.075,4
1780280575.0759,4
1780280575.0769,4
1780280575.0779,4
1780280575.0789,4
1780280575.08,4
1780280575.081,4
1780280575.082,4
1780280575.083,4
1780280575.0839,4
1780280575.0849,4
1780280575.0859,4
1780280575.0869,4
1780280575.088,4
1780280575.089,4
1780280575.09,4
1780280575.091,4
1780280575.0919,4
1780280575.0929,4
1780280575.0939,4
1780280575.0949,4
1780280575.096,4
1780280575.097,4
1780280575.098,4
1780280575.099,4
1780280576.0,4
1780280576.0009,4
1780280576.0019,4
1780280576.0029,4
1780280576.0039,4
1780280576.005,4
1780280576.006,4
1780280576.007,4
1780280576.008,4
1780280576.0089,4
1780280576.0099,4
1780280576.0109,4
1780280576.0119,4
1780280576.013,4
1780280576.014,4
1780280576.015,4
1780280576.016,4
1780280576.0169,4
1780280576.0179,4
1780280576.0189,4
1780280576.0199,4
1780280576.021,4
1780280576.022,4
1780280576.023,4
1780280576.024,4
1780280576.025,4
1780280576.0259,4
1780280576.0269,4
1780280576.0279,4
1780280576.0289,4
1780280576.03,4
1780280576.031,4
1780280576.032,4
1780280576.033,4
1780280576.0339,4
1780280576.0349,4
1780280576.0359,4
1780280576.0369,4
1780280576.038,4
1780280576.039,4
1780280576.04,4
1780280576.041,4
1780280576.0419,4
1780280576.0429,4
1780280576.0439,4
1780280576.0449,4
1780280576.046,4
1780280576.047,4
1780280576.048,4
1780280576.049,4
1780280576.05,4
1780280576.0509,4
1780280576.0519,4
1780280576.0529,4
1780280576.0539,4
1780280576.055,4
1780280576.056,4
1780280576.057,4
1780280576.058,4
1780280576.0589,4
1780280576.0599,4
1780280576.0609,4
1780280576.0619,4
1780280576.063,4
1780280576.064,4
1780280576.065,4
1780280576.066,4
1780280576.0669,4
1780280576.0679,4
1780280576.0689,4
1780280576.0699,4
1780280576.071,4
1780280576.072,4
1780280576.073,4
1780280576.074,4
1780280576.075,4
1780280576.0759,4
1780280576.0769,4
1780280576.0779,4
1780280576.0789,4
1780280576.08,4
1780280576.081,4
1780280576.082,4
1780280576.083,4
1780280576.0839,4
1780280576.0849,4
1780280576.0859,4
1780280576.0869,4
1780280576.088,4
1780280576.089,4
1780280576.09,4
1780280576.091,4
1780280576.0919,4
1780280576.0929,4
1780280576.0939,4
1780280576.0949,4
1780280576.096,4
1780280576.097,4
1780280576.098,4
1780280576.099,4
1780280577.0,4
1780280577.0009,4
1780280577.0019,4
1780280577.0029,4
1780280577.0039,4
1780280577.005,4
1780280577.006,4
1780280577.007,4
1780280577.008,4
1780280577.0089,4
1780280577.0099,4
1780280577.0109,4
1780280577.0119,4
1780280577.013,4
1780280577.014,4
1780280577.015,4
1780280577.016,4
1780280577.0169,4
1780280577.0179,4
1780280577.0189,4
1780280577.0199,4
1780280577.021,4
1780280577.022,4
1780280577.023,4
1780280577.024,4
1780280577.025,4
1780280577.0259,4
1780280577.0269,4
1780280577.0279,4
1780280577.0289,4
1780280577.03,4
1780280577.031,4
1780280577.032,4
1780280577.033,4
1780280577.0339,4
1780280577.0349,4
1780280577.0359,4
1780280577.0369,4
1780280577.038,4
1780280577.039,4
1780280577.04,4
1780280577.041,4
1780280577.0419,4
1780280577.0429,4
1780280577.0439,4
1780280577.0449,4
1780280577.046,4
1780280577.047,4
1780280577.048,4
1780280577.049,4
1780280577.05,4
1780280577.0509,4
1780280577.0519,4
1780280577.0529,4
1780280577.0539,4
1780280577.055,4
1780280577.056,4
1780280577.057,4
1780280577.058,4
1780280577.0589,4
1780280577.0599,4
1780280577.0609,4
1780280577.0619,4
1780280577.063,4
1780280577.064,4
1780280577.065,4
1780280577.066,4
1780280577.0669,4
1780280577.0679,4
1780280577.0689,4
1780280577.0699,4
1780280577.071,4
1780280577.072,4
1780280577.073,4
1780280577.074,4
1780280577.075,4
1780280577.0759,4
1780280577.0769,4
1780280577.0779,4
1780280577.0789,4
1780280577.08,4
1780280577.081,4
1780280577.082,4
1780280577.083,4
1780280577.0839,4
1780280577.0849,4
1780280577.0859,4
1780280577.0869,4
1780280577.088,4
1780280577.089,4
1780280577.09,4
1780280577.091,4
1780280577.0919,4
1780280577.0929,4
1780280577.0939,4
1780280577.0949,4
1780280577.096,4
1780280577.097,4
1780280577.098,4
1780280577.099,4
1780280578.0,4
1780280578.0009,4
1780280578.0019,4
1780280578.0029,4
1780280578.0039,4
1780280578.005,4
1780280578.006,4
1780280578.007,4
1780280578.008,4
1780280578.0089,4
1780280578.0099,4
1780280578.0109,4
1780280578.0119,4
1780280578.013,4
1780280578.014,4
1780280578.015,4
1780280578.016,4
1780280578.0169,4
1780280578.0179,4
1780280578.0189,4
1780280578.0199,4
1780280578.021,4
1780280578.022,4
1780280578.023,4
1780280578.024,4
1780280578.025,4
1780280578.0259,4
1780280578.0269,4
1780280578.0279,4
1780280578.0289,4
1780280578.03,4
1780280578.031,4
1780280578.032,4
1780280578.033,4
1780280578.0339,4
1780280578.0349,4
1780280578.0359,4
1780280578.0369,4
1780280578.038,4
1780280578.039,4
1780280578.04,4
1780280578.041,4
1780280578.0419,4
1780280578.0429,4
1780280578.0439,4
1780280578.0449,4
1780280578.046,4
1780280578.047,4
1780280578.048,4
1780280578.049,4
1780280578.05,4
1780280578.0509,4
1780280578.0519,4
1780280578.0529,4
1780280578.0539,4
1780280578.055,4
1780280578.056,4
1780280578.057,4
1780280578.058,4
1780280578.0589,4
1780280578.0599,4
1780280578.0609,4
1780280578.0619,4
1780280578.063,4
1780280578.064,4
1780280578.065,4
1780280578.066,4
1780280578.0669,4
1780280578.0679,4
1780280578.0689,4
1780280578.0699,4
1780280578.071,4
1780280578.072,4
1780280578.073,4
1780280578.074,4
1780280578.075,4
1780280578.0759,4
1780280578.0769,4
1780280578.0779,4
1780280578.0789,4
1780280578.08,4
1780280578.081,4
1780280578.082,4
1780280578.083,4
1780280578.0839,4
1780280578.0849,4
1780280578.0859,4
1780280578.0869,4
1780280578.088,4
1780280578.089,4
1780280578.09,4
1780280578.091,4
1780280578.0919,4
1780280578.0929,4
1780280578.0939,4
1780280578.0949,4
1780280578.096,4
1780280578.097,4
1780280578.098,4
1780280578.099,4
1780280579.0,4
1780280579.0009,4
1780280579.0019,4
1780280579.0029,4
1780280579.0039,4
1780280579.005,4
1780280579.006,4
1780280579.007,4
1780280579.008,4
1780280579.0089,4
1780280579.0099,4
1780280579.0109,4
1780280579.0119,4
1780280579.013,4
1780280579.014,4
1780280579.015,4
1780280579.016,4
1780280579.0169,4
1780280579.0179,4
1780280579.0189,4
1780280579.0199,4
1780280579.021,4
1780280579.022,4
1780280579.023,4
1780280579.024,4
1780280579.025,4
1780280579.0259,4
1780280579.0269,4
1780280579.0279,4
1780280579.0289,4
1780280579.03,4
1780280579.031,4
1780280579.032,4
1780280579.033,4
1780280579.0339,4
1780280579.0349,4
1780280579.0359,4
1780280579.0369,4
1780280579.038,4
1780280579.039,4
1780280579.04,4
1780280579.041,4
1780280579.0419,4
1780280579.0429,4
1780280579.0439,4
1780280579.0449,4
1780280579.046,4
1780280579.047,4
1780280579.048,4
1780280579.049,4
1780280579.05,4
1780280579.0509,4
1780280579.0519,4
1780280579.0529,4
1780280579.0539,4
1780280579.055,4
1780280579.056,4
1780280579.057,4
1780280579.058,4
1780280579.0589,4
1780280579.0599,4
1780280579.0609,4
1780280579.0619,4
1780280579.063,4
1780280579.064,4
1780280579.065,4
1780280579.066,4
1780280579.0669,4
1780280579.0679,4
1780280579.0689,4
1780280579.0699,4
1780280579.071,4
1780280579.072,4
1780280579.073,4
1780280579.074,4
1780280579.075,4
1780280579.0759,4
1780280579.0769,4
1780280579.0779,4
1780280579.0789,4
1780280579.08,4
1780280579.081,4
1780280579.082,4
1780280579.083,4
1780280579.0839,4
1780280579.0849,4
1780280579.0859,4
1780280579.0869,4
1780280579.088,4
1780280579.089,4
1780280579.09,4
1780280579.091,4
1780280579.0919,4
1780280579.0929,4
1780280579.0939,4
1780280579.0949,4
1780280579.096,4
1780280579.097,4
1780280579.098,4
1780280579.099,4
1780280580.0,4
1780280580.0009,4
1780280580.0019,4
1780280580.0029,4
1780280580.0039,4
1780280580.005,4
1780280580.006,4
1780280580.007,4
1780280580.008,4
1780280580.0089,4
1780280580.0099,4
1780280580.0109,4
1780280580.0119,4
1780280580.013,4
1780280580.014,4
1780280580.015,4
1780280580.016,4
1780280580.0169,4
1780280580.0179,4
1780280580.0189,4
1780280580.0199,4
1780280580.021,4
1780280580.022,4
1780280580.023,4
1780280580.024,4
1780280580.025,4
1780280580.0259,4
1780280580.0269,4
1780280580.0279,4
1780280580.0289,4
1780280580.03,4
1780280580.031,4
1780280580.032,4
1780280580.033,4
1780280580.0339,4
1780280580.0349,4
1780280580.0359,4
1780280580.0369,4
1780280580.038,4
1780280580.039,4
1780280580.04,4
1780280580.041,4
1780280580.0419,4
1780280580.0429,4
1780280580.0439,4
1780280580.0449,4
1780280580.046,4
1780280580.047,4
1780280580.048,4
1780280580.049,4
1780280580.05,4
1780280580.0509,4
1780280580.0519,4
1780280580.0529,4
1780280580.0539,4
1780280580.055,4
1780280580.056,4
1780280580.057,4
1780280580.058,4
1780280580.0589,4
1780280580.0599,4
1780280580.0609,4
1780280580.0619,4
1780280580.063,4
1780280580.064,4
1780280580.065,4
1780280580.066,4
1780280580.0669,4
1780280580.0679,4
1780280580.0689,4
1780280580.0699,4
1780280580.071,4
1780280580.072,4
1780280580.073,4
1780280580.074,4
1780280580.075,4
1780280580.0759,4
1780280580.0769,4
1780280580.0779,4
1780280580.0789,4
1780280580.08,4
1780280580.081,4
1780280580.082,4
1780280580.083,4
1780280580.0839,4
1780280580.0849,4
1780280580.0859,4
1780280580.0869,4
1780280580.088,4
1780280580.089,4
1780280580.09,4
1780280580.091,4
1780280580.0919,4
1780280580.0929,4
1780280580.0939,4
1780280580.0949,4
1780280580.096,4
1780280580.097,4
1780280580.098,4
1780280580.099,4
1780280581.0,4
1780280581.0009,4
1780280581.0019,4
1780280581.0029,4
1780280581.0039,4
1780280581.005,4
1780280581.006,4
1780280581.007,4
1780280581.008,4
1780280581.0089,4
1780280581.0099,4
1780280581.0109,4
1780280581.0119,4
1780280581.013,4
1780280581.014,4
1780280581.015,4
1780280581.016,4
1780280581.0169,4
1780280581.0179,4
1780280581.0189,4
1780280581.0199,4
1780280581.021,4
1780280581.022,4
1780280581.023,4
1780280581.024,4
1780280581.025,4
1780280581.0259,4
1780280581.0269,4
1780280581.0279,4
1780280581.0289,4
1780280581.03,4
1780280581.031,4
1780280581.032,4
1780280581.033,4
1780280581.0339,4
1780280581.0349,4
1780280581.0359,4
1780280581.0369,4
1780280581.038,4
1780280581.039,4
1780280581.04,4
1780280581.041,4
1780280581.0419,4
1780280581.0429,4
1780280581.0439,4
1780280581.0449,4
1780280581.046,4
1780280581.047,4
1780280581.048,4
1780280581.049,4
1780280581.05,4
1780280581.0509,4
1780280581.0519,4
1780280581.0529,4
1780280581.0539,4
1780280581.055,4
1780280581.056,4
1780280581.057,4
1780280581.058,4
1780280581.0589,4
1780280581.0599,4
1780280581.0609,4
1780280581.0619,4
1780280581.063,4
1780280581.064,4
1780280581.065,4
1780280581.066,4
1780280581.0669,4
1780280581.0679,4
1780280581.0689,4
1780280581.0699,4
1780280581.071,4
1780280581.072,4
1780280581.073,4
1780280581.074,4
1780280581.075,4
1780280581.0759,4
1780280581.0769,4
1780280581.0779,4
1780280581.0789,4
1780280581.08,4
1780280581.081,4
1780280581.082,4
1780280581.083,4
1780280581.0839,4
1780280581.0849,4
1780280581.0859,4
1780280581.0869,4
1780280581.088,4
1780280581.089,4
1780280581.09,4
1780280581.091,4
1780280581.0919,4
1780280581.0929,4
1780280581.0939,4
1780280581.0949,4
1780280581.096,4
1780280581.097,4
1780280581.098,4
1780280581.099,4
1780280582.0,4
1780280582.0009,4
1780280582.0019,4
1780280582.0029,4
1780280582.0039,4
1780280582.005,4
1780280582.006,4
1780280582.007,4
1780280582.008,4
1780280582.0089,4
1780280582.0099,4
1780280582.0109,4
1780280582.0119,4
1780280582.013,4
1780280582.014,4
1780280582.015,4
1780280582.016,4
1780280582.0169,4
1780280582.0179,4
1780280582.0189,4
1780280582.0199,4
1780280582.021,4
1780280582.022,4
1780280582.023,4
1780280582.024,4
1780280582.025,4
1780280582.0259,4
1780280582.0269,4
1780280582.0279,4
1780280582.0289,4
1780280582.03,4
1780280582.031,4
1780280582.032,4
1780280582.033,4
1780280582.0339,4
1780280582.0349,4
1780280582.0359,4
1780280582.0369,4
1780280582.038,4
1780280582.039,4
1780280582.04,4
1780280582.041,4
1780280582.0419,4
1780280582.0429,4
1780280582.0439,4
1780280582.0449,4
1780280582.046,4
1780280582.047,4
1780280582.048,4
1780280582.049,4
1780280582.05,4
1780280582.0509,4
1780280582.0519,4
1780280582.0529,4
1780280582.0539,4
1780280582.055,4
1780280582.056,4
1780280582.057,4
1780280582.058,4
1780280582.0589,4
1780280582.0599,4
1780280582.0609,4
1780280582.0619,4
1780280582.063,4
1780280582.064,4
1780280582.065,4
1780280582.066,4
1780280582.0669,4
1780280582.0679,4
1780280582.0689,4
1780280582.0699,4
1780280582.071,4
1780280582.072,4
1780280582.073,4
1780280582.074,4
1780280582.075,4
1780280582.0759,4
1780280582.0769,4
1780280582.0779,4
1780280582.0789,4
1780280582.08,4
1780280582.081,4
1780280582.082,4
1780280582.083,4
1780280582.0839,4
1780280582.0849,4
1780280582.0859,4
1780280582.0869,4
1780280582.088,4
1780280582.089,4
1780280582.09,4
1780280582.091,4
1780280582.0919,4
1780280582.0929,4
1780280582.0939,4
1780280582.0949,4
1780280582.096,4
1780280582.097,4
1780280582.098,4
1780280582.099,4
1780280583.0,4
1780280583.0009,4
1780280583.0019,4
1780280583.0029,4
1780280583.0039,4
1780280583.005,4
1780280583.006,4
1780280583.007,4
1780280583.008,4
1780280583.0089,4
1780280583.0099,4
1780280583.0109,4
1780280583.0119,4
1780280583.013,4
1780280583.014,4
1780280583.015,4
1780280583.016,4
1780280583.0169,4
1780280583.0179,4
1780280583.0189,4
1780280583.0199,4
1780280583.021,4
1780280583.022,4
1780280583.023,4
1780280583.024,4
1780280583.025,4
1780280583.0259,4
1780280583.0269,4
1780280583.0279,4
1780280583.0289,4
1780280583.03,4
1780280583.031,4
1780280583.032,4
1780280583.033,4
1780280583.0339,4
1780280583.0349,4
1780280583.0359,4
1780280583.0369,4
1780280583.038,4
1780280583.039,4
1780280583.04,4
1780280583.041,4
1780280583.0419,4
1780280583.0429,4
1780280583.0439,4
1780280583.0449,4
1780280583.046,4
1780280583.047,4
1780280583.048,4
1780280583.049,4
1780280583.05,4
1780280583.0509,4
1780280583.0519,4
1780280583.0529,4
1780280583.0539,4
1780280583.055,4
1780280583.056,4
1780280583.057,4
1780280583.058,4
1780280583.0589,4
1780280583.0599,4
1780280583.0609,4
1780280583.0619,4
1780280583.063,4
1780280583.064,4
1780280583.065,4
1780280583.066,4
1780280583.0669,4
1780280583.0679,4
1780280583.0689,4
1780280583.0699,4
1780280583.071,4
1780280583.072,4
1780280583.073,4
1780280583.074,4
1780280583.075,4
1780280583.0759,4
1780280583.0769,4
1780280583.0779,4
1780280583.0789,4
1780280583.08,4
1780280583.081,4
1780280583.082,4
1780280583.083,4
1780280583.0839,4
1780280583.0849,4
1780280583.0859,4
1780280583.0869,4
1780280583.088,4
1780280583.089,4
1780280583.09,4
1780280583.091,4
1780280583.0919,4
1780280583.0929,4
1780280583.0939,4
1780280583.0949,4
1780280583.096,4
1780280583.097,4
1780280583.098,4
1780280583.099,4
1780280584.0,4
1780280584.0009,4
1780280584.0019,4
1780280584.0029,4
1780280584.0039,4
1780280584.005,4
1780280584.006,4
1780280584.007,4
1780280584.008,4
1780280584.0089,4
1780280584.0099,4
1780280584.0109,4
1780280584.0119,4
1780280584.013,4
1780280584.014,4
1780280584.015,4
1780280584.016,4
1780280584.0169,4
1780280584.0179,4
1780280584.0189,4
1780280584.0199,4
1780280584.021,4
1780280584.022,4
1780280584.023,4
1780280584.024,4
1780280584.025,4
1780280584.0259,4
1780280584.0269,4
1780280584.0279,4
1780280584.0289,4
1780280584.03,4
1780280584.031,4
1780280584.032,4
1780280584.033,4
1780280584.0339,4
1780280584.0349,4
1780280584.0359,4
1780280584.0369,4
1780280584.038,4
1780280584.039,4
1780280584.04,4
1780280584.041,4
1780280584.0419,4
1780280584.0429,4
1780280584.0439,4
1780280584.0449,4
1780280584.046,4
1780280584.047,4
1780280584.048,4
1780280584.049,4
1780280584.05,4
1780280584.0509,4
1780280584.0519,4
1780280584.0529,4
1780280584.0539,4
1780280584.055,4
1780280584.056,4
1780280584.057,4
1780280584.058,4
1780280584.0589,4
1780280584.0599,4
1780280584.0609,4
1780280584.0619,4
1780280584.063,4
1780280584.064,4
1780280584.065,4
1780280584.066,4
1780280584.0669,4
1780280584.0679,4
1780280584.0689,4
1780280584.0699,4
1780280584.071,4
1780280584.072,4
1780280584.073,4
1780280584.074,4
1780280584.075,4
1780280584.0759,4
1780280584.0769,4
1780280584.0779,4
1780280584.0789,4
1780280584.08,4
1780280584.081,4
1780280584.082,4
1780280584.083,4
1780280584.0839,4
1780280584.0849,4
1780280584.0859,4
1780280584.0869,4
1780280584.088,4
1780280584.089,4
1780280584.09,4
1780280584.091,4
1780280584.0919,4
1780280584.0929,4
1780280584.0939,4
1780280584.0949,4
1780280584.096,4
1780280584.097,4
1780280584.098,4
1780280584.099,4
1780280585.0,4
1780280585.0009,4
1780280585.0019,4
1780280585.0029,4
1780280585.0039,4
1780280585.005,4
1780280585.006,4
1780280585.007,4
1780280585.008,4
1780280585.0089,4
1780280585.0099,4
1780280585.0109,4
1780280585.0119,4
1780280585.013,4
1780280585.014,4
1780280585.015,4
1780280585.016,4
1780280585.0169,4
1780280585.0179,4
1780280585.0189,4
1780280585.0199,4
1780280585.021,4
1780280585.022,4
1780280585.023,4
1780280585.024,4
1780280585.025,4
1780280585.0259,4
1780280585.0269,4
1780280585.0279,4
1780280585.0289,4
1780280585.03,4
1780280585.031,4
1780280585.032,4
1780280585.033,4
1780280585.0339,4
1780280585.0349,4
1780280585.0359,4
1780280585.0369,4
1780280585.038,4
1780280585.039,4
1780280585.04,4
1780280585.041,4
1780280585.0419,4
1780280585.0429,4
1780280585.0439,4
1780280585.0449,4
1780280585.046,4
1780280585.047,4
1780280585.048,4
1780280585.049,4
1780280585.05,4
1780280585.0509,4
1780280585.0519,4
1780280585.0529,4
1780280585.0539,4
1780280585.055,4
1780280585.056,4
1780280585.057,4
1780280585.058,4
1780280585.0589,4
1780280585.0599,4
1780280585.0609,4
1780280585.0619,4
1780280585.063,4
1780280585.064,4
1780280585.065,4
1780280585.066,4
1780280585.0669,4
1780280585.0679,4
1780280585.0689,4
1780280585.0699,4
1780280585.071,4
1780280585.072,4
1780280585.073,4
1780280585.074,4
1780280585.075,4
1780280585.0759,4
1780280585.0769,4
1780280585.0779,4
1780280585.0789,4
1780280585.08,4
1780280585.081,4
1780280585.082,4
1780280585.083,4
1780280585.0839,4
1780280585.0849,4
1780280585.0859,4
1780280585.0869,4
1780280585.088,4
1780280585.089,4
1780280585.09,4
1780280585.091,4
1780280585.0919,4
1780280585.0929,4
1780280585.0939,4
1780280585.0949,4
1780280585.096,4
1780280585.097,4
1780280585.098,4
1780280585.099,4
1780280586.0,4
1780280586.0009,4
1780280586.0019,4
1780280586.0029,4
1780280586.0039,4
1780280586.005,4
1780280586.006,4
1780280586.007,4
1780280586.008,4
1780280586.0089,4
1780280586.0099,4
1780280586.0109,4
1780280586.0119,4
1780280586.013,4
1780280586.014,4
1780280586.015,4
1780280586.016,4
1780280586.0169,4
1780280586.0179,4
1780280586.0189,4
1780280586.0199,4
1780280586.021,4
1780280586.022,4
1780280586.023,4
1780280586.024,4
1780280586.025,4
1780280586.0259,4
1780280586.0269,4
1780280586.0279,4
1780280586.0289,4
1780280586.03,4
1780280586.031,4
1780280586.032,4
1780280586.033,4
1780280586.0339,4
1780280586.0349,4
1780280586.0359,4
1780280586.0369,4
1780280586.038,4
1780280586.039,4
1780280586.04,4
1780280586.041,4
1780280586.0419,4
1780280586.0429,4
1780280586.0439,4
1780280586.0449,4
1780280586.046,4
1780280586.047,4
1780280586.048,4
1780280586.049,4
1780280586.05,4
1780280586.0509,4
1780280586.0519,4
1780280586.0529,4
1780280586.0539,4
1780280586.055,4
1780280586.056,4
1780280586.057,4
1780280586.058,4
1780280586.0589,4
1780280586.0599,4
1780280586.0609,4
1780280586.0619,4
1780280586.063,4
1780280586.064,4
1780280586.065,4
1780280586.066,4
1780280586.0669,4
1780280586.0679,4
1780280586.0689,4
1780280586.0699,4
1780280586.071,4
1780280586.072,4
1780280586.073,4
1780280586.074,4
1780280586.075,4
1780280586.0759,4
1780280586.0769,4
1780280586.0779,4
1780280586.0789,4
1780280586.08,4
1780280586.081,4
1780280586.082,4
1780280586.083,4
1780280586.0839,4
1780280586.0849,4
1780280586.0859,4
1780280586.0869,4
1780280586.088,4
1780280586.089,4
1780280586.09,4
1780280586.091,4
1780280586.0919,4
1780280586.0929,4
1780280586.0939,4
1780280586.0949,4
1780280586.096,4
1780280586.097,4
1780280586.098,4
1780280586.099,4
1780280587.0,4
1780280587.0009,4
1780280587.0019,4
1780280587.0029,4
1780280587.0039,4
1780280587.005,4
1780280587.006,4
1780280587.007,4
1780280587.008,4
1780280587.0089,4
1780280587.0099,4
1780280587.0109,4
1780280587.0119,4
1780280587.013,4
1780280587.014,4
1780280587.015,4
1780280587.016,4
1780280587.0169,4
1780280587.0179,4
1780280587.0189,4
1780280587.0199,4
1780280587.021,4
1780280587.022,4
1780280587.023,4
1780280587.024,4
1780280587.025,4
1780280587.0259,4
1780280587.0269,4
1780280587.0279,4
1780280587.0289,4
1780280587.03,4
1780280587.031,4
1780280587.032,4
1780280587.033,4
1780280587.0339,4
1780280587.0349,4
1780280587.0359,4
1780280587.0369,4
1780280587.038,4
1780280587.039,4
1780280587.04,4
1780280587.041,4
1780280587.0419,4
1780280587.0429,4
1780280587.0439,4
1780280587.0449,4
1780280587.046,4
1780280587.047,4
1780280587.048,4
1780280587.049,4
1780280587.05,4
1780280587.0509,4
1780280587.0519,4
1780280587.0529,4
1780280587.0539,4
1780280587.055,4
1780280587.056,4
1780280587.057,4
1780280587.058,4
1780280587.0589,4
1780280587.0599,4
1780280587.0609,4
1780280587.0619,4
1780280587.063,4
1780280587.064,4
1780280587.065,4
1780280587.066,4
1780280587.0669,4
1780280587.0679,4
1780280587.0689,4
1780280587.0699,4
1780280587.071,4
1780280587.072,4
1780280587.073,4
1780280587.074,4
1780280587.075,4
1780280587.0759,4
1780280587.0769,4
1780280587.0779,4
1780280587.0789,4
1780280587.08,4
1780280587.081,4
1780280587.082,4
1780280587.083,4
1780280587.0839,4
1780280587.0849,4
1780280587.0859,4
1780280587.0869,4
1780280587.088,4
1780280587.089,4
1780280587.09,4
1780280587.091,4
1780280587.0919,4
1780280587.0929,4
1780280587.0939,4
1780280587.0949,4
1780280587.096,4
1780280587.097,4
1780280587.098,4
1780280587.099,4
1780280588.0,4
1780280588.0009,4
1780280588.0019,4
1780280588.0029,4
1780280588.0039,4
1780280588.005,4
1780280588.006,4
1780280588.007,4
1780280588.008,4
1780280588.0089,4
1780280588.0099,4
1780280588.0109,4
1780280588.0119,4
1780280588.013,4
1780280588.014,4
1780280588.015,4
1780280588.016,4
1780280588.0169,4
1780280588.0179,4
1780280588.0189,4
1780280588.0199,4
1780280588.021,4
1780280588.022,4
1780280588.023,4
1780280588.024,4
1780280588.025,4
1780280588.0259,4
1780280588.0269,4
1780280588.0279,4
1780280588.0289,4
1780280588.03,4
1780280588.031,4
1780280588.032,4
1780280588.033,4
1780280588.0339,4
1780280588.0349,4
1780280588.0359,4
1780280588.0369,4
1780280588.038,4
1780280588.039,4
1780280588.04,4
1780280588.041,4
1780280588.0419,4
1780280588.0429,4
1780280588.0439,4
1780280588.0449,4
1780280588.046,4
1780280588.047,4
1780280588.048,4
1780280588.049,4
1780280588.05,4
1780280588.0509,4
1780280588.0519,4
1780280588.0529,4
1780280588.0539,4
1780280588.055,4
1780280588.056,4
1780280588.057,4
1780280588.058,4
1780280588.0589,4
1780280588.0599,4
1780280588.0609,4
1780280588.0619,4
1780280588.063,4
1780280588.064,4
1780280588.065,4
1780280588.066,4
1780280588.0669,4
1780280588.0679,4
1780280588.0689,4
1780280588.0699,4
1780280588.071,4
1780280588.072,4
1780280588.073,4
1780280588.074,4
1780280588.075,4
1780280588.0759,4
1780280588.0769,4
1780280588.0779,4
1780280588.0789,4
1780280588.08,4
1780280588.081,4
1780280588.082,4
1780280588.083,4
1780280588.0839,4
1780280588.0849,4
1780280588.0859,4
1780280588.0869,4
1780280588.088,4
1780280588.089,4
1780280588.09,4
1780280588.091,4
1780280588.0919,4
1780280588.0929,4
1780280588.0939,4
1780280588.0949,4
1780280588.096,4
1780280588.097,4
1780280588.098,4
1780280588.099,4
1780280589.0,4
1780280589.0009,4
1780280589.0019,4
1780280589.0029,4
1780280589.0039,4
1780280589.005,4
1780280589.006,4
1780280589.007,4
1780280589.008,4
1780280589.0089,4
1780280589.0099,4
1780280589.0109,4
1780280589.0119,4
1780280589.013,4
1780280589.014,4
1780280589.015,4
1780280589.016,4
1780280589.0169,4
1780280589.0179,4
1780280589.0189,4
1780280589.0199,4
1780280589.021,4
1780280589.022,4
1780280589.023,4
1780280589.024,4
1780280589.025,4
1780280589.0259,4
1780280589.0269,4
1780280589.0279,4
1780280589.0289,4
1780280589.03,4
1780280589.031,4
1780280589.032,4
1780280589.033,4
1780280589.0339,4
1780280589.0349,4
1780280589.0359,4
1780280589.0369,4
1780280589.038,4
1780280589.039,4
1780280589.04,4
1780280589.041,4
1780280589.0419,4
1780280589.0429,4
1780280589.0439,4
1780280589.0449,4
1780280589.046,4
1780280589.047,4
1780280589.048,4
1780280589.049,4
1780280589.05,4
1780280589.0509,4
1780280589.0519,4
1780280589.0529,4
1780280589.0539,4
1780280589.055,4
1780280589.056,4
1780280589.057,4
1780280589.058,4
1780280589.0589,4
1780280589.0599,4
1780280589.0609,4
1780280589.0619,4
1780280589.063,4
1780280589.064,4
1780280589.065,4
1780280589.066,4
1780280589.0669,4
1780280589.0679,4
1780280589.0689,4
1780280589.0699,4
1780280589.071,4
1780280589.072,4
1780280589.073,4
1780280589.074,4
1780280589.075,4
1780280589.0759,4
1780280589.0769,4
1780280589.0779,4
1780280589.0789,4
1780280589.08,4
1780280589.081,4
1780280589.082,4
1780280589.083,4
1780280589.0839,4
1780280589.0849,4
1780280589.0859,4
1780280589.0869,4
1780280589.088,4
1780280589.089,4
1780280589.09,4
1780280589.091,4
1780280589.0919,4
1780280589.0929,4
1780280589.0939,4
1780280589.0949,4
1780280589.096,4
1780280589.097,4
1780280589.098,4
1780280589.099,4
1780280590.0,4
1780280590.0009,4
1780280590.0019,4
1780280590.0029,4
1780280590.0039,4
1780280590.005,4
1780280590.006,4
1780280590.007,4
1780280590.008,4
1780280590.0089,4
1780280590.0099,4
1780280590.0109,4
1780280590.0119,4
1780280590.013,4
1780280590.014,4
1780280590.015,4
1780280590.016,4
1780280590.0169,4
1780280590.0179,4
1780280590.0189,4
1780280590.0199,4
1780280590.021,4
1780280590.022,4
1780280590.023,4
1780280590.024,4
1780280590.025,4
1780280590.0259,4
1780280590.0269,4
1780280590.0279,4
1780280590.0289,4
1780280590.03,4
1780280590.031,4
1780280590.032,4
1780280590.033,4
1780280590.0339,4
1780280590.0349,4
1780280590.0359,4
1780280590.0369,4
1780280590.038,4
1780280590.039,4
1780280590.04,4
1780280590.041,4
1780280590.0419,4
1780280590.0429,4
1780280590.0439,4
1780280590.0449,4
1780280590.046,4
1780280590.047,4
1780280590.048,4
1780280590.049,4
1780280590.05,4
1780280590.0509,4
1780280590.0519,4
1780280590.0529,4
1780280590.0539,4
1780280590.055,4
1780280590.056,4
1780280590.057,4
1780280590.058,4
1780280590.0589,4
1780280590.0599,4
1780280590.0609,4
1780280590.0619,4
1780280590.063,4
1780280590.064,4
1780280590.065,4
1780280590.066,4
1780280590.0669,4
1780280590.0679,4
1780280590.0689,4
1780280590.0699,4
1780280590.071,4
1780280590.072,4
1780280590.073,4
1780280590.074,4
1780280590.075,4
1780280590.0759,4
1780280590.0769,4
1780280590.0779,4
1780280590.0789,4
1780280590.08,4
1780280590.081,4
1780280590.082,4
1780280590.083,4
1780280590.0839,4
1780280590.0849,4
1780280590.0859,4
1780280590.0869,4
1780280590.088,4
1780280590.089,4
1780280590.09,4
1780280590.091,4
1780280590.0919,4
1780280590.0929,4
1780280590.0939,4
1780280590.0949,4
1780280590.096,4
1780280590.097,4
1780280590.098,4
1780280590.099,4
1780280591.0,4
1780280591.0009,4
1780280591.0019,4
1780280591.0029,4
1780280591.0039,4
1780280591.005,4
1780280591.006,4
1780280591.007,4
1780280591.008,4
1780280591.0089,4
1780280591.0099,4
1780280591.0109,4
1780280591.0119,4
1780280591.013,4
1780280591.014,4
1780280591.015,4
1780280591.016,4
1780280591.0169,4
1780280591.0179,4
1780280591.0189,4
1780280591.0199,4
1780280591.021,4
1780280591.022,4
1780280591.023,4
1780280591.024,4
1780280591.025,4
1780280591.0259,4
1780280591.0269,4
1780280591.0279,4
1780280591.0289,4
1780280591.03,4
1780280591.031,4
1780280591.032,4
1780280591.033,4
1780280591.0339,4
1780280591.0349,4
1780280591.0359,4
1780280591.0369,4
1780280591.038,4
1780280591.039,4
1780280591.04,4
1780280591.041,4
1780280591.0419,4
1780280591.0429,4
1780280591.0439,4
1780280591.0449,4
1780280591.046,4
1780280591.047,4
1780280591.048,4
1780280591.049,4
1780280591.05,4
1780280591.0509,4
1780280591.0519,4
1780280591.0529,4
1780280591.0539,4
1780280591.055,4
1780280591.056,4
1780280591.057,4
1780280591.058,4
1780280591.0589,4
1780280591.0599,4
1780280591.0609,4
1780280591.0619,4
1780280591.063,4
1780280591.064,4
1780280591.065,4
1780280591.066,4
1780280591.0669,4
1780280591.0679,4
1780280591.0689,4
1780280591.0699,4
1780280591.071,4
1780280591.072,4
1780280591.073,4
1780280591.074,4
1780280591.075,4
1780280591.0759,4
1780280591.0769,4
1780280591.0779,4
1780280591.0789,4
1780280591.08,4
1780280591.081,4
1780280591.082,4
1780280591.083,4
1780280591.0839,4
1780280591.0849,4
1780280591.0859,4
1780280591.0869,4
1780280591.088,4
1780280591.089,4
1780280591.09,4
1780280591.091,4
1780280591.0919,4
1780280591.0929,4
1780280591.0939,4
1780280591.0949,4
1780280591.096,4
1780280591.097,4
1780280591.098,4
1780280591.099,4
1780280592.0,4
1780280592.0009,4
1780280592.0019,4
1780280592.0029,4
1780280592.0039,4
1780280592.005,4
1780280592.006,4
1780280592.007,4
1780280592.008,4
1780280592.0089,4
1780280592.0099,4
1780280592.0109,4
1780280592.0119,4
1780280592.013,4
1780280592.014,4
1780280592.015,4
1780280592.016,4
1780280592.0169,4
1780280592.0179,4
1780280592.0189,4
1780280592.0199,4
1780280592.021,4
1780280592.022,4
1780280592.023,4
1780280592.024,4
1780280592.025,4
1780280592.0259,4
1780280592.0269,4
1780280592.0279,4
1780280592.0289,4
1780280592.03,4
1780280592.031,4
1780280592.032,4
1780280592.033,4
1780280592.0339,4
1780280592.0349,4
1780280592.0359,4
1780280592.0369,4
1780280592.038,4
1780280592.039,4
1780280592.04,4
1780280592.041,4
1780280592.0419,4
1780280592.0429,4
1780280592.0439,4
1780280592.0449,4
1780280592.046,4
1780280592.047,4
1780280592.048,4
1780280592.049,4
1780280592.05,4
1780280592.0509,4
1780280592.0519,4
1780280592.0529,4
1780280592.0539,4
1780280592.055,4
1780280592.056,4
1780280592.057,4
1780280592.058,4
1780280592.0589,4
1780280592.0599,4
1780280592.0609,4
1780280592.0619,4
1780280592.063,4
1780280592.064,4
1780280592.065,4
1780280592.066,4
1780280592.0669,4
1780280592.0679,4
1780280592.0689,4
1780280592.0699,4
1780280592.071,4
1780280592.072,4
1780280592.073,4
1780280592.074,4
1780280592.075,4
1780280592.0759,4
1780280592.0769,4
1780280592.0779,4
1780280592.0789,4
1780280592.08,4
1780280592.081,4
1780280592.082,4
1780280592.083,4
1780280592.0839,4
1780280592.0849,4
1780280592.0859,4
1780280592.0869,4
1780280592.088,4
1780280592.089,4
1780280592.09,4
1780280592.091,4
1780280592.0919,4
1780280592.0929,4
1780280592.0939,4
1780280592.0949,4
1780280592.096,4
1780280592.097,4
1780280592.098,4
1780280592.099,4
1780280593.0,4
1780280593.0009,4
1780280593.0019,4
1780280593.0029,4
1780280593.0039,4
1780280593.005,4
1780280593.006,4
1780280593.007,4
1780280593.008,4
1780280593.0089,4
1780280593.0099,4
1780280593.0109,4
1780280593.0119,4
1780280593.013,4
1780280593.014,4
1780280593.015,4
1780280593.016,4
1780280593.0169,4
1780280593.0179,4
1780280593.0189,4
1780280593.0199,4
1780280593.021,4
1780280593.022,4
1780280593.023,4
1780280593.024,4
1780280593.025,4
1780280593.0259,4
1780280593.0269,4
1780280593.0279,4
1780280593.0289,4
1780280593.03,4
1780280593.031,4
1780280593.032,4
1780280593.033,4
1780280593.0339,4
1780280593.0349,4
1780280593.0359,4
1780280593.0369,4
1780280593.038,4
1780280593.039,4
1780280593.04,4
1780280593.041,4
1780280593.0419,4
1780280593.0429,4
1780280593.0439,4
1780280593.0449,4
1780280593.046,4
1780280593.047,4
1780280593.048,4
1780280593.049,4
1780280593.05,4
1780280593.0509,4
1780280593.0519,4
1780280593.0529,4
1780280593.0539,4
1780280593.055,4
1780280593.056,4
1780280593.057,4
1780280593.058,4
1780280593.0589,4
1780280593.0599,4
1780280593.0609,4
1780280593.0619,4
1780280593.063,4
1780280593.064,4
1780280593.065,4
1780280593.066,4
1780280593.0669,4
1780280593.0679,4
1780280593.0689,4
1780280593.0699,4
1780280593.071,4
1780280593.072,4
1780280593.073,4
1780280593.074,4
1780280593.075,4
1780280593.0759,4
1780280593.0769,4
1780280593.0779,4
1780280593.0789,4
1780280593.08,4
1780280593.081,4
1780280593.082,4
1780280593.083,4
1780280593.0839,4
1780280593.0849,4
1780280593.0859,4
1780280593.0869,4
1780280593.088,4
1780280593.089,4
1780280593.09,4
1780280593.091,4
1780280593.0919,4
1780280593.0929,4
1780280593.0939,4
1780280593.0949,4
1780280593.096,4
1780280593.097,4
1780280593.098,4
1780280593.099,4
1780280594.0,4
1780280594.0009,4
1780280594.0019,4
1780280594.0029,4
1780280594.0039,4
1780280594.005,4
1780280594.006,4
1780280594.007,4
1780280594.008,4
1780280594.0089,4
1780280594.0099,4
1780280594.0109,4
1780280594.0119,4
1780280594.013,4
1780280594.014,4
1780280594.015,4
1780280594.016,4
1780280594.0169,4
1780280594.0179,4
1780280594.0189,4
1780280594.0199,4
1780280594.021,4
1780280594.022,4
1780280594.023,4
1780280594.024,4
1780280594.025,4
1780280594.0259,4
1780280594.0269,4
1780280594.0279,4
1780280594.0289,4
1780280594.03,4
1780280594.031,4
1780280594.032,4
1780280594.033,4
1780280594.0339,4
1780280594.0349,4
1780280594.0359,4
1780280594.0369,4
1780280594.038,4
1780280594.039,4
1780280594.04,4
1780280594.041,4
1780280594.0419,4
1780280594.0429,4
1780280594.0439,4
1780280594.0449,4
1780280594.046,4
1780280594.047,4
1780280594.048,4
1780280594.049,4
1780280594.05,4
1780280594.0509,4
1780280594.0519,4
1780280594.0529,4
1780280594.0539,4
1780280594.055,4
1780280594.056,4
1780280594.057,4
1780280594.058,4
1780280594.0589,4
1780280594.0599,4
1780280594.0609,4
1780280594.0619,4
1780280594.063,4
1780280594.064,4
1780280594.065,4
1780280594.066,4
1780280594.0669,4
1780280594.0679,4
1780280594.0689,4
1780280594.0699,4
1780280594.071,4
1780280594.072,4
1780280594.073,4
1780280594.074,4
1780280594.075,4
1780280594.0759,4
1780280594.0769,4
1780280594.0779,4
1780280594.0789,4
1780280594.08,4
1780280594.081,4
1780280594.082,4
1780280594.083,4
1780280594.0839,4
1780280594.0849,4
1780280594.0859,4
1780280594.0869,4
1780280594.088,4
1780280594.089,4
1780280594.09,4
1780280594.091,4
1780280594.0919,4
1780280594.0929,4
1780280594.0939,4
1780280594.0949,4
1780280594.096,4
1780280594.097,4
1780280594.098,4
1780280594.099,4
1780280595.0,4
1780280595.0009,4
1780280595.0019,4
1780280595.0029,4
1780280595.0039,4
1780280595.005,4
1780280595.006,4
1780280595.007,4
1780280595.008,4
1780280595.0089,4
1780280595.0099,4
1780280595.0109,4
1780280595.0119,4
1780280595.013,4
1780280595.014,4
1780280595.015,4
1780280595.016,4
1780280595.0169,4
1780280595.0179,4
1780280595.0189,4
1780280595.0199,4
1780280595.021,4
1780280595.022,4
1780280595.023,4
1780280595.024,4
1780280595.025,4
1780280595.0259,4
1780280595.0269,4
1780280595.0279,4
1780280595.0289,4
1780280595.03,4
1780280595.031,4
1780280595.032,4
1780280595.033,4
1780280595.0339,4
1780280595.0349,4
1780280595.0359,4
1780280595.0369,4
1780280595.038,4
1780280595.039,4
1780280595.04,4
1780280595.041,4
1780280595.0419,4
1780280595.0429,4
1780280595.0439,4
1780280595.0449,4
1780280595.046,4
1780280595.047,4
1780280595.048,4
1780280595.049,4
1780280595.05,4
1780280595.0509,4
1780280595.0519,4
1780280595.0529,4
1780280595.0539,4
1780280595.055,4
1780280595.056,4
1780280595.057,4
1780280595.058,4
1780280595.0589,4
1780280595.0599,4
1780280595.0609,4
1780280595.0619,4
1780280595.063,4
1780280595.064,4
1780280595.065,4
1780280595.066,4
1780280595.0669,4
1780280595.0679,4
1780280595.0689,4
1780280595.0699,4
1780280595.071,4
1780280595.072,4
1780280595.073,4
1780280595.074,4
1780280595.075,4
1780280595.0759,4
1780280595.0769,4
1780280595.0779,4
1780280595.0789,4
1780280595.08,4
1780280595.081,4
1780280595.082,4
1780280595.083,4
1780280595.0839,4
1780280595.0849,4
1780280595.0859,4
1780280595.0869,4
1780280595.088,4
1780280595.089,4
1780280595.09,4
1780280595.091,4
1780280595.0919,4
1780280595.0929,4
1780280595.0939,4
1780280595.0949,4
1780280595.096,4
1780280595.097,4
1780280595.098,4
1780280595.099,4
1780280596.0,4
1780280596.0009,4
1780280596.0019,4
1780280596.0029,4
1780280596.0039,4
1780280596.005,4
1780280596.006,4
1780280596.007,4
1780280596.008,4
1780280596.0089,4
1780280596.0099,4
1780280596.0109,4
1780280596.0119,4
1780280596.013,4
1780280596.014,4
1780280596.015,4
1780280596.016,4
1780280596.0169,4
1780280596.0179,4
1780280596.0189,4
1780280596.0199,4
1780280596.021,4
1780280596.022,4
1780280596.023,4
1780280596.024,4
1780280596.025,4
1780280596.0259,4
1780280596.0269,4
1780280596.0279,4
1780280596.0289,4
1780280596.03,4
1780280596.031,4
1780280596.032,4
1780280596.033,4
1780280596.0339,4
1780280596.0349,4
1780280596.0359,4
1780280596.0369,4
1780280596.038,4
1780280596.039,4
1780280596.04,4
1780280596.041,4
1780280596.0419,4
1780280596.0429,4
1780280596.0439,4
1780280596.0449,4
1780280596.046,4
1780280596.047,4
1780280596.048,4
1780280596.049,4
1780280596.05,4
1780280596.0509,4
1780280596.0519,4
1780280596.0529,4
1780280596.0539,4
1780280596.055,4
1780280596.056,4
1780280596.057,4
1780280596.058,4
1780280596.0589,4
1780280596.0599,4
1780280596.0609,4
1780280596.0619,4
1780280596.063,4
1780280596.064,4
1780280596.065,4
1780280596.066,4
1780280596.0669,4
1780280596.0679,4
1780280596.0689,4
1780280596.0699,4
1780280596.071,4
1780280596.072,4
1780280596.073,4
1780280596.074,4
1780280596.075,4
1780280596.0759,4
1780280596.0769,4
1780280596.0779,4
1780280596.0789,4
1780280596.08,4
1780280596.081,4
1780280596.082,4
1780280596.083,4
1780280596.0839,4
1780280596.0849,4
1780280596.0859,4
1780280596.0869,4
1780280596.088,4
1780280596.089,4
1780280596.09,4
1780280596.091,4
1780280596.0919,4
1780280596.0929,4
1780280596.0939,4
1780280596.0949,4
1780280596.096,4
1780280596.097,4
1780280596.098,4
1780280596.099,4
1780280597.0,4
1780280597.0009,4
1780280597.0019,4
1780280597.0029,4
1780280597.0039,4
1780280597.005,4
1780280597.006,4
1780280597.007,4
1780280597.008,4
1780280597.0089,4
1780280597.0099,4
1780280597.0109,4
1780280597.0119,4
1780280597.013,4
1780280597.014,4
1780280597.015,4
1780280597.016,4
1780280597.0169,4
1780280597.0179,4
1780280597.0189,4
1780280597.0199,4
1780280597.021,4
1780280597.022,4
1780280597.023,4
1780280597.024,4
1780280597.025,4
1780280597.0259,4
1780280597.0269,4
1780280597.0279,4
1780280597.0289,4
1780280597.03,4
1780280597.031,4
1780280597.032,4
1780280597.033,4
1780280597.0339,4
1780280597.0349,4
1780280597.0359,4
1780280597.0369,4
1780280597.038,4
1780280597.039,4
1780280597.04,4
1780280597.041,4
1780280597.0419,4
1780280597.0429,4
1780280597.0439,4
1780280597.0449,4
1780280597.046,4
1780280597.047,4
1780280597.048,4
1780280597.049,4
1780280597.05,4
1780280597.0509,4
1780280597.0519,4
1780280597.0529,4
1780280597.0539,4
1780280597.055,4
1780280597.056,4
1780280597.057,4
1780280597.058,4
1780280597.0589,4
1780280597.0599,4
1780280597.0609,4
1780280597.0619,4
1780280597.063,4
1780280597.064,4
1780280597.065,4
1780280597.066,4
1780280597.0669,4
1780280597.0679,4
1780280597.0689,4
1780280597.0699,4
1780280597.071,4
1780280597.072,4
1780280597.073,4
1780280597.074,4
1780280597.075,4
1780280597.0759,4
1780280597.0769,4
1780280597.0779,4
1780280597.0789,4
1780280597.08,4
1780280597.081,4
1780280597.082,4
1780280597.083,4
1780280597.0839,4
1780280597.0849,4
1780280597.0859,4
1780280597.0869,4
1780280597.088,4
1780280597.089,4
1780280597.09,4
1780280597.091,4
1780280597.0919,4
1780280597.0929,4
1780280597.0939,4
1780280597.0949,4
1780280597.096,4
1780280597.097,4
1780280597.098,4
1780280597.099,4
1780280598.0,4
1780280598.0009,4
1780280598.0019,4
1780280598.0029,4
1780280598.0039,4
1780280598.005,4
1780280598.006,4
1780280598.007,4
1780280598.008,4
1780280598.0089,4
1780280598.0099,4
1780280598.0109,4
1780280598.0119,4
1780280598.013,4
1780280598.014,4
1780280598.015,4
1780280598.016,4
1780280598.0169,4
1780280598.0179,4
1780280598.0189,4
1780280598.0199,4
1780280598.021,4
1780280598.022,4
1780280598.023,4
1780280598.024,4
1780280598.025,4
1780280598.0259,4
1780280598.0269,4
1780280598.0279,4
1780280598.0289,4
1780280598.03,4
1780280598.031,4
1780280598.032,4
1780280598.033,4
1780280598.0339,4
1780280598.0349,4
1780280598.0359,4
1780280598.0369,4
1780280598.038,4
1780280598.039,4
1780280598.04,4
1780280598.041,4
1780280598.0419,4
1780280598.0429,4
1780280598.0439,4
1780280598.0449,4
1780280598.046,4
1780280598.047,4
1780280598.048,4
1780280598.049,4
1780280598.05,4
1780280598.0509,4
1780280598.0519,4
1780280598.0529,4
1780280598.0539,4
1780280598.055,4
1780280598.056,4
1780280598.057,4
1780280598.058,4
1780280598.0589,4
1780280598.0599,4
1780280598.0609,4
1780280598.0619,4
1780280598.063,4
1780280598.064,4
1780280598.065,4
1780280598.066,4
1780280598.0669,4
1780280598.0679,4
1780280598.0689,4
1780280598.0699,4
1780280598.071,4
1780280598.072,4
1780280598.073,4
1780280598.074,4
1780280598.075,4
1780280598.0759,4
1780280598.0769,4
1780280598.0779,4
1780280598.0789,4
1780280598.08,4
1780280598.081,4
1780280598.082,4
1780280598.083,4
1780280598.0839,4
1780280598.0849,4
1780280598.0859,4
1780280598.0869,4
1780280598.088,4
1780280598.089,4
1780280598.09,4
1780280598.091,4
1780280598.0919,4
1780280598.0929,4
1780280598.0939,4
1780280598.0949,4
1780280598.096,4
1780280598.097,4
1780280598.098,4
1780280598.099,4
1780280599.0,4
1780280599.0009,4
1780280599.0019,4
1780280599.0029,4
1780280599.0039,4
1780280599.005,4
1780280599.006,4
1780280599.007,4
1780280599.008,4
1780280599.0089,4
1780280599.0099,4
1780280599.0109,4
1780280599.0119,4
1780280599.013,4
1780280599.014,4
1780280599.015,4
1780280599.016,4
1780280599.0169,4
1780280599.0179,4
1780280599.0189,4
1780280599.0199,4
1780280599.021,4
1780280599.022,4
1780280599.023,4
1780280599.024,4
1780280599.025,4
1780280599.0259,4
1780280599.0269,4
1780280599.0279,4
1780280599.0289,4
1780280599.03,4
1780280599.031,4
1780280599.032,4
1780280599.033,4
1780280599.0339,4
1780280599.0349,4
1780280599.0359,4
1780280599.0369,4
1780280599.038,4
1780280599.039,4
1780280599.04,4
1780280599.041,4
1780280599.0419,4
1780280599.0429,4
1780280599.0439,4
1780280599.0449,4
1780280599.046,4
1780280599.047,4
1780280599.048,4
1780280599.049,4
1780280599.05,4
1780280599.0509,4
1780280599.0519,4
1780280599.0529,4
1780280599.0539,4
1780280599.055,4
1780280599.056,4
1780280599.057,4
1780280599.058,4
1780280599.0589,4
1780280599.0599,4
1780280599.0609,4
1780280599.0619,4
1780280599.063,4
1780280599.064,4
1780280599.065,4
1780280599.066,4
1780280599.0669,4
1780280599.0679,4
1780280599.0689,4
1780280599.0699,4
1780280599.071,4
1780280599.072,4
1780280599.073,4
1780280599.074,4
1780280599.075,4
1780280599.0759,4
1780280599.0769,4
1780280599.0779,4
1780280599.0789,4
1780280599.08,4
1780280599.081,4
1780280599.082,4
1780280599.083,4
1780280599.0839,4
1780280599.0849,4
1780280599.0859,4
1780280599.0869,4
1780280599.088,4
1780280599.089,4
1780280599.09,4
1780280599.091,4
1780280599.0919,4
1780280599.0929,4
1780280599.0939,4
1780280599.0949,4
1780280599.096,4
1780280599.097,4
1780280599.098,4
1780280599.099,4
1780280600.0,4
1780280600.0009,4
1780280600.0019,4
1780280600.0029,4
1780280600.0039,4
1780280600.005,4
1780280600.006,4
1780280600.007,4
1780280600.008,4
1780280600.0089,4
1780280600.0099,4
1780280600.0109,4
1780280600.0119,4
1780280600.013,4
1780280600.014,4
1780280600.015,4
1780280600.016,4
1780280600.0169,4
1780280600.0179,4
1780280600.0189,4
1780280600.0199,4
1780280600.021,4
1780280600.022,4
1780280600.023,4
1780280600.024,4
1780280600.025,4
1780280600.0259,4
1780280600.0269,4
1780280600.0279,4
1780280600.0289,4
1780280600.03,4
1780280600.031,4
1780280600.032,4
1780280600.033,4
1780280600.0339,4
1780280600.0349,4
1780280600.0359,4
1780280600.0369,4
1780280600.038,4
1780280600.039,4
1780280600.04,4
1780280600.041,4
1780280600.0419,4
1780280600.0429,4
1780280600.0439,4
1780280600.0449,4
1780280600.046,4
1780280600.047,4
1780280600.048,4
1780280600.049,4
1780280600.05,4
1780280600.0509,4
1780280600.0519,4
1780280600.0529,4
1780280600.0539,4
1780280600.055,4
1780280600.056,4
1780280600.057,4
1780280600.058,4
1780280600.0589,4
1780280600.0599,4
1780280600.0609,4
1780280600.0619,4
1780280600.063,4
1780280600.064,4
1780280600.065,4
1780280600.066,4
1780280600.0669,4
1780280600.0679,4
1780280600.0689,4
1780280600.0699,4
1780280600.071,4
1780280600.072,4
1780280600.073,4
1780280600.074,4
1780280600.075,4
1780280600.0759,4
1780280600.0769,4
1780280600.0779,4
1780280600.0789,4
1780280600.08,4
1780280600.081,4
1780280600.082,4
1780280600.083,4
1780280600.0839,4
1780280600.0849,4
1780280600.0859,4
1780280600.0869,4
1780280600.088,4
1780280600.089,4
1780280600.09,4
1780280600.091,4
1780280600.0919,4
1780280600.0929,4
1780280600.0939,4
1780280600.0949,4
1780280600.096,4
1780280600.097,4
1780280600.098,4
1780280600.099,4
1780280601.0,4
1780280601.0009,4
1780280601.0019,4
1780280601.0029,4
1780280601.0039,4
1780280601.005,4
1780280601.006,4
1780280601.007,4
1780280601.008,4
1780280601.0089,4
1780280601.0099,4
1780280601.0109,4
1780280601.0119,4
1780280601.013,4
1780280601.014,4
1780280601.015,4
1780280601.016,4
1780280601.0169,4
1780280601.0179,4
1780280601.0189,4
1780280601.0199,4
1780280601.021,4
1780280601.022,4
1780280601.023,4
1780280601.024,4
1780280601.025,4
1780280601.0259,4
1780280601.0269,4
1780280601.0279,4
1780280601.0289,4
1780280601.03,4
1780280601.031,4
1780280601.032,4
1780280601.033,4
1780280601.0339,4
1780280601.0349,4
1780280601.0359,4
1780280601.0369,4
1780280601.038,4
1780280601.039,4
1780280601.04,4
1780280601.041,4
1780280601.0419,4
1780280601.0429,4
1780280601.0439,4
1780280601.0449,4
1780280601.046,4
1780280601.047,4
1780280601.048,4
1780280601.049,4
1780280601.05,4
1780280601.0509,4
1780280601.0519,4
1780280601.0529,4
1780280601.0539,4
1780280601.055,4
1780280601.056,4
1780280601.057,4
1780280601.058,4
1780280601.0589,4
1780280601.0599,4
1780280601.0609,4
1780280601.0619,4
1780280601.063,4
1780280601.064,4
1780280601.065,4
1780280601.066,4
1780280601.0669,4
1780280601.0679,4
1780280601.0689,4
1780280601.0699,4
1780280601.071,4
1780280601.072,4
1780280601.073,4
1780280601.074,4
1780280601.075,4
1780280601.0759,4
1780280601.0769,4
1780280601.0779,4
1780280601.0789,4
1780280601.08,4
1780280601.081,4
1780280601.082,4
1780280601.083,4
1780280601.0839,4
1780280601.0849,4
1780280601.0859,4
1780280601.0869,4
1780280601.088,4
1780280601.089,4
1780280601.09,4
1780280601.091,4
1780280601.0919,4
1780280601.0929,4
1780280601.0939,4
1780280601.0949,4
1780280601.096,4
1780280601.097,4
1780280601.098,4
1780280601.099,4
1780280602.0,4
1780280602.0009,4
1780280602.0019,4
1780280602.0029,4
1780280602.0039,4
1780280602.005,4
1780280602.006,4
1780280602.007,4
1780280602.008,4
1780280602.0089,4
1780280602.0099,4
1780280602.0109,4
1780280602.0119,4
1780280602.013,4
1780280602.014,4
1780280602.015,4
1780280602.016,4
1780280602.0169,4
1780280602.0179,4
1780280602.0189,4
1780280602.0199,4
1780280602.021,4
1780280602.022,4
1780280602.023,4
1780280602.024,4
1780280602.025,4
1780280602.0259,4
1780280602.0269,4
1780280602.0279,4
1780280602.0289,4
1780280602.03,4
1780280602.031,4
1780280602.032,4
1780280602.033,4
1780280602.0339,4
1780280602.0349,4
1780280602.0359,4
1780280602.0369,4
1780280602.038,4
1780280602.039,4
1780280602.04,4
1780280602.041,4
1780280602.0419,4
1780280602.0429,4
1780280602.0439,4
1780280602.0449,4
1780280602.046,4
1780280602.047,4
1780280602.048,4
1780280602.049,4
1780280602.05,4
1780280602.0509,4
1780280602.0519,4
1780280602.0529,4
1780280602.0539,4
1780280602.055,4
1780280602.056,4
1780280602.057,4
1780280602.058,4
1780280602.0589,4
1780280602.0599,4
1780280602.0609,4
1780280602.0619,4
1780280602.063,4
1780280602.064,4
1780280602.065,4
1780280602.066,4
1780280602.0669,4
1780280602.0679,4
1780280602.0689,4
1780280602.0699,4
1780280602.071,4
1780280602.072,4
1780280602.073,4
1780280602.074,4
1780280602.075,4
1780280602.0759,4
1780280602.0769,4
1780280602.0779,4
1780280602.0789,4
1780280602.08,4
1780280602.081,4
1780280602.082,4
1780280602.083,4
1780280602.0839,4
1780280602.0849,4
1780280602.0859,4
1780280602.0869,4
1780280602.088,4
1780280602.089,4
1780280602.09,4
1780280602.091,4
1780280602.0919,4
1780280602.0929,4
1780280602.0939,4
1780280602.0949,4
1780280602.096,4
1780280602.097,4
1780280602.098,4
1780280602.099,4
1780280603.0,4
1780280603.0009,4
1780280603.0019,4
1780280603.0029,4
1780280603.0039,4
1780280603.005,4
1780280603.006,4
1780280603.007,4
1780280603.008,4
1780280603.0089,4
1780280603.0099,4
1780280603.0109,4
1780280603.0119,4
1780280603.013,4
1780280603.014,4
1780280603.015,4
1780280603.016,4
1780280603.0169,4
1780280603.0179,4
1780280603.0189,4
1780280603.0199,4
1780280603.021,4
1780280603.022,4
1780280603.023,4
1780280603.024,4
1780280603.025,4
1780280603.0259,4
1780280603.0269,4
1780280603.0279,4
1780280603.0289,4
1780280603.03,4
1780280603.031,4
1780280603.032,4
1780280603.033,4
1780280603.0339,4
1780280603.0349,4
1780280603.0359,4
1780280603.0369,4
1780280603.038,4
1780280603.039,4
1780280603.04,4
1780280603.041,4
1780280603.0419,4
1780280603.0429,4
1780280603.0439,4
1780280603.0449,4
1780280603.046,4
1780280603.047,4
1780280603.048,4
1780280603.049,4
1780280603.05,4
1780280603.0509,4
1780280603.0519,4
1780280603.0529,4
1780280603.0539,4
1780280603.055,4
1780280603.056,4
1780280603.057,4
1780280603.058,4
1780280603.0589,4
1780280603.0599,4
1780280603.0609,4
1780280603.0619,4
1780280603.063,4
1780280603.064,4
1780280603.065,4
1780280603.066,4
1780280603.0669,4
1780280603.0679,4
1780280603.0689,4
1780280603.0699,4
1780280603.071,4
1780280603.072,4
1780280603.073,4
1780280603.074,4
1780280603.075,4
1780280603.0759,4
1780280603.0769,4
1780280603.0779,4
1780280603.0789,4
1780280603.08,4
1780280603.081,4
1780280603.082,4
1780280603.083,4
1780280603.0839,4
1780280603.0849,4
1780280603.0859,4
1780280603.0869,4
1780280603.088,4
1780280603.089,4
1780280603.09,4
1780280603.091,4
1780280603.0919,4
1780280603.0929,4
1780280603.0939,4
1780280603.0949,4
1780280603.096,4
1780280603.097,4
1780280603.098,4
1780280603.099,4
1780280604.0,4
1780280604.0009,4
1780280604.0019,4
1780280604.0029,4
1780280604.0039,4
1780280604.005,4
1780280604.006,4
1780280604.007,4
1780280604.008,4
1780280604.0089,4
1780280604.0099,4
1780280604.0109,4
1780280604.0119,4
1780280604.013,4
1780280604.014,4
1780280604.015,4
1780280604.016,4
1780280604.0169,4
1780280604.0179,4
1780280604.0189,4
1780280604.0199,4
1780280604.021,4
1780280604.022,4
1780280604.023,4
1780280604.024,4
1780280604.025,4
1780280604.0259,4
1780280604.0269,4
1780280604.0279,4
1780280604.0289,4
1780280604.03,4
1780280604.031,4
1780280604.032,4
1780280604.033,4
1780280604.0339,4
1780280604.0349,4
1780280604.0359,4
1780280604.0369,4
1780280604.038,4
1780280604.039,4
1780280604.04,4
1780280604.041,4
1780280604.0419,4
1780280604.0429,4
1780280604.0439,4
1780280604.0449,4
1780280604.046,4
1780280604.047,4
1780280604.048,4
1780280604.049,4
1780280604.05,4
1780280604.0509,4
1780280604.0519,4
1780280604.0529,4
1780280604.0539,4
1780280604.055,4
1780280604.056,4
1780280604.057,4
1780280604.058,4
1780280604.0589,4
1780280604.0599,4
1780280604.0609,4
1780280604.0619,4
1780280604.063,4
1780280604.064,4
1780280604.065,4
1780280604.066,4
1780280604.0669,4
1780280604.0679,4
1780280604.0689,4
1780280604.0699,4
1780280604.071,4
1780280604.072,4
1780280604.073,4
1780280604.074,4
1780280604.075,4
1780280604.0759,4
1780280604.0769,4
1780280604.0779,4
1780280604.0789,4
1780280604.08,4
1780280604.081,4
1780280604.082,4
1780280604.083,4
1780280604.0839,4
1780280604.0849,4
1780280604.0859,4
1780280604.0869,4
1780280604.088,4
1780280604.089,4
1780280604.09,4
1780280604.091,4
1780280604.0919,4
1780280604.0929,4
1780280604.0939,4
1780280604.0949,4
1780280604.096,4
1780280604.097,4
1780280604.098,4
1780280604.099,4
1780280605.0,4
1780280605.0009,4
1780280605.0019,4
1780280605.0029,4
1780280605.0039,4
1780280605.005,4
1780280605.006,4
1780280605.007,4
1780280605.008,4
1780280605.0089,4
1780280605.0099,4
1780280605.0109,4
1780280605.0119,4
1780280605.013,4
1780280605.014,4
1780280605.015,4
1780280605.016,4
1780280605.0169,4
1780280605.0179,4
1780280605.0189,4
1780280605.0199,4
1780280605.021,4
1780280605.022,4
1780280605.023,4
1780280605.024,4
1780280605.025,4
1780280605.0259,4
1780280605.0269,4
1780280605.0279,4
1780280605.0289,4
1780280605.03,4
1780280605.031,4
1780280605.032,4
1780280605.033,4
1780280605.0339,4
1780280605.0349,4
1780280605.0359,4
1780280605.0369,4
1780280605.038,4
1780280605.039,4
1780280605.04,4
1780280605.041,4
1780280605.0419,4
1780280605.0429,4
1780280605.0439,4
1780280605.0449,4
1780280605.046,4
1780280605.047,4
1780280605.048,4
1780280605.049,4
1780280605.05,4
1780280605.0509,4
1780280605.0519,4
1780280605.0529,4
1780280605.0539,4
1780280605.055,4
1780280605.056,4
1780280605.057,4
1780280605.058,4
1780280605.0589,4
1780280605.0599,4
1780280605.0609,4
1780280605.0619,4
1780280605.063,4
1780280605.064,4
1780280605.065,4
1780280605.066,4
1780280605.0669,4
1780280605.0679,4
1780280605.0689,4
1780280605.0699,4
1780280605.071,4
1780280605.072,4
1780280605.073,4
1780280605.074,4
1780280605.075,4
1780280605.0759,4
1780280605.0769,4
1780280605.0779,4
1780280605.0789,4
1780280605.08,4
1780280605.081,4
1780280605.082,4
1780280605.083,4
1780280605.0839,4
1780280605.0849,4
1780280605.0859,4
1780280605.0869,4
1780280605.088,4
1780280605.089,4
1780280605.09,4
1780280605.091,4
1780280605.0919,4
1780280605.0929,4
1780280605.0939,4
1780280605.0949,4
1780280605.096,4
1780280605.097,4
1780280605.098,4
1780280605.099,4
1780280606.0,4
1780280606.0009,4
1780280606.0019,4
1780280606.0029,4
1780280606.0039,4
1780280606.005,4
1780280606.006,4
1780280606.007,4
1780280606.008,4
1780280606.0089,4
1780280606.0099,4
1780280606.0109,4
1780280606.0119,4
1780280606.013,4
1780280606.014,4
1780280606.015,4
1780280606.016,4
1780280606.0169,4
1780280606.0179,4
1780280606.0189,4
1780280606.0199,4
1780280606.021,4
1780280606.022,4
1780280606.023,4
1780280606.024,4
1780280606.025,4
1780280606.0259,4
1780280606.0269,4
1780280606.0279,4
1780280606.0289,4
1780280606.03,4
1780280606.031,4
1780280606.032,4
1780280606.033,4
1780280606.0339,4
1780280606.0349,4
1780280606.0359,4
1780280606.0369,4
1780280606.038,4
1780280606.039,4
1780280606.04,4
1780280606.041,4
1780280606.0419,4
1780280606.0429,4
1780280606.0439,4
1780280606.0449,4
1780280606.046,4
1780280606.047,4
1780280606.048,4
1780280606.049,4
1780280606.05,4
1780280606.0509,4
1780280606.0519,4
1780280606.0529,4
1780280606.0539,4
1780280606.055,4
1780280606.056,4
1780280606.057,4
1780280606.058,4
1780280606.0589,4
1780280606.0599,4
1780280606.0609,4
1780280606.0619,4
1780280606.063,4
1780280606.064,4
1780280606.065,4
1780280606.066,4
1780280606.0669,4
1780280606.0679,4
1780280606.0689,4
1780280606.0699,4
1780280606.071,4
1780280606.072,4
1780280606.073,4
1780280606.074,4
1780280606.075,4
1780280606.0759,4
1780280606.0769,4
1780280606.0779,4
1780280606.0789,4
1780280606.08,4
1780280606.081,4
1780280606.082,4
1780280606.083,4
1780280606.0839,4
1780280606.0849,4
1780280606.0859,4
1780280606.0869,4
1780280606.088,4
1780280606.089,4
1780280606.09,4
1780280606.091,4
1780280606.0919,4
1780280606.0929,4
1780280606.0939,4
1780280606.0949,4
1780280606.096,4
1780280606.097,4
1780280606.098,4
1780280606.099,4
1780280607.0,4
1780280607.0009,4
1780280607.0019,4
1780280607.0029,4
1780280607.0039,4
1780280607.005,4
1780280607.006,4
1780280607.007,4
1780280607.008,4
1780280607.0089,4
1780280607.0099,4
1780280607.0109,4
1780280607.0119,4
1780280607.013,4
1780280607.014,4
1780280607.015,4
1780280607.016,4
1780280607.0169,4
1780280607.0179,4
1780280607.0189,4
1780280607.0199,4
1780280607.021,4
1780280607.022,4
1780280607.023,4
1780280607.024,4
1780280607.025,4
1780280607.0259,4
1780280607.0269,4
1780280607.0279,4
1780280607.0289,4
1780280607.03,4
1780280607.031,4
1780280607.032,4
1780280607.033,4
1780280607.0339,4
1780280607.0349,4
1780280607.0359,4
1780280607.0369,4
1780280607.038,4
1780280607.039,4
1780280607.04,4
1780280607.041,4
1780280607.0419,4
1780280607.0429,4
1780280607.0439,4
1780280607.0449,4
1780280607.046,4
1780280607.047,4
1780280607.048,4
1780280607.049,4
1780280607.05,4
1780280607.0509,4
1780280607.0519,4
1780280607.0529,4
1780280607.0539,4
1780280607.055,4
1780280607.056,4
1780280607.057,4
1780280607.058,4
1780280607.0589,4
1780280607.0599,4
1780280607.0609,4
1780280607.0619,4
1780280607.063,4
1780280607.064,4
1780280607.065,4
1780280607.066,4
1780280607.0669,4
1780280607.0679,4
1780280607.0689,4
1780280607.0699,4
1780280607.071,4
1780280607.072,4
1780280607.073,4
1780280607.074,4
1780280607.075,4
1780280607.0759,4
1780280607.0769,4
1780280607.0779,4
1780280607.0789,4
1780280607.08,4
1780280607.081,4
1780280607.082,4
1780280607.083,4
1780280607.0839,4
1780280607.0849,4
1780280607.0859,4
1780280607.0869,4
1780280607.088,4
1780280607.089,4
1780280607.09,4
1780280607.091,4
1780280607.0919,4
1780280607.0929,4
1780280607.0939,4
1780280607.0949,4
1780280607.096,4
1780280607.097,4
1780280607.098,4
1780280607.099,4
1780280608.0,4
1780280608.0009,4
1780280608.0019,4
1780280608.0029,4
1780280608.0039,4
1780280608.005,4
1780280608.006,4
1780280608.007,4
1780280608.008,4
1780280608.0089,4
1780280608.0099,4
1780280608.0109,4
1780280608.0119,4
1780280608.013,4
1780280608.014,4
1780280608.015,4
1780280608.016,4
1780280608.0169,4
1780280608.0179,4
1780280608.0189,4
1780280608.0199,4
1780280608.021,4
1780280608.022,4
1780280608.023,4
1780280608.024,4
1780280608.025,4
1780280608.0259,4
1780280608.0269,4
1780280608.0279,4
1780280608.0289,4
1780280608.03,4
1780280608.031,4
1780280608.032,4
1780280608.033,4
1780280608.0339,4
1780280608.0349,4
1780280608.0359,4
1780280608.0369,4
1780280608.038,4
1780280608.039,4
1780280608.04,4
1780280608.041,4
1780280608.0419,4
1780280608.0429,4
1780280608.0439,4
1780280608.0449,4
1780280608.046,4
1780280608.047,4
1780280608.048,4
1780280608.049,4
1780280608.05,4
1780280608.0509,4
1780280608.0519,4
1780280608.0529,4
1780280608.0539,4
1780280608.055,4
1780280608.056,4
1780280608.057,4
1780280608.058,4
1780280608.0589,4
1780280608.0599,4
1780280608.0609,4
1780280608.0619,4
1780280608.063,4
1780280608.064,4
1780280608.065,4
1780280608.066,4
1780280608.0669,4
1780280608.0679,4
1780280608.0689,4
1780280608.0699,4
1780280608.071,4
1780280608.072,4
1780280608.073,4
1780280608.074,4
1780280608.075,4
1780280608.0759,4
1780280608.0769,4
1780280608.0779,4
1780280608.0789,4
1780280608.08,4
1780280608.081,4
1780280608.082,4
1780280608.083,4
1780280608.0839,4
1780280608.0849,4
1780280608.0859,4
1780280608.0869,4
1780280608.088,4
1780280608.089,4
1780280608.09,4
1780280608.091,4
1780280608.0919,4
1780280608.0929,4
1780280608.0939,4
1780280608.0949,4
1780280608.096,4
1780280608.097,4
1780280608.098,4
1780280608.099,4
1780280609.0,4
1780280609.0009,4
1780280609.0019,4
1780280609.0029,4
1780280609.0039,4
1780280609.005,4
1780280609.006,4
1780280609.007,4
1780280609.008,4
1780280609.0089,4
1780280609.0099,4
1780280609.0109,4
1780280609.0119,4
1780280609.013,4
1780280609.014,4
1780280609.015,4
1780280609.016,4
1780280609.0169,4
1780280609.0179,4
1780280609.0189,4
1780280609.0199,4
1780280609.021,4
1780280609.022,4
1780280609.023,4
1780280609.024,4
1780280609.025,4
1780280609.0259,4
1780280609.0269,4
1780280609.0279,4
1780280609.0289,4
1780280609.03,4
1780280609.031,4
1780280609.032,4
1780280609.033,4
1780280609.0339,4
1780280609.0349,4
1780280609.0359,4
1780280609.0369,4
1780280609.038,4
1780280609.039,4
1780280609.04,4
1780280609.041,4
1780280609.0419,4
1780280609.0429,4
1780280609.0439,4
1780280609.0449,4
1780280609.046,4
1780280609.047,4
1780280609.048,4
1780280609.049,4
1780280609.05,4
1780280609.0509,4
1780280609.0519,4
1780280609.0529,4
1780280609.0539,4
1780280609.055,4
1780280609.056,4
1780280609.057,4
1780280609.058,4
1780280609.0589,4
1780280609.0599,4
1780280609.0609,4
1780280609.0619,4
1780280609.063,4
1780280609.064,4
1780280609.065,4
1780280609.066,4
1780280609.0669,4
1780280609.0679,4
1780280609.0689,4
1780280609.0699,4
1780280609.071,4
1780280609.072,4
1780280609.073,4
1780280609.074,4
1780280609.075,4
1780280609.0759,4
1780280609.0769,4
1780280609.0779,4
1780280609.0789,4
1780280609.08,4
1780280609.081,4
1780280609.082,4
1780280609.083,4
1780280609.0839,4
1780280609.0849,4
1780280609.0859,4
1780280609.0869,4
1780280609.088,4
1780280609.089,4
1780280609.09,4
1780280609.091,4
1780280609.0919,4
1780280609.0929,4
1780280609.0939,4
1780280609.0949,4
1780280609.096,4
1780280609.097,4
1780280609.098,4
1780280609.099,4
1780280610.0,4
1780280610.0009,4
1780280610.0019,4
1780280610.0029,4
1780280610.0039,4
1780280610.005,4
1780280610.006,4
1780280610.007,4
1780280610.008,4
1780280610.0089,4
1780280610.0099,4
1780280610.0109,4
1780280610.0119,4
1780280610.013,4
1780280610.014,4
1780280610.015,4
1780280610.016,4
1780280610.0169,4
1780280610.0179,4
1780280610.0189,4
1780280610.0199,4
1780280610.021,4
1780280610.022,4
1780280610.023,4
1780280610.024,4
1780280610.025,4
1780280610.0259,4
1780280610.0269,4
1780280610.0279,4
1780280610.0289,4
1780280610.03,4
1780280610.031,4
1780280610.032,4
1780280610.033,4
1780280610.0339,4
1780280610.0349,4
1780280610.0359,4
1780280610.0369,4
1780280610.038,4
1780280610.039,4
1780280610.04,4
1780280610.041,4
1780280610.0419,4
1780280610.0429,4
1780280610.0439,4
1780280610.0449,4
1780280610.046,4
1780280610.047,4
1780280610.048,4
1780280610.049,4
1780280610.05,4
1780280610.0509,4
1780280610.0519,4
1780280610.0529,4
1780280610.0539,4
1780280610.055,4
1780280610.056,4
1780280610.057,4
1780280610.058,4
1780280610.0589,4
1780280610.0599,4
1780280610.0609,4
1780280610.0619,4
1780280610.063,4
1780280610.064,4
1780280610.065,4
1780280610.066,4
1780280610.0669,4
1780280610.0679,4
1780280610.0689,4
1780280610.0699,4
1780280610.071,4
1780280610.072,4
1780280610.073,4
1780280610.074,4
1780280610.075,4
1780280610.0759,4
1780280610.0769,4
1780280610.0779,4
1780280610.0789,4
1780280610.08,4
1780280610.081,4
1780280610.082,4
1780280610.083,4
1780280610.0839,4
1780280610.0849,4
1780280610.0859,4
1780280610.0869,4
1780280610.088,4
1780280610.089,4
1780280610.09,4
1780280610.091,4
1780280610.0919,4
1780280610.0929,4
1780280610.0939,4
1780280610.0949,4
1780280610.096,4
1780280610.097,4
1780280610.098,4
1780280610.099,4
1780280611.0,4
1780280611.0009,4
1780280611.0019,4
1780280611.0029,4
1780280611.0039,4
1780280611.005,4
1780280611.006,4
1780280611.007,4
1780280611.008,4
1780280611.0089,4
1780280611.0099,4
1780280611.0109,4
1780280611.0119,4
1780280611.013,4
1780280611.014,4
1780280611.015,4
1780280611.016,4
1780280611.0169,4
1780280611.0179,4
1780280611.0189,4
1780280611.0199,4
1780280611.021,4
1780280611.022,4
1780280611.023,4
1780280611.024,4
1780280611.025,4
1780280611.0259,4
1780280611.0269,4
1780280611.0279,4
1780280611.0289,4
1780280611.03,4
1780280611.031,4
1780280611.032,4
1780280611.033,4
1780280611.0339,4
1780280611.0349,4
1780280611.0359,4
1780280611.0369,4
1780280611.038,4
1780280611.039,4
1780280611.04,4
1780280611.041,4
1780280611.0419,4
1780280611.0429,4
1780280611.0439,4
1780280611.0449,4
1780280611.046,4
1780280611.047,4
1780280611.048,4
1780280611.049,4
1780280611.05,4
1780280611.0509,4
1780280611.0519,4
1780280611.0529,4
1780280611.0539,4
1780280611.055,4
1780280611.056,4
1780280611.057,4
1780280611.058,4
1780280611.0589,4
1780280611.0599,4
1780280611.0609,4
1780280611.0619,4
1780280611.063,4
1780280611.064,4
1780280611.065,4
1780280611.066,4
1780280611.0669,4
1780280611.0679,4
1780280611.0689,4
1780280611.0699,4
1780280611.071,4
1780280611.072,4
1780280611.073,4
1780280611.074,4
1780280611.075,4
1780280611.0759,4
1780280611.0769,4
1780280611.0779,4
1780280611.0789,4
1780280611.08,4
1780280611.081,4
1780280611.082,4
1780280611.083,4
1780280611.0839,4
1780280611.0849,4
1780280611.0859,4
1780280611.0869,4
1780280611.088,4
1780280611.089,4
1780280611.09,4
1780280611.091,4
1780280611.0919,4
1780280611.0929,4
1780280611.0939,4
1780280611.0949,4
1780280611.096,4
1780280611.097,4
1780280611.098,4
1780280611.099,4
1780280612.0,4
1780280612.0009,4
1780280612.0019,4
1780280612.0029,4
1780280612.0039,4
1780280612.005,4
1780280612.006,4
1780280612.007,4
1780280612.008,4
1780280612.0089,4
1780280612.0099,4
1780280612.0109,4
1780280612.0119,4
1780280612.013,4
1780280612.014,4
1780280612.015,4
1780280612.016,4
1780280612.0169,4
1780280612.0179,4
1780280612.0189,4
1780280612.0199,4
1780280612.021,4
1780280612.022,4
1780280612.023,4
1780280612.024,4
1780280612.025,4
1780280612.0259,4
1780280612.0269,4
1780280612.0279,4
1780280612.0289,4
1780280612.03,4
1780280612.031,4
1780280612.032,4
1780280612.033,4
1780280612.0339,4
1780280612.0349,4
1780280612.0359,4
1780280612.0369,4
1780280612.038,4
1780280612.039,4
1780280612.04,4
1780280612.041,4
1780280612.0419,4
1780280612.0429,4
1780280612.0439,4
1780280612.0449,4
1780280612.046,4
1780280612.047,4
1780280612.048,4
1780280612.049,4
1780280612.05,4
1780280612.0509,4
1780280612.0519,4
1780280612.0529,4
1780280612.0539,4
1780280612.055,4
1780280612.056,4
1780280612.057,4
1780280612.058,4
1780280612.0589,4
1780280612.0599,4
1780280612.0609,4
1780280612.0619,4
1780280612.063,4
1780280612.064,4
1780280612.065,4
1780280612.066,4
1780280612.0669,4
1780280612.0679,4
1780280612.0689,4
1780280612.0699,4
1780280612.071,4
1780280612.072,4
1780280612.073,4
1780280612.074,4
1780280612.075,4
1780280612.0759,4
1780280612.0769,4
1780280612.0779,4
1780280612.0789,4
1780280612.08,4
1780280612.081,4
1780280612.082,4
1780280612.083,4
1780280612.0839,4
1780280612.0849,4
1780280612.0859,4
1780280612.0869,4
1780280612.088,4
1780280612.089,4
1780280612.09,4
1780280612.091,4
1780280612.0919,4
1780280612.0929,4
1780280612.0939,4
1780280612.0949,4
1780280612.096,4
1780280612.097,4
1780280612.098,4
1780280612.099,4
1780280613.0,4
1780280613.0009,4
1780280613.0019,4
1780280613.0029,4
1780280613.0039,4
1780280613.005,4
1780280613.006,4
1780280613.007,4
1780280613.008,4
1780280613.0089,4
1780280613.0099,4
1780280613.0109,4
1780280613.0119,4
1780280613.013,4
1780280613.014,4
1780280613.015,4
1780280613.016,4
1780280613.0169,4
1780280613.0179,4
1780280613.0189,4
1780280613.0199,4
1780280613.021,4
1780280613.022,4
1780280613.023,4
1780280613.024,4
1780280613.025,4
1780280613.0259,4
1780280613.0269,4
1780280613.0279,4
1780280613.0289,4
1780280613.03,4
1780280613.031,4
1780280613.032,4
1780280613.033,4
1780280613.0339,4
1780280613.0349,4
1780280613.0359,4
1780280613.0369,4
1780280613.038,4
1780280613.039,4
1780280613.04,4
1780280613.041,4
1780280613.0419,4
1780280613.0429,4
1780280613.0439,4
1780280613.0449,4
1780280613.046,4
1780280613.047,4
1780280613.048,4
1780280613.049,4
1780280613.05,4
1780280613.0509,4
1780280613.0519,4
1780280613.0529,4
1780280613.0539,4
1780280613.055,4
1780280613.056,4
1780280613.057,4
1780280613.058,4
1780280613.0589,4
1780280613.0599,4
1780280613.0609,4
1780280613.0619,4
1780280613.063,4
1780280613.064,4
1780280613.065,4
1780280613.066,4
1780280613.0669,4
1780280613.0679,4
1780280613.0689,4
1780280613.0699,4
1780280613.071,4
1780280613.072,4
1780280613.073,4
1780280613.074,4
1780280613.075,4
1780280613.0759,4
1780280613.0769,4
1780280613.0779,4
1780280613.0789,4
1780280613.08,4
1780280613.081,4
1780280613.082,4
1780280613.083,4
1780280613.0839,4
1780280613.0849,4
1780280613.0859,4
1780280613.0869,4
1780280613.088,4
1780280613.089,4
1780280613.09,4
1780280613.091,4
1780280613.0919,4
1780280613.0929,4
1780280613.0939,4
1780280613.0949,4
1780280613.096,4
1780280613.097,4
1780280613.098,4
1780280613.099,4
1780280614.0,4
1780280614.0009,4
1780280614.0019,4
1780280614.0029,4
1780280614.0039,4
1780280614.005,4
1780280614.006,4
1780280614.007,4
1780280614.008,4
1780280614.0089,4
1780280614.0099,4
1780280614.0109,4
1780280614.0119,4
1780280614.013,4
1780280614.014,4
1780280614.015,4
1780280614.016,4
1780280614.0169,4
1780280614.0179,4
1780280614.0189,4
1780280614.0199,4
1780280614.021,4
1780280614.022,4
1780280614.023,4
1780280614.024,4
1780280614.025,4
1780280614.0259,4
1780280614.0269,4
1780280614.0279,4
1780280614.0289,4
1780280614.03,4
1780280614.031,4
1780280614.032,4
1780280614.033,4
1780280614.0339,4
1780280614.0349,4
1780280614.0359,4
1780280614.0369,4
1780280614.038,4
1780280614.039,4
1780280614.04,4
1780280614.041,4
1780280614.0419,4
1780280614.0429,4
1780280614.0439,4
1780280614.0449,4
1780280614.046,4
1780280614.047,4
1780280614.048,4
1780280614.049,4
1780280614.05,4
1780280614.0509,4
1780280614.0519,4
1780280614.0529,4
1780280614.0539,4
1780280614.055,4
1780280614.056,4
1780280614.057,4
1780280614.058,4
1780280614.0589,4
1780280614.0599,4
1780280614.0609,4
1780280614.0619,4
1780280614.063,4
1780280614.064,4
1780280614.065,4
1780280614.066,4
1780280614.0669,4
1780280614.0679,4
1780280614.0689,4
1780280614.0699,4
1780280614.071,4
1780280614.072,4
1780280614.073,4
1780280614.074,4
1780280614.075,4
1780280614.0759,4
1780280614.0769,4
1780280614.0779,4
1780280614.0789,4
1780280614.08,4
1780280614.081,4
1780280614.082,4
1780280614.083,4
1780280614.0839,4
1780280614.0849,4
1780280614.0859,4
1780280614.0869,4
1780280614.088,4
1780280614.089,4
1780280614.09,4
1780280614.091,4
1780280614.0919,4
1780280614.0929,4
1780280614.0939,4
1780280614.0949,4
1780280614.096,4
1780280614.097,4
1780280614.098,4
1780280614.099,4
1780280615.0,4
1780280615.0009,4
1780280615.0019,4
1780280615.0029,4
1780280615.0039,4
1780280615.005,4
1780280615.006,4
1780280615.007,4
1780280615.008,4
1780280615.0089,4
1780280615.0099,4
1780280615.0109,4
1780280615.0119,4
1780280615.013,4
1780280615.014,4
1780280615.015,4
1780280615.016,4
1780280615.0169,4
1780280615.0179,4
1780280615.0189,4
1780280615.0199,4
1780280615.021,4
1780280615.022,4
1780280615.023,4
1780280615.024,4
1780280615.025,4
1780280615.0259,4
1780280615.0269,4
1780280615.0279,4
1780280615.0289,4
1780280615.03,4
1780280615.031,4
1780280615.032,4
1780280615.033,4
1780280615.0339,4
1780280615.0349,4
1780280615.0359,4
1780280615.0369,4
1780280615.038,4
1780280615.039,4
1780280615.04,4
1780280615.041,4
1780280615.0419,4
1780280615.0429,4
1780280615.0439,4
1780280615.0449,4
1780280615.046,4
1780280615.047,4
1780280615.048,4
1780280615.049,4
1780280615.05,4
1780280615.0509,4
1780280615.0519,4
1780280615.0529,4
1780280615.0539,4
1780280615.055,4
1780280615.056,4
1780280615.057,4
1780280615.058,4
1780280615.0589,4
1780280615.0599,4
1780280615.0609,4
1780280615.0619,4
1780280615.063,4
1780280615.064,4
1780280615.065,4
1780280615.066,4
1780280615.0669,4
1780280615.0679,4
1780280615.0689,4
1780280615.0699,4
1780280615.071,4
1780280615.072,4
1780280615.073,4
1780280615.074,4
1780280615.075,4
1780280615.0759,4
1780280615.0769,4
1780280615.0779,4
1780280615.0789,4
1780280615.08,4
1780280615.081,4
1780280615.082,4
1780280615.083,4
1780280615.0839,4
1780280615.0849,4
1780280615.0859,4
1780280615.0869,4
1780280615.088,4
1780280615.089,4
1780280615.09,4
1780280615.091,4
1780280615.0919,4
1780280615.0929,4
1780280615.0939,4
1780280615.0949,4
1780280615.096,4
1780280615.097,4
1780280615.098,4
1780280615.099,4
1780280616.0,4
1780280616.0009,4
1780280616.0019,4
1780280616.0029,4
1780280616.0039,4
1780280616.005,4
1780280616.006,4
1780280616.007,4
1780280616.008,4
1780280616.0089,4
1780280616.0099,4
1780280616.0109,4
1780280616.0119,4
1780280616.013,4
1780280616.014,4
1780280616.015,4
1780280616.016,4
1780280616.0169,4
1780280616.0179,4
1780280616.0189,4
1780280616.0199,4
1780280616.021,4
1780280616.022,4
1780280616.023,4
1780280616.024,4
1780280616.025,4
1780280616.0259,4
1780280616.0269,4
1780280616.0279,4
1780280616.0289,4
1780280616.03,4
1780280616.031,4
1780280616.032,4
1780280616.033,4
1780280616.0339,4
1780280616.0349,4
1780280616.0359,4
1780280616.0369,4
1780280616.038,4
1780280616.039,4
1780280616.04,4
1780280616.041,4
1780280616.0419,4
1780280616.0429,4
1780280616.0439,4
1780280616.0449,4
1780280616.046,4
1780280616.047,4
1780280616.048,4
1780280616.049,4
1780280616.05,4
1780280616.0509,4
1780280616.0519,4
1780280616.0529,4
1780280616.0539,4
1780280616.055,4
1780280616.056,4
1780280616.057,4
1780280616.058,4
1780280616.0589,4
1780280616.0599,4
1780280616.0609,4
1780280616.0619,4
1780280616.063,4
1780280616.064,4
1780280616.065,4
1780280616.066,4
1780280616.0669,4
1780280616.0679,4
1780280616.0689,4
1780280616.0699,4
1780280616.071,4
1780280616.072,4
1780280616.073,4
1780280616.074,4
1780280616.075,4
1780280616.0759,4
1780280616.0769,4
1780280616.0779,4
1780280616.0789,4
1780280616.08,4
1780280616.081,4
1780280616.082,4
1780280616.083,4
1780280616.0839,4
1780280616.0849,4
1780280616.0859,4
1780280616.0869,4
1780280616.088,4
1780280616.089,4
1780280616.09,4
1780280616.091,4
1780280616.0919,4
1780280616.0929,4
1780280616.0939,4
1780280616.0949,4
1780280616.096,4
1780280616.097,4
1780280616.098,4
1780280616.099,4
1780280617.0,4
1780280617.0009,4
1780280617.0019,4
1780280617.0029,4
1780280617.0039,4
1780280617.005,4
1780280617.006,4
1780280617.007,4
1780280617.008,4
1780280617.0089,4
1780280617.0099,4
1780280617.0109,4
1780280617.0119,4
1780280617.013,4
1780280617.014,4
1780280617.015,4
1780280617.016,4
1780280617.0169,4
1780280617.0179,4
1780280617.0189,4
1780280617.0199,4
1780280617.021,4
1780280617.022,4
1780280617.023,4
1780280617.024,4
1780280617.025,4
1780280617.0259,4
1780280617.0269,4
1780280617.0279,4
1780280617.0289,4
1780280617.03,4
1780280617.031,4
1780280617.032,4
1780280617.033,4
1780280617.0339,4
1780280617.0349,4
1780280617.0359,4
1780280617.0369,4
1780280617.038,4
1780280617.039,4
1780280617.04,4
1780280617.041,4
1780280617.0419,4
1780280617.0429,4
1780280617.0439,4
1780280617.0449,4
1780280617.046,4
1780280617.047,4
1780280617.048,4
1780280617.049,4
1780280617.05,4
1780280617.0509,4
1780280617.0519,4
1780280617.0529,4
1780280617.0539,4
1780280617.055,4
1780280617.056,4
1780280617.057,4
1780280617.058,4
1780280617.0589,4
1780280617.0599,4
1780280617.0609,4
1780280617.0619,4
1780280617.063,4
1780280617.064,4
1780280617.065,4
1780280617.066,4
1780280617.0669,4
1780280617.0679,4
1780280617.0689,4
1780280617.0699,4
1780280617.071,4
1780280617.072,4
1780280617.073,4
1780280617.074,4
1780280617.075,4
1780280617.0759,4
1780280617.0769,4
1780280617.0779,4
1780280617.0789,4
1780280617.08,4
1780280617.081,4
1780280617.082,4
1780280617.083,4
1780280617.0839,4
1780280617.0849,4
1780280617.0859,4
1780280617.0869,4
1780280617.088,4
1780280617.089,4
1780280617.09,4
1780280617.091,4
1780280617.0919,4
1780280617.0929,4
1780280617.0939,4
1780280617.0949,4
1780280617.096,4
1780280617.097,4
1780280617.098,4
1780280617.099,4
1780280618.0,4
1780280618.0009,4
1780280618.0019,4
1780280618.0029,4
1780280618.0039,4
1780280618.005,4
1780280618.006,4
1780280618.007,4
1780280618.008,4
1780280618.0089,4
1780280618.0099,4
1780280618.0109,4
1780280618.0119,4
1780280618.013,4
1780280618.014,4
1780280618.015,4
1780280618.016,4
1780280618.0169,4
1780280618.0179,4
1780280618.0189,4
1780280618.0199,4
1780280618.021,4
1780280618.022,4
1780280618.023,4
1780280618.024,4
1780280618.025,4
1780280618.0259,4
1780280618.0269,4
1780280618.0279,4
1780280618.0289,4
1780280618.03,4
1780280618.031,4
1780280618.032,4
1780280618.033,4
1780280618.0339,4
1780280618.0349,4
1780280618.0359,4
1780280618.0369,4
1780280618.038,4
1780280618.039,4
1780280618.04,4
1780280618.041,4
1780280618.0419,4
1780280618.0429,4
1780280618.0439,4
1780280618.0449,4
1780280618.046,4
1780280618.047,4
1780280618.048,4
1780280618.049,4
1780280618.05,4
1780280618.0509,4
1780280618.0519,4
1780280618.0529,4
1780280618.0539,4
1780280618.055,4
1780280618.056,4
1780280618.057,4
1780280618.058,4
1780280618.0589,4
1780280618.0599,4
1780280618.0609,4
1780280618.0619,4
1780280618.063,4
1780280618.064,4
1780280618.065,4
1780280618.066,4
1780280618.0669,4
1780280618.0679,4
1780280618.0689,4
1780280618.0699,4
1780280618.071,4
1780280618.072,4
1780280618.073,4
1780280618.074,4
1780280618.075,4
1780280618.0759,4
1780280618.0769,4
1780280618.0779,4
1780280618.0789,4
1780280618.08,4
1780280618.081,4
1780280618.082,4
1780280618.083,4
1780280618.0839,4
1780280618.0849,4
1780280618.0859,4
1780280618.0869,4
1780280618.088,4
1780280618.089,4
1780280618.09,4
1780280618.091,4
1780280618.0919,4
1780280618.0929,4
1780280618.0939,4
1780280618.0949,4
1780280618.096,4
1780280618.097,4
1780280618.098,4
1780280618.099,4
1780280619.0,4
1780280619.0009,4
1780280619.0019,4
1780280619.0029,4
1780280619.0039,4
1780280619.005,4
1780280619.006,4
1780280619.007,4
1780280619.008,4
1780280619.0089,4
1780280619.0099,4
1780280619.0109,4
1780280619.0119,4
1780280619.013,4
1780280619.014,4
1780280619.015,4
1780280619.016,4
1780280619.0169,4
1780280619.0179,4
1780280619.0189,4
1780280619.0199,4
1780280619.021,4
1780280619.022,4
1780280619.023,4
1780280619.024,4
1780280619.025,4
1780280619.0259,4
1780280619.0269,4
1780280619.0279,4
1780280619.0289,4
1780280619.03,4
1780280619.031,4
1780280619.032,4
1780280619.033,4
1780280619.0339,4
1780280619.0349,4
1780280619.0359,4
1780280619.0369,4
1780280619.038,4
1780280619.039,4
1780280619.04,4
1780280619.041,4
1780280619.0419,4
1780280619.0429,4
1780280619.0439,4
1780280619.0449,4
1780280619.046,4
1780280619.047,4
1780280619.048,4
1780280619.049,4
1780280619.05,4
1780280619.0509,4
1780280619.0519,4
1780280619.0529,4
1780280619.0539,4
1780280619.055,4
1780280619.056,4
1780280619.057,4
1780280619.058,4
1780280619.0589,4
1780280619.0599,4
1780280619.0609,4
1780280619.0619,4
1780280619.063,4
1780280619.064,4
1780280619.065,4
1780280619.066,4
1780280619.0669,4
1780280619.0679,4
1780280619.0689,4
1780280619.0699,4
1780280619.071,4
1780280619.072,4
1780280619.073,4
1780280619.074,4
1780280619.075,4
1780280619.0759,4
1780280619.0769,4
1780280619.0779,4
1780280619.0789,4
1780280619.08,4
1780280619.081,4
1780280619.082,4
1780280619.083,4
1780280619.0839,4
1780280619.0849,4
1780280619.0859,4
1780280619.0869,4
1780280619.088,4
1780280619.089,4
1780280619.09,4
1780280619.091,4
1780280619.0919,4
1780280619.0929,4
1780280619.0939,4
1780280619.0949,4
1780280619.096,4
1780280619.097,4
1780280619.098,4
1780280619.099,4
1780280620.0,4
1780280620.0009,4
1780280620.0019,4
1780280620.0029,4
1780280620.0039,4
1780280620.005,4
1780280620.006,4
1780280620.007,4
1780280620.008,4
1780280620.0089,4
1780280620.0099,4
1780280620.0109,4
1780280620.0119,4
1780280620.013,4
1780280620.014,4
1780280620.015,4
1780280620.016,4
1780280620.0169,4
1780280620.0179,4
1780280620.0189,4
1780280620.0199,4
1780280620.021,4
1780280620.022,4
1780280620.023,4
1780280620.024,4
1780280620.025,4
1780280620.0259,4
1780280620.0269,4
1780280620.0279,4
1780280620.0289,4
1780280620.03,4
1780280620.031,4
1780280620.032,4
1780280620.033,4
1780280620.0339,4
1780280620.0349,4
1780280620.0359,4
1780280620.0369,4
1780280620.038,4
1780280620.039,4
1780280620.04,4
1780280620.041,4
1780280620.0419,4
1780280620.0429,4
1780280620.0439,4
1780280620.0449,4
1780280620.046,4
1780280620.047,4
1780280620.048,4
1780280620.049,4
1780280620.05,4
1780280620.0509,4
1780280620.0519,4
1780280620.0529,4
1780280620.0539,4
1780280620.055,4
1780280620.056,4
1780280620.057,4
1780280620.058,4
1780280620.0589,4
1780280620.0599,4
1780280620.0609,4
1780280620.0619,4
1780280620.063,4
1780280620.064,4
1780280620.065,4
1780280620.066,4
1780280620.0669,4
1780280620.0679,4
1780280620.0689,4
1780280620.0699,4
1780280620.071,4
1780280620.072,4
1780280620.073,4
1780280620.074,4
1780280620.075,4
1780280620.0759,4
1780280620.0769,4
1780280620.0779,4
1780280620.0789,4
1780280620.08,4
1780280620.081,4
1780280620.082,4
1780280620.083,4
1780280620.0839,4
1780280620.0849,4
1780280620.0859,4
1780280620.0869,4
1780280620.088,4
1780280620.089,4
1780280620.09,4
1780280620.091,4
1780280620.0919,4
1780280620.0929,4
1780280620.0939,4
1780280620.0949,4
1780280620.096,4
1780280620.097,4
1780280620.098,4
1780280620.099,4
1780280621.0,4
1780280621.0009,4
1780280621.0019,4
1780280621.0029,4
1780280621.0039,4
1780280621.005,4
1780280621.006,4
1780280621.007,4
1780280621.008,4
1780280621.0089,4
1780280621.0099,4
1780280621.0109,4
1780280621.0119,4
1780280621.013,4
1780280621.014,4
1780280621.015,4
1780280621.016,4
1780280621.0169,4
1780280621.0179,4
1780280621.0189,4
1780280621.0199,4
1780280621.021,4
1780280621.022,4
1780280621.023,4
1780280621.024,4
1780280621.025,4
1780280621.0259,4
1780280621.0269,4
1780280621.0279,4
1780280621.0289,4
1780280621.03,4
1780280621.031,4
1780280621.032,4
1780280621.033,4
1780280621.0339,4
1780280621.0349,4
1780280621.0359,4
1780280621.0369,4
1780280621.038,4
1780280621.039,4
1780280621.04,4
1780280621.041,4
1780280621.0419,4
1780280621.0429,4
1780280621.0439,4
1780280621.0449,4
1780280621.046,4
1780280621.047,4
1780280621.048,4
1780280621.049,4
1780280621.05,4
1780280621.0509,4
1780280621.0519,4
1780280621.0529,4
1780280621.0539,4
1780280621.055,4
1780280621.056,4
1780280621.057,4
1780280621.058,4
1780280621.0589,4
1780280621.0599,4
1780280621.0609,4
1780280621.0619,4
1780280621.063,4
1780280621.064,4
1780280621.065,4
1780280621.066,4
1780280621.0669,4
1780280621.0679,4
1780280621.0689,4
1780280621.0699,4
1780280621.071,4
1780280621.072,4
1780280621.073,4
1780280621.074,4
1780280621.075,4
1780280621.0759,4
1780280621.0769,4
1780280621.0779,4
1780280621.0789,4
1780280621.08,4
1780280621.081,4
1780280621.082,4
1780280621.083,4
1780280621.0839,4
1780280621.0849,4
1780280621.0859,4
1780280621.0869,4
1780280621.088,4
1780280621.089,4
1780280621.09,4
1780280621.091,4
1780280621.0919,4
1780280621.0929,4
1780280621.0939,4
1780280621.0949,4
1780280621.096,4
1780280621.097,4
1780280621.098,4
1780280621.099,4
1780280622.0,4
1780280622.0009,4
1780280622.0019,4
1780280622.0029,4
1780280622.0039,4
1780280622.005,4
1780280622.006,4
1780280622.007,4
1780280622.008,4
1780280622.0089,4
1780280622.0099,4
1780280622.0109,4
1780280622.0119,4
1780280622.013,4
1780280622.014,4
1780280622.015,4
1780280622.016,4
1780280622.0169,4
1780280622.0179,4
1780280622.0189,4
1780280622.0199,4
1780280622.021,4
1780280622.022,4
1780280622.023,4
1780280622.024,4
1780280622.025,4
1780280622.0259,4
1780280622.0269,4
1780280622.0279,4
1780280622.0289,4
1780280622.03,4
1780280622.031,4
1780280622.032,4
1780280622.033,4
1780280622.0339,4
1780280622.0349,4
1780280622.0359,4
1780280622.0369,4
1780280622.038,4
1780280622.039,4
1780280622.04,4
1780280622.041,4
1780280622.0419,4
1780280622.0429,4
1780280622.0439,4
1780280622.0449,4
1780280622.046,4
1780280622.047,4
1780280622.048,4
1780280622.049,4
1780280622.05,4
1780280622.0509,4
1780280622.0519,4
1780280622.0529,4
1780280622.0539,4
1780280622.055,4
1780280622.056,4
1780280622.057,4
1780280622.058,4
1780280622.0589,4
1780280622.0599,4
1780280622.0609,4
1780280622.0619,4
1780280622.063,4
1780280622.064,4
1780280622.065,4
1780280622.066,4
1780280622.0669,4
1780280622.0679,4
1780280622.0689,4
1780280622.0699,4
1780280622.071,4
1780280622.072,4
1780280622.073,4
1780280622.074,4
1780280622.075,4
1780280622.0759,4
1780280622.0769,4
1780280622.0779,4
1780280622.0789,4
1780280622.08,4
1780280622.081,4
1780280622.082,4
1780280622.083,4
1780280622.0839,4
1780280622.0849,4
1780280622.0859,4
1780280622.0869,4
1780280622.088,4
1780280622.089,4
1780280622.09,4
1780280622.091,4
1780280622.0919,4
1780280622.0929,4
1780280622.0939,4
1780280622.0949,4
1780280622.096,4
1780280622.097,4
1780280622.098,4
1780280622.099,4
1780280623.0,4
1780280623.0009,4
1780280623.0019,4
1780280623.0029,4
1780280623.0039,4
1780280623.005,4
1780280623.006,4
1780280623.007,4
1780280623.008,4
1780280623.0089,4
1780280623.0099,4
1780280623.0109,4
1780280623.0119,4
1780280623.013,4
1780280623.014,4
1780280623.015,4
1780280623.016,4
1780280623.0169,4
1780280623.0179,4
1780280623.0189,4
1780280623.0199,4
1780280623.021,4
1780280623.022,4
1780280623.023,4
1780280623.024,4
1780280623.025,4
1780280623.0259,4
1780280623.0269,4
1780280623.0279,4
1780280623.0289,4
1780280623.03,4
1780280623.031,4
1780280623.032,4
1780280623.033,4
1780280623.0339,4
1780280623.0349,4
1780280623.0359,4
1780280623.0369,4
1780280623.038,4
1780280623.039,4
1780280623.04,4
1780280623.041,4
1780280623.0419,4
1780280623.0429,4
1780280623.0439,4
1780280623.0449,4
1780280623.046,4
1780280623.047,4
1780280623.048,4
1780280623.049,4
1780280623.05,4
1780280623.0509,4
1780280623.0519,4
1780280623.0529,4
1780280623.0539,4
1780280623.055,4
1780280623.056,4
1780280623.057,4
1780280623.058,4
1780280623.0589,4
1780280623.0599,4
1780280623.0609,4
1780280623.0619,4
1780280623.063,4
1780280623.064,4
1780280623.065,4
1780280623.066,4
1780280623.0669,4
1780280623.0679,4
1780280623.0689,4
1780280623.0699,4
1780280623.071,4
1780280623.072,4
1780280623.073,4
1780280623.074,4
1780280623.075,4
1780280623.0759,4
1780280623.0769,4
1780280623.0779,4
1780280623.0789,4
1780280623.08,4
1780280623.081,4
1780280623.082,4
1780280623.083,4
1780280623.0839,4
1780280623.0849,4
1780280623.0859,4
1780280623.0869,4
1780280623.088,4
1780280623.089,4
1780280623.09,4
1780280623.091,4
1780280623.0919,4
1780280623.0929,4
1780280623.0939,4
1780280623.0949,4
1780280623.096,4
1780280623.097,4
1780280623.098,4
1780280623.099,4
1780280624.0,4
1780280624.0009,4
1780280624.0019,4
1780280624.0029,4
1780280624.0039,4
1780280624.005,4
1780280624.006,4
1780280624.007,4
1780280624.008,4
1780280624.0089,4
1780280624.0099,4
1780280624.0109,4
1780280624.0119,4
1780280624.013,4
1780280624.014,4
1780280624.015,4
1780280624.016,4
1780280624.0169,4
1780280624.0179,4
1780280624.0189,4
1780280624.0199,4
1780280624.021,4
1780280624.022,4
1780280624.023,4
1780280624.024,4
1780280624.025,4
1780280624.0259,4
1780280624.0269,4
1780280624.0279,4
1780280624.0289,4
1780280624.03,4
1780280624.031,4
1780280624.032,4
1780280624.033,4
1780280624.0339,4
1780280624.0349,4
1780280624.0359,4
1780280624.0369,4
1780280624.038,4
1780280624.039,4
1780280624.04,4
1780280624.041,4
1780280624.0419,4
1780280624.0429,4
1780280624.0439,4
1780280624.0449,4
1780280624.046,4
1780280624.047,4
1780280624.048,4
1780280624.049,4
1780280624.05,4
1780280624.0509,4
1780280624.0519,4
1780280624.0529,4
1780280624.0539,4
1780280624.055,4
1780280624.056,4
1780280624.057,4
1780280624.058,4
1780280624.0589,4
1780280624.0599,4
1780280624.0609,4
1780280624.0619,4
1780280624.063,4
1780280624.064,4
1780280624.065,4
1780280624.066,4
1780280624.0669,4
1780280624.0679,4
1780280624.0689,4
1780280624.0699,4
1780280624.071,4
1780280624.072,4
1780280624.073,4
1780280624.074,4
1780280624.075,4
1780280624.0759,4
1780280624.0769,4
1780280624.0779,4
1780280624.0789,4
1780280624.08,4
1780280624.081,4
1780280624.082,4
1780280624.083,4
1780280624.0839,4
1780280624.0849,4
1780280624.0859,4
1780280624.0869,4
1780280624.088,4
1780280624.089,4
1780280624.09,4
1780280624.091,4
1780280624.0919,4
1780280624.0929,4
1780280624.0939,4
1780280624.0949,4
1780280624.096,4
1780280624.097,4
1780280624.098,4
1780280624.099,4
1780280625.0,4
1780280625.0009,4
1780280625.0019,4
1780280625.0029,4
1780280625.0039,4
1780280625.005,4
1780280625.006,4
1780280625.007,4
1780280625.008,4
1780280625.0089,4
1780280625.0099,4
1780280625.0109,4
1780280625.0119,4
1780280625.013,4
1780280625.014,4
1780280625.015,4
1780280625.016,4
1780280625.0169,4
1780280625.0179,4
1780280625.0189,4
1780280625.0199,4
1780280625.021,4
1780280625.022,4
1780280625.023,4
1780280625.024,4
1780280625.025,4
1780280625.0259,4
1780280625.0269,4
1780280625.0279,4
1780280625.0289,4
1780280625.03,4
1780280625.031,4
1780280625.032,4
1780280625.033,4
1780280625.0339,4
1780280625.0349,4
1780280625.0359,4
1780280625.0369,4
1780280625.038,4
1780280625.039,4
1780280625.04,4
1780280625.041,4
1780280625.0419,4
1780280625.0429,4
1780280625.0439,4
1780280625.0449,4
1780280625.046,4
1780280625.047,4
1780280625.048,4
1780280625.049,4
1780280625.05,4
1780280625.0509,4
1780280625.0519,4
1780280625.0529,4
1780280625.0539,4
1780280625.055,4
1780280625.056,4
1780280625.057,4
1780280625.058,4
1780280625.0589,4
1780280625.0599,4
1780280625.0609,4
1780280625.0619,4
1780280625.063,4
1780280625.064,4
1780280625.065,4
1780280625.066,4
1780280625.0669,4
1780280625.0679,4
1780280625.0689,4
1780280625.0699,4
1780280625.071,4
1780280625.072,4
1780280625.073,4
1780280625.074,4
1780280625.075,4
1780280625.0759,4
1780280625.0769,4
1780280625.0779,4
1780280625.0789,4
1780280625.08,4
1780280625.081,4
1780280625.082,4
1780280625.083,4
1780280625.0839,4
1780280625.0849,4
1780280625.0859,4
1780280625.0869,4
1780280625.088,4
1780280625.089,4
1780280625.09,4
1780280625.091,4
1780280625.0919,4
1780280625.0929,4
1780280625.0939,4
1780280625.0949,4
1780280625.096,4
1780280625.097,4
1780280625.098,4
1780280625.099,4
1780280626.0,4
1780280626.0009,4
1780280626.0019,4
1780280626.0029,4
1780280626.0039,4
1780280626.005,4
1780280626.006,4
1780280626.007,4
1780280626.008,4
1780280626.0089,4
1780280626.0099,4
1780280626.0109,4
1780280626.0119,4
1780280626.013,4
1780280626.014,4
1780280626.015,4
1780280626.016,4
1780280626.0169,4
1780280626.0179,4
1780280626.0189,4
1780280626.0199,4
1780280626.021,4
1780280626.022,4
1780280626.023,4
1780280626.024,4
1780280626.025,4
1780280626.0259,4
1780280626.0269,4
1780280626.0279,4
1780280626.0289,4
1780280626.03,4
1780280626.031,4
1780280626.032,4
1780280626.033,4
1780280626.0339,4
1780280626.0349,4
1780280626.0359,4
1780280626.0369,4
1780280626.038,4
1780280626.039,4
1780280626.04,4
1780280626.041,4
1780280626.0419,4
1780280626.0429,4
1780280626.0439,4
1780280626.0449,4
1780280626.046,4
1780280626.047,4
1780280626.048,4
1780280626.049,4
1780280626.05,4
1780280626.0509,4
1780280626.0519,4
1780280626.0529,4
1780280626.0539,4
1780280626.055,4
1780280626.056,4
1780280626.057,4
1780280626.058,4
1780280626.0589,4
1780280626.0599,4
1780280626.0609,4
1780280626.0619,4
1780280626.063,4
1780280626.064,4
1780280626.065,4
1780280626.066,4
1780280626.0669,4
1780280626.0679,4
1780280626.0689,4
1780280626.0699,4
1780280626.071,4
1780280626.072,4
1780280626.073,4
1780280626.074,4
1780280626.075,4
1780280626.0759,4
1780280626.0769,4
1780280626.0779,4
1780280626.0789,4
1780280626.08,4
1780280626.081,4
1780280626.082,4
1780280626.083,4
1780280626.0839,4
1780280626.0849,4
1780280626.0859,4
1780280626.0869,4
1780280626.088,4
1780280626.089,4
1780280626.09,4
1780280626.091,4
1780280626.0919,4
1780280626.0929,4
1780280626.0939,4
1780280626.0949,4
1780280626.096,4
1780280626.097,4
1780280626.098,4
1780280626.099,4
1780280627.0,4
1780280627.0009,4
1780280627.0019,4
1780280627.0029,4
1780280627.0039,4
1780280627.005,4
1780280627.006,4
1780280627.007,4
1780280627.008,4
1780280627.0089,4
1780280627.0099,4
1780280627.0109,4
1780280627.0119,4
1780280627.013,4
1780280627.014,4
1780280627.015,4
1780280627.016,4
1780280627.0169,4
1780280627.0179,4
1780280627.0189,4
1780280627.0199,4
1780280627.021,4
1780280627.022,4
1780280627.023,4
1780280627.024,4
1780280627.025,4
1780280627.0259,4
1780280627.0269,4
1780280627.0279,4
1780280627.0289,4
1780280627.03,4
1780280627.031,4
1780280627.032,4
1780280627.033,4
1780280627.0339,4
1780280627.0349,4
1780280627.0359,4
1780280627.0369,4
1780280627.038,4
1780280627.039,4
1780280627.04,4
1780280627.041,4
1780280627.0419,4
1780280627.0429,4
1780280627.0439,4
1780280627.0449,4
1780280627.046,4
1780280627.047,4
1780280627.048,4
1780280627.049,4
1780280627.05,4
1780280627.0509,4
1780280627.0519,4
1780280627.0529,4
1780280627.0539,4
1780280627.055,4
1780280627.056,4
1780280627.057,4
1780280627.058,4
1780280627.0589,4
1780280627.0599,4
1780280627.0609,4
1780280627.0619,4
1780280627.063,4
1780280627.064,4
1780280627.065,4
1780280627.066,4
1780280627.0669,4
1780280627.0679,4
1780280627.0689,4
1780280627.0699,4
1780280627.071,4
1780280627.072,4
1780280627.073,4
1780280627.074,4
1780280627.075,4
1780280627.0759,4
1780280627.0769,4
1780280627.0779,4
1780280627.0789,4
1780280627.08,4
1780280627.081,4
1780280627.082,4
1780280627.083,4
1780280627.0839,4
1780280627.0849,4
1780280627.0859,4
1780280627.0869,4
1780280627.088,4
1780280627.089,4
1780280627.09,4
1780280627.091,4
1780280627.0919,4
1780280627.0929,4
1780280627.0939,4
1780280627.0949,4
1780280627.096,4
1780280627.097,4
1780280627.098,4
1780280627.099,4
1780280628.0,4
1780280628.0009,4
1780280628.0019,4
1780280628.0029,4
1780280628.0039,4
1780280628.005,4
1780280628.006,4
1780280628.007,4
1780280628.008,4
1780280628.0089,4
1780280628.0099,4
1780280628.0109,4
1780280628.0119,4
1780280628.013,4
1780280628.014,4
1780280628.015,4
1780280628.016,4
1780280628.0169,4
1780280628.0179,4
1780280628.0189,4
1780280628.0199,4
1780280628.021,4
1780280628.022,4
1780280628.023,4
1780280628.024,4
1780280628.025,4
1780280628.0259,4
1780280628.0269,4
1780280628.0279,4
1780280628.0289,4
1780280628.03,4
1780280628.031,4
1780280628.032,4
1780280628.033,4
1780280628.0339,4
1780280628.0349,4
1780280628.0359,4
1780280628.0369,4
1780280628.038,4
1780280628.039,4
1780280628.04,4
1780280628.041,4
1780280628.0419,4
1780280628.0429,4
1780280628.0439,4
1780280628.0449,4
1780280628.046,4
1780280628.047,4
1780280628.048,4
1780280628.049,4
1780280628.05,4
1780280628.0509,4
1780280628.0519,4
1780280628.0529,4
1780280628.0539,4
1780280628.055,4
1780280628.056,4
1780280628.057,4
1780280628.058,4
1780280628.0589,4
1780280628.0599,4
1780280628.0609,4
1780280628.0619,4
1780280628.063,4
1780280628.064,4
1780280628.065,4
1780280628.066,4
1780280628.0669,4
1780280628.0679,4
1780280628.0689,4
1780280628.0699,4
1780280628.071,4
1780280628.072,4
1780280628.073,4
1780280628.074,4
1780280628.075,4
1780280628.0759,4
1780280628.0769,4
1780280628.0779,4
1780280628.0789,4
1780280628.08,4
1780280628.081,4
1780280628.082,4
1780280628.083,4
1780280628.0839,4
1780280628.0849,4
1780280628.0859,4
1780280628.0869,4
1780280628.088,4
1780280628.089,4
1780280628.09,4
1780280628.091,4
1780280628.0919,4
1780280628.0929,4
1780280628.0939,4
1780280628.0949,4
1780280628.096,4
1780280628.097,4
1780280628.098,4
1780280628.099,4
1780280629.0,4
1780280629.0009,4
1780280629.0019,4
1780280629.0029,4
1780280629.0039,4
1780280629.005,4
1780280629.006,4
1780280629.007,4
1780280629.008,4
1780280629.0089,4
1780280629.0099,4
1780280629.0109,4
1780280629.0119,4
1780280629.013,4
1780280629.014,4
1780280629.015,4
1780280629.016,4
1780280629.0169,4
1780280629.0179,4
1780280629.0189,4
1780280629.0199,4
1780280629.021,4
1780280629.022,4
1780280629.023,4
1780280629.024,4
1780280629.025,4
1780280629.0259,4
1780280629.0269,4
1780280629.0279,4
1780280629.0289,4
1780280629.03,4
1780280629.031,4
1780280629.032,4
1780280629.033,4
1780280629.0339,4
1780280629.0349,4
1780280629.0359,4
1780280629.0369,4
1780280629.038,4
1780280629.039,4
1780280629.04,4
1780280629.041,4
1780280629.0419,4
1780280629.0429,4
1780280629.0439,4
1780280629.0449,4
1780280629.046,4
1780280629.047,4
1780280629.048,4
1780280629.049,4
1780280629.05,4
1780280629.0509,4
1780280629.0519,4
1780280629.0529,4
1780280629.0539,4
1780280629.055,4
1780280629.056,4
1780280629.057,4
1780280629.058,4
1780280629.0589,4
1780280629.0599,4
1780280629.0609,4
1780280629.0619,4
1780280629.063,4
1780280629.064,4
1780280629.065,4
1780280629.066,4
1780280629.0669,4
1780280629.0679,4
1780280629.0689,4
1780280629.0699,4
1780280629.071,4
1780280629.072,4
1780280629.073,4
1780280629.074,4
1780280629.075,4
1780280629.0759,4
1780280629.0769,4
1780280629.0779,4
1780280629.0789,4
1780280629.08,4
1780280629.081,4
1780280629.082,4
1780280629.083,4
1780280629.0839,4
1780280629.0849,4
1780280629.0859,4
1780280629.0869,4
1780280629.088,4
1780280629.089,4
1780280629.09,4
1780280629.091,4
1780280629.0919,4
1780280629.0929,4
1780280629.0939,4
1780280629.0949,4
1780280629.096,4
1780280629.097,4
1780280629.098,4
1780280629.099,4
1780280630.0,4
1780280630.0009,4
1780280630.0019,4
1780280630.0029,4
1780280630.0039,4
1780280630.005,4
1780280630.006,4
1780280630.007,4
1780280630.008,4
1780280630.0089,4
1780280630.0099,4
1780280630.0109,4
1780280630.0119,4
1780280630.013,4
1780280630.014,4
1780280630.015,4
1780280630.016,4
1780280630.0169,4
1780280630.0179,4
1780280630.0189,4
1780280630.0199,4
1780280630.021,4
1780280630.022,4
1780280630.023,4
1780280630.024,4
1780280630.025,4
1780280630.0259,4
1780280630.0269,4
1780280630.0279,4
1780280630.0289,4
1780280630.03,4
1780280630.031,4
1780280630.032,4
1780280630.033,4
1780280630.0339,4
1780280630.0349,4
1780280630.0359,4
1780280630.0369,4
1780280630.038,4
1780280630.039,4
1780280630.04,4
1780280630.041,4
1780280630.0419,4
1780280630.0429,4
1780280630.0439,4
1780280630.0449,4
1780280630.046,4
1780280630.047,4
1780280630.048,4
1780280630.049,4
1780280630.05,4
1780280630.0509,4
1780280630.0519,4
1780280630.0529,4
1780280630.0539,4
1780280630.055,4
1780280630.056,4
1780280630.057,4
1780280630.058,4
1780280630.0589,4
1780280630.0599,4
1780280630.0609,4
1780280630.0619,4
1780280630.063,4
1780280630.064,4
1780280630.065,4
1780280630.066,4
1780280630.0669,4
1780280630.0679,4
1780280630.0689,4
1780280630.0699,4
1780280630.071,4
1780280630.072,4
1780280630.073,4
1780280630.074,4
1780280630.075,4
1780280630.0759,4
1780280630.0769,4
1780280630.0779,4
1780280630.0789,4
1780280630.08,4
1780280630.081,4
1780280630.082,4
1780280630.083,4
1780280630.0839,4
1780280630.0849,4
1780280630.0859,4
1780280630.0869,4
1780280630.088,4
1780280630.089,4
1780280630.09,4
1780280630.091,4
1780280630.0919,4
1780280630.0929,4
1780280630.0939,4
1780280630.0949,4
1780280630.096,4
1780280630.097,4
1780280630.098,4
1780280630.099,4
1780280631.0,4
1780280631.0009,4
1780280631.0019,4
1780280631.0029,4
1780280631.0039,4
1780280631.005,4
1780280631.006,4
1780280631.007,4
1780280631.008,4
1780280631.0089,4
1780280631.0099,4
1780280631.0109,4
1780280631.0119,4
1780280631.013,4
1780280631.014,4
1780280631.015,4
1780280631.016,4
1780280631.0169,4
1780280631.0179,4
1780280631.0189,4
1780280631.0199,4
1780280631.021,4
1780280631.022,4
1780280631.023,4
1780280631.024,4
1780280631.025,4
1780280631.0259,4
1780280631.0269,4
1780280631.0279,4
1780280631.0289,4
1780280631.03,4
1780280631.031,4
1780280631.032,4
1780280631.033,4
1780280631.0339,4
1780280631.0349,4
1780280631.0359,4
1780280631.0369,4
1780280631.038,4
1780280631.039,4
1780280631.04,4
1780280631.041,4
1780280631.0419,4
1780280631.0429,4
1780280631.0439,4
1780280631.0449,4
1780280631.046,4
1780280631.047,4
1780280631.048,4
1780280631.049,4
1780280631.05,4
1780280631.0509,4
1780280631.0519,4
1780280631.0529,4
1780280631.0539,4
1780280631.055,4
1780280631.056,4
1780280631.057,4
1780280631.058,4
1780280631.0589,4
1780280631.0599,4
1780280631.0609,4
1780280631.0619,4
1780280631.063,4
1780280631.064,4
1780280631.065,4
1780280631.066,4
1780280631.0669,4
1780280631.0679,4
1780280631.0689,4
1780280631.0699,4
1780280631.071,4
1780280631.072,4
1780280631.073,4
1780280631.074,4
1780280631.075,4
1780280631.0759,4
1780280631.0769,4
1780280631.0779,4
1780280631.0789,4
1780280631.08,4
1780280631.081,4
1780280631.082,4
1780280631.083,4
1780280631.0839,4
1780280631.0849,4
1780280631.0859,4
1780280631.0869,4
1780280631.088,4
1780280631.089,4
1780280631.09,4
1780280631.091,4
1780280631.0919,4
1780280631.0929,4
1780280631.0939,4
1780280631.0949,4
1780280631.096,4
1780280631.097,4
1780280631.098,4
1780280631.099,4
1780280632.0,4
1780280632.0009,4
1780280632.0019,4
1780280632.0029,4
1780280632.0039,4
1780280632.005,4
1780280632.006,4
1780280632.007,4
1780280632.008,4
1780280632.0089,4
1780280632.0099,4
1780280632.0109,4
1780280632.0119,4
1780280632.013,4
1780280632.014,4
1780280632.015,4
1780280632.016,4
1780280632.0169,4
1780280632.0179,4
1780280632.0189,4
1780280632.0199,4
1780280632.021,4
1780280632.022,4
1780280632.023,4
1780280632.024,4
1780280632.025,4
1780280632.0259,4
1780280632.0269,4
1780280632.0279,4
1780280632.0289,4
1780280632.03,4
1780280632.031,4
1780280632.032,4
1780280632.033,4
1780280632.0339,4
1780280632.0349,4
1780280632.0359,4
1780280632.0369,4
1780280632.038,4
1780280632.039,4
1780280632.04,4
1780280632.041,4
1780280632.0419,4
1780280632.0429,4
1780280632.0439,4
1780280632.0449,4
1780280632.046,4
1780280632.047,4
1780280632.048,4
1780280632.049,4
1780280632.05,4
1780280632.0509,4
1780280632.0519,4
1780280632.0529,4
1780280632.0539,4
1780280632.055,4
1780280632.056,4
1780280632.057,4
1780280632.058,4
1780280632.0589,4
1780280632.0599,4
1780280632.0609,4
1780280632.0619,4
1780280632.063,4
1780280632.064,4
1780280632.065,4
1780280632.066,4
1780280632.0669,4
1780280632.0679,4
1780280632.0689,4
1780280632.0699,4
1780280632.071,4
1780280632.072,4
1780280632.073,4
1780280632.074,4
1780280632.075,4
1780280632.0759,4
1780280632.0769,4
1780280632.0779,4
1780280632.0789,4
1780280632.08,4
1780280632.081,4
1780280632.082,4
1780280632.083,4
1780280632.0839,4
1780280632.0849,4
1780280632.0859,4
1780280632.0869,4
1780280632.088,4
1780280632.089,4
1780280632.09,4
1780280632.091,4
1780280632.0919,4
1780280632.0929,4
1780280632.0939,4
1780280632.0949,4
1780280632.096,4
1780280632.097,4
1780280632.098,4
1780280632.099,4
1780280633.0,4
1780280633.0009,4
1780280633.0019,4
1780280633.0029,4
1780280633.0039,4
1780280633.005,4
1780280633.006,4
1780280633.007,4
1780280633.008,4
1780280633.0089,4
1780280633.0099,4
1780280633.0109,4
1780280633.0119,4
1780280633.013,4
1780280633.014,4
1780280633.015,4
1780280633.016,4
1780280633.0169,4
1780280633.0179,4
1780280633.0189,4
1780280633.0199,4
1780280633.021,4
1780280633.022,4
1780280633.023,4
1780280633.024,4
1780280633.025,4
1780280633.0259,4
1780280633.0269,4
1780280633.0279,4
1780280633.0289,4
1780280633.03,4
1780280633.031,4
1780280633.032,4
1780280633.033,4
1780280633.0339,4
1780280633.0349,4
1780280633.0359,4
1780280633.0369,4
1780280633.038,4
1780280633.039,4
1780280633.04,4
1780280633.041,4
1780280633.0419,4
1780280633.0429,4
1780280633.0439,4
1780280633.0449,4
1780280633.046,4
1780280633.047,4
1780280633.048,4
1780280633.049,4
1780280633.05,4
1780280633.0509,4
1780280633.0519,4
1780280633.0529,4
1780280633.0539,4
1780280633.055,4
1780280633.056,4
1780280633.057,4
1780280633.058,4
1780280633.0589,4
1780280633.0599,4
1780280633.0609,4
1780280633.0619,4
1780280633.063,4
1780280633.064,4
1780280633.065,4
1780280633.066,4
1780280633.0669,4
1780280633.0679,4
1780280633.0689,4
1780280633.0699,4
1780280633.071,4
1780280633.072,4
1780280633.073,4
1780280633.074,4
1780280633.075,4
1780280633.0759,4
1780280633.0769,4
1780280633.0779,4
1780280633.0789,4
1780280633.08,4
1780280633.081,4
1780280633.082,4
1780280633.083,4
1780280633.0839,4
1780280633.0849,4
1780280633.0859,4
1780280633.0869,4
1780280633.088,4
1780280633.089,4
1780280633.09,4
1780280633.091,4
1780280633.0919,4
1780280633.0929,4
1780280633.0939,4
1780280633.0949,4
1780280633.096,4
1780280633.097,4
1780280633.098,4
1780280633.099,4
1780280634.0,4
1780280634.0009,4
1780280634.0019,4
1780280634.0029,4
1780280634.0039,4
1780280634.005,4
1780280634.006,4
1780280634.007,4
1780280634.008,4
1780280634.0089,4
1780280634.0099,4
1780280634.0109,4
1780280634.0119,4
1780280634.013,4
1780280634.014,4
1780280634.015,4
1780280634.016,4
1780280634.0169,4
1780280634.0179,4
1780280634.0189,4
1780280634.0199,4
1780280634.021,4
1780280634.022,4
1780280634.023,4
1780280634.024,4
1780280634.025,4
1780280634.0259,4
1780280634.0269,4
1780280634.0279,4
1780280634.0289,4
1780280634.03,4
1780280634.031,4
1780280634.032,4
1780280634.033,4
1780280634.0339,4
1780280634.0349,4
1780280634.0359,4
1780280634.0369,4
1780280634.038,4
1780280634.039,4
1780280634.04,4
1780280634.041,4
1780280634.0419,4
1780280634.0429,4
1780280634.0439,4
1780280634.0449,4
1780280634.046,4
1780280634.047,4
1780280634.048,4
1780280634.049,4
1780280634.05,4
1780280634.0509,4
1780280634.0519,4
1780280634.0529,4
1780280634.0539,4
1780280634.055,4
1780280634.056,4
1780280634.057,4
1780280634.058,4
1780280634.0589,4
1780280634.0599,4
1780280634.0609,4
1780280634.0619,4
1780280634.063,4
1780280634.064,4
1780280634.065,4
1780280634.066,4
1780280634.0669,4
1780280634.0679,4
1780280634.0689,4
1780280634.0699,4
1780280634.071,4
1780280634.072,4
1780280634.073,4
1780280634.074,4
1780280634.075,4
1780280634.0759,4
1780280634.0769,4
1780280634.0779,4
1780280634.0789,4
1780280634.08,4
1780280634.081,4
1780280634.082,4
1780280634.083,4
1780280634.0839,4
1780280634.0849,4
1780280634.0859,4
1780280634.0869,4
1780280634.088,4
1780280634.089,4
1780280634.09,4
1780280634.091,4
1780280634.0919,4
1780280634.0929,4
1780280634.0939,4
1780280634.0949,4
1780280634.096,4
1780280634.097,4
1780280634.098,4
1780280634.099,4
1780280635.0,4
1780280635.0009,4
1780280635.0019,4
1780280635.0029,4
1780280635.0039,4
1780280635.005,4
1780280635.006,4
1780280635.007,4
1780280635.008,4
1780280635.0089,4
1780280635.0099,4
1780280635.0109,4
1780280635.0119,4
1780280635.013,4
1780280635.014,4
1780280635.015,4
1780280635.016,4
1780280635.0169,4
1780280635.0179,4
1780280635.0189,4
1780280635.0199,4
1780280635.021,4
1780280635.022,4
1780280635.023,4
1780280635.024,4
1780280635.025,4
1780280635.0259,4
1780280635.0269,4
1780280635.0279,4
1780280635.0289,4
1780280635.03,4
1780280635.031,4
1780280635.032,4
1780280635.033,4
1780280635.0339,4
1780280635.0349,4
1780280635.0359,4
1780280635.0369,4
1780280635.038,4
1780280635.039,4
1780280635.04,4
1780280635.041,4
1780280635.0419,4
1780280635.0429,4
1780280635.0439,4
1780280635.0449,4
1780280635.046,4
1780280635.047,4
1780280635.048,4
1780280635.049,4
1780280635.05,4
1780280635.0509,4
1780280635.0519,4
1780280635.0529,4
1780280635.0539,4
1780280635.055,4
1780280635.056,4
1780280635.057,4
1780280635.058,4
1780280635.0589,4
1780280635.0599,4
1780280635.0609,4
1780280635.0619,4
1780280635.063,4
1780280635.064,4
1780280635.065,4
1780280635.066,4
1780280635.0669,4
1780280635.0679,4
1780280635.0689,4
1780280635.0699,4
1780280635.071,4
1780280635.072,4
1780280635.073,4
1780280635.074,4
1780280635.075,4
1780280635.0759,4
1780280635.0769,4
1780280635.0779,4
1780280635.0789,4
1780280635.08,4
1780280635.081,4
1780280635.082,4
1780280635.083,4
1780280635.0839,4
1780280635.0849,4
1780280635.0859,4
1780280635.0869,4
1780280635.088,4
1780280635.089,4
1780280635.09,4
1780280635.091,4
1780280635.0919,4
1780280635.0929,4
1780280635.0939,4
1780280635.0949,4
1780280635.096,4
1780280635.097,4
1780280635.098,4
1780280635.099,4
1780280636.0,4
1780280636.0009,4
1780280636.0019,4
1780280636.0029,4
1780280636.0039,4
1780280636.005,4
1780280636.006,4
1780280636.007,4
1780280636.008,4
1780280636.0089,4
1780280636.0099,4
1780280636.0109,4
1780280636.0119,4
1780280636.013,4
1780280636.014,4
1780280636.015,4
1780280636.016,4
1780280636.0169,4
1780280636.0179,4
1780280636.0189,4
1780280636.0199,4
1780280636.021,4
1780280636.022,4
1780280636.023,4
1780280636.024,4
1780280636.025,4
1780280636.0259,4
1780280636.0269,4
1780280636.0279,4
1780280636.0289,4
1780280636.03,4
1780280636.031,4
1780280636.032,4
1780280636.033,4
1780280636.0339,4
1780280636.0349,4
1780280636.0359,4
1780280636.0369,4
1780280636.038,4
1780280636.039,4
1780280636.04,4
1780280636.041,4
1780280636.0419,4
1780280636.0429,4
1780280636.0439,4
1780280636.0449,4
1780280636.046,4
1780280636.047,4
1780280636.048,4
1780280636.049,4
1780280636.05,4
1780280636.0509,4
1780280636.0519,4
1780280636.0529,4
1780280636.0539,4
1780280636.055,4
1780280636.056,4
1780280636.057,4
1780280636.058,4
1780280636.0589,4
1780280636.0599,4
1780280636.0609,4
1780280636.0619,4
1780280636.063,4
1780280636.064,4
1780280636.065,4
1780280636.066,4
1780280636.0669,4
1780280636.0679,4
1780280636.0689,4
1780280636.0699,4
1780280636.071,4
1780280636.072,4
1780280636.073,4
1780280636.074,4
1780280636.075,4
1780280636.0759,4
1780280636.0769,4
1780280636.0779,4
1780280636.0789,4
1780280636.08,4
1780280636.081,4
1780280636.082,4
1780280636.083,4
1780280636.0839,4
1780280636.0849,4
1780280636.0859,4
1780280636.0869,4
1780280636.088,4
1780280636.089,4
1780280636.09,4
1780280636.091,4
1780280636.0919,4
1780280636.0929,4
1780280636.0939,4
1780280636.0949,4
1780280636.096,4
1780280636.097,4
1780280636.098,4
1780280636.099,4
1780280637.0,4
1780280637.0009,4
1780280637.0019,4
1780280637.0029,4
1780280637.0039,4
1780280637.005,4
1780280637.006,4
1780280637.007,4
1780280637.008,4
1780280637.0089,4
1780280637.0099,4
1780280637.0109,4
1780280637.0119,4
1780280637.013,4
1780280637.014,4
1780280637.015,4
1780280637.016,4
1780280637.0169,4
1780280637.0179,4
1780280637.0189,4
1780280637.0199,4
1780280637.021,4
1780280637.022,4
1780280637.023,4
1780280637.024,4
1780280637.025,4
1780280637.0259,4
1780280637.0269,4
1780280637.0279,4
1780280637.0289,4
1780280637.03,4
1780280637.031,4
1780280637.032,4
1780280637.033,4
1780280637.0339,4
1780280637.0349,4
1780280637.0359,4
1780280637.0369,4
1780280637.038,4
1780280637.039,4
1780280637.04,4
1780280637.041,4
1780280637.0419,4
1780280637.0429,4
1780280637.0439,4
1780280637.0449,4
1780280637.046,4
1780280637.047,4
1780280637.048,4
1780280637.049,4
1780280637.05,4
1780280637.0509,4
1780280637.0519,4
1780280637.0529,4
1780280637.0539,4
1780280637.055,4
1780280637.056,4
1780280637.057,4
1780280637.058,4
1780280637.0589,4
1780280637.0599,4
1780280637.0609,4
1780280637.0619,4
1780280637.063,4
1780280637.064,4
1780280637.065,4
1780280637.066,4
1780280637.0669,4
1780280637.0679,4
1780280637.0689,4
1780280637.0699,4
1780280637.071,4
1780280637.072,4
1780280637.073,4
1780280637.074,4
1780280637.075,4
1780280637.0759,4
1780280637.0769,4
1780280637.0779,4
1780280637.0789,4
1780280637.08,4
1780280637.081,4
1780280637.082,4
1780280637.083,4
1780280637.0839,4
1780280637.0849,4
1780280637.0859,4
1780280637.0869,4
1780280637.088,4
1780280637.089,4
1780280637.09,4
1780280637.091,4
1780280637.0919,4
1780280637.0929,4
1780280637.0939,4
1780280637.0949,4
1780280637.096,4
1780280637.097,4
1780280637.098,4
1780280637.099,4
1780280638.0,4
1780280638.0009,4
1780280638.0019,4
1780280638.0029,4
1780280638.0039,4
1780280638.005,4
1780280638.006,4
1780280638.007,4
1780280638.008,4
1780280638.0089,4
1780280638.0099,4
1780280638.0109,4
1780280638.0119,4
1780280638.013,4
1780280638.014,4
1780280638.015,4
1780280638.016,4
1780280638.0169,4
1780280638.0179,4
1780280638.0189,4
1780280638.0199,4
1780280638.021,4
1780280638.022,4
1780280638.023,4
1780280638.024,4
1780280638.025,4
1780280638.0259,4
1780280638.0269,4
1780280638.0279,4
1780280638.0289,4
1780280638.03,4
1780280638.031,4
1780280638.032,4
1780280638.033,4
1780280638.0339,4
1780280638.0349,4
1780280638.0359,4
1780280638.0369,4
1780280638.038,4
1780280638.039,4
1780280638.04,4
1780280638.041,4
1780280638.0419,4
1780280638.0429,4
1780280638.0439,4
1780280638.0449,4
1780280638.046,4
1780280638.047,4
1780280638.048,4
1780280638.049,4
1780280638.05,4
1780280638.0509,4
1780280638.0519,4
1780280638.0529,4
1780280638.0539,4
1780280638.055,4
1780280638.056,4
1780280638.057,4
1780280638.058,4
1780280638.0589,4
1780280638.0599,4
1780280638.0609,4
1780280638.0619,4
1780280638.063,4
1780280638.064,4
1780280638.065,4
1780280638.066,4
1780280638.0669,4
1780280638.0679,4
1780280638.0689,4
1780280638.0699,4
1780280638.071,4
1780280638.072,4
1780280638.073,4
1780280638.074,4
1780280638.075,4
1780280638.0759,4
1780280638.0769,4
1780280638.0779,4
1780280638.0789,4
1780280638.08,4
1780280638.081,4
1780280638.082,4
1780280638.083,4
1780280638.0839,4
1780280638.0849,4
1780280638.0859,4
1780280638.0869,4
1780280638.088,4
1780280638.089,4
1780280638.09,4
1780280638.091,4
1780280638.0919,4
1780280638.0929,4
1780280638.0939,4
1780280638.0949,4
1780280638.096,4
1780280638.097,4
1780280638.098,4
1780280638.099,4
1780280639.0,4
1780280639.0009,4
1780280639.0019,4
1780280639.0029,4
1780280639.0039,4
1780280639.005,4
1780280639.006,4
1780280639.007,4
1780280639.008,4
1780280639.0089,4
1780280639.0099,4
1780280639.0109,4
1780280639.0119,4
1780280639.013,4
1780280639.014,4
1780280639.015,4
1780280639.016,4
1780280639.0169,4
1780280639.0179,4
1780280639.0189,4
1780280639.0199,4
1780280639.021,4
1780280639.022,4
1780280639.023,4
1780280639.024,4
1780280639.025,4
1780280639.0259,4
1780280639.0269,4
1780280639.0279,4
1780280639.0289,4
1780280639.03,4
1780280639.031,4
1780280639.032,4
1780280639.033,4
1780280639.0339,4
1780280639.0349,4
1780280639.0359,4
1780280639.0369,4
1780280639.038,4
1780280639.039,4
1780280639.04,4
1780280639.041,4
1780280639.0419,4
1780280639.0429,4
1780280639.0439,4
1780280639.0449,4
1780280639.046,4
1780280639.047,4
1780280639.048,4
1780280639.049,4
1780280639.05,4
1780280639.0509,4
1780280639.0519,4
1780280639.0529,4
1780280639.0539,4
1780280639.055,4
1780280639.056,4
1780280639.057,4
1780280639.058,4
1780280639.0589,4
1780280639.0599,4
1780280639.0609,4
1780280639.0619,4
1780280639.063,4
1780280639.064,4
1780280639.065,4
1780280639.066,4
1780280639.0669,4
1780280639.0679,4
1780280639.0689,4
1780280639.0699,4
1780280639.071,4
1780280639.072,4
1780280639.073,4
1780280639.074,4
1780280639.075,4
1780280639.0759,4
1780280639.0769,4
1780280639.0779,4
1780280639.0789,4
1780280639.08,4
1780280639.081,4
1780280639.082,4
1780280639.083,4
1780280639.0839,4
1780280639.0849,4
1780280639.0859,4
1780280639.0869,4
1780280639.088,4
1780280639.089,4
1780280639.09,4
1780280639.091,4
1780280639.0919,4
1780280639.0929,4
1780280639.0939,4
1780280639.0949,4
1780280639.096,4
1780280639.097,4
1780280639.098,4
1780280639.099,4
1780280640.0,4
1780280640.0009,4
1780280640.0019,4
1780280640.0029,4
1780280640.0039,4
1780280640.005,4
1780280640.006,4
1780280640.007,4
1780280640.008,4
1780280640.0089,4
1780280640.0099,4
1780280640.0109,4
1780280640.0119,4
1780280640.013,4
1780280640.014,4
1780280640.015,4
1780280640.016,4
1780280640.0169,4
1780280640.0179,4
1780280640.0189,4
1780280640.0199,4
1780280640.021,4
1780280640.022,4
1780280640.023,4
1780280640.024,4
1780280640.025,4
1780280640.0259,4
1780280640.0269,4
1780280640.0279,4
1780280640.0289,4
1780280640.03,4
1780280640.031,4
1780280640.032,4
1780280640.033,4
1780280640.0339,4
1780280640.0349,4
1780280640.0359,4
1780280640.0369,4
1780280640.038,4
1780280640.039,4
1780280640.04,4
1780280640.041,4
1780280640.0419,4
1780280640.0429,4
1780280640.0439,4
1780280640.0449,4
1780280640.046,4
1780280640.047,4
1780280640.048,4
1780280640.049,4
1780280640.05,4
1780280640.0509,4
1780280640.0519,4
1780280640.0529,4
1780280640.0539,4
1780280640.055,4
1780280640.056,4
1780280640.057,4
1780280640.058,4
1780280640.0589,4
1780280640.0599,4
1780280640.0609,4
1780280640.0619,4
1780280640.063,4
1780280640.064,4
1780280640.065,4
1780280640.066,4
1780280640.0669,4
1780280640.0679,4
1780280640.0689,4
1780280640.0699,4
1780280640.071,4
1780280640.072,4
1780280640.073,4
1780280640.074,4
1780280640.075,4
1780280640.0759,4
1780280640.0769,4
1780280640.0779,4
1780280640.0789,4
1780280640.08,4
1780280640.081,4
1780280640.082,4
1780280640.083,4
1780280640.0839,4
1780280640.0849,4
1780280640.0859,4
1780280640.0869,4
1780280640.088,4
1780280640.089,4
1780280640.09,4
1780280640.091,4
1780280640.0919,4
1780280640.0929,4
1780280640.0939,4
1780280640.0949,4
1780280640.096,4
1780280640.097,4
1780280640.098,4
1780280640.099,4
1780280641.0,4
1780280641.0009,4
1780280641.0019,4
1780280641.0029,4
1780280641.0039,4
1780280641.005,4
1780280641.006,4
1780280641.007,4
1780280641.008,4
1780280641.0089,4
1780280641.0099,4
1780280641.0109,4
1780280641.0119,4
1780280641.013,4
1780280641.014,4
1780280641.015,4
1780280641.016,4
1780280641.0169,4
1780280641.0179,4
1780280641.0189,4
1780280641.0199,4
1780280641.021,4
1780280641.022,4
1780280641.023,4
1780280641.024,4
1780280641.025,4
1780280641.0259,4
1780280641.0269,4
1780280641.0279,4
1780280641.0289,4
1780280641.03,4
1780280641.031,4
1780280641.032,4
1780280641.033,4
1780280641.0339,4
1780280641.0349,4
1780280641.0359,4
1780280641.0369,4
1780280641.038,4
1780280641.039,4
1780280641.04,4
1780280641.041,4
1780280641.0419,4
1780280641.0429,4
1780280641.0439,4
1780280641.0449,4
1780280641.046,4
1780280641.047,4
1780280641.048,4
1780280641.049,4
1780280641.05,4
1780280641.0509,4
1780280641.0519,4
1780280641.0529,4
1780280641.0539,4
1780280641.055,4
1780280641.056,4
1780280641.057,4
1780280641.058,4
1780280641.0589,4
1780280641.0599,4
1780280641.0609,4
1780280641.0619,4
1780280641.063,4
1780280641.064,4
1780280641.065,4
1780280641.066,4
1780280641.0669,4
1780280641.0679,4
1780280641.0689,4
1780280641.0699,4
1780280641.071,4
1780280641.072,4
1780280641.073,4
1780280641.074,4
1780280641.075,4
1780280641.0759,4
1780280641.0769,4
1780280641.0779,4
1780280641.0789,4
1780280641.08,4
1780280641.081,4
1780280641.082,4
1780280641.083,4
1780280641.0839,4
1780280641.0849,4
1780280641.0859,4
1780280641.0869,4
1780280641.088,4
1780280641.089,4
1780280641.09,4
1780280641.091,4
1780280641.0919,4
1780280641.0929,4
1780280641.0939,4
1780280641.0949,4
1780280641.096,4
1780280641.097,4
1780280641.098,4
1780280641.099,4
1780280642.0,4
1780280642.0009,4
1780280642.0019,4
1780280642.0029,4
1780280642.0039,4
1780280642.005,4
1780280642.006,4
1780280642.007,4
1780280642.008,4
1780280642.0089,4
1780280642.0099,4
1780280642.0109,4
1780280642.0119,4
1780280642.013,4
1780280642.014,4
1780280642.015,4
1780280642.016,4
1780280642.0169,4
1780280642.0179,4
1780280642.0189,4
1780280642.0199,4
1780280642.021,4
1780280642.022,4
1780280642.023,4
1780280642.024,4
1780280642.025,4
1780280642.0259,4
1780280642.0269,4
1780280642.0279,4
1780280642.0289,4
1780280642.03,4
1780280642.031,4
1780280642.032,4
1780280642.033,4
1780280642.0339,4
1780280642.0349,4
1780280642.0359,4
1780280642.0369,4
1780280642.038,4
1780280642.039,4
1780280642.04,4
1780280642.041,4
1780280642.0419,4
1780280642.0429,4
1780280642.0439,4
1780280642.0449,4
1780280642.046,4
1780280642.047,4
1780280642.048,4
1780280642.049,4
1780280642.05,4
1780280642.0509,4
1780280642.0519,4
1780280642.0529,4
1780280642.0539,4
1780280642.055,4
1780280642.056,4
1780280642.057,4
1780280642.058,4
1780280642.0589,4
1780280642.0599,4
1780280642.0609,4
1780280642.0619,4
1780280642.063,4
1780280642.064,4
1780280642.065,4
1780280642.066,4
1780280642.0669,4
1780280642.0679,4
1780280642.0689,4
1780280642.0699,4
1780280642.071,4
1780280642.072,4
1780280642.073,4
1780280642.074,4
1780280642.075,4
1780280642.0759,4
1780280642.0769,4
1780280642.0779,4
1780280642.0789,4
1780280642.08,4
1780280642.081,4
1780280642.082,4
1780280642.083,4
1780280642.0839,4
1780280642.0849,4
1780280642.0859,4
1780280642.0869,4
1780280642.088,4
1780280642.089,4
1780280642.09,4
1780280642.091,4
1780280642.0919,4
1780280642.0929,4
1780280642.0939,4
1780280642.0949,4
1780280642.096,4
1780280642.097,4
1780280642.098,4
1780280642.099,4
1780280643.0,4
1780280643.0009,4
1780280643.0019,4
1780280643.0029,4
1780280643.0039,4
1780280643.005,4
1780280643.006,4
1780280643.007,4
1780280643.008,4
1780280643.0089,4
1780280643.0099,4
1780280643.0109,4
1780280643.0119,4
1780280643.013,4
1780280643.014,4
1780280643.015,4
1780280643.016,4
1780280643.0169,4
1780280643.0179,4
1780280643.0189,4
1780280643.0199,4
1780280643.021,4
1780280643.022,4
1780280643.023,4
1780280643.024,4
1780280643.025,4
1780280643.0259,4
1780280643.0269,4
1780280643.0279,4
1780280643.0289,4
1780280643.03,4
1780280643.031,4
1780280643.032,4
1780280643.033,4
1780280643.0339,4
1780280643.0349,4
1780280643.0359,4
1780280643.0369,4
1780280643.038,4
1780280643.039,4
1780280643.04,4
1780280643.041,4
1780280643.0419,4
1780280643.0429,4
1780280643.0439,4
1780280643.0449,4
1780280643.046,4
1780280643.047,4
1780280643.048,4
1780280643.049,4
1780280643.05,4
1780280643.0509,4
1780280643.0519,4
1780280643.0529,4
1780280643.0539,4
1780280643.055,4
1780280643.056,4
1780280643.057,4
1780280643.058,4
1780280643.0589,4
1780280643.0599,4
1780280643.0609,4
1780280643.0619,4
1780280643.063,4
1780280643.064,4
1780280643.065,4
1780280643.066,4
1780280643.0669,4
1780280643.0679,4
1780280643.0689,4
1780280643.0699,4
1780280643.071,4
1780280643.072,4
1780280643.073,4
1780280643.074,4
1780280643.075,4
1780280643.0759,4
1780280643.0769,4
1780280643.0779,4
1780280643.0789,4
1780280643.08,4
1780280643.081,4
1780280643.082,4
1780280643.083,4
1780280643.0839,4
1780280643.0849,4
1780280643.0859,4
1780280643.0869,4
1780280643.088,4
1780280643.089,4
1780280643.09,4
1780280643.091,4
1780280643.0919,4
1780280643.0929,4
1780280643.0939,4
1780280643.0949,4
1780280643.096,4
1780280643.097,4
1780280643.098,4
1780280643.099,4
1780280644.0,4
1780280644.0009,4
1780280644.0019,4
1780280644.0029,4
1780280644.0039,4
1780280644.005,4
1780280644.006,4
1780280644.007,4
1780280644.008,4
1780280644.0089,4
1780280644.0099,4
1780280644.0109,4
1780280644.0119,4
1780280644.013,4
1780280644.014,4
1780280644.015,4
1780280644.016,4
1780280644.0169,4
1780280644.0179,4
1780280644.0189,4
1780280644.0199,4
1780280644.021,4
1780280644.022,4
1780280644.023,4
1780280644.024,4
1780280644.025,4
1780280644.0259,4
1780280644.0269,4
1780280644.0279,4
1780280644.0289,4
1780280644.03,4
1780280644.031,4
1780280644.032,4
1780280644.033,4
1780280644.0339,4
1780280644.0349,4
1780280644.0359,4
1780280644.0369,4
1780280644.038,4
1780280644.039,4
1780280644.04,4
1780280644.041,4
1780280644.0419,4
1780280644.0429,4
1780280644.0439,4
1780280644.0449,4
1780280644.046,4
1780280644.047,4
1780280644.048,4
1780280644.049,4
1780280644.05,4
1780280644.0509,4
1780280644.0519,4
1780280644.0529,4
1780280644.0539,4
1780280644.055,4
1780280644.056,4
1780280644.057,4
1780280644.058,4
1780280644.0589,4
1780280644.0599,4
1780280644.0609,4
1780280644.0619,4
1780280644.063,4
1780280644.064,4
1780280644.065,4
1780280644.066,4
1780280644.0669,4
1780280644.0679,4
1780280644.0689,4
1780280644.0699,4
1780280644.071,4
1780280644.072,4
1780280644.073,4
1780280644.074,4
1780280644.075,4
1780280644.0759,4
1780280644.0769,4
1780280644.0779,4
1780280644.0789,4
1780280644.08,4
1780280644.081,4
1780280644.082,4
1780280644.083,4
1780280644.0839,4
1780280644.0849,4
1780280644.0859,4
1780280644.0869,4
1780280644.088,4
1780280644.089,4
1780280644.09,4
1780280644.091,4
1780280644.0919,4
1780280644.0929,4
1780280644.0939,4
1780280644.0949,4
1780280644.096,4
1780280644.097,4
1780280644.098,4
1780280644.099,4
1780280645.0,4
1780280645.0009,4
1780280645.0019,4
1780280645.0029,4
1780280645.0039,4
1780280645.005,4
1780280645.006,4
1780280645.007,4
1780280645.008,4
1780280645.0089,4
1780280645.0099,4
1780280645.0109,4
1780280645.0119,4
1780280645.013,4
1780280645.014,4
1780280645.015,4
1780280645.016,4
1780280645.0169,4
1780280645.0179,4
1780280645.0189,4
1780280645.0199,4
1780280645.021,4
1780280645.022,4
1780280645.023,4
1780280645.024,4
1780280645.025,4
1780280645.0259,4
1780280645.0269,4
1780280645.0279,4
1780280645.0289,4
1780280645.03,4
1780280645.031,4
1780280645.032,4
1780280645.033,4
1780280645.0339,4
1780280645.0349,4
1780280645.0359,4
1780280645.0369,4
1780280645.038,4
1780280645.039,4
1780280645.04,4
1780280645.041,4
1780280645.0419,4
1780280645.0429,4
1780280645.0439,4
1780280645.0449,4
1780280645.046,4
1780280645.047,4
1780280645.048,4
1780280645.049,4
1780280645.05,4
1780280645.0509,4
1780280645.0519,4
1780280645.0529,4
1780280645.0539,4
1780280645.055,4
1780280645.056,4
1780280645.057,4
1780280645.058,4
1780280645.0589,4
1780280645.0599,4
1780280645.0609,4
1780280645.0619,4
1780280645.063,4
1780280645.064,4
1780280645.065,4
1780280645.066,4
1780280645.0669,4
1780280645.0679,4
1780280645.0689,4
1780280645.0699,4
1780280645.071,4
1780280645.072,4
1780280645.073,4
1780280645.074,4
1780280645.075,4
1780280645.0759,4
1780280645.0769,4
1780280645.0779,4
1780280645.0789,4
1780280645.08,4
1780280645.081,4
1780280645.082,4
1780280645.083,4
1780280645.0839,4
1780280645.0849,4
1780280645.0859,4
1780280645.0869,4
1780280645.088,4
1780280645.089,4
1780280645.09,4
1780280645.091,4
1780280645.0919,4
1780280645.0929,4
1780280645.0939,4
1780280645.0949,4
1780280645.096,4
1780280645.097,4
1780280645.098,4
1780280645.099,4
1780280646.0,4
1780280646.0009,4
1780280646.0019,4
1780280646.0029,4
1780280646.0039,4
1780280646.005,4
1780280646.006,4
1780280646.007,4
1780280646.008,4
1780280646.0089,4
1780280646.0099,4
1780280646.0109,4
1780280646.0119,4
1780280646.013,4
1780280646.014,4
1780280646.015,4
1780280646.016,4
1780280646.0169,4
1780280646.0179,4
1780280646.0189,4
1780280646.0199,4
1780280646.021,4
1780280646.022,4
1780280646.023,4
1780280646.024,4
1780280646.025,4
1780280646.0259,4
1780280646.0269,4
1780280646.0279,4
1780280646.0289,4
1780280646.03,4
1780280646.031,4
1780280646.032,4
1780280646.033,4
1780280646.0339,4
1780280646.0349,4
1780280646.0359,4
1780280646.0369,4
1780280646.038,4
1780280646.039,4
1780280646.04,4
1780280646.041,4
1780280646.0419,4
1780280646.0429,4
1780280646.0439,4
1780280646.0449,4
1780280646.046,4
1780280646.047,4
1780280646.048,4
1780280646.049,4
1780280646.05,4
1780280646.0509,4
1780280646.0519,4
1780280646.0529,4
1780280646.0539,4
1780280646.055,4
1780280646.056,4
1780280646.057,4
1780280646.058,4
1780280646.0589,4
1780280646.0599,4
1780280646.0609,4
1780280646.0619,4
1780280646.063,4
1780280646.064,4
1780280646.065,4
1780280646.066,4
1780280646.0669,4
1780280646.0679,4
1780280646.0689,4
1780280646.0699,4
1780280646.071,4
1780280646.072,4
1780280646.073,4
1780280646.074,4
1780280646.075,4
1780280646.0759,4
1780280646.0769,4
1780280646.0779,4
1780280646.0789,4
1780280646.08,4
1780280646.081,4
1780280646.082,4
1780280646.083,4
1780280646.0839,4
1780280646.0849,4
1780280646.0859,4
1780280646.0869,4
1780280646.088,4
1780280646.089,4
1780280646.09,4
1780280646.091,4
1780280646.0919,4
1780280646.0929,4
1780280646.0939,4
1780280646.0949,4
1780280646.096,4
1780280646.097,4
1780280646.098,4
1780280646.099,4
1780280647.0,4
1780280647.0009,4
1780280647.0019,4
1780280647.0029,4
1780280647.0039,4
1780280647.005,4
1780280647.006,4
1780280647.007,4
1780280647.008,4
1780280647.0089,4
1780280647.0099,4
1780280647.0109,4
1780280647.0119,4
1780280647.013,4
1780280647.014,4
1780280647.015,4
1780280647.016,4
1780280647.0169,4
1780280647.0179,4
1780280647.0189,4
1780280647.0199,4
1780280647.021,4
1780280647.022,4
1780280647.023,4
1780280647.024,4
1780280647.025,4
1780280647.0259,4
1780280647.0269,4
1780280647.0279,4
1780280647.0289,4
1780280647.03,4
1780280647.031,4
1780280647.032,4
1780280647.033,4
1780280647.0339,4
1780280647.0349,4
1780280647.0359,4
1780280647.0369,4
1780280647.038,4
1780280647.039,4
1780280647.04,4
1780280647.041,4
1780280647.0419,4
1780280647.0429,4
1780280647.0439,4
1780280647.0449,4
1780280647.046,4
1780280647.047,4
1780280647.048,4
1780280647.049,4
1780280647.05,4
1780280647.0509,4
1780280647.0519,4
1780280647.0529,4
1780280647.0539,4
1780280647.055,4
1780280647.056,4
1780280647.057,4
1780280647.058,4
1780280647.0589,4
1780280647.0599,4
1780280647.0609,4
1780280647.0619,4
1780280647.063,4
1780280647.064,4
1780280647.065,4
1780280647.066,4
1780280647.0669,4
1780280647.0679,4
1780280647.0689,4
1780280647.0699,4
1780280647.071,4
1780280647.072,4
1780280647.073,4
1780280647.074,4
1780280647.075,4
1780280647.0759,4
1780280647.0769,4
1780280647.0779,4
1780280647.0789,4
1780280647.08,4
1780280647.081,4
1780280647.082,4
1780280647.083,4
1780280647.0839,4
1780280647.0849,4
1780280647.0859,4
1780280647.0869,4
1780280647.088,4
1780280647.089,4
1780280647.09,4
1780280647.091,4
1780280647.0919,4
1780280647.0929,4
1780280647.0939,4
1780280647.0949,4
1780280647.096,4
1780280647.097,4
1780280647.098,4
1780280647.099,4
1780280648.0,4
1780280648.0009,4
1780280648.0019,4
1780280648.0029,4
1780280648.0039,4
1780280648.005,4
1780280648.006,4
1780280648.007,4
1780280648.008,4
1780280648.0089,4
1780280648.0099,4
1780280648.0109,4
1780280648.0119,4
1780280648.013,4
1780280648.014,4
1780280648.015,4
1780280648.016,4
1780280648.0169,4
1780280648.0179,4
1780280648.0189,4
1780280648.0199,4
1780280648.021,4
1780280648.022,4
1780280648.023,4
1780280648.024,4
1780280648.025,4
1780280648.0259,4
1780280648.0269,4
1780280648.0279,4
1780280648.0289,4
1780280648.03,4
1780280648.031,4
1780280648.032,4
1780280648.033,4
1780280648.0339,4
1780280648.0349,4
1780280648.0359,4
1780280648.0369,4
1780280648.038,4
1780280648.039,4
1780280648.04,4
1780280648.041,4
1780280648.0419,4
1780280648.0429,4
1780280648.0439,4
1780280648.0449,4
1780280648.046,4
1780280648.047,4
1780280648.048,4
1780280648.049,4
1780280648.05,4
1780280648.0509,4
1780280648.0519,4
1780280648.0529,4
1780280648.0539,4
1780280648.055,4
1780280648.056,4
1780280648.057,4
1780280648.058,4
1780280648.0589,4
1780280648.0599,4
1780280648.0609,4
1780280648.0619,4
1780280648.063,4
1780280648.064,4
1780280648.065,4
1780280648.066,4
1780280648.0669,4
1780280648.0679,4
1780280648.0689,4
1780280648.0699,4
1780280648.071,4
1780280648.072,4
1780280648.073,4
1780280648.074,4
1780280648.075,4
1780280648.0759,4
1780280648.0769,4
1780280648.0779,4
1780280648.0789,4
1780280648.08,4
1780280648.081,4
1780280648.082,4
1780280648.083,4
1780280648.0839,4
1780280648.0849,4
1780280648.0859,4
1780280648.0869,4
1780280648.088,4
1780280648.089,4
1780280648.09,4
1780280648.091,4
1780280648.0919,4
1780280648.0929,4
1780280648.0939,4
1780280648.0949,4
1780280648.096,4
1780280648.097,4
1780280648.098,4
1780280648.099,4
1780280649.0,4
1780280649.0009,4
1780280649.0019,4
1780280649.0029,4
1780280649.0039,4
1780280649.005,4
1780280649.006,4
1780280649.007,4
1780280649.008,4
1780280649.0089,4
1780280649.0099,4
1780280649.0109,4
1780280649.0119,4
1780280649.013,4
1780280649.014,4
1780280649.015,4
1780280649.016,4
1780280649.0169,4
1780280649.0179,4
1780280649.0189,4
1780280649.0199,4
1780280649.021,4
1780280649.022,4
1780280649.023,4
1780280649.024,4
1780280649.025,4
1780280649.0259,4
1780280649.0269,4
1780280649.0279,4
1780280649.0289,4
1780280649.03,4
1780280649.031,4
1780280649.032,4
1780280649.033,4
1780280649.0339,4
1780280649.0349,4
1780280649.0359,4
1780280649.0369,4
1780280649.038,4
1780280649.039,4
1780280649.04,4
1780280649.041,4
1780280649.0419,4
1780280649.0429,4
1780280649.0439,4
1780280649.0449,4
1780280649.046,4
1780280649.047,4
1780280649.048,4
1780280649.049,4
1780280649.05,4
1780280649.0509,4
1780280649.0519,4
1780280649.0529,4
1780280649.0539,4
1780280649.055,4
1780280649.056,4
1780280649.057,4
1780280649.058,4
1780280649.0589,4
1780280649.0599,4
1780280649.0609,4
1780280649.0619,4
1780280649.063,4
1780280649.064,4
1780280649.065,4
1780280649.066,4
1780280649.0669,4
1780280649.0679,4
1780280649.0689,4
1780280649.0699,4
1780280649.071,4
1780280649.072,4
1780280649.073,4
1780280649.074,4
1780280649.075,4
1780280649.0759,4
1780280649.0769,4
1780280649.0779,4
1780280649.0789,4
1780280649.08,4
1780280649.081,4
1780280649.082,4
1780280649.083,4
1780280649.0839,4
1780280649.0849,4
1780280649.0859,4
1780280649.0869,4
1780280649.088,4
1780280649.089,4
1780280649.09,4
1780280649.091,4
1780280649.0919,4
1780280649.0929,4
1780280649.0939,4
1780280649.0949,4
1780280649.096,4
1780280649.097,4
1780280649.098,4
1780280649.099,4
1780280650.0,4
1780280650.0009,4
1780280650.0019,4
1780280650.0029,4
1780280650.0039,4
1780280650.005,4
1780280650.006,4
1780280650.007,4
1780280650.008,4
1780280650.0089,4
1780280650.0099,4
1780280650.0109,4
1780280650.0119,4
1780280650.013,4
1780280650.014,4
1780280650.015,4
1780280650.016,4
1780280650.0169,4
1780280650.0179,4
1780280650.0189,4
1780280650.0199,4
1780280650.021,4
1780280650.022,4
1780280650.023,4
1780280650.024,4
1780280650.025,4
1780280650.0259,4
1780280650.0269,4
1780280650.0279,4
1780280650.0289,4
1780280650.03,4
1780280650.031,4
1780280650.032,4
1780280650.033,4
1780280650.0339,4
1780280650.0349,4
1780280650.0359,4
1780280650.0369,4
1780280650.038,4
1780280650.039,4
1780280650.04,4
1780280650.041,4
1780280650.0419,4
1780280650.0429,4
1780280650.0439,4
1780280650.0449,4
1780280650.046,4
1780280650.047,4
1780280650.048,4
1780280650.049,4
1780280650.05,4
1780280650.0509,4
1780280650.0519,4
1780280650.0529,4
1780280650.0539,4
1780280650.055,4
1780280650.056,4
1780280650.057,4
1780280650.058,4
1780280650.0589,4
1780280650.0599,4
1780280650.0609,4
1780280650.0619,4
1780280650.063,4
1780280650.064,4
1780280650.065,4
1780280650.066,4
1780280650.0669,4
1780280650.0679,4
1780280650.0689,4
1780280650.0699,4
1780280650.071,4
1780280650.072,4
1780280650.073,4
1780280650.074,4
1780280650.075,4
1780280650.0759,4
1780280650.0769,4
1780280650.0779,4
1780280650.0789,4
1780280650.08,4
1780280650.081,4
1780280650.082,4
1780280650.083,4
1780280650.0839,4
1780280650.0849,4
1780280650.0859,4
1780280650.0869,4
1780280650.088,4
1780280650.089,4
1780280650.09,4
1780280650.091,4
1780280650.0919,4
1780280650.0929,4
1780280650.0939,4
1780280650.0949,4
1780280650.096,4
1780280650.097,4
1780280650.098,4
1780280650.099,4
1780280651.0,4
1780280651.0009,4
1780280651.0019,4
1780280651.0029,4
1780280651.0039,4
1780280651.005,4
1780280651.006,4
1780280651.007,4
1780280651.008,4
1780280651.0089,4
1780280651.0099,4
1780280651.0109,4
1780280651.0119,4
1780280651.013,4
1780280651.014,4
1780280651.015,4
1780280651.016,4
1780280651.0169,4
1780280651.0179,4
1780280651.0189,4
1780280651.0199,4
1780280651.021,4
1780280651.022,4
1780280651.023,4
1780280651.024,4
1780280651.025,4
1780280651.0259,4
1780280651.0269,4
1780280651.0279,4
1780280651.0289,4
1780280651.03,4
1780280651.031,4
1780280651.032,4
1780280651.033,4
1780280651.0339,4
1780280651.0349,4
1780280651.0359,4
1780280651.0369,4
1780280651.038,4
1780280651.039,4
1780280651.04,4
1780280651.041,4
1780280651.0419,4
1780280651.0429,4
1780280651.0439,4
1780280651.0449,4
1780280651.046,4
1780280651.047,4
1780280651.048,4
1780280651.049,4
1780280651.05,4
1780280651.0509,4
1780280651.0519,4
1780280651.0529,4
1780280651.0539,4
1780280651.055,4
1780280651.056,4
1780280651.057,4
1780280651.058,4
1780280651.0589,4
1780280651.0599,4
1780280651.0609,4
1780280651.0619,4
1780280651.063,4
1780280651.064,4
1780280651.065,4
1780280651.066,4
1780280651.0669,4
1780280651.0679,4
1780280651.0689,4
1780280651.0699,4
1780280651.071,4
1780280651.072,4
1780280651.073,4
1780280651.074,4
1780280651.075,4
1780280651.0759,4
1780280651.0769,4
1780280651.0779,4
1780280651.0789,4
1780280651.08,4
1780280651.081,4
1780280651.082,4
1780280651.083,4
1780280651.0839,4
1780280651.0849,4
1780280651.0859,4
1780280651.0869,4
1780280651.088,4
1780280651.089,4
1780280651.09,4
1780280651.091,4
1780280651.0919,4
1780280651.0929,4
1780280651.0939,4
1780280651.0949,4
1780280651.096,4
1780280651.097,4
1780280651.098,4
1780280651.099,4
1780280652.0,4
1780280652.0009,4
1780280652.0019,4
1780280652.0029,4
1780280652.0039,4
1780280652.005,4
1780280652.006,4
1780280652.007,4
1780280652.008,4
1780280652.0089,4
1780280652.0099,4
1780280652.0109,4
1780280652.0119,4
1780280652.013,4
1780280652.014,4
1780280652.015,4
1780280652.016,4
1780280652.0169,4
1780280652.0179,4
1780280652.0189,4
1780280652.0199,4
1780280652.021,4
1780280652.022,4
1780280652.023,4
1780280652.024,4
1780280652.025,4
1780280652.0259,4
1780280652.0269,4
1780280652.0279,4
1780280652.0289,4
1780280652.03,4
1780280652.031,4
1780280652.032,4
1780280652.033,4
1780280652.0339,4
1780280652.0349,4
1780280652.0359,4
1780280652.0369,4
1780280652.038,4
1780280652.039,4
1780280652.04,4
1780280652.041,4
1780280652.0419,4
1780280652.0429,4
1780280652.0439,4
1780280652.0449,4
1780280652.046,4
1780280652.047,4
1780280652.048,4
1780280652.049,4
1780280652.05,4
1780280652.0509,4
1780280652.0519,4
1780280652.0529,4
1780280652.0539,4
1780280652.055,4
1780280652.056,4
1780280652.057,4
1780280652.058,4
1780280652.0589,4
1780280652.0599,4
1780280652.0609,4
1780280652.0619,4
1780280652.063,4
1780280652.064,4
1780280652.065,4
1780280652.066,4
1780280652.0669,4
1780280652.0679,4
1780280652.0689,4
1780280652.0699,4
1780280652.071,4
1780280652.072,4
1780280652.073,4
1780280652.074,4
1780280652.075,4
1780280652.0759,4
1780280652.0769,4
1780280652.0779,4
1780280652.0789,4
1780280652.08,4
1780280652.081,4
1780280652.082,4
1780280652.083,4
1780280652.0839,4
1780280652.0849,4
1780280652.0859,4
1780280652.0869,4
1780280652.088,4
1780280652.089,4
1780280652.09,4
1780280652.091,4
1780280652.0919,4
1780280652.0929,4
1780280652.0939,4
1780280652.0949,4
1780280652.096,4
1780280652.097,4
1780280652.098,4
1780280652.099,4
1780280653.0,4
1780280653.0009,4
1780280653.0019,4
1780280653.0029,4
1780280653.0039,4
1780280653.005,4
1780280653.006,4
1780280653.007,4
1780280653.008,4
1780280653.0089,4
1780280653.0099,4
1780280653.0109,4
1780280653.0119,4
1780280653.013,4
1780280653.014,4
1780280653.015,4
1780280653.016,4
1780280653.0169,4
1780280653.0179,4
1780280653.0189,4
1780280653.0199,4
1780280653.021,4
1780280653.022,4
1780280653.023,4
1780280653.024,4
1780280653.025,4
1780280653.0259,4
1780280653.0269,4
1780280653.0279,4
1780280653.0289,4
1780280653.03,4
1780280653.031,4
1780280653.032,4
1780280653.033,4
1780280653.0339,4
1780280653.0349,4
1780280653.0359,4
1780280653.0369,4
1780280653.038,4
1780280653.039,4
1780280653.04,4
1780280653.041,4
1780280653.0419,4
1780280653.0429,4
1780280653.0439,4
1780280653.0449,4
1780280653.046,4
1780280653.047,4
1780280653.048,4
1780280653.049,4
1780280653.05,4
1780280653.0509,4
1780280653.0519,4
1780280653.0529,4
1780280653.0539,4
1780280653.055,4
1780280653.056,4
1780280653.057,4
1780280653.058,4
1780280653.0589,4
1780280653.0599,4
1780280653.0609,4
1780280653.0619,4
1780280653.063,4
1780280653.064,4
1780280653.065,4
1780280653.066,4
1780280653.0669,4
1780280653.0679,4
1780280653.0689,4
1780280653.0699,4
1780280653.071,4
1780280653.072,4
1780280653.073,4
1780280653.074,4
1780280653.075,4
1780280653.0759,4
1780280653.0769,4
1780280653.0779,4
1780280653.0789,4
1780280653.08,4
1780280653.081,4
1780280653.082,4
1780280653.083,4
1780280653.0839,4
1780280653.0849,4
1780280653.0859,4
1780280653.0869,4
1780280653.088,4
1780280653.089,4
1780280653.09,4
1780280653.091,4
1780280653.0919,4
1780280653.0929,4
1780280653.0939,4
1780280653.0949,4
1780280653.096,4
1780280653.097,4
1780280653.098,4
1780280653.099,4
1780280654.0,4
1780280654.0009,4
1780280654.0019,4
1780280654.0029,4
1780280654.0039,4
1780280654.005,4
1780280654.006,4
1780280654.007,4
1780280654.008,4
1780280654.0089,4
1780280654.0099,4
1780280654.0109,4
1780280654.0119,4
1780280654.013,4
1780280654.014,4
1780280654.015,4
1780280654.016,4
1780280654.0169,4
1780280654.0179,4
1780280654.0189,4
1780280654.0199,4
1780280654.021,4
1780280654.022,4
1780280654.023,4
1780280654.024,4
1780280654.025,4
1780280654.0259,4
1780280654.0269,4
1780280654.0279,4
1780280654.0289,4
1780280654.03,4
1780280654.031,4
1780280654.032,4
1780280654.033,4
1780280654.0339,4
1780280654.0349,4
1780280654.0359,4
1780280654.0369,4
1780280654.038,4
1780280654.039,4
1780280654.04,4
1780280654.041,4
1780280654.0419,4
1780280654.0429,4
1780280654.0439,4
1780280654.0449,4
1780280654.046,4
1780280654.047,4
1780280654.048,4
1780280654.049,4
1780280654.05,4
1780280654.0509,4
1780280654.0519,4
1780280654.0529,4
1780280654.0539,4
1780280654.055,4
1780280654.056,4
1780280654.057,4
1780280654.058,4
1780280654.0589,4
1780280654.0599,4
1780280654.0609,4
1780280654.0619,4
1780280654.063,4
1780280654.064,4
1780280654.065,4
1780280654.066,4
1780280654.0669,4
1780280654.0679,4
1780280654.0689,4
1780280654.0699,4
1780280654.071,4
1780280654.072,4
1780280654.073,4
1780280654.074,4
1780280654.075,4
1780280654.0759,4
1780280654.0769,4
1780280654.0779,4
1780280654.0789,4
1780280654.08,4
1780280654.081,4
1780280654.082,4
1780280654.083,4
1780280654.0839,4
1780280654.0849,4
1780280654.0859,4
1780280654.0869,4
1780280654.088,4
1780280654.089,4
1780280654.09,4
1780280654.091,4
1780280654.0919,4
1780280654.0929,4
1780280654.0939,4
1780280654.0949,4
1780280654.096,4
1780280654.097,4
1780280654.098,4
1780280654.099,4
1780280655.0,4
1780280655.0009,4
1780280655.0019,4
1780280655.0029,4
1780280655.0039,4
1780280655.005,4
1780280655.006,4
1780280655.007,4
1780280655.008,4
1780280655.0089,4
1780280655.0099,4
1780280655.0109,4
1780280655.0119,4
1780280655.013,4
1780280655.014,4
1780280655.015,4
1780280655.016,4
1780280655.0169,4
1780280655.0179,4
1780280655.0189,4
1780280655.0199,4
1780280655.021,4
1780280655.022,4
1780280655.023,4
1780280655.024,4
1780280655.025,4
1780280655.0259,4
1780280655.0269,4
1780280655.0279,4
1780280655.0289,4
1780280655.03,4
1780280655.031,4
1780280655.032,4
1780280655.033,4
1780280655.0339,4
1780280655.0349,4
1780280655.0359,4
1780280655.0369,4
1780280655.038,4
1780280655.039,4
1780280655.04,4
1780280655.041,4
1780280655.0419,4
1780280655.0429,4
1780280655.0439,4
1780280655.0449,4
1780280655.046,4
1780280655.047,4
1780280655.048,4
1780280655.049,4
1780280655.05,4
1780280655.0509,4
1780280655.0519,4
1780280655.0529,4
1780280655.0539,4
1780280655.055,4
1780280655.056,4
1780280655.057,4
1780280655.058,4
1780280655.0589,4
1780280655.0599,4
1780280655.0609,4
1780280655.0619,4
1780280655.063,4
1780280655.064,4
1780280655.065,4
1780280655.066,4
1780280655.0669,4
1780280655.0679,4
1780280655.0689,4
1780280655.0699,4
1780280655.071,4
1780280655.072,4
1780280655.073,4
1780280655.074,4
1780280655.075,4
1780280655.0759,4
1780280655.0769,4
1780280655.0779,4
1780280655.0789,4
1780280655.08,4
1780280655.081,4
1780280655.082,4
1780280655.083,4
1780280655.0839,4
1780280655.0849,4
1780280655.0859,4
1780280655.0869,4
1780280655.088,4
1780280655.089,4
1780280655.09,4
1780280655.091,4
1780280655.0919,4
1780280655.0929,4
1780280655.0939,4
1780280655.0949,4
1780280655.096,4
1780280655.097,4
1780280655.098,4
1780280655.099,4
1780280656.0,4
1780280656.0009,4
1780280656.0019,4
1780280656.0029,4
1780280656.0039,4
1780280656.005,4
1780280656.006,4
1780280656.007,4
1780280656.008,4
1780280656.0089,4
1780280656.0099,4
1780280656.0109,4
1780280656.0119,4
1780280656.013,4
1780280656.014,4
1780280656.015,4
1780280656.016,4
1780280656.0169,4
1780280656.0179,4
1780280656.0189,4
1780280656.0199,4
1780280656.021,4
1780280656.022,4
1780280656.023,4
1780280656.024,4
1780280656.025,4
1780280656.0259,4
1780280656.0269,4
1780280656.0279,4
1780280656.0289,4
1780280656.03,4
1780280656.031,4
1780280656.032,4
1780280656.033,4
1780280656.0339,4
1780280656.0349,4
1780280656.0359,4
1780280656.0369,4
1780280656.038,4
1780280656.039,4
1780280656.04,4
1780280656.041,4
1780280656.0419,4
1780280656.0429,4
1780280656.0439,4
1780280656.0449,4
1780280656.046,4
1780280656.047,4
1780280656.048,4
1780280656.049,4
1780280656.05,4
1780280656.0509,4
1780280656.0519,4
1780280656.0529,4
1780280656.0539,4
1780280656.055,4
1780280656.056,4
1780280656.057,4
1780280656.058,4
1780280656.0589,4
1780280656.0599,4
1780280656.0609,4
1780280656.0619,4
1780280656.063,4
1780280656.064,4
1780280656.065,4
1780280656.066,4
1780280656.0669,4
1780280656.0679,4
1780280656.0689,4
1780280656.0699,4
1780280656.071,4
1780280656.072,4
1780280656.073,4
1780280656.074,4
1780280656.075,4
1780280656.0759,4
1780280656.0769,4
1780280656.0779,4
1780280656.0789,4
1780280656.08,4
1780280656.081,4
1780280656.082,4
1780280656.083,4
1780280656.0839,4
1780280656.0849,4
1780280656.0859,4
1780280656.0869,4
1780280656.088,4
1780280656.089,4
1780280656.09,4
1780280656.091,4
1780280656.0919,4
1780280656.0929,4
1780280656.0939,4
1780280656.0949,4
1780280656.096,4
1780280656.097,4
1780280656.098,4
1780280656.099,4
1780280657.0,4
1780280657.0009,4
1780280657.0019,4
1780280657.0029,4
1780280657.0039,4
1780280657.005,4
1780280657.006,4
1780280657.007,4
1780280657.008,4
1780280657.0089,4
1780280657.0099,4
1780280657.0109,4
1780280657.0119,4
1780280657.013,4
1780280657.014,4
1780280657.015,4
1780280657.016,4
1780280657.0169,4
1780280657.0179,4
1780280657.0189,4
1780280657.0199,4
1780280657.021,4
1780280657.022,4
1780280657.023,4
1780280657.024,4
1780280657.025,4
1780280657.0259,4
1780280657.0269,4
1780280657.0279,4
1780280657.0289,4
1780280657.03,4
1780280657.031,4
1780280657.032,4
1780280657.033,4
1780280657.0339,4
1780280657.0349,4
1780280657.0359,4
1780280657.0369,4
1780280657.038,4
1780280657.039,4
1780280657.04,4
1780280657.041,4
1780280657.0419,4
1780280657.0429,4
1780280657.0439,4
1780280657.0449,4
1780280657.046,4
1780280657.047,4
1780280657.048,4
1780280657.049,4
1780280657.05,4
1780280657.0509,4
1780280657.0519,4
1780280657.0529,4
1780280657.0539,4
1780280657.055,4
1780280657.056,4
1780280657.057,4
1780280657.058,4
1780280657.0589,4
1780280657.0599,4
1780280657.0609,4
1780280657.0619,4
1780280657.063,4
1780280657.064,4
1780280657.065,4
1780280657.066,4
1780280657.0669,4
1780280657.0679,4
1780280657.0689,4
1780280657.0699,4
1780280657.071,4
1780280657.072,4
1780280657.073,4
1780280657.074,4
1780280657.075,4
1780280657.0759,4
1780280657.0769,4
1780280657.0779,4
1780280657.0789,4
1780280657.08,4
1780280657.081,4
1780280657.082,4
1780280657.083,4
1780280657.0839,4
1780280657.0849,4
1780280657.0859,4
1780280657.0869,4
1780280657.088,4
1780280657.089,4
1780280657.09,4
1780280657.091,4
1780280657.0919,4
1780280657.0929,4
1780280657.0939,4
1780280657.0949,4
1780280657.096,4
1780280657.097,4
1780280657.098,4
1780280657.099,4
1780280658.0,4
1780280658.0009,4
1780280658.0019,4
1780280658.0029,4
1780280658.0039,4
1780280658.005,4
1780280658.006,4
1780280658.007,4
1780280658.008,4
1780280658.0089,4
1780280658.0099,4
1780280658.0109,4
1780280658.0119,4
1780280658.013,4
1780280658.014,4
1780280658.015,4
1780280658.016,4
1780280658.0169,4
1780280658.0179,4
1780280658.0189,4
1780280658.0199,4
1780280658.021,4
1780280658.022,4
1780280658.023,4
1780280658.024,4
1780280658.025,4
1780280658.0259,4
1780280658.0269,4
1780280658.0279,4
1780280658.0289,4
1780280658.03,4
1780280658.031,4
1780280658.032,4
1780280658.033,4
1780280658.0339,4
1780280658.0349,4
1780280658.0359,4
1780280658.0369,4
1780280658.038,4
1780280658.039,4
1780280658.04,4
1780280658.041,4
1780280658.0419,4
1780280658.0429,4
1780280658.0439,4
1780280658.0449,4
1780280658.046,4
1780280658.047,4
1780280658.048,4
1780280658.049,4
1780280658.05,4
1780280658.0509,4
1780280658.0519,4
1780280658.0529,4
1780280658.0539,4
1780280658.055,4
1780280658.056,4
1780280658.057,4
1780280658.058,4
1780280658.0589,4
1780280658.0599,4
1780280658.0609,4
1780280658.0619,4
1780280658.063,4
1780280658.064,4
1780280658.065,4
1780280658.066,4
1780280658.0669,4
1780280658.0679,4
1780280658.0689,4
1780280658.0699,4
1780280658.071,4
1780280658.072,4
1780280658.073,4
1780280658.074,4
1780280658.075,4
1780280658.0759,4
1780280658.0769,4
1780280658.0779,4
1780280658.0789,4
1780280658.08,4
1780280658.081,4
1780280658.082,4
1780280658.083,4
1780280658.0839,4
1780280658.0849,4
1780280658.0859,4
1780280658.0869,4
1780280658.088,4
1780280658.089,4
1780280658.09,4
1780280658.091,4
1780280658.0919,4
1780280658.0929,4
1780280658.0939,4
1780280658.0949,4
1780280658.096,4
1780280658.097,4
1780280658.098,4
1780280658.099,4
1780280659.0,4
1780280659.0009,4
1780280659.0019,4
1780280659.0029,4
1780280659.0039,4
1780280659.005,4
1780280659.006,4
1780280659.007,4
1780280659.008,4
1780280659.0089,4
1780280659.0099,4
1780280659.0109,4
1780280659.0119,4
1780280659.013,4
1780280659.014,4
1780280659.015,4
1780280659.016,4
1780280659.0169,4
1780280659.0179,4
1780280659.0189,4
1780280659.0199,4
1780280659.021,4
1780280659.022,4
1780280659.023,4
1780280659.024,4
1780280659.025,4
1780280659.0259,4
1780280659.0269,4
1780280659.0279,4
1780280659.0289,4
1780280659.03,4
1780280659.031,4
1780280659.032,4
1780280659.033,4
1780280659.0339,4
1780280659.0349,4
1780280659.0359,4
1780280659.0369,4
1780280659.038,4
1780280659.039,4
1780280659.04,4
1780280659.041,4
1780280659.0419,4
1780280659.0429,4
1780280659.0439,4
1780280659.0449,4
1780280659.046,4
1780280659.047,4
1780280659.048,4
1780280659.049,4
1780280659.05,4
1780280659.0509,4
1780280659.0519,4
1780280659.0529,4
1780280659.0539,4
1780280659.055,4
1780280659.056,4
1780280659.057,4
1780280659.058,4
1780280659.0589,4
1780280659.0599,4
1780280659.0609,4
1780280659.0619,4
1780280659.063,4
1780280659.064,4
1780280659.065,4
1780280659.066,4
1780280659.0669,4
1780280659.0679,4
1780280659.0689,4
1780280659.0699,4
1780280659.071,4
1780280659.072,4
1780280659.073,4
1780280659.074,4
1780280659.075,4
1780280659.0759,4
1780280659.0769,4
1780280659.0779,4
1780280659.0789,4
1780280659.08,4
1780280659.081,4
1780280659.082,4
1780280659.083,4
1780280659.0839,4
1780280659.0849,4
1780280659.0859,4
1780280659.0869,4
1780280659.088,4
1780280659.089,4
1780280659.09,4
1780280659.091,4
1780280659.0919,4
1780280659.0929,4
1780280659.0939,4
1780280659.0949,4
1780280659.096,4
1780280659.097,4
1780280659.098,4
1780280659.099,4
1780280660.0,4
1780280660.0009,4
1780280660.0019,4
1780280660.0029,4
1780280660.0039,4
1780280660.005,4
1780280660.006,4
1780280660.007,4
1780280660.008,4
1780280660.0089,4
1780280660.0099,4
1780280660.0109,4
1780280660.0119,4
1780280660.013,4
1780280660.014,4
1780280660.015,4
1780280660.016,4
1780280660.0169,4
1780280660.0179,4
1780280660.0189,4
1780280660.0199,4
1780280660.021,4
1780280660.022,4
1780280660.023,4
1780280660.024,4
1780280660.025,4
1780280660.0259,4
1780280660.0269,4
1780280660.0279,4
1780280660.0289,4
1780280660.03,4
1780280660.031,4
1780280660.032,4
1780280660.033,4
1780280660.0339,4
1780280660.0349,4
1780280660.0359,4
1780280660.0369,4
1780280660.038,4
1780280660.039,4
1780280660.04,4
1780280660.041,4
1780280660.0419,4
1780280660.0429,4
1780280660.0439,4
1780280660.0449,4
1780280660.046,4
1780280660.047,4
1780280660.048,4
1780280660.049,4
1780280660.05,4
1780280660.0509,4
1780280660.0519,4
1780280660.0529,4
1780280660.0539,4
1780280660.055,4
1780280660.056,4
1780280660.057,4
1780280660.058,4
1780280660.0589,4
1780280660.0599,4
1780280660.0609,4
1780280660.0619,4
1780280660.063,4
1780280660.064,4
1780280660.065,4
1780280660.066,4
1780280660.0669,4
1780280660.0679,4
1780280660.0689,4
1780280660.0699,4
1780280660.071,4
1780280660.072,4
1780280660.073,4
1780280660.074,4
1780280660.075,4
1780280660.0759,4
1780280660.0769,4
1780280660.0779,4
1780280660.0789,4
1780280660.08,4
1780280660.081,4
1780280660.082,4
1780280660.083,4
1780280660.0839,4
1780280660.0849,4
1780280660.0859,4
1780280660.0869,4
1780280660.088,4
1780280660.089,4
1780280660.09,4
1780280660.091,4
1780280660.0919,4
1780280660.0929,4
1780280660.0939,4
1780280660.0949,4
1780280660.096,4
1780280660.097,4
1780280660.098,4
1780280660.099,4
1780280661.0,4
1780280661.0009,4
1780280661.0019,4
1780280661.0029,4
1780280661.0039,4
1780280661.005,4
1780280661.006,4
1780280661.007,4
1780280661.008,4
1780280661.0089,4
1780280661.0099,4
1780280661.0109,4
1780280661.0119,4
1780280661.013,4
1780280661.014,4
1780280661.015,4
1780280661.016,4
1780280661.0169,4
1780280661.0179,4
1780280661.0189,4
1780280661.0199,4
1780280661.021,4
1780280661.022,4
1780280661.023,4
1780280661.024,4
1780280661.025,4
1780280661.0259,4
1780280661.0269,4
1780280661.0279,4
1780280661.0289,4
1780280661.03,4
1780280661.031,4
1780280661.032,4
1780280661.033,4
1780280661.0339,4
1780280661.0349,4
1780280661.0359,4
1780280661.0369,4
1780280661.038,4
1780280661.039,4
1780280661.04,4
1780280661.041,4
1780280661.0419,4
1780280661.0429,4
1780280661.0439,4
1780280661.0449,4
1780280661.046,4
1780280661.047,4
1780280661.048,4
1780280661.049,4
1780280661.05,4
1780280661.0509,4
1780280661.0519,4
1780280661.0529,4
1780280661.0539,4
1780280661.055,4
1780280661.056,4
1780280661.057,4
1780280661.058,4
1780280661.0589,4
1780280661.0599,4
1780280661.0609,4
1780280661.0619,4
1780280661.063,4
1780280661.064,4
1780280661.065,4
1780280661.066,4
1780280661.0669,4
1780280661.0679,4
1780280661.0689,4
1780280661.0699,4
1780280661.071,4
1780280661.072,4
1780280661.073,4
1780280661.074,4
1780280661.075,4
1780280661.0759,4
1780280661.0769,4
1780280661.0779,4
1780280661.0789,4
1780280661.08,4
1780280661.081,4
1780280661.082,4
1780280661.083,4
1780280661.0839,4
1780280661.0849,4
1780280661.0859,4
1780280661.0869,4
1780280661.088,4
1780280661.089,4
1780280661.09,4
1780280661.091,4
1780280661.0919,4
1780280661.0929,4
1780280661.0939,4
1780280661.0949,4
1780280661.096,4
1780280661.097,4
1780280661.098,4
1780280661.099,4
1780280662.0,4
1780280662.0009,4
1780280662.0019,4
1780280662.0029,4
1780280662.0039,4
1780280662.005,4
1780280662.006,4
1780280662.007,4
1780280662.008,4
1780280662.0089,4
1780280662.0099,4
1780280662.0109,4
1780280662.0119,4
1780280662.013,4
1780280662.014,4
1780280662.015,4
1780280662.016,4
1780280662.0169,4
1780280662.0179,4
1780280662.0189,4
1780280662.0199,4
1780280662.021,4
1780280662.022,4
1780280662.023,4
1780280662.024,4
1780280662.025,4
1780280662.0259,4
1780280662.0269,4
1780280662.0279,4
1780280662.0289,4
1780280662.03,4
1780280662.031,4
1780280662.032,4
1780280662.033,4
1780280662.0339,4
1780280662.0349,4
1780280662.0359,4
1780280662.0369,4
1780280662.038,4
1780280662.039,4
1780280662.04,4
1780280662.041,4
1780280662.0419,4
1780280662.0429,4
1780280662.0439,4
1780280662.0449,4
1780280662.046,4
1780280662.047,4
1780280662.048,4
1780280662.049,4
1780280662.05,4
1780280662.0509,4
1780280662.0519,4
1780280662.0529,4
1780280662.0539,4
1780280662.055,4
1780280662.056,4
1780280662.057,4
1780280662.058,4
1780280662.0589,4
1780280662.0599,4
1780280662.0609,4
1780280662.0619,4
1780280662.063,4
1780280662.064,4
1780280662.065,4
1780280662.066,4
1780280662.0669,4
1780280662.0679,4
1780280662.0689,4
1780280662.0699,4
1780280662.071,4
1780280662.072,4
1780280662.073,4
1780280662.074,4
1780280662.075,4
1780280662.0759,4
1780280662.0769,4
1780280662.0779,4
1780280662.0789,4
1780280662.08,4
1780280662.081,4
1780280662.082,4
1780280662.083,4
1780280662.0839,4
1780280662.0849,4
1780280662.0859,4
1780280662.0869,4
1780280662.088,4
1780280662.089,4
1780280662.09,4
1780280662.091,4
1780280662.0919,4
1780280662.0929,4
1780280662.0939,4
1780280662.0949,4
1780280662.096,4
1780280662.097,4
1780280662.098,4
1780280662.099,4
1780280663.0,4
1780280663.0009,4
1780280663.0019,4
1780280663.0029,4
1780280663.0039,4
1780280663.005,4
1780280663.006,4
1780280663.007,4
1780280663.008,4
1780280663.0089,4
1780280663.0099,4
1780280663.0109,4
1780280663.0119,4
1780280663.013,4
1780280663.014,4
1780280663.015,4
1780280663.016,4
1780280663.0169,4
1780280663.0179,4
1780280663.0189,4
1780280663.0199,4
1780280663.021,4
1780280663.022,4
1780280663.023,4
1780280663.024,4
1780280663.025,4
1780280663.0259,4
1780280663.0269,4
1780280663.0279,4
1780280663.0289,4
1780280663.03,4
1780280663.031,4
1780280663.032,4
1780280663.033,4
1780280663.0339,4
1780280663.0349,4
1780280663.0359,4
1780280663.0369,4
1780280663.038,4
1780280663.039,4
1780280663.04,4
1780280663.041,4
1780280663.0419,4
1780280663.0429,4
1780280663.0439,4
1780280663.0449,4
1780280663.046,4
1780280663.047,4
1780280663.048,4
1780280663.049,4
1780280663.05,4
1780280663.0509,4
1780280663.0519,4
1780280663.0529,4
1780280663.0539,4
1780280663.055,4
1780280663.056,4
1780280663.057,4
1780280663.058,4
1780280663.0589,4
1780280663.0599,4
1780280663.0609,4
1780280663.0619,4
1780280663.063,4
1780280663.064,4
1780280663.065,4
1780280663.066,4
1780280663.0669,4
1780280663.0679,4
1780280663.0689,4
1780280663.0699,4
1780280663.071,4
1780280663.072,4
1780280663.073,4
1780280663.074,4
1780280663.075,4
1780280663.0759,4
1780280663.0769,4
1780280663.0779,4
1780280663.0789,4
1780280663.08,4
1780280663.081,4
1780280663.082,4
1780280663.083,4
1780280663.0839,4
1780280663.0849,4
1780280663.0859,4
1780280663.0869,4
1780280663.088,4
1780280663.089,4
1780280663.09,4
1780280663.091,4
1780280663.0919,4
1780280663.0929,4
1780280663.0939,4
1780280663.0949,4
1780280663.096,4
1780280663.097,4
1780280663.098,4
1780280663.099,4
1780280664.0,4
1780280664.0009,4
1780280664.0019,4
1780280664.0029,4
1780280664.0039,4
1780280664.005,4
1780280664.006,4
1780280664.007,4
1780280664.008,4
1780280664.0089,4
1780280664.0099,4
1780280664.0109,4
1780280664.0119,4
1780280664.013,4
1780280664.014,4
1780280664.015,4
1780280664.016,4
1780280664.0169,4
1780280664.0179,4
1780280664.0189,4
1780280664.0199,4
1780280664.021,4
1780280664.022,4
1780280664.023,4
1780280664.024,4
1780280664.025,4
1780280664.0259,4
1780280664.0269,4
1780280664.0279,4
1780280664.0289,4
1780280664.03,4
1780280664.031,4
1780280664.032,4
1780280664.033,4
1780280664.0339,4
1780280664.0349,4
1780280664.0359,4
1780280664.0369,4
1780280664.038,4
1780280664.039,4
1780280664.04,4
1780280664.041,4
1780280664.0419,4
1780280664.0429,4
1780280664.0439,4
1780280664.0449,4
1780280664.046,4
1780280664.047,4
1780280664.048,4
1780280664.049,4
1780280664.05,4
1780280664.0509,4
1780280664.0519,4
1780280664.0529,4
1780280664.0539,4
1780280664.055,4
1780280664.056,4
1780280664.057,4
1780280664.058,4
1780280664.0589,4
1780280664.0599,4
1780280664.0609,4
1780280664.0619,4
1780280664.063,4
1780280664.064,4
1780280664.065,4
1780280664.066,4
1780280664.0669,4
1780280664.0679,4
1780280664.0689,4
1780280664.0699,4
1780280664.071,4
1780280664.072,4
1780280664.073,4
1780280664.074,4
1780280664.075,4
1780280664.0759,4
1780280664.0769,4
1780280664.0779,4
1780280664.0789,4
1780280664.08,4
1780280664.081,4
1780280664.082,4
1780280664.083,4
1780280664.0839,4
1780280664.0849,4
1780280664.0859,4
1780280664.0869,4
1780280664.088,4
1780280664.089,4
1780280664.09,4
1780280664.091,4
1780280664.0919,4
1780280664.0929,4
1780280664.0939,4
1780280664.0949,4
1780280664.096,4
1780280664.097,4
1780280664.098,4
1780280664.099,4
1780280665.0,4
1780280665.0009,4
1780280665.0019,4
1780280665.0029,4
1780280665.0039,4
1780280665.005,4
1780280665.006,4
1780280665.007,4
1780280665.008,4
1780280665.0089,4
1780280665.0099,4
1780280665.0109,4
1780280665.0119,4
1780280665.013,4
1780280665.014,4
1780280665.015,4
1780280665.016,4
1780280665.0169,4
1780280665.0179,4
1780280665.0189,4
1780280665.0199,4
1780280665.021,4
1780280665.022,4
1780280665.023,4
1780280665.024,4
1780280665.025,4
1780280665.0259,4
1780280665.0269,4
1780280665.0279,4
1780280665.0289,4
1780280665.03,4
1780280665.031,4
1780280665.032,4
1780280665.033,4
1780280665.0339,4
1780280665.0349,4
1780280665.0359,4
1780280665.0369,4
1780280665.038,4
1780280665.039,4
1780280665.04,4
1780280665.041,4
1780280665.0419,4
1780280665.0429,4
1780280665.0439,4
1780280665.0449,4
1780280665.046,4
1780280665.047,4
1780280665.048,4
1780280665.049,4
1780280665.05,4
1780280665.0509,4
1780280665.0519,4
1780280665.0529,4
1780280665.0539,4
1780280665.055,4
1780280665.056,4
1780280665.057,4
1780280665.058,4
1780280665.0589,4
1780280665.0599,4
1780280665.0609,4
1780280665.0619,4
1780280665.063,4
1780280665.064,4
1780280665.065,4
1780280665.066,4
1780280665.0669,4
1780280665.0679,4
1780280665.0689,4
1780280665.0699,4
1780280665.071,4
1780280665.072,4
1780280665.073,4
1780280665.074,4
1780280665.075,4
1780280665.0759,4
1780280665.0769,4
1780280665.0779,4
1780280665.0789,4
1780280665.08,4
1780280665.081,4
1780280665.082,4
1780280665.083,4
1780280665.0839,4
1780280665.0849,4
1780280665.0859,4
1780280665.0869,4
1780280665.088,4
1780280665.089,4
1780280665.09,4
1780280665.091,4
1780280665.0919,4
1780280665.0929,4
1780280665.0939,4
1780280665.0949,4
1780280665.096,4
1780280665.097,4
1780280665.098,4
1780280665.099,4
1780280666.0,4
1780280666.0009,4
1780280666.0019,4
1780280666.0029,4
1780280666.0039,4
1780280666.005,4
1780280666.006,4
1780280666.007,4
1780280666.008,4
1780280666.0089,4
1780280666.0099,4
1780280666.0109,4
1780280666.0119,4
1780280666.013,4
1780280666.014,4
1780280666.015,4
1780280666.016,4
1780280666.0169,4
1780280666.0179,4
1780280666.0189,4
1780280666.0199,4
1780280666.021,4
1780280666.022,4
1780280666.023,4
1780280666.024,4
1780280666.025,4
1780280666.0259,4
1780280666.0269,4
1780280666.0279,4
1780280666.0289,4
1780280666.03,4
1780280666.031,4
1780280666.032,4
1780280666.033,4
1780280666.0339,4
1780280666.0349,4
1780280666.0359,4
1780280666.0369,4
1780280666.038,4
1780280666.039,4
1780280666.04,4
1780280666.041,4
1780280666.0419,4
1780280666.0429,4
1780280666.0439,4
1780280666.0449,4
1780280666.046,4
1780280666.047,4
1780280666.048,4
1780280666.049,4
1780280666.05,4
1780280666.0509,4
1780280666.0519,4
1780280666.0529,4
1780280666.0539,4
1780280666.055,4
1780280666.056,4
1780280666.057,4
1780280666.058,4
1780280666.0589,4
1780280666.0599,4
1780280666.0609,4
1780280666.0619,4
1780280666.063,4
1780280666.064,4
1780280666.065,4
1780280666.066,4
1780280666.0669,4
1780280666.0679,4
1780280666.0689,4
1780280666.0699,4
1780280666.071,4
1780280666.072,4
1780280666.073,4
1780280666.074,4
1780280666.075,4
1780280666.0759,4
1780280666.0769,4
1780280666.0779,4
1780280666.0789,4
1780280666.08,4
1780280666.081,4
1780280666.082,4
1780280666.083,4
1780280666.0839,4
1780280666.0849,4
1780280666.0859,4
1780280666.0869,4
1780280666.088,4
1780280666.089,4
1780280666.09,4
1780280666.091,4
1780280666.0919,4
1780280666.0929,4
1780280666.0939,4
1780280666.0949,4
1780280666.096,4
1780280666.097,4
1780280666.098,4
1780280666.099,4
1780280667.0,4
1780280667.0009,4
1780280667.0019,4
1780280667.0029,4
1780280667.0039,4
1780280667.005,4
1780280667.006,4
1780280667.007,4
1780280667.008,4
1780280667.0089,4
1780280667.0099,4
1780280667.0109,4
1780280667.0119,4
1780280667.013,4
1780280667.014,4
1780280667.015,4
1780280667.016,4
1780280667.0169,4
1780280667.0179,4
1780280667.0189,4
1780280667.0199,4
1780280667.021,4
1780280667.022,4
1780280667.023,4
1780280667.024,4
1780280667.025,4
1780280667.0259,4
1780280667.0269,4
1780280667.0279,4
1780280667.0289,4
1780280667.03,4
1780280667.031,4
1780280667.032,4
1780280667.033,4
1780280667.0339,4
1780280667.0349,4
1780280667.0359,4
1780280667.0369,4
1780280667.038,4
1780280667.039,4
1780280667.04,4
1780280667.041,4
1780280667.0419,4
1780280667.0429,4
1780280667.0439,4
1780280667.0449,4
1780280667.046,4
1780280667.047,4
1780280667.048,4
1780280667.049,4
1780280667.05,4
1780280667.0509,4
1780280667.0519,4
1780280667.0529,4
1780280667.0539,4
1780280667.055,4
1780280667.056,4
1780280667.057,4
1780280667.058,4
1780280667.0589,4
1780280667.0599,4
1780280667.0609,4
1780280667.0619,4
1780280667.063,4
1780280667.064,4
1780280667.065,4
1780280667.066,4
1780280667.0669,4
1780280667.0679,4
1780280667.0689,4
1780280667.0699,4
1780280667.071,4
1780280667.072,4
1780280667.073,4
1780280667.074,4
1780280667.075,4
1780280667.0759,4
1780280667.0769,4
1780280667.0779,4
1780280667.0789,4
1780280667.08,4
1780280667.081,4
1780280667.082,4
1780280667.083,4
1780280667.0839,4
1780280667.0849,4
1780280667.0859,4
1780280667.0869,4
1780280667.088,4
1780280667.089,4
1780280667.09,4
1780280667.091,4
1780280667.0919,4
1780280667.0929,4
1780280667.0939,4
1780280667.0949,4
1780280667.096,4
1780280667.097,4
1780280667.098,4
1780280667.099,4
1780280668.0,4
1780280668.0009,4
1780280668.0019,4
1780280668.0029,4
1780280668.0039,4
1780280668.005,4
1780280668.006,4
1780280668.007,4
1780280668.008,4
1780280668.0089,4
1780280668.0099,4
1780280668.0109,4
1780280668.0119,4
1780280668.013,4
1780280668.014,4
1780280668.015,4
1780280668.016,4
1780280668.0169,4
1780280668.0179,4
1780280668.0189,4
1780280668.0199,4
1780280668.021,4
1780280668.022,4
1780280668.023,4
1780280668.024,4
1780280668.025,4
1780280668.0259,4
1780280668.0269,4
1780280668.0279,4
1780280668.0289,4
1780280668.03,4
1780280668.031,4
1780280668.032,4
1780280668.033,4
1780280668.0339,4
1780280668.0349,4
1780280668.0359,4
1780280668.0369,4
1780280668.038,4
1780280668.039,4
1780280668.04,4
1780280668.041,4
1780280668.0419,4
1780280668.0429,4
1780280668.0439,4
1780280668.0449,4
1780280668.046,4
1780280668.047,4
1780280668.048,4
1780280668.049,4
1780280668.05,4
1780280668.0509,4
1780280668.0519,4
1780280668.0529,4
1780280668.0539,4
1780280668.055,4
1780280668.056,4
1780280668.057,4
1780280668.058,4
1780280668.0589,4
1780280668.0599,4
1780280668.0609,4
1780280668.0619,4
1780280668.063,4
1780280668.064,4
1780280668.065,4
1780280668.066,4
1780280668.0669,4
1780280668.0679,4
1780280668.0689,4
1780280668.0699,4
1780280668.071,4
1780280668.072,4
1780280668.073,4
1780280668.074,4
1780280668.075,4
1780280668.0759,4
1780280668.0769,4
1780280668.0779,4
1780280668.0789,4
1780280668.08,4
1780280668.081,4
1780280668.082,4
1780280668.083,4
1780280668.0839,4
1780280668.0849,4
1780280668.0859,4
1780280668.0869,4
1780280668.088,4
1780280668.089,4
1780280668.09,4
1780280668.091,4
1780280668.0919,4
1780280668.0929,4
1780280668.0939,4
1780280668.0949,4
1780280668.096,4
1780280668.097,4
1780280668.098,4
1780280668.099,4
1780280669.0,4
1780280669.0009,4
1780280669.0019,4
1780280669.0029,4
1780280669.0039,4
1780280669.005,4
1780280669.006,4
1780280669.007,4
1780280669.008,4
1780280669.0089,4
1780280669.0099,4
1780280669.0109,4
1780280669.0119,4
1780280669.013,4
1780280669.014,4
1780280669.015,4
1780280669.016,4
1780280669.0169,4
1780280669.0179,4
1780280669.0189,4
1780280669.0199,4
1780280669.021,4
1780280669.022,4
1780280669.023,4
1780280669.024,4
1780280669.025,4
1780280669.0259,4
1780280669.0269,4
1780280669.0279,4
1780280669.0289,4
1780280669.03,4
1780280669.031,4
1780280669.032,4
1780280669.033,4
1780280669.0339,4
1780280669.0349,4
1780280669.0359,4
1780280669.0369,4
1780280669.038,4
1780280669.039,4
1780280669.04,4
1780280669.041,4
1780280669.0419,4
1780280669.0429,4
1780280669.0439,4
1780280669.0449,4
1780280669.046,4
1780280669.047,4
1780280669.048,4
1780280669.049,4
1780280669.05,4
1780280669.0509,4
1780280669.0519,4
1780280669.0529,4
1780280669.0539,4
1780280669.055,4
1780280669.056,4
1780280669.057,4
1780280669.058,4
1780280669.0589,4
1780280669.0599,4
1780280669.0609,4
1780280669.0619,4
1780280669.063,4
1780280669.064,4
1780280669.065,4
1780280669.066,4
1780280669.0669,4
1780280669.0679,4
1780280669.0689,4
1780280669.0699,4
1780280669.071,4
1780280669.072,4
1780280669.073,4
1780280669.074,4
1780280669.075,4
1780280669.0759,4
1780280669.0769,4
1780280669.0779,4
1780280669.0789,4
1780280669.08,4
1780280669.081,4
1780280669.082,4
1780280669.083,4
1780280669.0839,4
1780280669.0849,4
1780280669.0859,4
1780280669.0869,4
1780280669.088,4
1780280669.089,4
1780280669.09,4
1780280669.091,4
1780280669.0919,4
1780280669.0929,4
1780280669.0939,4
1780280669.0949,4
1780280669.096,4
1780280669.097,4
1780280669.098,4
1780280669.099,4
1780280670.0,4
1780280670.0009,4
1780280670.0019,4
1780280670.0029,4
1780280670.0039,4
1780280670.005,4
1780280670.006,4
1780280670.007,4
1780280670.008,4
1780280670.0089,4
1780280670.0099,4
1780280670.0109,4
1780280670.0119,4
1780280670.013,4
1780280670.014,4
1780280670.015,4
1780280670.016,4
1780280670.0169,4
1780280670.0179,4
1780280670.0189,4
1780280670.0199,4
1780280670.021,4
1780280670.022,4
1780280670.023,4
1780280670.024,4
1780280670.025,4
1780280670.0259,4
1780280670.0269,4
1780280670.0279,4
1780280670.0289,4
1780280670.03,4
1780280670.031,4
1780280670.032,4
1780280670.033,4
1780280670.0339,4
1780280670.0349,4
1780280670.0359,4
1780280670.0369,4
1780280670.038,4
1780280670.039,4
1780280670.04,4
1780280670.041,4
1780280670.0419,4
1780280670.0429,4
1780280670.0439,4
1780280670.0449,4
1780280670.046,4
1780280670.047,4
1780280670.048,4
1780280670.049,4
1780280670.05,4
1780280670.0509,4
1780280670.0519,4
1780280670.0529,4
1780280670.0539,4
1780280670.055,4
1780280670.056,4
1780280670.057,4
1780280670.058,4
1780280670.0589,4
1780280670.0599,4
1780280670.0609,4
1780280670.0619,4
1780280670.063,4
1780280670.064,4
1780280670.065,4
1780280670.066,4
1780280670.0669,4
1780280670.0679,4
1780280670.0689,4
1780280670.0699,4
1780280670.071,4
1780280670.072,4
1780280670.073,4
1780280670.074,4
1780280670.075,4
1780280670.0759,4
1780280670.0769,4
1780280670.0779,4
1780280670.0789,4
1780280670.08,4
1780280670.081,4
1780280670.082,4
1780280670.083,4
1780280670.0839,4
1780280670.0849,4
1780280670.0859,4
1780280670.0869,4
1780280670.088,4
1780280670.089,4
1780280670.09,4
1780280670.091,4
1780280670.0919,4
1780280670.0929,4
1780280670.0939,4
1780280670.0949,4
1780280670.096,4
1780280670.097,4
1780280670.098,4
1780280670.099,4
1780280671.0,4
1780280671.0009,4
1780280671.0019,4
1780280671.0029,4
1780280671.0039,4
1780280671.005,4
1780280671.006,4
1780280671.007,4
1780280671.008,4
1780280671.0089,4
1780280671.0099,4
1780280671.0109,4
1780280671.0119,4
1780280671.013,4
1780280671.014,4
1780280671.015,4
1780280671.016,4
1780280671.0169,4
1780280671.0179,4
1780280671.0189,4
1780280671.0199,4
1780280671.021,4
1780280671.022,4
1780280671.023,4
1780280671.024,4
1780280671.025,4
1780280671.0259,4
1780280671.0269,4
1780280671.0279,4
1780280671.0289,4
1780280671.03,4
1780280671.031,4
1780280671.032,4
1780280671.033,4
1780280671.0339,4
1780280671.0349,4
1780280671.0359,4
1780280671.0369,4
1780280671.038,4
1780280671.039,4
1780280671.04,4
1780280671.041,4
1780280671.0419,4
1780280671.0429,4
1780280671.0439,4
1780280671.0449,4
1780280671.046,4
1780280671.047,4
1780280671.048,4
1780280671.049,4
1780280671.05,4
1780280671.0509,4
1780280671.0519,4
1780280671.0529,4
1780280671.0539,4
1780280671.055,4
1780280671.056,4
1780280671.057,4
1780280671.058,4
1780280671.0589,4
1780280671.0599,4
1780280671.0609,4
1780280671.0619,4
1780280671.063,4
1780280671.064,4
1780280671.065,4
1780280671.066,4
1780280671.0669,4
1780280671.0679,4
1780280671.0689,4
1780280671.0699,4
1780280671.071,4
1780280671.072,4
1780280671.073,4
1780280671.074,4
1780280671.075,4
1780280671.0759,4
1780280671.0769,4
1780280671.0779,4
1780280671.0789,4
1780280671.08,4
1780280671.081,4
1780280671.082,4
1780280671.083,4
1780280671.0839,4
1780280671.0849,4
1780280671.0859,4
1780280671.0869,4
1780280671.088,4
1780280671.089,4
1780280671.09,4
1780280671.091,4
1780280671.0919,4
1780280671.0929,4
1780280671.0939,4
1780280671.0949,4
1780280671.096,4
1780280671.097,4
1780280671.098,4
1780280671.099,4
1780280672.0,4
1780280672.0009,4
1780280672.0019,4
1780280672.0029,4
1780280672.0039,4
1780280672.005,4
1780280672.006,4
1780280672.007,4
1780280672.008,4
1780280672.0089,4
1780280672.0099,4
1780280672.0109,4
1780280672.0119,4
1780280672.013,4
1780280672.014,4
1780280672.015,4
1780280672.016,4
1780280672.0169,4
1780280672.0179,4
1780280672.0189,4
1780280672.0199,4
1780280672.021,4
1780280672.022,4
1780280672.023,4
1780280672.024,4
1780280672.025,4
1780280672.0259,4
1780280672.0269,4
1780280672.0279,4
1780280672.0289,4
1780280672.03,4
1780280672.031,4
1780280672.032,4
1780280672.033,4
1780280672.0339,4
1780280672.0349,4
1780280672.0359,4
1780280672.0369,4
1780280672.038,4
1780280672.039,4
1780280672.04,4
1780280672.041,4
1780280672.0419,4
1780280672.0429,4
1780280672.0439,4
1780280672.0449,4
1780280672.046,4
1780280672.047,4
1780280672.048,4
1780280672.049,4
1780280672.05,4
1780280672.0509,4
1780280672.0519,4
1780280672.0529,4
1780280672.0539,4
1780280672.055,4
1780280672.056,4
1780280672.057,4
1780280672.058,4
1780280672.0589,4
1780280672.0599,4
1780280672.0609,4
1780280672.0619,4
1780280672.063,4
1780280672.064,4
1780280672.065,4
1780280672.066,4
1780280672.0669,4
1780280672.0679,4
1780280672.0689,4
1780280672.0699,4
1780280672.071,4
1780280672.072,4
1780280672.073,4
1780280672.074,4
1780280672.075,4
1780280672.0759,4
1780280672.0769,4
1780280672.0779,4
1780280672.0789,4
1780280672.08,4
1780280672.081,4
1780280672.082,4
1780280672.083,4
1780280672.0839,4
1780280672.0849,4
1780280672.0859,4
1780280672.0869,4
1780280672.088,4
1780280672.089,4
1780280672.09,4
1780280672.091,4
1780280672.0919,4
1780280672.0929,4
1780280672.0939,4
1780280672.0949,4
1780280672.096,4
1780280672.097,4
1780280672.098,4
1780280672.099,4
1780280673.0,4
1780280673.0009,4
1780280673.0019,4
1780280673.0029,4
1780280673.0039,4
1780280673.005,4
1780280673.006,4
1780280673.007,4
1780280673.008,4
1780280673.0089,4
1780280673.0099,4
1780280673.0109,4
1780280673.0119,4
1780280673.013,4
1780280673.014,4
1780280673.015,4
1780280673.016,4
1780280673.0169,4
1780280673.0179,4
1780280673.0189,4
1780280673.0199,4
1780280673.021,4
1780280673.022,4
1780280673.023,4
1780280673.024,4
1780280673.025,4
1780280673.0259,4
1780280673.0269,4
1780280673.0279,4
1780280673.0289,4
1780280673.03,4
1780280673.031,4
1780280673.032,4
1780280673.033,4
1780280673.0339,4
1780280673.0349,4
1780280673.0359,4
1780280673.0369,4
1780280673.038,4
1780280673.039,4
1780280673.04,4
1780280673.041,4
1780280673.0419,4
1780280673.0429,4
1780280673.0439,4
1780280673.0449,4
1780280673.046,4
1780280673.047,4
1780280673.048,4
1780280673.049,4
1780280673.05,4
1780280673.0509,4
1780280673.0519,4
1780280673.0529,4
1780280673.0539,4
1780280673.055,4
1780280673.056,4
1780280673.057,4
1780280673.058,4
1780280673.0589,4
1780280673.0599,4
1780280673.0609,4
1780280673.0619,4
1780280673.063,4
1780280673.064,4
1780280673.065,4
1780280673.066,4
1780280673.0669,4
1780280673.0679,4
1780280673.0689,4
1780280673.0699,4
1780280673.071,4
1780280673.072,4
1780280673.073,4
1780280673.074,4
1780280673.075,4
1780280673.0759,4
1780280673.0769,4
1780280673.0779,4
1780280673.0789,4
1780280673.08,4
1780280673.081,4
1780280673.082,4
1780280673.083,4
1780280673.0839,4
1780280673.0849,4
1780280673.0859,4
1780280673.0869,4
1780280673.088,4
1780280673.089,4
1780280673.09,4
1780280673.091,4
1780280673.0919,4
1780280673.0929,4
1780280673.0939,4
1780280673.0949,4
1780280673.096,4
1780280673.097,4
1780280673.098,4
1780280673.099,4
1780280674.0,4
1780280674.0009,4
1780280674.0019,4
1780280674.0029,4
1780280674.0039,4
1780280674.005,4
1780280674.006,4
1780280674.007,4
1780280674.008,4
1780280674.0089,4
1780280674.0099,4
1780280674.0109,4
1780280674.0119,4
1780280674.013,4
1780280674.014,4
1780280674.015,4
1780280674.016,4
1780280674.0169,4
1780280674.0179,4
1780280674.0189,4
1780280674.0199,4
1780280674.021,4
1780280674.022,4
1780280674.023,4
1780280674.024,4
1780280674.025,4
1780280674.0259,4
1780280674.0269,4
1780280674.0279,4
1780280674.0289,4
1780280674.03,4
1780280674.031,4
1780280674.032,4
1780280674.033,4
1780280674.0339,4
1780280674.0349,4
1780280674.0359,4
1780280674.0369,4
1780280674.038,4
1780280674.039,4
1780280674.04,4
1780280674.041,4
1780280674.0419,4
1780280674.0429,4
1780280674.0439,4
1780280674.0449,4
1780280674.046,4
1780280674.047,4
1780280674.048,4
1780280674.049,4
1780280674.05,4
1780280674.0509,4
1780280674.0519,4
1780280674.0529,4
1780280674.0539,4
1780280674.055,4
1780280674.056,4
1780280674.057,4
1780280674.058,4
1780280674.0589,4
1780280674.0599,4
1780280674.0609,4
1780280674.0619,4
1780280674.063,4
1780280674.064,4
1780280674.065,4
1780280674.066,4
1780280674.0669,4
1780280674.0679,4
1780280674.0689,4
1780280674.0699,4
1780280674.071,4
1780280674.072,4
1780280674.073,4
1780280674.074,4
1780280674.075,4
1780280674.0759,4
1780280674.0769,4
1780280674.0779,4
1780280674.0789,4
1780280674.08,4
1780280674.081,4
1780280674.082,4
1780280674.083,4
1780280674.0839,4
1780280674.0849,4
1780280674.0859,4
1780280674.0869,4
1780280674.088,4
1780280674.089,4
1780280674.09,4
1780280674.091,4
1780280674.0919,4
1780280674.0929,4
1780280674.0939,4
1780280674.0949,4
1780280674.096,4
1780280674.097,4
1780280674.098,4
1780280674.099,4
1780280675.0,4
1780280675.0009,4
1780280675.0019,4
1780280675.0029,4
1780280675.0039,4
1780280675.005,4
1780280675.006,4
1780280675.007,4
1780280675.008,4
1780280675.0089,4
1780280675.0099,4
1780280675.0109,4
1780280675.0119,4
1780280675.013,4
1780280675.014,4
1780280675.015,4
1780280675.016,4
1780280675.0169,4
1780280675.0179,4
1780280675.0189,4
1780280675.0199,4
1780280675.021,4
1780280675.022,4
1780280675.023,4
1780280675.024,4
1780280675.025,4
1780280675.0259,4
1780280675.0269,4
1780280675.0279,4
1780280675.0289,4
1780280675.03,4
1780280675.031,4
1780280675.032,4
1780280675.033,4
1780280675.0339,4
1780280675.0349,4
1780280675.0359,4
1780280675.0369,4
1780280675.038,4
1780280675.039,4
1780280675.04,4
1780280675.041,4
1780280675.0419,4
1780280675.0429,4
1780280675.0439,4
1780280675.0449,4
1780280675.046,4
1780280675.047,4
1780280675.048,4
1780280675.049,4
1780280675.05,4
1780280675.0509,4
1780280675.0519,4
1780280675.0529,4
1780280675.0539,4
1780280675.055,4
1780280675.056,4
1780280675.057,4
1780280675.058,4
1780280675.0589,4
1780280675.0599,4
1780280675.0609,4
1780280675.0619,4
1780280675.063,4
1780280675.064,4
1780280675.065,4
1780280675.066,4
1780280675.0669,4
1780280675.0679,4
1780280675.0689,4
1780280675.0699,4
1780280675.071,4
1780280675.072,4
1780280675.073,4
1780280675.074,4
1780280675.075,4
1780280675.0759,4
1780280675.0769,4
1780280675.0779,4
1780280675.0789,4
1780280675.08,4
1780280675.081,4
1780280675.082,4
1780280675.083,4
1780280675.0839,4
1780280675.0849,4
1780280675.0859,4
1780280675.0869,4
1780280675.088,4
1780280675.089,4
1780280675.09,4
1780280675.091,4
1780280675.0919,4
1780280675.0929,4
1780280675.0939,4
1780280675.0949,4
1780280675.096,4
1780280675.097,4
1780280675.098,4
1780280675.099,4
1780280676.0,4
1780280676.0009,4
1780280676.0019,4
1780280676.0029,4
1780280676.0039,4
1780280676.005,4
1780280676.006,4
1780280676.007,4
1780280676.008,4
1780280676.0089,4
1780280676.0099,4
1780280676.0109,4
1780280676.0119,4
1780280676.013,4
1780280676.014,4
1780280676.015,4
1780280676.016,4
1780280676.0169,4
1780280676.0179,4
1780280676.0189,4
1780280676.0199,4
1780280676.021,4
1780280676.022,4
1780280676.023,4
1780280676.024,4
1780280676.025,4
1780280676.0259,4
1780280676.0269,4
1780280676.0279,4
1780280676.0289,4
1780280676.03,4
1780280676.031,4
1780280676.032,4
1780280676.033,4
1780280676.0339,4
1780280676.0349,4
1780280676.0359,4
1780280676.0369,4
1780280676.038,4
1780280676.039,4
1780280676.04,4
1780280676.041,4
1780280676.0419,4
1780280676.0429,4
1780280676.0439,4
1780280676.0449,4
1780280676.046,4
1780280676.047,4
1780280676.048,4
1780280676.049,4
1780280676.05,4
1780280676.0509,4
1780280676.0519,4
1780280676.0529,4
1780280676.0539,4
1780280676.055,4
1780280676.056,4
1780280676.057,4
1780280676.058,4
1780280676.0589,4
1780280676.0599,4
1780280676.0609,4
1780280676.0619,4
1780280676.063,4
1780280676.064,4
1780280676.065,4
1780280676.066,4
1780280676.0669,4
1780280676.0679,4
1780280676.0689,4
1780280676.0699,4
1780280676.071,4
1780280676.072,4
1780280676.073,4
1780280676.074,4
1780280676.075,4
1780280676.0759,4
1780280676.0769,4
1780280676.0779,4
1780280676.0789,4
1780280676.08,4
1780280676.081,4
1780280676.082,4
1780280676.083,4
1780280676.0839,4
1780280676.0849,4
1780280676.0859,4
1780280676.0869,4
1780280676.088,4
1780280676.089,4
1780280676.09,4
1780280676.091,4
1780280676.0919,4
1780280676.0929,4
1780280676.0939,4
1780280676.0949,4
1780280676.096,4
1780280676.097,4
1780280676.098,4
1780280676.099,4
1780280677.0,4
1780280677.0009,4
1780280677.0019,4
1780280677.0029,4
1780280677.0039,4
1780280677.005,4
1780280677.006,4
1780280677.007,4
1780280677.008,4
1780280677.0089,4
1780280677.0099,4
1780280677.0109,4
1780280677.0119,4
1780280677.013,4
1780280677.014,4
1780280677.015,4
1780280677.016,4
1780280677.0169,4
1780280677.0179,4
1780280677.0189,4
1780280677.0199,4
1780280677.021,4
1780280677.022,4
1780280677.023,4
1780280677.024,4
1780280677.025,4
1780280677.0259,4
1780280677.0269,4
1780280677.0279,4
1780280677.0289,4
1780280677.03,4
1780280677.031,4
1780280677.032,4
1780280677.033,4
1780280677.0339,4
1780280677.0349,4
1780280677.0359,4
1780280677.0369,4
1780280677.038,4
1780280677.039,4
1780280677.04,4
1780280677.041,4
1780280677.0419,4
1780280677.0429,4
1780280677.0439,4
1780280677.0449,4
1780280677.046,4
1780280677.047,4
1780280677.048,4
1780280677.049,4
1780280677.05,4
1780280677.0509,4
1780280677.0519,4
1780280677.0529,4
1780280677.0539,4
1780280677.055,4
1780280677.056,4
1780280677.057,4
1780280677.058,4
1780280677.0589,4
1780280677.0599,4
1780280677.0609,4
1780280677.0619,4
1780280677.063,4
1780280677.064,4
1780280677.065,4
1780280677.066,4
1780280677.0669,4
1780280677.0679,4
1780280677.0689,4
1780280677.0699,4
1780280677.071,4
1780280677.072,4
1780280677.073,4
1780280677.074,4
1780280677.075,4
1780280677.0759,4
1780280677.0769,4
1780280677.0779,4
1780280677.0789,4
1780280677.08,4
1780280677.081,4
1780280677.082,4
1780280677.083,4
1780280677.0839,4
1780280677.0849,4
1780280677.0859,4
1780280677.0869,4
1780280677.088,4
1780280677.089,4
1780280677.09,4
1780280677.091,4
1780280677.0919,4
1780280677.0929,4
1780280677.0939,4
1780280677.0949,4
1780280677.096,4
1780280677.097,4
1780280677.098,4
1780280677.099,4
1780280678.0,4
1780280678.0009,4
1780280678.0019,4
1780280678.0029,4
1780280678.0039,4
1780280678.005,4
1780280678.006,4
1780280678.007,4
1780280678.008,4
1780280678.0089,4
1780280678.0099,4
1780280678.0109,4
1780280678.0119,4
1780280678.013,4
1780280678.014,4
1780280678.015,4
1780280678.016,4
1780280678.0169,4
1780280678.0179,4
1780280678.0189,4
1780280678.0199,4
1780280678.021,4
1780280678.022,4
1780280678.023,4
1780280678.024,4
1780280678.025,4
1780280678.0259,4
1780280678.0269,4
1780280678.0279,4
1780280678.0289,4
1780280678.03,4
1780280678.031,4
1780280678.032,4
1780280678.033,4
1780280678.0339,4
1780280678.0349,4
1780280678.0359,4
1780280678.0369,4
1780280678.038,4
1780280678.039,4
1780280678.04,4
1780280678.041,4
1780280678.0419,4
1780280678.0429,4
1780280678.0439,4
1780280678.0449,4
1780280678.046,4
1780280678.047,4
1780280678.048,4
1780280678.049,4
1780280678.05,4
1780280678.0509,4
1780280678.0519,4
1780280678.0529,4
1780280678.0539,4
1780280678.055,4
1780280678.056,4
1780280678.057,4
1780280678.058,4
1780280678.0589,4
1780280678.0599,4
1780280678.0609,4
1780280678.0619,4
1780280678.063,4
1780280678.064,4
1780280678.065,4
1780280678.066,4
1780280678.0669,4
1780280678.0679,4
1780280678.0689,4
1780280678.0699,4
1780280678.071,4
1780280678.072,4
1780280678.073,4
1780280678.074,4
1780280678.075,4
1780280678.0759,4
1780280678.0769,4
1780280678.0779,4
1780280678.0789,4
1780280678.08,4
1780280678.081,4
1780280678.082,4
1780280678.083,4
1780280678.0839,4
1780280678.0849,4
1780280678.0859,4
1780280678.0869,4
1780280678.088,4
1780280678.089,4
1780280678.09,4
1780280678.091,4
1780280678.0919,4
1780280678.0929,4
1780280678.0939,4
1780280678.0949,4
1780280678.096,4
1780280678.097,4
1780280678.098,4
1780280678.099,4
1780280679.0,4
1780280679.0009,4
1780280679.0019,4
1780280679.0029,4
1780280679.0039,4
1780280679.005,4
1780280679.006,4
1780280679.007,4
1780280679.008,4
1780280679.0089,4
1780280679.0099,4
1780280679.0109,4
1780280679.0119,4
1780280679.013,4
1780280679.014,4
1780280679.015,4
1780280679.016,4
1780280679.0169,4
1780280679.0179,4
1780280679.0189,4
1780280679.0199,4
1780280679.021,4
1780280679.022,4
1780280679.023,4
1780280679.024,4
1780280679.025,4
1780280679.0259,4
1780280679.0269,4
1780280679.0279,4
1780280679.0289,4
1780280679.03,4
1780280679.031,4
1780280679.032,4
1780280679.033,4
1780280679.0339,4
1780280679.0349,4
1780280679.0359,4
1780280679.0369,4
1780280679.038,4
1780280679.039,4
1780280679.04,4
1780280679.041,4
1780280679.0419,4
1780280679.0429,4
1780280679.0439,4
1780280679.0449,4
1780280679.046,4
1780280679.047,4
1780280679.048,4
1780280679.049,4
1780280679.05,4
1780280679.0509,4
1780280679.0519,4
1780280679.0529,4
1780280679.0539,4
1780280679.055,4
1780280679.056,4
1780280679.057,4
1780280679.058,4
1780280679.0589,4
1780280679.0599,4
1780280679.0609,4
1780280679.0619,4
1780280679.063,4
1780280679.064,4
1780280679.065,4
1780280679.066,4
1780280679.0669,4
1780280679.0679,4
1780280679.0689,4
1780280679.0699,4
1780280679.071,4
1780280679.072,4
1780280679.073,4
1780280679.074,4
1780280679.075,4
1780280679.0759,4
1780280679.0769,4
1780280679.0779,4
1780280679.0789,4
1780280679.08,4
1780280679.081,4
1780280679.082,4
1780280679.083,4
1780280679.0839,4
1780280679.0849,4
1780280679.0859,4
1780280679.0869,4
1780280679.088,4
1780280679.089,4
1780280679.09,4
1780280679.091,4
1780280679.0919,4
1780280679.0929,4
1780280679.0939,4
1780280679.0949,4
1780280679.096,4
1780280679.097,4
1780280679.098,4
1780280679.099,4
1780280680.0,4
1780280680.0009,4
1780280680.0019,4
1780280680.0029,4
1780280680.0039,4
1780280680.005,4
1780280680.006,4
1780280680.007,4
1780280680.008,4
1780280680.0089,4
1780280680.0099,4
1780280680.0109,4
1780280680.0119,4
1780280680.013,4
1780280680.014,4
1780280680.015,4
1780280680.016,4
1780280680.0169,4
1780280680.0179,4
1780280680.0189,4
1780280680.0199,4
1780280680.021,4
1780280680.022,4
1780280680.023,4
1780280680.024,4
1780280680.025,4
1780280680.0259,4
1780280680.0269,4
1780280680.0279,4
1780280680.0289,4
1780280680.03,4
1780280680.031,4
1780280680.032,4
1780280680.033,4
1780280680.0339,4
1780280680.0349,4
1780280680.0359,4
1780280680.0369,4
1780280680.038,4
1780280680.039,4
1780280680.04,4
1780280680.041,4
1780280680.0419,4
1780280680.0429,4
1780280680.0439,4
1780280680.0449,4
1780280680.046,4
1780280680.047,4
1780280680.048,4
1780280680.049,4
1780280680.05,4
1780280680.0509,4
1780280680.0519,4
1780280680.0529,4
1780280680.0539,4
1780280680.055,4
1780280680.056,4
1780280680.057,4
1780280680.058,4
1780280680.0589,4
1780280680.0599,4
1780280680.0609,4
1780280680.0619,4
1780280680.063,4
1780280680.064,4
1780280680.065,4
1780280680.066,4
1780280680.0669,4
1780280680.0679,4
1780280680.0689,4
1780280680.0699,4
1780280680.071,4
1780280680.072,4
1780280680.073,4
1780280680.074,4
1780280680.075,4
1780280680.0759,4
1780280680.0769,4
1780280680.0779,4
1780280680.0789,4
1780280680.08,4
1780280680.081,4
1780280680.082,4
1780280680.083,4
1780280680.0839,4
1780280680.0849,4
1780280680.0859,4
1780280680.0869,4
1780280680.088,4
1780280680.089,4
1780280680.09,4
1780280680.091,4
1780280680.0919,4
1780280680.0929,4
1780280680.0939,4
1780280680.0949,4
1780280680.096,4
1780280680.097,4
1780280680.098,4
1780280680.099,4
1780280681.0,4
1780280681.0009,4
1780280681.0019,4
1780280681.0029,4
1780280681.0039,4
1780280681.005,4
1780280681.006,4
1780280681.007,4
1780280681.008,4
1780280681.0089,4
1780280681.0099,4
1780280681.0109,4
1780280681.0119,4
1780280681.013,4
1780280681.014,4
1780280681.015,4
1780280681.016,4
1780280681.0169,4
1780280681.0179,4
1780280681.0189,4
1780280681.0199,4
1780280681.021,4
1780280681.022,4
1780280681.023,4
1780280681.024,4
1780280681.025,4
1780280681.0259,4
1780280681.0269,4
1780280681.0279,4
1780280681.0289,4
1780280681.03,4
1780280681.031,4
1780280681.032,4
1780280681.033,4
1780280681.0339,4
1780280681.0349,4
1780280681.0359,4
1780280681.0369,4
1780280681.038,4
1780280681.039,4
1780280681.04,4
1780280681.041,4
1780280681.0419,4
1780280681.0429,4
1780280681.0439,4
1780280681.0449,4
1780280681.046,4
1780280681.047,4
1780280681.048,4
1780280681.049,4
1780280681.05,4
1780280681.0509,4
1780280681.0519,4
1780280681.0529,4
1780280681.0539,4
1780280681.055,4
1780280681.056,4
1780280681.057,4
1780280681.058,4
1780280681.0589,4
1780280681.0599,4
1780280681.0609,4
1780280681.0619,4
1780280681.063,4
1780280681.064,4
1780280681.065,4
1780280681.066,4
1780280681.0669,4
1780280681.0679,4
1780280681.0689,4
1780280681.0699,4
1780280681.071,4
1780280681.072,4
1780280681.073,4
1780280681.074,4
1780280681.075,4
1780280681.0759,4
1780280681.0769,4
1780280681.0779,4
1780280681.0789,4
1780280681.08,4
1780280681.081,4
1780280681.082,4
1780280681.083,4
1780280681.0839,4
1780280681.0849,4
1780280681.0859,4
1780280681.0869,4
1780280681.088,4
1780280681.089,4
1780280681.09,4
1780280681.091,4
1780280681.0919,4
1780280681.0929,4
1780280681.0939,4
1780280681.0949,4
1780280681.096,4
1780280681.097,4
1780280681.098,4
1780280681.099,4
1780280682.0,4
1780280682.0009,4
1780280682.0019,4
1780280682.0029,4
1780280682.0039,4
1780280682.005,4
1780280682.006,4
1780280682.007,4
1780280682.008,4
1780280682.0089,4
1780280682.0099,4
1780280682.0109,4
1780280682.0119,4
1780280682.013,4
1780280682.014,4
1780280682.015,4
1780280682.016,4
1780280682.0169,4
1780280682.0179,4
1780280682.0189,4
1780280682.0199,4
1780280682.021,4
1780280682.022,4
1780280682.023,4
1780280682.024,4
1780280682.025,4
1780280682.0259,4
1780280682.0269,4
1780280682.0279,4
1780280682.0289,4
1780280682.03,4
1780280682.031,4
1780280682.032,4
1780280682.033,4
1780280682.0339,4
1780280682.0349,4
1780280682.0359,4
1780280682.0369,4
1780280682.038,4
1780280682.039,4
1780280682.04,4
1780280682.041,4
1780280682.0419,4
1780280682.0429,4
1780280682.0439,4
1780280682.0449,4
1780280682.046,4
1780280682.047,4
1780280682.048,4
1780280682.049,4
1780280682.05,4
1780280682.0509,4
1780280682.0519,4
1780280682.0529,4
1780280682.0539,4
1780280682.055,4
1780280682.056,4
1780280682.057,4
1780280682.058,4
1780280682.0589,4
1780280682.0599,4
1780280682.0609,4
1780280682.0619,4
1780280682.063,4
1780280682.064,4
1780280682.065,4
1780280682.066,4
1780280682.0669,4
1780280682.0679,4
1780280682.0689,4
1780280682.0699,4
1780280682.071,4
1780280682.072,4
1780280682.073,4
1780280682.074,4
1780280682.075,4
1780280682.0759,4
1780280682.0769,4
1780280682.0779,4
1780280682.0789,4
1780280682.08,4
1780280682.081,4
1780280682.082,4
1780280682.083,4
1780280682.0839,4
1780280682.0849,4
1780280682.0859,4
1780280682.0869,4
1780280682.088,4
1780280682.089,4
1780280682.09,4
1780280682.091,4
1780280682.0919,4
1780280682.0929,4
1780280682.0939,4
1780280682.0949,4
1780280682.096,4
1780280682.097,4
1780280682.098,4
1780280682.099,4
1780280683.0,4
1780280683.0009,4
1780280683.0019,4
1780280683.0029,4
1780280683.0039,4
1780280683.005,4
1780280683.006,4
1780280683.007,4
1780280683.008,4
1780280683.0089,4
1780280683.0099,4
1780280683.0109,4
1780280683.0119,4
1780280683.013,4
1780280683.014,4
1780280683.015,4
1780280683.016,4
1780280683.0169,4
1780280683.0179,4
1780280683.0189,4
1780280683.0199,4
1780280683.021,4
1780280683.022,4
1780280683.023,4
1780280683.024,4
1780280683.025,4
1780280683.0259,4
1780280683.0269,4
1780280683.0279,4
1780280683.0289,4
1780280683.03,4
1780280683.031,4
1780280683.032,4
1780280683.033,4
1780280683.0339,4
1780280683.0349,4
1780280683.0359,4
1780280683.0369,4
1780280683.038,4
1780280683.039,4
1780280683.04,4
1780280683.041,4
1780280683.0419,4
1780280683.0429,4
1780280683.0439,4
1780280683.0449,4
1780280683.046,4
1780280683.047,4
1780280683.048,4
1780280683.049,4
1780280683.05,4
1780280683.0509,4
1780280683.0519,4
1780280683.0529,4
1780280683.0539,4
1780280683.055,4
1780280683.056,4
1780280683.057,4
1780280683.058,4
1780280683.0589,4
1780280683.0599,4
1780280683.0609,4
1780280683.0619,4
1780280683.063,4
1780280683.064,4
1780280683.065,4
1780280683.066,4
1780280683.0669,4
1780280683.0679,4
1780280683.0689,4
1780280683.0699,4
1780280683.071,4
1780280683.072,4
1780280683.073,4
1780280683.074,4
1780280683.075,4
1780280683.0759,4
1780280683.0769,4
1780280683.0779,4
1780280683.0789,4
1780280683.08,4
1780280683.081,4
1780280683.082,4
1780280683.083,4
1780280683.0839,4
1780280683.0849,4
1780280683.0859,4
1780280683.0869,4
1780280683.088,4
1780280683.089,4
1780280683.09,4
1780280683.091,4
1780280683.0919,4
1780280683.0929,4
1780280683.0939,4
1780280683.0949,4
1780280683.096,4
1780280683.097,4
1780280683.098,4
1780280683.099,4
1780280684.0,4
1780280684.0009,4
1780280684.0019,4
1780280684.0029,4
1780280684.0039,4
1780280684.005,4
1780280684.006,4
1780280684.007,4
1780280684.008,4
1780280684.0089,4
1780280684.0099,4
1780280684.0109,4
1780280684.0119,4
1780280684.013,4
1780280684.014,4
1780280684.015,4
1780280684.016,4
1780280684.0169,4
1780280684.0179,4
1780280684.0189,4
1780280684.0199,4
1780280684.021,4
1780280684.022,4
1780280684.023,4
1780280684.024,4
1780280684.025,4
1780280684.0259,4
1780280684.0269,4
1780280684.0279,4
1780280684.0289,4
1780280684.03,4
1780280684.031,4
1780280684.032,4
1780280684.033,4
1780280684.0339,4
1780280684.0349,4
1780280684.0359,4
1780280684.0369,4
1780280684.038,4
1780280684.039,4
1780280684.04,4
1780280684.041,4
1780280684.0419,4
1780280684.0429,4
1780280684.0439,4
1780280684.0449,4
1780280684.046,4
1780280684.047,4
1780280684.048,4
1780280684.049,4
1780280684.05,4
1780280684.0509,4
1780280684.0519,4
1780280684.0529,4
1780280684.0539,4
1780280684.055,4
1780280684.056,4
1780280684.057,4
1780280684.058,4
1780280684.0589,4
1780280684.0599,4
1780280684.0609,4
1780280684.0619,4
1780280684.063,4
1780280684.064,4
1780280684.065,4
1780280684.066,4
1780280684.0669,4
1780280684.0679,4
1780280684.0689,4
1780280684.0699,4
1780280684.071,4
1780280684.072,4
1780280684.073,4
1780280684.074,4
1780280684.075,4
1780280684.0759,4
1780280684.0769,4
1780280684.0779,4
1780280684.0789,4
1780280684.08,4
1780280684.081,4
1780280684.082,4
1780280684.083,4
1780280684.0839,4
1780280684.0849,4
1780280684.0859,4
1780280684.0869,4
1780280684.088,4
1780280684.089,4
1780280684.09,4
1780280684.091,4
1780280684.0919,4
1780280684.0929,4
1780280684.0939,4
1780280684.0949,4
1780280684.096,4
1780280684.097,4
1780280684.098,4
1780280684.099,4
1780280685.0,4
1780280685.0009,4
1780280685.0019,4
1780280685.0029,4
1780280685.0039,4
1780280685.005,4
1780280685.006,4
1780280685.007,4
1780280685.008,4
1780280685.0089,4
1780280685.0099,4
1780280685.0109,4
1780280685.0119,4
1780280685.013,4
1780280685.014,4
1780280685.015,4
1780280685.016,4
1780280685.0169,4
1780280685.0179,4
1780280685.0189,4
1780280685.0199,4
1780280685.021,4
1780280685.022,4
1780280685.023,4
1780280685.024,4
1780280685.025,4
1780280685.0259,4
1780280685.0269,4
1780280685.0279,4
1780280685.0289,4
1780280685.03,4
1780280685.031,4
1780280685.032,4
1780280685.033,4
1780280685.0339,4
1780280685.0349,4
1780280685.0359,4
1780280685.0369,4
1780280685.038,4
1780280685.039,4
1780280685.04,4
1780280685.041,4
1780280685.0419,4
1780280685.0429,4
1780280685.0439,4
1780280685.0449,4
1780280685.046,4
1780280685.047,4
1780280685.048,4
1780280685.049,4
1780280685.05,4
1780280685.0509,4
1780280685.0519,4
1780280685.0529,4
1780280685.0539,4
1780280685.055,4
1780280685.056,4
1780280685.057,4
1780280685.058,4
1780280685.0589,4
1780280685.0599,4
1780280685.0609,4
1780280685.0619,4
1780280685.063,4
1780280685.064,4
1780280685.065,4
1780280685.066,4
1780280685.0669,4
1780280685.0679,4
1780280685.0689,4
1780280685.0699,4
1780280685.071,4
1780280685.072,4
1780280685.073,4
1780280685.074,4
1780280685.075,4
1780280685.0759,4
1780280685.0769,4
1780280685.0779,4
1780280685.0789,4
1780280685.08,4
1780280685.081,4
1780280685.082,4
1780280685.083,4
1780280685.0839,4
1780280685.0849,4
1780280685.0859,4
1780280685.0869,4
1780280685.088,4
1780280685.089,4
1780280685.09,4
1780280685.091,4
1780280685.0919,4
1780280685.0929,4
1780280685.0939,4
1780280685.0949,4
1780280685.096,4
1780280685.097,4
1780280685.098,4
1780280685.099,4
1780280686.0,4
1780280686.0009,4
1780280686.0019,4
1780280686.0029,4
1780280686.0039,4
1780280686.005,4
1780280686.006,4
1780280686.007,4
1780280686.008,4
1780280686.0089,4
1780280686.0099,4
1780280686.0109,4
1780280686.0119,4
1780280686.013,4
1780280686.014,4
1780280686.015,4
1780280686.016,4
1780280686.0169,4
1780280686.0179,4
1780280686.0189,4
1780280686.0199,4
1780280686.021,4
1780280686.022,4
1780280686.023,4
1780280686.024,4
1780280686.025,4
1780280686.0259,4
1780280686.0269,4
1780280686.0279,4
1780280686.0289,4
1780280686.03,4
1780280686.031,4
1780280686.032,4
1780280686.033,4
1780280686.0339,4
1780280686.0349,4
1780280686.0359,4
1780280686.0369,4
1780280686.038,4
1780280686.039,4
1780280686.04,4
1780280686.041,4
1780280686.0419,4
1780280686.0429,4
1780280686.0439,4
1780280686.0449,4
1780280686.046,4
1780280686.047,4
1780280686.048,4
1780280686.049,4
1780280686.05,4
1780280686.0509,4
1780280686.0519,4
1780280686.0529,4
1780280686.0539,4
1780280686.055,4
1780280686.056,4
1780280686.057,4
1780280686.058,4
1780280686.0589,4
1780280686.0599,4
1780280686.0609,4
1780280686.0619,4
1780280686.063,4
1780280686.064,4
1780280686.065,4
1780280686.066,4
1780280686.0669,4
1780280686.0679,4
1780280686.0689,4
1780280686.0699,4
1780280686.071,4
1780280686.072,4
1780280686.073,4
1780280686.074,4
1780280686.075,4
1780280686.0759,4
1780280686.0769,4
1780280686.0779,4
1780280686.0789,4
1780280686.08,4
1780280686.081,4
1780280686.082,4
1780280686.083,4
1780280686.0839,4
1780280686.0849,4
1780280686.0859,4
1780280686.0869,4
1780280686.088,4
1780280686.089,4
1780280686.09,4
1780280686.091,4
1780280686.0919,4
1780280686.0929,4
1780280686.0939,4
1780280686.0949,4
1780280686.096,4
1780280686.097,4
1780280686.098,4
1780280686.099,4
1780280687.0,4
1780280687.0009,4
1780280687.0019,4
1780280687.0029,4
1780280687.0039,4
1780280687.005,4
1780280687.006,4
1780280687.007,4
1780280687.008,4
1780280687.0089,4
1780280687.0099,4
1780280687.0109,4
1780280687.0119,4
1780280687.013,4
1780280687.014,4
1780280687.015,4
1780280687.016,4
1780280687.0169,4
1780280687.0179,4
1780280687.0189,4
1780280687.0199,4
1780280687.021,4
1780280687.022,4
1780280687.023,4
1780280687.024,4
1780280687.025,4
1780280687.0259,4
1780280687.0269,4
1780280687.0279,4
1780280687.0289,4
1780280687.03,4
1780280687.031,4
1780280687.032,4
1780280687.033,4
1780280687.0339,4
1780280687.0349,4
1780280687.0359,4
1780280687.0369,4
1780280687.038,4
1780280687.039,4
1780280687.04,4
1780280687.041,4
1780280687.0419,4
1780280687.0429,4
1780280687.0439,4
1780280687.0449,4
1780280687.046,4
1780280687.047,4
1780280687.048,4
1780280687.049,4
1780280687.05,4
1780280687.0509,4
1780280687.0519,4
1780280687.0529,4
1780280687.0539,4
1780280687.055,4
1780280687.056,4
1780280687.057,4
1780280687.058,4
1780280687.0589,4
1780280687.0599,4
1780280687.0609,4
1780280687.0619,4
1780280687.063,4
1780280687.064,4
1780280687.065,4
1780280687.066,4
1780280687.0669,4
1780280687.0679,4
1780280687.0689,4
1780280687.0699,4
1780280687.071,4
1780280687.072,4
1780280687.073,4
1780280687.074,4
1780280687.075,4
1780280687.0759,4
1780280687.0769,4
1780280687.0779,4
1780280687.0789,4
1780280687.08,4
1780280687.081,4
1780280687.082,4
1780280687.083,4
1780280687.0839,4
1780280687.0849,4
1780280687.0859,4
1780280687.0869,4
1780280687.088,4
1780280687.089,4
1780280687.09,4
1780280687.091,4
1780280687.0919,4
1780280687.0929,4
1780280687.0939,4
1780280687.0949,4
1780280687.096,4
1780280687.097,4
1780280687.098,4
1780280687.099,4
1780280688.0,4
1780280688.0009,4
1780280688.0019,4
1780280688.0029,4
1780280688.0039,4
1780280688.005,4
1780280688.006,4
1780280688.007,4
1780280688.008,4
1780280688.0089,4
1780280688.0099,4
1780280688.0109,4
1780280688.0119,4
1780280688.013,4
1780280688.014,4
1780280688.015,4
1780280688.016,4
1780280688.0169,4
1780280688.0179,4
1780280688.0189,4
1780280688.0199,4
1780280688.021,4
1780280688.022,4
1780280688.023,4
1780280688.024,4
1780280688.025,4
1780280688.0259,4
1780280688.0269,4
1780280688.0279,4
1780280688.0289,4
1780280688.03,4
1780280688.031,4
1780280688.032,4
1780280688.033,4
1780280688.0339,4
1780280688.0349,4
1780280688.0359,4
1780280688.0369,4
1780280688.038,4
1780280688.039,4
1780280688.04,4
1780280688.041,4
1780280688.0419,4
1780280688.0429,4
1780280688.0439,4
1780280688.0449,4
1780280688.046,4
1780280688.047,4
1780280688.048,4
1780280688.049,4
1780280688.05,4
1780280688.0509,4
1780280688.0519,4
1780280688.0529,4
1780280688.0539,4
1780280688.055,4
1780280688.056,4
1780280688.057,4
1780280688.058,4
1780280688.0589,4
1780280688.0599,4
1780280688.0609,4
1780280688.0619,4
1780280688.063,4
1780280688.064,4
1780280688.065,4
1780280688.066,4
1780280688.0669,4
1780280688.0679,4
1780280688.0689,4
1780280688.0699,4
1780280688.071,4
1780280688.072,4
1780280688.073,4
1780280688.074,4
1780280688.075,4
1780280688.0759,4
1780280688.0769,4
1780280688.0779,4
1780280688.0789,4
1780280688.08,4
1780280688.081,4
1780280688.082,4
1780280688.083,4
1780280688.0839,4
1780280688.0849,4
1780280688.0859,4
1780280688.0869,4
1780280688.088,4
1780280688.089,4
1780280688.09,4
1780280688.091,4
1780280688.0919,4
1780280688.0929,4
1780280688.0939,4
1780280688.0949,4
1780280688.096,4
1780280688.097,4
1780280688.098,4
1780280688.099,4
1780280689.0,4
1780280689.0009,4
1780280689.0019,4
1780280689.0029,4
1780280689.0039,4
1780280689.005,4
1780280689.006,4
1780280689.007,4
1780280689.008,4
1780280689.0089,4
1780280689.0099,4
1780280689.0109,4
1780280689.0119,4
1780280689.013,4
1780280689.014,4
1780280689.015,4
1780280689.016,4
1780280689.0169,4
1780280689.0179,4
1780280689.0189,4
1780280689.0199,4
1780280689.021,4
1780280689.022,4
1780280689.023,4
1780280689.024,4
1780280689.025,4
1780280689.0259,4
1780280689.0269,4
1780280689.0279,4
1780280689.0289,4
1780280689.03,4
1780280689.031,4
1780280689.032,4
1780280689.033,4
1780280689.0339,4
1780280689.0349,4
1780280689.0359,4
1780280689.0369,4
1780280689.038,4
1780280689.039,4
1780280689.04,4
1780280689.041,4
1780280689.0419,4
1780280689.0429,4
1780280689.0439,4
1780280689.0449,4
1780280689.046,4
1780280689.047,4
1780280689.048,4
1780280689.049,4
1780280689.05,4
1780280689.0509,4
1780280689.0519,4
1780280689.0529,4
1780280689.0539,4
1780280689.055,4
1780280689.056,4
1780280689.057,4
1780280689.058,4
1780280689.0589,4
1780280689.0599,4
1780280689.0609,4
1780280689.0619,4
1780280689.063,4
1780280689.064,4
1780280689.065,4
1780280689.066,4
1780280689.0669,4
1780280689.0679,4
1780280689.0689,4
1780280689.0699,4
1780280689.071,4
1780280689.072,4
1780280689.073,4
1780280689.074,4
1780280689.075,4
1780280689.0759,4
1780280689.0769,4
1780280689.0779,4
1780280689.0789,4
1780280689.08,4
1780280689.081,4
1780280689.082,4
1780280689.083,4
1780280689.0839,4
1780280689.0849,4
1780280689.0859,4
1780280689.0869,4
1780280689.088,4
1780280689.089,4
1780280689.09,4
1780280689.091,4
1780280689.0919,4
1780280689.0929,4
1780280689.0939,4
1780280689.0949,4
1780280689.096,4
1780280689.097,4
1780280689.098,4
1780280689.099,4
1780280690.0,4
1780280690.0009,4
1780280690.0019,4
1780280690.0029,4
1780280690.0039,4
1780280690.005,4
1780280690.006,4
1780280690.007,4
1780280690.008,4
1780280690.0089,4
1780280690.0099,4
1780280690.0109,4
1780280690.0119,4
1780280690.013,4
1780280690.014,4
1780280690.015,4
1780280690.016,4
1780280690.0169,4
1780280690.0179,4
1780280690.0189,4
1780280690.0199,4
1780280690.021,4
1780280690.022,4
1780280690.023,4
1780280690.024,4
1780280690.025,4
1780280690.0259,4
1780280690.0269,4
1780280690.0279,4
1780280690.0289,4
1780280690.03,4
1780280690.031,4
1780280690.032,4
1780280690.033,4
1780280690.0339,4
1780280690.0349,4
1780280690.0359,4
1780280690.0369,4
1780280690.038,4
1780280690.039,4
1780280690.04,4
1780280690.041,4
1780280690.0419,4
1780280690.0429,4
1780280690.0439,4
1780280690.0449,4
1780280690.046,4
1780280690.047,4
1780280690.048,4
1780280690.049,4
1780280690.05,4
1780280690.0509,4
1780280690.0519,4
1780280690.0529,4
1780280690.0539,4
1780280690.055,4
1780280690.056,4
1780280690.057,4
1780280690.058,4
1780280690.0589,4
1780280690.0599,4
1780280690.0609,4
1780280690.0619,4
1780280690.063,4
1780280690.064,4
1780280690.065,4
1780280690.066,4
1780280690.0669,4
1780280690.0679,4
1780280690.0689,4
1780280690.0699,4
1780280690.071,4
1780280690.072,4
1780280690.073,4
1780280690.074,4
1780280690.075,4
1780280690.0759,4
1780280690.0769,4
1780280690.0779,4
1780280690.0789,4
1780280690.08,4
1780280690.081,4
1780280690.082,4
1780280690.083,4
1780280690.0839,4
1780280690.0849,4
1780280690.0859,4
1780280690.0869,4
1780280690.088,4
1780280690.089,4
1780280690.09,4
1780280690.091,4
1780280690.0919,4
1780280690.0929,4
1780280690.0939,4
1780280690.0949,4
1780280690.096,4
1780280690.097,4
1780280690.098,4
1780280690.099,4
1780280691.0,4
1780280691.0009,4
1780280691.0019,4
1780280691.0029,4
1780280691.0039,4
1780280691.005,4
1780280691.006,4
1780280691.007,4
1780280691.008,4
1780280691.0089,4
1780280691.0099,4
1780280691.0109,4
1780280691.0119,4
1780280691.013,4
1780280691.014,4
1780280691.015,4
1780280691.016,4
1780280691.0169,4
1780280691.0179,4
1780280691.0189,4
1780280691.0199,4
1780280691.021,4
1780280691.022,4
1780280691.023,4
1780280691.024,4
1780280691.025,4
1780280691.0259,4
1780280691.0269,4
1780280691.0279,4
1780280691.0289,4
1780280691.03,4
1780280691.031,4
1780280691.032,4
1780280691.033,4
1780280691.0339,4
1780280691.0349,4
1780280691.0359,4
1780280691.0369,4
1780280691.038,4
1780280691.039,4
1780280691.04,4
1780280691.041,4
1780280691.0419,4
1780280691.0429,4
1780280691.0439,4
1780280691.0449,4
1780280691.046,4
1780280691.047,4
1780280691.048,4
1780280691.049,4
1780280691.05,4
1780280691.0509,4
1780280691.0519,4
1780280691.0529,4
1780280691.0539,4
1780280691.055,4
1780280691.056,4
1780280691.057,4
1780280691.058,4
1780280691.0589,4
1780280691.0599,4
1780280691.0609,4
1780280691.0619,4
1780280691.063,4
1780280691.064,4
1780280691.065,4
1780280691.066,4
1780280691.0669,4
1780280691.0679,4
1780280691.0689,4
1780280691.0699,4
1780280691.071,4
1780280691.072,4
1780280691.073,4
1780280691.074,4
1780280691.075,4
1780280691.0759,4
1780280691.0769,4
1780280691.0779,4
1780280691.0789,4
1780280691.08,4
1780280691.081,4
1780280691.082,4
1780280691.083,4
1780280691.0839,4
1780280691.0849,4
1780280691.0859,4
1780280691.0869,4
1780280691.088,4
1780280691.089,4
1780280691.09,4
1780280691.091,4
1780280691.0919,4
1780280691.0929,4
1780280691.0939,4
1780280691.0949,4
1780280691.096,4
1780280691.097,4
1780280691.098,4
1780280691.099,4
1780280692.0,4
1780280692.0009,4
1780280692.0019,4
1780280692.0029,4
1780280692.0039,4
1780280692.005,4
1780280692.006,4
1780280692.007,4
1780280692.008,4
1780280692.0089,4
1780280692.0099,4
1780280692.0109,4
1780280692.0119,4
1780280692.013,4
1780280692.014,4
1780280692.015,4
1780280692.016,4
1780280692.0169,4
1780280692.0179,4
1780280692.0189,4
1780280692.0199,4
1780280692.021,4
1780280692.022,4
1780280692.023,4
1780280692.024,4
1780280692.025,4
1780280692.0259,4
1780280692.0269,4
1780280692.0279,4
1780280692.0289,4
1780280692.03,4
1780280692.031,4
1780280692.032,4
1780280692.033,4
1780280692.0339,4
1780280692.0349,4
1780280692.0359,4
1780280692.0369,4
1780280692.038,4
1780280692.039,4
1780280692.04,4
1780280692.041,4
1780280692.0419,4
1780280692.0429,4
1780280692.0439,4
1780280692.0449,4
1780280692.046,4
1780280692.047,4
1780280692.048,4
1780280692.049,4
1780280692.05,4
1780280692.0509,4
1780280692.0519,4
1780280692.0529,4
1780280692.0539,4
1780280692.055,4
1780280692.056,4
1780280692.057,4
1780280692.058,4
1780280692.0589,4
1780280692.0599,4
1780280692.0609,4
1780280692.0619,4
1780280692.063,4
1780280692.064,4
1780280692.065,4
1780280692.066,4
1780280692.0669,4
1780280692.0679,4
1780280692.0689,4
1780280692.0699,4
1780280692.071,4
1780280692.072,4
1780280692.073,4
1780280692.074,4
1780280692.075,4
1780280692.0759,4
1780280692.0769,4
1780280692.0779,4
1780280692.0789,4
1780280692.08,4
1780280692.081,4
1780280692.082,4
1780280692.083,4
1780280692.0839,4
1780280692.0849,4
1780280692.0859,4
1780280692.0869,4
1780280692.088,4
1780280692.089,4
1780280692.09,4
1780280692.091,4
1780280692.0919,4
1780280692.0929,4
1780280692.0939,4
1780280692.0949,4
1780280692.096,4
1780280692.097,4
1780280692.098,4
1780280692.099,4
1780280693.0,4
1780280693.0009,4
1780280693.0019,4
1780280693.0029,4
1780280693.0039,4
1780280693.005,4
1780280693.006,4
1780280693.007,4
1780280693.008,4
1780280693.0089,4
1780280693.0099,4
1780280693.0109,4
1780280693.0119,4
1780280693.013,4
1780280693.014,4
1780280693.015,4
1780280693.016,4
1780280693.0169,4
1780280693.0179,4
1780280693.0189,4
1780280693.0199,4
1780280693.021,4
1780280693.022,4
1780280693.023,4
1780280693.024,4
1780280693.025,4
1780280693.0259,4
1780280693.0269,4
1780280693.0279,4
1780280693.0289,4
1780280693.03,4
1780280693.031,4
1780280693.032,4
1780280693.033,4
1780280693.0339,4
1780280693.0349,4
1780280693.0359,4
1780280693.0369,4
1780280693.038,4
1780280693.039,4
1780280693.04,4
1780280693.041,4
1780280693.0419,4
1780280693.0429,4
1780280693.0439,4
1780280693.0449,4
1780280693.046,4
1780280693.047,4
1780280693.048,4
1780280693.049,4
1780280693.05,4
1780280693.0509,4
1780280693.0519,4
1780280693.0529,4
1780280693.0539,4
1780280693.055,4
1780280693.056,4
1780280693.057,4
1780280693.058,4
1780280693.0589,4
1780280693.0599,4
1780280693.0609,4
1780280693.0619,4
1780280693.063,4
1780280693.064,4
1780280693.065,4
1780280693.066,4
1780280693.0669,4
1780280693.0679,4
1780280693.0689,4
1780280693.0699,4
1780280693.071,4
1780280693.072,4
1780280693.073,4
1780280693.074,4
1780280693.075,4
1780280693.0759,4
1780280693.0769,4
1780280693.0779,4
1780280693.0789,4
1780280693.08,4
1780280693.081,4
1780280693.082,4
1780280693.083,4
1780280693.0839,4
1780280693.0849,4
1780280693.0859,4
1780280693.0869,4
1780280693.088,4
1780280693.089,4
1780280693.09,4
1780280693.091,4
1780280693.0919,4
1780280693.0929,4
1780280693.0939,4
1780280693.0949,4
1780280693.096,4
1780280693.097,4
1780280693.098,4
1780280693.099,4
1780280694.0,4
1780280694.0009,4
1780280694.0019,4
1780280694.0029,4
1780280694.0039,4
1780280694.005,4
1780280694.006,4
1780280694.007,4
1780280694.008,4
1780280694.0089,4
1780280694.0099,4
1780280694.0109,4
1780280694.0119,4
1780280694.013,4
1780280694.014,4
1780280694.015,4
1780280694.016,4
1780280694.0169,4
1780280694.0179,4
1780280694.0189,4
1780280694.0199,4
1780280694.021,4
1780280694.022,4
1780280694.023,4
1780280694.024,4
1780280694.025,4
1780280694.0259,4
1780280694.0269,4
1780280694.0279,4
1780280694.0289,4
1780280694.03,4
1780280694.031,4
1780280694.032,4
1780280694.033,4
1780280694.0339,4
1780280694.0349,4
1780280694.0359,4
1780280694.0369,4
1780280694.038,4
1780280694.039,4
1780280694.04,4
1780280694.041,4
1780280694.0419,4
1780280694.0429,4
1780280694.0439,4
1780280694.0449,4
1780280694.046,4
1780280694.047,4
1780280694.048,4
1780280694.049,4
1780280694.05,4
1780280694.0509,4
1780280694.0519,4
1780280694.0529,4
1780280694.0539,4
1780280694.055,4
1780280694.056,4
1780280694.057,4
1780280694.058,4
1780280694.0589,4
1780280694.0599,4
1780280694.0609,4
1780280694.0619,4
1780280694.063,4
1780280694.064,4
1780280694.065,4
1780280694.066,4
1780280694.0669,4
1780280694.0679,4
1780280694.0689,4
1780280694.0699,4
1780280694.071,4
1780280694.072,4
1780280694.073,4
1780280694.074,4
1780280694.075,4
1780280694.0759,4
1780280694.0769,4
1780280694.0779,4
1780280694.0789,4
1780280694.08,4
1780280694.081,4
1780280694.082,4
1780280694.083,4
1780280694.0839,4
1780280694.0849,4
1780280694.0859,4
1780280694.0869,4
1780280694.088,4
1780280694.089,4
1780280694.09,4
1780280694.091,4
1780280694.0919,4
1780280694.0929,4
1780280694.0939,4
1780280694.0949,4
1780280694.096,4
1780280694.097,4
1780280694.098,4
1780280694.099,4
1780280695.0,4
1780280695.0009,4
1780280695.0019,4
1780280695.0029,4
1780280695.0039,4
1780280695.005,4
1780280695.006,4
1780280695.007,4
1780280695.008,4
1780280695.0089,4
1780280695.0099,4
1780280695.0109,4
1780280695.0119,4
1780280695.013,4
1780280695.014,4
1780280695.015,4
1780280695.016,4
1780280695.0169,4
1780280695.0179,4
1780280695.0189,4
1780280695.0199,4
1780280695.021,4
1780280695.022,4
1780280695.023,4
1780280695.024,4
1780280695.025,4
1780280695.0259,4
1780280695.0269,4
1780280695.0279,4
1780280695.0289,4
1780280695.03,4
1780280695.031,4
1780280695.032,4
1780280695.033,4
1780280695.0339,4
1780280695.0349,4
1780280695.0359,4
1780280695.0369,4
1780280695.038,4
1780280695.039,4
1780280695.04,4
1780280695.041,4
1780280695.0419,4
1780280695.0429,4
1780280695.0439,4
1780280695.0449,4
1780280695.046,4
1780280695.047,4
1780280695.048,4
1780280695.049,4
1780280695.05,4
1780280695.0509,4
1780280695.0519,4
1780280695.0529,4
1780280695.0539,4
1780280695.055,4
1780280695.056,4
1780280695.057,4
1780280695.058,4
1780280695.0589,4
1780280695.0599,4
1780280695.0609,4
1780280695.0619,4
1780280695.063,4
1780280695.064,4
1780280695.065,4
1780280695.066,4
1780280695.0669,4
1780280695.0679,4
1780280695.0689,4
1780280695.0699,4
1780280695.071,4
1780280695.072,4
1780280695.073,4
1780280695.074,4
1780280695.075,4
1780280695.0759,4
1780280695.0769,4
1780280695.0779,4
1780280695.0789,4
1780280695.08,4
1780280695.081,4
1780280695.082,4
1780280695.083,4
1780280695.0839,4
1780280695.0849,4
1780280695.0859,4
1780280695.0869,4
1780280695.088,4
1780280695.089,4
1780280695.09,4
1780280695.091,4
1780280695.0919,4
1780280695.0929,4
1780280695.0939,4
1780280695.0949,4
1780280695.096,4
1780280695.097,4
1780280695.098,4
1780280695.099,4
1780280696.0,4
1780280696.0009,4
1780280696.0019,4
1780280696.0029,4
1780280696.0039,4
1780280696.005,4
1780280696.006,4
1780280696.007,4
1780280696.008,4
1780280696.0089,4
1780280696.0099,4
1780280696.0109,4
1780280696.0119,4
1780280696.013,4
1780280696.014,4
1780280696.015,4
1780280696.016,4
1780280696.0169,4
1780280696.0179,4
1780280696.0189,4
1780280696.0199,4
1780280696.021,4
1780280696.022,4
1780280696.023,4
1780280696.024,4
1780280696.025,4
1780280696.0259,4
1780280696.0269,4
1780280696.0279,4
1780280696.0289,4
1780280696.03,4
1780280696.031,4
1780280696.032,4
1780280696.033,4
1780280696.0339,4
1780280696.0349,4
1780280696.0359,4
1780280696.0369,4
1780280696.038,4
1780280696.039,4
1780280696.04,4
1780280696.041,4
1780280696.0419,4
1780280696.0429,4
1780280696.0439,4
1780280696.0449,4
1780280696.046,4
1780280696.047,4
1780280696.048,4
1780280696.049,4
1780280696.05,4
1780280696.0509,4
1780280696.0519,4
1780280696.0529,4
1780280696.0539,4
1780280696.055,4
1780280696.056,4
1780280696.057,4
1780280696.058,4
1780280696.0589,4
1780280696.0599,4
1780280696.0609,4
1780280696.0619,4
1780280696.063,4
1780280696.064,4
1780280696.065,4
1780280696.066,4
1780280696.0669,4
1780280696.0679,4
1780280696.0689,4
1780280696.0699,4
1780280696.071,4
1780280696.072,4
1780280696.073,4
1780280696.074,4
1780280696.075,4
1780280696.0759,4
1780280696.0769,4
1780280696.0779,4
1780280696.0789,4
1780280696.08,4
1780280696.081,4
1780280696.082,4
1780280696.083,4
1780280696.0839,4
1780280696.0849,4
1780280696.0859,4
1780280696.0869,4
1780280696.088,4
1780280696.089,4
1780280696.09,4
1780280696.091,4
1780280696.0919,4
1780280696.0929,4
1780280696.0939,4
1780280696.0949,4
1780280696.096,4
1780280696.097,4
1780280696.098,4
1780280696.099,4
1780280697.0,4
1780280697.0009,4
1780280697.0019,4
1780280697.0029,4
1780280697.0039,4
1780280697.005,4
1780280697.006,4
1780280697.007,4
1780280697.008,4
1780280697.0089,4
1780280697.0099,4
1780280697.0109,4
1780280697.0119,4
1780280697.013,4
1780280697.014,4
1780280697.015,4
1780280697.016,4
1780280697.0169,4
1780280697.0179,4
1780280697.0189,4
1780280697.0199,4
1780280697.021,4
1780280697.022,4
1780280697.023,4
1780280697.024,4
1780280697.025,4
1780280697.0259,4
1780280697.0269,4
1780280697.0279,4
1780280697.0289,4
1780280697.03,4
1780280697.031,4
1780280697.032,4
1780280697.033,4
1780280697.0339,4
1780280697.0349,4
1780280697.0359,4
1780280697.0369,4
1780280697.038,4
1780280697.039,4
1780280697.04,4
1780280697.041,4
1780280697.0419,4
1780280697.0429,4
1780280697.0439,4
1780280697.0449,4
1780280697.046,4
1780280697.047,4
1780280697.048,4
1780280697.049,4
1780280697.05,4
1780280697.0509,4
1780280697.0519,4
1780280697.0529,4
1780280697.0539,4
1780280697.055,4
1780280697.056,4
1780280697.057,4
1780280697.058,4
1780280697.0589,4
1780280697.0599,4
1780280697.0609,4
1780280697.0619,4
1780280697.063,4
1780280697.064,4
1780280697.065,4
1780280697.066,4
1780280697.0669,4
1780280697.0679,4
1780280697.0689,4
1780280697.0699,4
1780280697.071,4
1780280697.072,4
1780280697.073,4
1780280697.074,4
1780280697.075,4
1780280697.0759,4
1780280697.0769,4
1780280697.0779,4
1780280697.0789,4
1780280697.08,4
1780280697.081,4
1780280697.082,4
1780280697.083,4
1780280697.0839,4
1780280697.0849,4
1780280697.0859,4
1780280697.0869,4
1780280697.088,4
1780280697.089,4
1780280697.09,4
1780280697.091,4
1780280697.0919,4
1780280697.0929,4
1780280697.0939,4
1780280697.0949,4
1780280697.096,4
1780280697.097,4
1780280697.098,4
1780280697.099,4
1780280698.0,4
1780280698.0009,4
1780280698.0019,4
1780280698.0029,4
1780280698.0039,4
1780280698.005,4
1780280698.006,4
1780280698.007,4
1780280698.008,4
1780280698.0089,4
1780280698.0099,4
1780280698.0109,4
1780280698.0119,4
1780280698.013,4
1780280698.014,4
1780280698.015,4
1780280698.016,4
1780280698.0169,4
1780280698.0179,4
1780280698.0189,4
1780280698.0199,4
1780280698.021,4
1780280698.022,4
1780280698.023,4
1780280698.024,4
1780280698.025,4
1780280698.0259,4
1780280698.0269,4
1780280698.0279,4
1780280698.0289,4
1780280698.03,4
1780280698.031,4
1780280698.032,4
1780280698.033,4
1780280698.0339,4
1780280698.0349,4
1780280698.0359,4
1780280698.0369,4
1780280698.038,4
1780280698.039,4
1780280698.04,4
1780280698.041,4
1780280698.0419,4
1780280698.0429,4
1780280698.0439,4
1780280698.0449,4
1780280698.046,4
1780280698.047,4
1780280698.048,4
1780280698.049,4
1780280698.05,4
1780280698.0509,4
1780280698.0519,4
1780280698.0529,4
1780280698.0539,4
1780280698.055,4
1780280698.056,4
1780280698.057,4
1780280698.058,4
1780280698.0589,4
1780280698.0599,4
1780280698.0609,4
1780280698.0619,4
1780280698.063,4
1780280698.064,4
1780280698.065,4
1780280698.066,4
1780280698.0669,4
1780280698.0679,4
1780280698.0689,4
1780280698.0699,4
1780280698.071,4
1780280698.072,4
1780280698.073,4
1780280698.074,4
1780280698.075,4
1780280698.0759,4
1780280698.0769,4
1780280698.0779,4
1780280698.0789,4
1780280698.08,4
1780280698.081,4
1780280698.082,4
1780280698.083,4
1780280698.0839,4
1780280698.0849,4
1780280698.0859,4
1780280698.0869,4
1780280698.088,4
1780280698.089,4
1780280698.09,4
1780280698.091,4
1780280698.0919,4
1780280698.0929,4
1780280698.0939,4
1780280698.0949,4
1780280698.096,4
1780280698.097,4
1780280698.098,4
1780280698.099,4
1780280699.0,4
1780280699.0009,4
1780280699.0019,4
1780280699.0029,4
1780280699.0039,4
1780280699.005,4
1780280699.006,4
1780280699.007,4
1780280699.008,4
1780280699.0089,4
1780280699.0099,4
1780280699.0109,4
1780280699.0119,4
1780280699.013,4
1780280699.014,4
1780280699.015,4
1780280699.016,4
1780280699.0169,4
1780280699.0179,4
1780280699.0189,4
1780280699.0199,4
1780280699.021,4
1780280699.022,4
1780280699.023,4
1780280699.024,4
1780280699.025,4
1780280699.0259,4
1780280699.0269,4
1780280699.0279,4
1780280699.0289,4
1780280699.03,4
1780280699.031,4
1780280699.032,4
1780280699.033,4
1780280699.0339,4
1780280699.0349,4
1780280699.0359,4
1780280699.0369,4
1780280699.038,4
1780280699.039,4
1780280699.04,4
1780280699.041,4
1780280699.0419,4
1780280699.0429,4
1780280699.0439,4
1780280699.0449,4
1780280699.046,4
1780280699.047,4
1780280699.048,4
1780280699.049,4
1780280699.05,4
1780280699.0509,4
1780280699.0519,4
1780280699.0529,4
1780280699.0539,4
1780280699.055,4
1780280699.056,4
1780280699.057,4
1780280699.058,4
1780280699.0589,4
1780280699.0599,4
1780280699.0609,4
1780280699.0619,4
1780280699.063,4
1780280699.064,4
1780280699.065,4
1780280699.066,4
1780280699.0669,4
1780280699.0679,4
1780280699.0689,4
1780280699.0699,4
1780280699.071,4
1780280699.072,4
1780280699.073,4
1780280699.074,4
1780280699.075,4
1780280699.0759,4
1780280699.0769,4
1780280699.0779,4
1780280699.0789,4
1780280699.08,4
1780280699.081,4
1780280699.082,4
1780280699.083,4
1780280699.0839,4
1780280699.0849,4
1780280699.0859,4
1780280699.0869,4
1780280699.088,4
1780280699.089,4
1780280699.09,4
1780280699.091,4
1780280699.0919,4
1780280699.0929,4
1780280699.0939,4
1780280699.0949,4
1780280699.096,4
1780280699.097,4
1780280699.098,4
1780280699.099,4
1780280700.0,4
1780280700.0009,4
1780280700.0019,4
1780280700.0029,4
1780280700.0039,4
1780280700.005,4
1780280700.006,4
1780280700.007,4
1780280700.008,4
1780280700.0089,4
1780280700.0099,4
1780280700.0109,4
1780280700.0119,4
1780280700.013,4
1780280700.014,4
1780280700.015,4
1780280700.016,4
1780280700.0169,4
1780280700.0179,4
1780280700.0189,4
1780280700.0199,4
1780280700.021,4
1780280700.022,4
1780280700.023,4
1780280700.024,4
1780280700.025,4
1780280700.0259,4
1780280700.0269,4
1780280700.0279,4
1780280700.0289,4
1780280700.03,4
1780280700.031,4
1780280700.032,4
1780280700.033,4
1780280700.0339,4
1780280700.0349,4
1780280700.0359,4
1780280700.0369,4
1780280700.038,4
1780280700.039,4
1780280700.04,4
1780280700.041,4
1780280700.0419,4
1780280700.0429,4
1780280700.0439,4
1780280700.0449,4
1780280700.046,4
1780280700.047,4
1780280700.048,4
1780280700.049,4
1780280700.05,4
1780280700.0509,4
1780280700.0519,4
1780280700.0529,4
1780280700.0539,4
1780280700.055,4
1780280700.056,4
1780280700.057,4
1780280700.058,4
1780280700.0589,4
1780280700.0599,4
1780280700.0609,4
1780280700.0619,4
1780280700.063,4
1780280700.064,4
1780280700.065,4
1780280700.066,4
1780280700.0669,4
1780280700.0679,4
1780280700.0689,4
1780280700.0699,4
1780280700.071,4
1780280700.072,4
1780280700.073,4
1780280700.074,4
1780280700.075,4
1780280700.0759,4
1780280700.0769,4
1780280700.0779,4
1780280700.0789,4
1780280700.08,4
1780280700.081,4
1780280700.082,4
1780280700.083,4
1780280700.0839,4
1780280700.0849,4
1780280700.0859,4
1780280700.0869,4
1780280700.088,4
1780280700.089,4
1780280700.09,4
1780280700.091,4
1780280700.0919,4
1780280700.0929,4
1780280700.0939,4
1780280700.0949,4
1780280700.096,4
1780280700.097,4
1780280700.098,4
1780280700.099,4
1780280701.0,4
1780280701.0009,4
1780280701.0019,4
1780280701.0029,4
1780280701.0039,4
1780280701.005,4
1780280701.006,4
1780280701.007,4
1780280701.008,4
1780280701.0089,4
1780280701.0099,4
1780280701.0109,4
1780280701.0119,4
1780280701.013,4
1780280701.014,4
1780280701.015,4
1780280701.016,4
1780280701.0169,4
1780280701.0179,4
1780280701.0189,4
1780280701.0199,4
1780280701.021,4
1780280701.022,4
1780280701.023,4
1780280701.024,4
1780280701.025,4
1780280701.0259,4
1780280701.0269,4
1780280701.0279,4
1780280701.0289,4
1780280701.03,4
1780280701.031,4
1780280701.032,4
1780280701.033,4
1780280701.0339,4
1780280701.0349,4
1780280701.0359,4
1780280701.0369,4
1780280701.038,4
1780280701.039,4
1780280701.04,4
1780280701.041,4
1780280701.0419,4
1780280701.0429,4
1780280701.0439,4
1780280701.0449,4
1780280701.046,4
1780280701.047,4
1780280701.048,4
1780280701.049,4
1780280701.05,4
1780280701.0509,4
1780280701.0519,4
1780280701.0529,4
1780280701.0539,4
1780280701.055,4
1780280701.056,4
1780280701.057,4
1780280701.058,4
1780280701.0589,4
1780280701.0599,4
1780280701.0609,4
1780280701.0619,4
1780280701.063,4
1780280701.064,4
1780280701.065,4
1780280701.066,4
1780280701.0669,4
1780280701.0679,4
1780280701.0689,4
1780280701.0699,4
1780280701.071,4
1780280701.072,4
1780280701.073,4
1780280701.074,4
1780280701.075,4
1780280701.0759,4
1780280701.0769,4
1780280701.0779,4
1780280701.0789,4
1780280701.08,4
1780280701.081,4
1780280701.082,4
1780280701.083,4
1780280701.0839,4
1780280701.0849,4
1780280701.0859,4
1780280701.0869,4
1780280701.088,4
1780280701.089,4
1780280701.09,4
1780280701.091,4
1780280701.0919,4
1780280701.0929,4
1780280701.0939,4
1780280701.0949,4
1780280701.096,4
1780280701.097,4
1780280701.098,4
1780280701.099,4
1780280702.0,4
1780280702.0009,4
1780280702.0019,4
1780280702.0029,4
1780280702.0039,4
1780280702.005,4
1780280702.006,4
1780280702.007,4
1780280702.008,4
1780280702.0089,4
1780280702.0099,4
1780280702.0109,4
1780280702.0119,4
1780280702.013,4
1780280702.014,4
1780280702.015,4
1780280702.016,4
1780280702.0169,4
1780280702.0179,4
1780280702.0189,4
1780280702.0199,4
1780280702.021,4
1780280702.022,4
1780280702.023,4
1780280702.024,4
1780280702.025,4
1780280702.0259,4
1780280702.0269,4
1780280702.0279,4
1780280702.0289,4
1780280702.03,4
1780280702.031,4
1780280702.032,4
1780280702.033,4
1780280702.0339,4
1780280702.0349,4
1780280702.0359,4
1780280702.0369,4
1780280702.038,4
1780280702.039,4
1780280702.04,4
1780280702.041,4
1780280702.0419,4
1780280702.0429,4
1780280702.0439,4
1780280702.0449,4
1780280702.046,4
1780280702.047,4
1780280702.048,4
1780280702.049,4
1780280702.05,4
1780280702.0509,4
1780280702.0519,4
1780280702.0529,4
1780280702.0539,4
1780280702.055,4
1780280702.056,4
1780280702.057,4
1780280702.058,4
1780280702.0589,4
1780280702.0599,4
1780280702.0609,4
1780280702.0619,4
1780280702.063,4
1780280702.064,4
1780280702.065,4
1780280702.066,4
1780280702.0669,4
1780280702.0679,4
1780280702.0689,4
1780280702.0699,4
1780280702.071,4
1780280702.072,4
1780280702.073,4
1780280702.074,4
1780280702.075,4
1780280702.0759,4
1780280702.0769,4
1780280702.0779,4
1780280702.0789,4
1780280702.08,4
1780280702.081,4
1780280702.082,4
1780280702.083,4
1780280702.0839,4
1780280702.0849,4
1780280702.0859,4
1780280702.0869,4
1780280702.088,4
1780280702.089,4
1780280702.09,4
1780280702.091,4
1780280702.0919,4
1780280702.0929,4
1780280702.0939,4
1780280702.0949,4
1780280702.096,4
1780280702.097,4
1780280702.098,4
1780280702.099,4
1780280703.0,4
1780280703.0009,4
1780280703.0019,4
1780280703.0029,4
1780280703.0039,4
1780280703.005,4
1780280703.006,4
1780280703.007,4
1780280703.008,4
1780280703.0089,4
1780280703.0099,4
1780280703.0109,4
1780280703.0119,4
1780280703.013,4
1780280703.014,4
1780280703.015,4
1780280703.016,4
1780280703.0169,4
1780280703.0179,4
1780280703.0189,4
1780280703.0199,4
1780280703.021,4
1780280703.022,4
1780280703.023,4
1780280703.024,4
1780280703.025,4
1780280703.0259,4
1780280703.0269,4
1780280703.0279,4
1780280703.0289,4
1780280703.03,4
1780280703.031,4
1780280703.032,4
1780280703.033,4
1780280703.0339,4
1780280703.0349,4
1780280703.0359,4
1780280703.0369,4
1780280703.038,4
1780280703.039,4
1780280703.04,4
1780280703.041,4
1780280703.0419,4
1780280703.0429,4
1780280703.0439,4
1780280703.0449,4
1780280703.046,4
1780280703.047,4
1780280703.048,4
1780280703.049,4
1780280703.05,4
1780280703.0509,4
1780280703.0519,4
1780280703.0529,4
1780280703.0539,4
1780280703.055,4
1780280703.056,4
1780280703.057,4
1780280703.058,4
1780280703.0589,4
1780280703.0599,4
1780280703.0609,4
1780280703.0619,4
1780280703.063,4
1780280703.064,4
1780280703.065,4
1780280703.066,4
1780280703.0669,4
1780280703.0679,4
1780280703.0689,4
1780280703.0699,4
1780280703.071,4
1780280703.072,4
1780280703.073,4
1780280703.074,4
1780280703.075,4
1780280703.0759,4
1780280703.0769,4
1780280703.0779,4
1780280703.0789,4
1780280703.08,4
1780280703.081,4
1780280703.082,4
1780280703.083,4
1780280703.0839,4
1780280703.0849,4
1780280703.0859,4
1780280703.0869,4
1780280703.088,4
1780280703.089,4
1780280703.09,4
1780280703.091,4
1780280703.0919,4
1780280703.0929,4
1780280703.0939,4
1780280703.0949,4
1780280703.096,4
1780280703.097,4
1780280703.098,4
1780280703.099,4
1780280704.0,4
1780280704.0009,4
1780280704.0019,4
1780280704.0029,4
1780280704.0039,4
1780280704.005,4
1780280704.006,4
1780280704.007,4
1780280704.008,4
1780280704.0089,4
1780280704.0099,4
1780280704.0109,4
1780280704.0119,4
1780280704.013,4
1780280704.014,4
1780280704.015,4
1780280704.016,4
1780280704.0169,4
1780280704.0179,4
1780280704.0189,4
1780280704.0199,4
1780280704.021,4
1780280704.022,4
1780280704.023,4
1780280704.024,4
1780280704.025,4
1780280704.0259,4
1780280704.0269,4
1780280704.0279,4
1780280704.0289,4
1780280704.03,4
1780280704.031,4
1780280704.032,4
1780280704.033,4
1780280704.0339,4
1780280704.0349,4
1780280704.0359,4
1780280704.0369,4
1780280704.038,4
1780280704.039,4
1780280704.04,4
1780280704.041,4
1780280704.0419,4
1780280704.0429,4
1780280704.0439,4
1780280704.0449,4
1780280704.046,4
1780280704.047,4
1780280704.048,4
1780280704.049,4
1780280704.05,4
1780280704.0509,4
1780280704.0519,4
1780280704.0529,4
1780280704.0539,4
1780280704.055,4
1780280704.056,4
1780280704.057,4
1780280704.058,4
1780280704.0589,4
1780280704.0599,4
1780280704.0609,4
1780280704.0619,4
1780280704.063,4
1780280704.064,4
1780280704.065,4
1780280704.066,4
1780280704.0669,4
1780280704.0679,4
1780280704.0689,4
1780280704.0699,4
1780280704.071,4
1780280704.072,4
1780280704.073,4
1780280704.074,4
1780280704.075,4
1780280704.0759,4
1780280704.0769,4
1780280704.0779,4
1780280704.0789,4
1780280704.08,4
1780280704.081,4
1780280704.082,4
1780280704.083,4
1780280704.0839,4
1780280704.0849,4
1780280704.0859,4
1780280704.0869,4
1780280704.088,4
1780280704.089,4
1780280704.09,4
1780280704.091,4
1780280704.0919,4
1780280704.0929,4
1780280704.0939,4
1780280704.0949,4
1780280704.096,4
1780280704.097,4
1780280704.098,4
1780280704.099,4
1780280705.0,4
1780280705.0009,4
1780280705.0019,4
1780280705.0029,4
1780280705.0039,4
1780280705.005,4
1780280705.006,4
1780280705.007,4
1780280705.008,4
1780280705.0089,4
1780280705.0099,4
1780280705.0109,4
1780280705.0119,4
1780280705.013,4
1780280705.014,4
1780280705.015,4
1780280705.016,4
1780280705.0169,4
1780280705.0179,4
1780280705.0189,4
1780280705.0199,4
1780280705.021,4
1780280705.022,4
1780280705.023,4
1780280705.024,4
1780280705.025,4
1780280705.0259,4
1780280705.0269,4
1780280705.0279,4
1780280705.0289,4
1780280705.03,4
1780280705.031,4
1780280705.032,4
1780280705.033,4
1780280705.0339,4
1780280705.0349,4
1780280705.0359,4
1780280705.0369,4
1780280705.038,4
1780280705.039,4
1780280705.04,4
1780280705.041,4
1780280705.0419,4
1780280705.0429,4
1780280705.0439,4
1780280705.0449,4
1780280705.046,4
1780280705.047,4
1780280705.048,4
1780280705.049,4
1780280705.05,4
1780280705.0509,4
1780280705.0519,4
1780280705.0529,4
1780280705.0539,4
1780280705.055,4
1780280705.056,4
1780280705.057,4
1780280705.058,4
1780280705.0589,4
1780280705.0599,4
1780280705.0609,4
1780280705.0619,4
1780280705.063,4
1780280705.064,4
1780280705.065,4
1780280705.066,4
1780280705.0669,4
1780280705.0679,4
1780280705.0689,4
1780280705.0699,4
1780280705.071,4
1780280705.072,4
1780280705.073,4
1780280705.074,4
1780280705.075,4
1780280705.0759,4
1780280705.0769,4
1780280705.0779,4
1780280705.0789,4
1780280705.08,4
1780280705.081,4
1780280705.082,4
1780280705.083,4
1780280705.0839,4
1780280705.0849,4
1780280705.0859,4
1780280705.0869,4
1780280705.088,4
1780280705.089,4
1780280705.09,4
1780280705.091,4
1780280705.0919,4
1780280705.0929,4
1780280705.0939,4
1780280705.0949,4
1780280705.096,4
1780280705.097,4
1780280705.098,4
1780280705.099,4
1780280706.0,4
1780280706.0009,4
1780280706.0019,4
1780280706.0029,4
1780280706.0039,4
1780280706.005,4
1780280706.006,4
1780280706.007,4
1780280706.008,4
1780280706.0089,4
1780280706.0099,4
1780280706.0109,4
1780280706.0119,4
1780280706.013,4
1780280706.014,4
1780280706.015,4
1780280706.016,4
1780280706.0169,4
1780280706.0179,4
1780280706.0189,4
1780280706.0199,4
1780280706.021,4
1780280706.022,4
1780280706.023,4
1780280706.024,4
1780280706.025,4
1780280706.0259,4
1780280706.0269,4
1780280706.0279,4
1780280706.0289,4
1780280706.03,4
1780280706.031,4
1780280706.032,4
1780280706.033,4
1780280706.0339,4
1780280706.0349,4
1780280706.0359,4
1780280706.0369,4
1780280706.038,4
1780280706.039,4
1780280706.04,4
1780280706.041,4
1780280706.0419,4
1780280706.0429,4
1780280706.0439,4
1780280706.0449,4
1780280706.046,4
1780280706.047,4
1780280706.048,4
1780280706.049,4
1780280706.05,4
1780280706.0509,4
1780280706.0519,4
1780280706.0529,4
1780280706.0539,4
1780280706.055,4
1780280706.056,4
1780280706.057,4
1780280706.058,4
1780280706.0589,4
1780280706.0599,4
1780280706.0609,4
1780280706.0619,4
1780280706.063,4
1780280706.064,4
1780280706.065,4
1780280706.066,4
1780280706.0669,4
1780280706.0679,4
1780280706.0689,4
1780280706.0699,4
1780280706.071,4
1780280706.072,4
1780280706.073,4
1780280706.074,4
1780280706.075,4
1780280706.0759,4
1780280706.0769,4
1780280706.0779,4
1780280706.0789,4
1780280706.08,4
1780280706.081,4
1780280706.082,4
1780280706.083,4
1780280706.0839,4
1780280706.0849,4
1780280706.0859,4
1780280706.0869,4
1780280706.088,4
1780280706.089,4
1780280706.09,4
1780280706.091,4
1780280706.0919,4
1780280706.0929,4
1780280706.0939,4
1780280706.0949,4
1780280706.096,4
1780280706.097,4
1780280706.098,4
1780280706.099,4
1780280707.0,4
1780280707.0009,4
1780280707.0019,4
1780280707.0029,4
1780280707.0039,4
1780280707.005,4
1780280707.006,4
1780280707.007,4
1780280707.008,4
1780280707.0089,4
1780280707.0099,4
1780280707.0109,4
1780280707.0119,4
1780280707.013,4
1780280707.014,4
1780280707.015,4
1780280707.016,4
1780280707.0169,4
1780280707.0179,4
1780280707.0189,4
1780280707.0199,4
1780280707.021,4
1780280707.022,4
1780280707.023,4
1780280707.024,4
1780280707.025,4
1780280707.0259,4
1780280707.0269,4
1780280707.0279,4
1780280707.0289,4
1780280707.03,4
1780280707.031,4
1780280707.032,4
1780280707.033,4
1780280707.0339,4
1780280707.0349,4
1780280707.0359,4
1780280707.0369,4
1780280707.038,4
1780280707.039,4
1780280707.04,4
1780280707.041,4
1780280707.0419,4
1780280707.0429,4
1780280707.0439,4
1780280707.0449,4
1780280707.046,4
1780280707.047,4
1780280707.048,4
1780280707.049,4
1780280707.05,4
1780280707.0509,4
1780280707.0519,4
1780280707.0529,4
1780280707.0539,4
1780280707.055,4
1780280707.056,4
1780280707.057,4
1780280707.058,4
1780280707.0589,4
1780280707.0599,4
1780280707.0609,4
1780280707.0619,4
1780280707.063,4
1780280707.064,4
1780280707.065,4
1780280707.066,4
1780280707.0669,4
1780280707.0679,4
1780280707.0689,4
1780280707.0699,4
1780280707.071,4
1780280707.072,4
1780280707.073,4
1780280707.074,4
1780280707.075,4
1780280707.0759,4
1780280707.0769,4
1780280707.0779,4
1780280707.0789,4
1780280707.08,4
1780280707.081,4
1780280707.082,4
1780280707.083,4
1780280707.0839,4
1780280707.0849,4
1780280707.0859,4
1780280707.0869,4
1780280707.088,4
1780280707.089,4
1780280707.09,4
1780280707.091,4
1780280707.0919,4
1780280707.0929,4
1780280707.0939,4
1780280707.0949,4
1780280707.096,4
1780280707.097,4
1780280707.098,4
1780280707.099,4
1780280708.0,4
1780280708.0009,4
1780280708.0019,4
1780280708.0029,4
1780280708.0039,4
1780280708.005,4
1780280708.006,4
1780280708.007,4
1780280708.008,4
1780280708.0089,4
1780280708.0099,4
1780280708.0109,4
1780280708.0119,4
1780280708.013,4
1780280708.014,4
1780280708.015,4
1780280708.016,4
1780280708.0169,4
1780280708.0179,4
1780280708.0189,4
1780280708.0199,4
1780280708.021,4
1780280708.022,4
1780280708.023,4
1780280708.024,4
1780280708.025,4
1780280708.0259,4
1780280708.0269,4
1780280708.0279,4
1780280708.0289,4
1780280708.03,4
1780280708.031,4
1780280708.032,4
1780280708.033,4
1780280708.0339,4
1780280708.0349,4
1780280708.0359,4
1780280708.0369,4
1780280708.038,4
1780280708.039,4
1780280708.04,4
1780280708.041,4
1780280708.0419,4
1780280708.0429,4
1780280708.0439,4
1780280708.0449,4
1780280708.046,4
1780280708.047,4
1780280708.048,4
1780280708.049,4
1780280708.05,4
1780280708.0509,4
1780280708.0519,4
1780280708.0529,4
1780280708.0539,4
1780280708.055,4
1780280708.056,4
1780280708.057,4
1780280708.058,4
1780280708.0589,4
1780280708.0599,4
1780280708.0609,4
1780280708.0619,4
1780280708.063,4
1780280708.064,4
1780280708.065,4
1780280708.066,4
1780280708.0669,4
1780280708.0679,4
1780280708.0689,4
1780280708.0699,4
1780280708.071,4
1780280708.072,4
1780280708.073,4
1780280708.074,4
1780280708.075,4
1780280708.0759,4
1780280708.0769,4
1780280708.0779,4
1780280708.0789,4
1780280708.08,4
1780280708.081,4
1780280708.082,4
1780280708.083,4
1780280708.0839,4
1780280708.0849,4
1780280708.0859,4
1780280708.0869,4
1780280708.088,4
1780280708.089,4
1780280708.09,4
1780280708.091,4
1780280708.0919,4
1780280708.0929,4
1780280708.0939,4
1780280708.0949,4
1780280708.096,4
1780280708.097,4
1780280708.098,4
1780280708.099,4
1780280709.0,4
1780280709.0009,4
1780280709.0019,4
1780280709.0029,4
1780280709.0039,4
1780280709.005,4
1780280709.006,4
1780280709.007,4
1780280709.008,4
1780280709.0089,4
1780280709.0099,4
1780280709.0109,4
1780280709.0119,4
1780280709.013,4
1780280709.014,4
1780280709.015,4
1780280709.016,4
1780280709.0169,4
1780280709.0179,4
1780280709.0189,4
1780280709.0199,4
1780280709.021,4
1780280709.022,4
1780280709.023,4
1780280709.024,4
1780280709.025,4
1780280709.0259,4
1780280709.0269,4
1780280709.0279,4
1780280709.0289,4
1780280709.03,4
1780280709.031,4
1780280709.032,4
1780280709.033,4
1780280709.0339,4
1780280709.0349,4
1780280709.0359,4
1780280709.0369,4
1780280709.038,4
1780280709.039,4
1780280709.04,4
1780280709.041,4
1780280709.0419,4
1780280709.0429,4
1780280709.0439,4
1780280709.0449,4
1780280709.046,4
1780280709.047,4
1780280709.048,4
1780280709.049,4
1780280709.05,4
1780280709.0509,4
1780280709.0519,4
1780280709.0529,4
1780280709.0539,4
1780280709.055,4
1780280709.056,4
1780280709.057,4
1780280709.058,4
1780280709.0589,4
1780280709.0599,4
1780280709.0609,4
1780280709.0619,4
1780280709.063,4
1780280709.064,4
1780280709.065,4
1780280709.066,4
1780280709.0669,4
1780280709.0679,4
1780280709.0689,4
1780280709.0699,4
1780280709.071,4
1780280709.072,4
1780280709.073,4
1780280709.074,4
1780280709.075,4
1780280709.0759,4
1780280709.0769,4
1780280709.0779,4
1780280709.0789,4
1780280709.08,4
1780280709.081,4
1780280709.082,4
1780280709.083,4
1780280709.0839,4
1780280709.0849,4
1780280709.0859,4
1780280709.0869,4
1780280709.088,4
1780280709.089,4
1780280709.09,4
1780280709.091,4
1780280709.0919,4
1780280709.0929,4
1780280709.0939,4
1780280709.0949,4
1780280709.096,4
1780280709.097,4
1780280709.098,4
1780280709.099,4
1780280710.0,4
1780280710.0009,4
1780280710.0019,4
1780280710.0029,4
1780280710.0039,4
1780280710.005,4
1780280710.006,4
1780280710.007,4
1780280710.008,4
1780280710.0089,4
1780280710.0099,4
1780280710.0109,4
1780280710.0119,4
1780280710.013,4
1780280710.014,4
1780280710.015,4
1780280710.016,4
1780280710.0169,4
1780280710.0179,4
1780280710.0189,4
1780280710.0199,4
1780280710.021,4
1780280710.022,4
1780280710.023,4
1780280710.024,4
1780280710.025,4
1780280710.0259,4
1780280710.0269,4
1780280710.0279,4
1780280710.0289,4
1780280710.03,4
1780280710.031,4
1780280710.032,4
1780280710.033,4
1780280710.0339,4
1780280710.0349,4
1780280710.0359,4
1780280710.0369,4
1780280710.038,4
1780280710.039,4
1780280710.04,4
1780280710.041,4
1780280710.0419,4
1780280710.0429,4
1780280710.0439,4
1780280710.0449,4
1780280710.046,4
1780280710.047,4
1780280710.048,4
1780280710.049,4
1780280710.05,4
1780280710.0509,4
1780280710.0519,4
1780280710.0529,4
1780280710.0539,4
1780280710.055,4
1780280710.056,4
1780280710.057,4
1780280710.058,4
1780280710.0589,4
1780280710.0599,4
1780280710.0609,4
1780280710.0619,4
1780280710.063,4
1780280710.064,4
1780280710.065,4
1780280710.066,4
1780280710.0669,4
1780280710.0679,4
1780280710.0689,4
1780280710.0699,4
1780280710.071,4
1780280710.072,4
1780280710.073,4
1780280710.074,4
1780280710.075,4
1780280710.0759,4
1780280710.0769,4
1780280710.0779,4
1780280710.0789,4
1780280710.08,4
1780280710.081,4
1780280710.082,4
1780280710.083,4
1780280710.0839,4
1780280710.0849,4
1780280710.0859,4
1780280710.0869,4
1780280710.088,4
1780280710.089,4
1780280710.09,4
1780280710.091,4
1780280710.0919,4
1780280710.0929,4
1780280710.0939,4
1780280710.0949,4
1780280710.096,4
1780280710.097,4
1780280710.098,4
1780280710.099,4
1780280711.0,4
1780280711.0009,4
1780280711.0019,4
1780280711.0029,4
1780280711.0039,4
1780280711.005,4
1780280711.006,4
1780280711.007,4
1780280711.008,4
1780280711.0089,4
1780280711.0099,4
1780280711.0109,4
1780280711.0119,4
1780280711.013,4
1780280711.014,4
1780280711.015,4
1780280711.016,4
1780280711.0169,4
1780280711.0179,4
1780280711.0189,4
1780280711.0199,4
1780280711.021,4
1780280711.022,4
1780280711.023,4
1780280711.024,4
1780280711.025,4
1780280711.0259,4
1780280711.0269,4
1780280711.0279,4
1780280711.0289,4
1780280711.03,4
1780280711.031,4
1780280711.032,4
1780280711.033,4
1780280711.0339,4
1780280711.0349,4
1780280711.0359,4
1780280711.0369,4
1780280711.038,4
1780280711.039,4
1780280711.04,4
1780280711.041,4
1780280711.0419,4
1780280711.0429,4
1780280711.0439,4
1780280711.0449,4
1780280711.046,4
1780280711.047,4
1780280711.048,4
1780280711.049,4
1780280711.05,4
1780280711.0509,4
1780280711.0519,4
1780280711.0529,4
1780280711.0539,4
1780280711.055,4
1780280711.056,4
1780280711.057,4
1780280711.058,4
1780280711.0589,4
1780280711.0599,4
1780280711.0609,4
1780280711.0619,4
1780280711.063,4
1780280711.064,4
1780280711.065,4
1780280711.066,4
1780280711.0669,4
1780280711.0679,4
1780280711.0689,4
1780280711.0699,4
1780280711.071,4
1780280711.072,4
1780280711.073,4
1780280711.074,4
1780280711.075,4
1780280711.0759,4
1780280711.0769,4
1780280711.0779,4
1780280711.0789,4
1780280711.08,4
1780280711.081,4
1780280711.082,4
1780280711.083,4
1780280711.0839,4
1780280711.0849,4
1780280711.0859,4
1780280711.0869,4
1780280711.088,4
1780280711.089,4
1780280711.09,4
1780280711.091,4
1780280711.0919,4
1780280711.0929,4
1780280711.0939,4
1780280711.0949,4
1780280711.096,4
1780280711.097,4
1780280711.098,4
1780280711.099,4
1780280712.0,4
1780280712.0009,4
1780280712.0019,4
1780280712.0029,4
1780280712.0039,4
1780280712.005,4
1780280712.006,4
1780280712.007,4
1780280712.008,4
1780280712.0089,4
1780280712.0099,4
1780280712.0109,4
1780280712.0119,4
1780280712.013,4
1780280712.014,4
1780280712.015,4
1780280712.016,4
1780280712.0169,4
1780280712.0179,4
1780280712.0189,4
1780280712.0199,4
1780280712.021,4
1780280712.022,4
1780280712.023,4
1780280712.024,4
1780280712.025,4
1780280712.0259,4
1780280712.0269,4
1780280712.0279,4
1780280712.0289,4
1780280712.03,4
1780280712.031,4
1780280712.032,4
1780280712.033,4
1780280712.0339,4
1780280712.0349,4
1780280712.0359,4
1780280712.0369,4
1780280712.038,4
1780280712.039,4
1780280712.04,4
1780280712.041,4
1780280712.0419,4
1780280712.0429,4
1780280712.0439,4
1780280712.0449,4
1780280712.046,4
1780280712.047,4
1780280712.048,4
1780280712.049,4
1780280712.05,4
1780280712.0509,4
1780280712.0519,4
1780280712.0529,4
1780280712.0539,4
1780280712.055,4
1780280712.056,4
1780280712.057,4
1780280712.058,4
1780280712.0589,4
1780280712.0599,4
1780280712.0609,4
1780280712.0619,4
1780280712.063,4
1780280712.064,4
1780280712.065,4
1780280712.066,4
1780280712.0669,4
1780280712.0679,4
1780280712.0689,4
1780280712.0699,4
1780280712.071,4
1780280712.072,4
1780280712.073,4
1780280712.074,4
1780280712.075,4
1780280712.0759,4
1780280712.0769,4
1780280712.0779,4
1780280712.0789,4
1780280712.08,4
1780280712.081,4
1780280712.082,4
1780280712.083,4
1780280712.0839,4
1780280712.0849,4
1780280712.0859,4
1780280712.0869,4
1780280712.088,4
1780280712.089,4
1780280712.09,4
1780280712.091,4
1780280712.0919,4
1780280712.0929,4
1780280712.0939,4
1780280712.0949,4
1780280712.096,4
1780280712.097,4
1780280712.098,4
1780280712.099,4
1780280713.0,4
1780280713.0009,4
1780280713.0019,4
1780280713.0029,4
1780280713.0039,4
1780280713.005,4
1780280713.006,4
1780280713.007,4
1780280713.008,4
1780280713.0089,4
1780280713.0099,4
1780280713.0109,4
1780280713.0119,4
1780280713.013,4
1780280713.014,4
1780280713.015,4
1780280713.016,4
1780280713.0169,4
1780280713.0179,4
1780280713.0189,4
1780280713.0199,4
1780280713.021,4
1780280713.022,4
1780280713.023,4
1780280713.024,4
1780280713.025,4
1780280713.0259,4
1780280713.0269,4
1780280713.0279,4
1780280713.0289,4
1780280713.03,4
1780280713.031,4
1780280713.032,4
1780280713.033,4
1780280713.0339,4
1780280713.0349,4
1780280713.0359,4
1780280713.0369,4
1780280713.038,4
1780280713.039,4
1780280713.04,4
1780280713.041,4
1780280713.0419,4
1780280713.0429,4
1780280713.0439,4
1780280713.0449,4
1780280713.046,4
1780280713.047,4
1780280713.048,4
1780280713.049,4
1780280713.05,4
1780280713.0509,4
1780280713.0519,4
1780280713.0529,4
1780280713.0539,4
1780280713.055,4
1780280713.056,4
1780280713.057,4
1780280713.058,4
1780280713.0589,4
1780280713.0599,4
1780280713.0609,4
1780280713.0619,4
1780280713.063,4
1780280713.064,4
1780280713.065,4
1780280713.066,4
1780280713.0669,4
1780280713.0679,4
1780280713.0689,4
1780280713.0699,4
1780280713.071,4
1780280713.072,4
1780280713.073,4
1780280713.074,4
1780280713.075,4
1780280713.0759,4
1780280713.0769,4
1780280713.0779,4
1780280713.0789,4
1780280713.08,4
1780280713.081,4
1780280713.082,4
1780280713.083,4
1780280713.0839,4
1780280713.0849,4
1780280713.0859,4
1780280713.0869,4
1780280713.088,4
1780280713.089,4
1780280713.09,4
1780280713.091,4
1780280713.0919,4
1780280713.0929,4
1780280713.0939,4
1780280713.0949,4
1780280713.096,4
1780280713.097,4
1780280713.098,4
1780280713.099,4
1780280714.0,4
1780280714.0009,4
1780280714.0019,4
1780280714.0029,4
1780280714.0039,4
1780280714.005,4
1780280714.006,4
1780280714.007,4
1780280714.008,4
1780280714.0089,4
1780280714.0099,4
1780280714.0109,4
1780280714.0119,4
1780280714.013,4
1780280714.014,4
1780280714.015,4
1780280714.016,4
1780280714.0169,4
1780280714.0179,4
1780280714.0189,4
1780280714.0199,4
1780280714.021,4
1780280714.022,4
1780280714.023,4
1780280714.024,4
1780280714.025,4
1780280714.0259,4
1780280714.0269,4
1780280714.0279,4
1780280714.0289,4
1780280714.03,4
1780280714.031,4
1780280714.032,4
1780280714.033,4
1780280714.0339,4
1780280714.0349,4
1780280714.0359,4
1780280714.0369,4
1780280714.038,4
1780280714.039,4
1780280714.04,4
1780280714.041,4
1780280714.0419,4
1780280714.0429,4
1780280714.0439,4
1780280714.0449,4
1780280714.046,4
1780280714.047,4
1780280714.048,4
1780280714.049,4
1780280714.05,4
1780280714.0509,4
1780280714.0519,4
1780280714.0529,4
1780280714.0539,4
1780280714.055,4
1780280714.056,4
1780280714.057,4
1780280714.058,4
1780280714.0589,4
1780280714.0599,4
1780280714.0609,4
1780280714.0619,4
1780280714.063,4
1780280714.064,4
1780280714.065,4
1780280714.066,4
1780280714.0669,4
1780280714.0679,4
1780280714.0689,4
1780280714.0699,4
1780280714.071,4
1780280714.072,4
1780280714.073,4
1780280714.074,4
1780280714.075,4
1780280714.0759,4
1780280714.0769,4
1780280714.0779,4
1780280714.0789,4
1780280714.08,4
1780280714.081,4
1780280714.082,4
1780280714.083,4
1780280714.0839,4
1780280714.0849,4
1780280714.0859,4
1780280714.0869,4
1780280714.088,4
1780280714.089,4
1780280714.09,4
1780280714.091,4
1780280714.0919,4
1780280714.0929,4
1780280714.0939,4
1780280714.0949,4
1780280714.096,4
1780280714.097,4
1780280714.098,4
1780280714.099,4
1780280715.0,4
1780280715.0009,4
1780280715.0019,4
1780280715.0029,4
1780280715.0039,4
1780280715.005,4
1780280715.006,4
1780280715.007,4
1780280715.008,4
1780280715.0089,4
1780280715.0099,4
1780280715.0109,4
1780280715.0119,4
1780280715.013,4
1780280715.014,4
1780280715.015,4
1780280715.016,4
1780280715.0169,4
1780280715.0179,4
1780280715.0189,4
1780280715.0199,4
1780280715.021,4
1780280715.022,4
1780280715.023,4
1780280715.024,4
1780280715.025,4
1780280715.0259,4
1780280715.0269,4
1780280715.0279,4
1780280715.0289,4
1780280715.03,4
1780280715.031,4
1780280715.032,4
1780280715.033,4
1780280715.0339,4
1780280715.0349,4
1780280715.0359,4
1780280715.0369,4
1780280715.038,4
1780280715.039,4
1780280715.04,4
1780280715.041,4
1780280715.0419,4
1780280715.0429,4
1780280715.0439,4
1780280715.0449,4
1780280715.046,4
1780280715.047,4
1780280715.048,4
1780280715.049,4
1780280715.05,4
1780280715.0509,4
1780280715.0519,4
1780280715.0529,4
1780280715.0539,4
1780280715.055,4
1780280715.056,4
1780280715.057,4
1780280715.058,4
1780280715.0589,4
1780280715.0599,4
1780280715.0609,4
1780280715.0619,4
1780280715.063,4
1780280715.064,4
1780280715.065,4
1780280715.066,4
1780280715.0669,4
1780280715.0679,4
1780280715.0689,4
1780280715.0699,4
1780280715.071,4
1780280715.072,4
1780280715.073,4
1780280715.074,4
1780280715.075,4
1780280715.0759,4
1780280715.0769,4
1780280715.0779,4
1780280715.0789,4
1780280715.08,4
1780280715.081,4
1780280715.082,4
1780280715.083,4
1780280715.0839,4
1780280715.0849,4
1780280715.0859,4
1780280715.0869,4
1780280715.088,4
1780280715.089,4
1780280715.09,4
1780280715.091,4
1780280715.0919,4
1780280715.0929,4
1780280715.0939,4
1780280715.0949,4
1780280715.096,4
1780280715.097,4
1780280715.098,4
1780280715.099,4
1780280716.0,4
1780280716.0009,4
1780280716.0019,4
1780280716.0029,4
1780280716.0039,4
1780280716.005,4
1780280716.006,4
1780280716.007,4
1780280716.008,4
1780280716.0089,4
1780280716.0099,4
1780280716.0109,4
1780280716.0119,4
1780280716.013,4
1780280716.014,4
1780280716.015,4
1780280716.016,4
1780280716.0169,4
1780280716.0179,4
1780280716.0189,4
1780280716.0199,4
