bag_ts,header_stamp,x,y,vx,vy,wz
1780294752.938203812,1780294752.918176889,-209.09608976726963,-103.67673411322745,0.0,0.0,0.0
1780294752.958021402,1780294752.939080715,-209.09593427541458,-103.67665115341207,0.0,0.0,0.0
1780294752.977960587,1780294752.960839033,-209.0958220679746,-103.67659122630423,0.0,0.0,0.0
1780294752.995496988,1780294752.980751991,-209.0957441235673,-103.67654956380277,0.0,0.0,0.0
1780294753.011335373,1780294752.998086452,-209.09567096010264,-103.67651042820961,0.0,0.0,0.0
1780294753.028877258,1780294753.018287182,-209.09559108007846,-103.67646766501268,0.0,0.0,0.0
1780294753.047920942,1780294753.037955761,-209.09536995966866,-103.67635009972132,0.0,0.0,0.0
1780294753.065319777,1780294753.057982683,-209.09519938448292,-103.67625924839,0.0,0.0,0.0
1780294753.090990543,1780294753.077986717,-209.09505898354902,-103.67618426698473,0.0,0.0,0.0
1780294753.120437384,1780294753.098008394,-209.0949568777942,-103.67612944752547,0.0,0.0,0.0
1780294753.147224903,1780294753.123137951,-209.0949019125125,-103.6760997760173,0.0,0.0,0.0
1780294753.162360191,1780294753.153537989,-209.0948725210228,-103.67608377603473,0.0,0.0,0.0
1780294753.177241087,1780294753.168950081,-209.09485309041807,-103.67607311824212,0.0,0.0,0.0
1780294753.192920446,1780294753.180490017,-209.09483992749784,-103.67606585072097,0.0,0.0,0.0
1780294753.205787659,1780294753.198006153,-209.09483113865323,-103.67606097265863,0.0,0.0,0.0
1780294753.237971544,1780294753.218219995,-209.09481599679916,-103.67605250394745,0.0,0.0,0.0
1780294753.247844696,1780294753.237995148,-209.09480536898107,-103.67604649868288,0.0,0.0,0.0
1780294753.271288157,1780294753.259260416,-209.09479122044345,-103.67603839976803,0.0,0.0,0.0
1780294753.290446043,1780294753.278241634,-209.0947797333248,-103.6760317075626,0.0,0.0,0.0
1780294753.325296640,1780294753.298010349,-209.09477132863796,-103.6760267221982,0.0,0.0,0.0
1780294753.336257696,1780294753.326133728,-209.09476708167162,-103.67602416716045,0.0,0.0,0.0
1780294753.344974995,1780294753.337979794,-209.09480970977316,-103.67604644897312,0.0,0.0,0.0
1780294753.366818428,1780294753.359476328,-209.0949839043577,-103.67613868645408,0.0,0.0,0.0
1780294753.387704849,1780294753.377997398,-209.0952605245564,-103.6762853231064,0.0,0.0,0.0
1780294753.421746016,1780294753.397994280,-209.0955999498809,-103.67646534144615,0.0,0.0,0.0
1780294753.455748320,1780294753.434458017,-209.09588735123688,-103.67661786450127,0.0,0.0,0.0
1780294753.472615242,1780294753.458083868,-209.09613382999373,-103.67674875944319,0.0,0.0,0.0
1780294753.488517046,1780294753.478089333,-209.09632745522055,-103.67685165781809,0.0,0.0,0.0
1780294753.516612768,1780294753.497922659,-209.0964626461724,-103.67692354735554,0.0,0.0,0.0
1780294753.539147139,1780294753.530342102,-209.0965535946487,-103.67697192861392,0.0,0.0,0.0
1780294753.562231064,1780294753.544708967,-209.09663903720474,-103.67701739990515,0.0,0.0,0.0
1780294753.575538635,1780294753.561562777,-209.09672087577908,-103.67706096642108,0.0,0.0,0.0
1780294753.596780539,1780294753.579880953,-209.09678481793983,-103.67709501167516,0.0,0.0,0.0
1780294753.613867283,1780294753.599239588,-209.09684705818856,-103.67712815742874,0.0,0.0,0.0
1780294753.626685619,1780294753.618441105,-209.0969063968221,-103.67715976962762,0.0,0.0,0.0
1780294753.654411077,1780294753.638212919,-209.0970038428754,-103.6772117102783,0.0,0.0,0.0
1780294753.673373699,1780294753.659255981,-209.09709393618488,-103.67725976486098,0.0,0.0,0.0
1780294753.698639870,1780294753.684692383,-209.0971774772614,-103.6773043564527,0.0,0.0,0.0
1780294753.734419346,1780294753.717852354,-209.09725666357338,-103.67734664643443,0.0,0.0,0.0
1780294753.745153666,1780294753.735190392,-209.09732041442592,-103.67738071581802,0.0,0.0,0.0
1780294753.761312723,1780294753.746342421,-209.09736272536404,-103.67740332848672,0.0,0.0,0.0
1780294753.767722368,1780294753.761000156,-209.09739404963628,-103.67742007184754,0.0,0.0,0.0
1780294753.796610355,1780294753.778118610,-209.09744637096392,-103.67744803777593,0.0,0.0,0.0
1780294753.820078373,1780294753.798892021,-209.09749610942453,-103.67747463859666,0.0,0.0,0.0
1780294753.828572989,1780294753.820899725,-209.09754345122013,-103.67749997271916,0.0,0.0,0.0
1780294753.858668089,1780294753.840595484,-209.09760602159992,-103.67753348064251,0.0,0.0,0.0
1780294753.869910479,1780294753.860198498,-209.09766463596418,-103.67756489769907,0.0,0.0,0.0
1780294753.884917498,1780294753.878062963,-209.09770428398176,-103.67758616544141,0.0,0.0,0.0
1780294753.922259092,1780294753.898007870,-209.09774960882314,-103.67761049606594,0.0,0.0,0.0
1780294753.955028534,1780294753.939341068,-209.0977926508431,-103.67763362014217,0.0,0.0,0.0
1780294753.973035574,1780294753.958050013,-209.0978217886134,-103.67764927033629,0.0,0.0,0.0
1780294753.996638298,1780294753.978556633,-209.09785803039637,-103.67766873768335,0.0,0.0,0.0
1780294754.018195152,1780294753.998985529,-209.09788654968736,-103.67768406094714,0.0,0.0,0.0
1780294754.037302971,1780294754.023435354,-209.0979095492766,-103.67769640433897,0.0,0.0,0.0
1780294754.048498631,1780294754.038884640,-209.09800977469982,-103.67774962428933,0.0,0.0,0.0
1780294754.071522713,1780294754.062609196,-209.09820773420466,-103.67785455936023,0.0,0.0,0.0
1780294754.098681211,1780294754.078786850,-209.09842075897123,-103.67796751895776,0.0,0.0,0.0
1780294754.136340857,1780294754.104840517,-209.09856284577765,-103.67804298769671,0.0,0.0,0.0
1780294754.160737276,1780294754.138852835,-209.0986776477845,-103.67810403627726,0.0,0.0,0.0
1780294754.178012133,1780294754.166108131,-209.09874754223074,-103.67814128851747,0.0,0.0,0.0
1780294754.189277887,1780294754.180093050,-209.0987925073612,-103.67816530296538,0.0,0.0,0.0
1780294754.215686798,1780294754.198001385,-209.09883908642135,-103.6781902329174,0.0,0.0,0.0
1780294754.223108292,1780294754.218457222,-209.0988770105464,-103.67821058868736,0.0,0.0,0.0
1780294754.247328281,1780294754.237991810,-209.09891972068016,-103.67823359893131,0.0,0.0,0.0
1780294754.271790743,1780294754.258497953,-209.09896191172922,-103.67825645983729,0.0,0.0,0.0
1780294754.288017750,1780294754.278001070,-209.09899435800583,-103.67827417049301,0.0,0.0,0.0
1780294754.366747141,1780294754.299637079,-209.09901211451805,-103.6782839299336,0.0,0.0,0.0
1780294754.399522066,1780294754.375162840,-209.0990274924132,-103.67829243221578,0.0,0.0,0.0
1780294754.414708853,1780294754.400823116,-209.09903672665055,-103.67829756252092,0.0,0.0,0.0
1780294754.426604509,1780294754.418433428,-209.09904324154093,-103.67830119313196,0.0,0.0,0.0
1780294754.449060917,1780294754.441939116,-209.0990514054051,-103.6783057577006,0.0,0.0,0.0
1780294754.471120834,1780294754.458561420,-209.09906246940164,-103.67831197992389,0.0,0.0,0.0
1780294754.493544579,1780294754.480044603,-209.0990738572383,-103.67831843570616,0.0,0.0,0.0
1780294754.509247780,1780294754.497965813,-209.09908388329126,-103.67832417170644,0.0,0.0,0.0
1780294754.531078815,1780294754.517985582,-209.09909277465783,-103.67832930794586,0.0,0.0,0.0
1780294754.547006130,1780294754.538078785,-209.09909962962513,-103.67833330543475,0.0,0.0,0.0
1780294754.572987318,1780294754.558503389,-209.09910607864006,-103.67833708831854,0.0,0.0,0.0
1780294754.590874195,1780294754.579286575,-209.09911206096942,-103.67834062450149,0.0,0.0,0.0
1780294754.610253334,1780294754.597991943,-209.09911762325893,-103.67834393863595,0.0,0.0,0.0
1780294754.641394615,1780294754.618062019,-209.09912363860033,-103.6783475545466,0.0,0.0,0.0
1780294754.651548624,1780294754.645674229,-209.09912840438116,-103.67835044760218,0.0,0.0,0.0
1780294754.663207531,1780294754.658006907,-209.09913208680635,-103.67835270567075,0.0,0.0,0.0
1780294754.696397305,1780294754.678016424,-209.0991368494758,-103.6783556593448,0.0,0.0,0.0
1780294754.710535526,1780294754.698950052,-209.09914060592712,-103.6783580187991,0.0,0.0,0.0
1780294754.725786686,1780294754.718204975,-209.09914409425858,-103.67836023649524,0.0,0.0,0.0
1780294754.753520966,1780294754.738399744,-209.09914846295538,-103.67836304408021,0.0,0.0,0.0
1780294754.775340557,1780294754.758332968,-209.09915361473855,-103.67836639006603,0.0,0.0,0.0
1780294754.789866924,1780294754.778348923,-209.0991574793702,-103.67836893102482,0.0,0.0,0.0
1780294754.818351030,1780294754.797988415,-209.09916235236344,-103.67837219167589,0.0,0.0,0.0
1780294754.835200310,1780294754.819055557,-209.09916603596133,-103.6783746989944,0.0,0.0,0.0
1780294754.853454351,1780294754.838004112,-209.09916945631176,-103.67837706705912,0.0,0.0,0.0
1780294754.870519400,1780294754.858005285,-209.09917224915438,-103.67837904111137,0.0,0.0,0.0
1780294754.893554211,1780294754.877984285,-209.09917514391134,-103.67838113115958,0.0,0.0,0.0
1780294754.910509109,1780294754.897985935,-209.09917752019996,-103.67838288484951,0.0,0.0,0.0
1780294754.932471752,1780294754.918003082,-209.0991805188735,-103.67838515398883,0.0,0.0,0.0
1780294754.950070858,1780294754.937992096,-209.09918324203622,-103.67838727733177,0.0,0.0,0.0
1780294754.970345020,1780294754.958014250,-209.0991859509318,-103.67838939294491,0.0,0.0,0.0
1780294754.987980366,1780294754.977963924,-209.0991886241551,-103.67839148951492,0.0,0.0,0.0
1780294755.010506868,1780294754.997999668,-209.09919123923942,-103.67839355516828,0.0,0.0,0.0
1780294755.037257671,1780294755.019661903,-209.09919361718673,-103.67839543318598,0.0,0.0,0.0
1780294755.064480066,1780294755.040332079,-209.09919548480713,-103.6783969171278,0.0,0.0,0.0
1780294755.082616091,1780294755.068005085,-209.0991986848096,-103.67839904303928,0.0,0.0,0.0
1780294755.101233721,1780294755.083555698,-209.09920109506268,-103.67840062731864,0.0,0.0,0.0
1780294755.117184401,1780294755.101729155,-209.09920420712677,-103.67840252038619,0.0,0.0,0.0
1780294755.135181189,1780294755.118054628,-209.09920748678852,-103.6784044399287,0.0,0.0,0.0
1780294755.162086964,1780294755.140003920,-209.09921141872476,-103.67840682832693,0.0,0.0,0.0
1780294755.182655573,1780294755.167836428,-209.09921368005863,-103.67840827170902,0.0,0.0,0.0
1780294755.198665857,1780294755.189310551,-209.0992158000712,-103.67840970243383,0.0,0.0,0.0
1780294755.217946529,1780294755.206972361,-209.09921711381028,-103.67841064495511,0.0,0.0,0.0
1780294755.226788998,1780294755.217980146,-209.0992181773916,-103.67841145524275,0.0,0.0,0.0
1780294755.246730089,1780294755.238275051,-209.09921924611876,-103.6784123302608,0.0,0.0,0.0
1780294755.268879175,1780294755.258058548,-209.09922039155848,-103.67841336983373,0.0,0.0,0.0
1780294755.285908699,1780294755.277990103,-209.09922135294542,-103.67841437407041,0.0,0.0,0.0
1780294755.318769693,1780294755.298009634,-209.0992220598331,-103.67841524370402,0.0,0.0,0.0
1780294755.331617355,1780294755.320335388,-209.0992225294023,-103.67841592582728,0.0,0.0,0.0
1780294755.349482775,1780294755.339496136,-209.0992228096763,-103.67841638387385,0.0,0.0,0.0
1780294755.368766546,1780294755.358152390,-209.09922306259807,-103.67841682742595,0.0,0.0,0.0
1780294755.394324541,1780294755.378261566,-209.09922329020165,-103.67841725755852,0.0,0.0,0.0
1780294755.406573772,1780294755.398019791,-209.0992235134591,-103.67841774731137,0.0,0.0,0.0
1780294755.430087566,1780294755.418007612,-209.09922376615032,-103.67841843839548,0.0,0.0,0.0
1780294755.450670958,1780294755.438000441,-209.099223956834,-103.67841915850943,0.0,0.0,0.0
1780294755.471400976,1780294755.458215952,-209.0992240835693,-103.67841990658097,0.0,0.0,0.0
1780294755.493857384,1780294755.477989674,-209.0992241407833,-103.6784205558294,0.0,0.0,0.0
1780294755.511088848,1780294755.497990847,-209.09922415466121,-103.67842118201884,0.0,0.0,0.0
1780294755.528570652,1780294755.517998695,-209.09922413713065,-103.67842172958999,0.0,0.0,0.0
1780294755.548675776,1780294755.537990093,-209.0992241016822,-103.6784222057146,0.0,0.0,0.0
1780294755.573994398,1780294755.558007479,-209.09922405030815,-103.67842267332199,0.0,0.0,0.0
1780294755.594830275,1780294755.578424931,-209.09922398868576,-103.67842313541368,0.0,0.0,0.0
1780294755.612373114,1780294755.597976208,-209.099223917535,-103.6784235923701,0.0,0.0,0.0
1780294755.633214712,1780294755.619451046,-209.09922384907318,-103.6784239888461,0.0,0.0,0.0
1780294755.653997660,1780294755.637997866,-209.0992237743119,-103.67842438191674,0.0,0.0,0.0
1780294755.665837526,1780294755.657980442,-209.09922372029496,-103.67842466230938,0.0,0.0,0.0
1780294755.697396278,1780294755.678857088,-209.09922363660172,-103.67842505052906,0.0,0.0,0.0
1780294755.716358423,1780294755.698616505,-209.09922355822502,-103.67842537971914,0.0,0.0,0.0
1780294755.730388641,1780294755.717912674,-209.09922345997865,-103.67842576010611,0.0,0.0,0.0
1780294755.748465061,1780294755.738248825,-209.09922333981166,-103.6784261905735,0.0,0.0,0.0
1780294755.770643711,1780294755.758365393,-209.09922317939368,-103.67842672312243,0.0,0.0,0.0
1780294755.790653944,1780294755.778228045,-209.09922300928218,-103.67842725039323,0.0,0.0,0.0
1780294755.810401201,1780294755.797981024,-209.09922277742416,-103.67842792995154,0.0,0.0,0.0
1780294755.832481384,1780294755.817990065,-209.0992225344991,-103.67842860339896,0.0,0.0,0.0
1780294755.851999521,1780294755.837990999,-209.09922226254784,-103.67842932289273,0.0,0.0,0.0
1780294755.871958017,1780294755.858019590,-209.0992220018133,-103.67842998638426,0.0,0.0,0.0
1780294755.892573595,1780294755.877995729,-209.09922175514956,-103.6784305954424,0.0,0.0,0.0
1780294755.911849022,1780294755.897984743,-209.09922150285968,-103.67843120130436,0.0,0.0,0.0
1780294755.933730364,1780294755.917988777,-209.09922122411822,-103.67843185453522,0.0,0.0,0.0
1780294755.952145576,1780294755.938046455,-209.09922094053564,-103.67843250494633,0.0,0.0,0.0
1780294755.975407839,1780294755.958000183,-209.0992206310574,-103.67843320293998,0.0,0.0,0.0
1780294755.994501114,1780294755.977987051,-209.09922034010486,-103.6784338489141,0.0,0.0,0.0
1780294756.018226862,1780294755.997986317,-209.099220046475,-103.67843449321245,0.0,0.0,0.0
1780294756.044363260,1780294756.019198179,-209.0992198187508,-103.67843498766878,0.0,0.0,0.0
1780294756.054576635,1780294756.041792154,-209.0992196521662,-103.67843539136479,0.0,0.0,0.0
1780294756.070626974,1780294756.057995319,-209.09921951928527,-103.67843581277484,0.0,0.0,0.0
1780294756.130249500,1780294756.078004837,-209.09921941540694,-103.6784361879773,0.0,0.0,0.0
1780294756.145226240,1780294756.098004341,-209.0992192278901,-103.67843670317505,0.0,0.0,0.0
1780294756.145270824,1780294756.119772673,-209.0992190166976,-103.67843720570609,0.0,0.0,0.0
1780294756.159310102,1780294756.140263081,-209.099218792717,-103.67843770132463,0.0,0.0,0.0
1780294756.173702717,1780294756.157967806,-209.0992185845525,-103.67843814377113,0.0,0.0,0.0
1780294756.195417881,1780294756.178317785,-209.09921841972172,-103.67843848626414,0.0,0.0,0.0
1780294756.206907988,1780294756.198266745,-209.0992183008566,-103.67843873025929,0.0,0.0,0.0
1780294756.231215000,1780294756.219289303,-209.09921813299115,-103.67843907101933,0.0,0.0,0.0
1780294756.247058868,1780294756.238057613,-209.0992179637663,-103.67843941098558,0.0,0.0,0.0
1780294756.286052942,1780294756.260104656,-209.09921779346368,-103.67843975030694,0.0,0.0,0.0
1780294756.298619032,1780294756.288993597,-209.09921764679345,-103.67844004072579,0.0,0.0,0.0
1780294756.313999414,1780294756.300576687,-209.099217499589,-103.67844033080699,0.0,0.0,0.0
1780294756.331059456,1780294756.319214106,-209.09921735193285,-103.67844062059419,0.0,0.0,0.0
1780294756.345807552,1780294756.337992430,-209.09921720392288,-103.67844091013924,0.0,0.0,0.0
1780294756.369870424,1780294756.358494520,-209.09921705563212,-103.67844119948094,0.0,0.0,0.0
1780294756.388533115,1780294756.378025055,-209.09921685747287,-103.67844158495245,0.0,0.0,0.0
1780294756.414942026,1780294756.398000479,-209.09921663403694,-103.67844201822288,0.0,0.0,0.0
1780294756.428835869,1780294756.417969227,-209.0992164350565,-103.6784424030522,0.0,0.0,0.0
1780294756.449896097,1780294756.438003540,-209.0992162108257,-103.67844283566819,0.0,0.0,0.0
1780294756.471765041,1780294756.458435535,-209.0992159862658,-103.67844326798611,0.0,0.0,0.0
1780294756.490509272,1780294756.477981567,-209.09921576143574,-103.67844370003687,0.0,0.0,0.0
1780294756.510313988,1780294756.497987270,-209.09921553638293,-103.67844413184555,0.0,0.0,0.0
1780294756.532912016,1780294756.519679308,-209.09921528610946,-103.67844461137379,0.0,0.0,0.0
1780294756.552896976,1780294756.537989616,-209.09921506071336,-103.67844504273896,0.0,0.0,0.0
1780294756.575914860,1780294756.558732748,-209.0992148352081,-103.67844547392225,0.0,0.0,0.0
1780294756.590475082,1780294756.577985048,-209.0992146096102,-103.6784459049327,0.0,0.0,0.0
1780294756.614790678,1780294756.598426342,-209.09921440901152,-103.67844628791363,0.0,0.0,0.0
1780294756.627609730,1780294756.618463993,-209.09921423344622,-103.6784466229198,0.0,0.0,0.0
1780294756.656711102,1780294756.638224125,-209.09921403274814,-103.67844700566484,0.0,0.0,0.0
1780294756.669781685,1780294756.659433842,-209.09921388219377,-103.67844729264317,0.0,0.0,0.0
1780294756.684444189,1780294756.680011272,-209.09921373161703,-103.67844757955471,0.0,0.0,0.0
1780294756.711160660,1780294756.698008060,-209.09921355592024,-103.67844791420274,0.0,0.0,0.0
1780294756.728545427,1780294756.718435764,-209.09921338020916,-103.67844824876843,0.0,0.0,0.0
1780294756.744873285,1780294756.738013029,-209.09921320449268,-103.67844858325647,0.0,0.0,0.0
1780294756.766468287,1780294756.757996321,-209.09921292834744,-103.67844910871929,0.0,0.0,0.0
1780294756.788847923,1780294756.778344393,-209.099212601968,-103.67844972946924,0.0,0.0,0.0
1780294756.809996128,1780294756.798102856,-209.09921225046114,-103.67845039766988,0.0,0.0,0.0
1780294756.834561825,1780294756.818044901,-209.0992118487261,-103.67845116095532,0.0,0.0,0.0
1780294756.862191439,1780294756.839243412,-209.0992114470039,-103.67845192385775,0.0,0.0,0.0
1780294756.876810789,1780294756.864267826,-209.0992111457342,-103.67845249579054,0.0,0.0,0.0
1780294756.888486862,1780294756.878653049,-209.09921091979967,-103.67845292460579,0.0,0.0,0.0
1780294756.909426212,1780294756.898007393,-209.09921071898438,-103.67845330567967,0.0,0.0,0.0
1780294756.933743238,1780294756.918120623,-209.09921054328643,-103.67845363904767,0.0,0.0,0.0
1780294756.949527979,1780294756.938050508,-209.09921039270063,-103.67845392473907,0.0,0.0,0.0
1780294756.993261099,1780294756.958219528,-209.0992101668434,-103.67845435318517,0.0,0.0,0.0
1780294757.024779320,1780294757.017394781,-209.09920996610123,-103.67845473393342,0.0,0.0,0.0
1780294757.041446209,1780294757.025471210,-209.09920979046927,-103.67845506701767,0.0,0.0,0.0
1780294757.050019026,1780294757.040315866,-209.09920966502756,-103.67845530489468,0.0,0.0,0.0
1780294757.067181110,1780294757.058830261,-209.09920954053922,-103.67845554323755,0.0,0.0,0.0
1780294757.089719772,1780294757.078555107,-209.09920941796452,-103.67845578255357,0.0,0.0,0.0
1780294757.113967419,1780294757.098925114,-209.0992092202893,-103.67845616455818,0.0,0.0,0.0
1780294757.159608841,1780294757.144073725,-209.0992090464831,-103.67845649828843,0.0,0.0,0.0
1780294757.173671484,1780294757.160906076,-209.09920884709996,-103.67845687920838,0.0,0.0,0.0
1780294757.197572470,1780294757.178955317,-209.09920864729492,-103.67845725980838,0.0,0.0,0.0
1780294757.215947866,1780294757.198112726,-209.0992085222892,-103.67845749756675,0.0,0.0,0.0
1780294757.233707428,1780294757.224023581,-209.0992084472531,-103.67845764018632,0.0,0.0,0.0
1780294757.244865417,1780294757.238001108,-209.09920834717545,-103.67845783030894,0.0,0.0,0.0
1780294757.271883488,1780294757.258012772,-209.09920822204506,-103.67845806791053,0.0,0.0,0.0
1780294757.295742989,1780294757.278468370,-209.09920812191916,-103.67845825795311,0.0,0.0,0.0
1780294757.313834190,1780294757.299389362,-209.09920799674208,-103.67845849546187,0.0,0.0,0.0
1780294757.328944683,1780294757.317985773,-209.09920784651047,-103.67845878041236,0.0,0.0,0.0
1780294757.351711512,1780294757.338413239,-209.099207646182,-103.67845916025117,0.0,0.0,0.0
1780294757.374055624,1780294757.358000755,-209.09920747088574,-103.67845949252603,0.0,0.0,0.0
1780294757.390969038,1780294757.377996683,-209.09920727055032,-103.67845987217964,0.0,0.0,0.0
1780294757.415861607,1780294757.398453474,-209.09920704518802,-103.67846029918229,0.0,0.0,0.0
1780294757.436746597,1780294757.420583010,-209.0992068699202,-103.6784606312182,0.0,0.0,0.0
1780294757.455150127,1780294757.440115452,-209.09916898447966,-103.67844077383864,0.0,0.0,0.0
1780294757.470539331,1780294757.458966255,-209.09906251029977,-103.67838445158134,0.0,0.0,0.0
1780294757.495474577,1780294757.478099585,-209.09889876438746,-103.67829764560655,0.0,0.0,0.0
1780294757.551173449,1780294757.541704655,-209.09871499137833,-103.67820005664358,0.0,0.0,0.0
1780294757.568223238,1780294757.558354378,-209.09851710032083,-103.67809492898964,0.0,0.0,0.0
1780294757.590253592,1780294757.577991247,-209.0982833273915,-103.67797068309615,0.0,0.0,0.0
1780294757.623443604,1780294757.597982407,-209.09804904049528,-103.67784608846989,0.0,0.0,0.0
1780294757.638320446,1780294757.626247406,-209.09787915696364,-103.67775568606754,0.0,0.0,0.0
1780294757.655238628,1780294757.641325235,-209.0977232199702,-103.67767265462032,0.0,0.0,0.0
1780294757.668669462,1780294757.658417940,-209.0975808288124,-103.67759678236027,0.0,0.0,0.0
1780294757.691850662,1780294757.678314447,-209.0974502945608,-103.67752717667683,0.0,0.0,0.0
1780294757.709171772,1780294757.698055267,-209.0973301978546,-103.6774630874284,0.0,0.0,0.0
1780294757.751789570,1780294757.718371630,-209.09720607630882,-103.67739679400474,0.0,0.0,0.0
1780294757.770637751,1780294757.756724358,-209.09709042078305,-103.67733497507808,0.0,0.0,0.0
1780294757.793093920,1780294757.776695013,-209.09699520478046,-103.67728403584023,0.0,0.0,0.0
1780294757.808321714,1780294757.796369076,-209.0969260991582,-103.67724705042231,0.0,0.0,0.0
1780294757.817288637,1780294757.809958458,-209.09689131331916,-103.67722843457688,0.0,0.0,0.0
1780294757.825906277,1780294757.818399906,-209.0968559123952,-103.67720949366681,0.0,0.0,0.0
1780294757.854688168,1780294757.838526011,-209.09679904235864,-103.67717905203642,0.0,0.0,0.0
1780294757.871629238,1780294757.858363390,-209.0967340993782,-103.67714426677874,0.0,0.0,0.0
1780294757.908920288,1780294757.885172129,-209.09668254224422,-103.67711663316058,0.0,0.0,0.0
1780294757.936404705,1780294757.920397758,-209.09662105525368,-103.67708367453855,0.0,0.0,0.0
1780294757.951709270,1780294757.940073967,-209.096560261099,-103.67705108214858,0.0,0.0,0.0
1780294757.976793766,1780294757.962746382,-209.09650658405178,-103.6770223282814,0.0,0.0,0.0
1780294757.988519430,1780294757.980109930,-209.09646358136388,-103.67699929295291,0.0,0.0,0.0
1780294758.009872437,1780294758.000589609,-209.09639198440397,-103.6769609143474,0.0,0.0,0.0
1780294758.043453455,1780294758.017985582,-209.09631539876727,-103.67691982229358,0.0,0.0,0.0
1780294758.090039253,1780294758.043706179,-209.09616580220074,-103.67684014362035,0.0,0.0,0.0
1780294758.095494747,1780294758.089135408,-209.09597948964205,-103.67674113741143,0.0,0.0,0.0
1780294758.116832256,1780294758.106277466,-209.09577714783745,-103.6766335827909,0.0,0.0,0.0
1780294758.133039713,1780294758.118383408,-209.09559964083925,-103.67653930753774,0.0,0.0,0.0
1780294758.158922195,1780294758.139075994,-209.09547521350103,-103.6764732391631,0.0,0.0,0.0
1780294758.169914961,1780294758.164841652,-209.09537758334272,-103.67642133330693,0.0,0.0,0.0
1780294758.212422609,1780294758.203651905,-209.09529882597243,-103.67637940187525,0.0,0.0,0.0
1780294758.228960276,1780294758.218089581,-209.0952338474677,-103.67634475269625,0.0,0.0,0.0
1780294758.257182598,1780294758.237995148,-209.09516702151961,-103.6763090502721,0.0,0.0,0.0
1780294758.271542311,1780294758.258875132,-209.09511278442494,-103.67628000118543,0.0,0.0,0.0
1780294758.291717529,1780294758.277984858,-209.09506789372685,-103.67625589177699,0.0,0.0,0.0
1780294758.315447569,1780294758.302236319,-209.09503013089412,-103.67623554953883,0.0,0.0,0.0
1780294758.344783068,1780294758.330071211,-209.09499793289945,-103.67621814840084,0.0,0.0,0.0
1780294758.354022503,1780294758.346404076,-209.09497444462835,-103.67620542730347,0.0,0.0,0.0
1780294758.364858627,1780294758.358009815,-209.09494794242957,-103.67619103652181,0.0,0.0,0.0
1780294758.407032013,1780294758.378153801,-209.0949147303843,-103.67617294594828,0.0,0.0,0.0
1780294758.426131487,1780294758.407622337,-209.0948902237539,-103.6761595331445,0.0,0.0,0.0
1780294758.453870773,1780294758.430125237,-209.09486850823984,-103.67614759553305,0.0,0.0,0.0
1780294758.463259220,1780294758.453704357,-209.0948525960755,-103.67613880188415,0.0,0.0,0.0
1780294758.478121996,1780294758.464497566,-209.09483834173292,-103.67613088445056,0.0,0.0,0.0
1780294758.487517834,1780294758.479717970,-209.09483048136855,-103.67612649986648,0.0,0.0,0.0
1780294758.519804716,1780294758.502881289,-209.09482071525488,-103.67612103133119,0.0,0.0,0.0
1780294758.536027193,1780294758.527153730,-209.09481168236434,-103.67611595033908,0.0,0.0,0.0
1780294758.549577475,1780294758.537983894,-209.09480130365753,-103.67611008135412,0.0,0.0,0.0
1780294758.572438717,1780294758.560946703,-209.09479001863508,-103.67610365668436,0.0,0.0,0.0
1780294758.588241577,1780294758.578154087,-209.09477823470777,-103.67609689168215,0.0,0.0,0.0
1780294758.609542370,1780294758.598740578,-209.09476630396375,-103.67608997246813,0.0,0.0,0.0
1780294758.652665138,1780294758.620380640,-209.09475574666016,-103.67608377924716,0.0,0.0,0.0
1780294758.663897514,1780294758.650873661,-209.09474634294878,-103.6760781958282,0.0,0.0,0.0
1780294758.679191113,1780294758.667902231,-209.09473994040087,-103.67607435199717,0.0,0.0,0.0
1780294758.688574314,1780294758.679711580,-209.09473498042843,-103.67607134730252,0.0,0.0,0.0
1780294758.709961414,1780294758.698004246,-209.094729974264,-103.67606831824449,0.0,0.0,0.0
1780294758.743670702,1780294758.719845295,-209.09472501649836,-103.67606531481452,0.0,0.0,0.0
1780294758.755336285,1780294758.740234852,-209.09472123485506,-103.67606300965103,0.0,0.0,0.0
1780294758.777941465,1780294758.761483669,-209.09471676188824,-103.67606026252645,0.0,0.0,0.0
1780294758.792923450,1780294758.779980659,-209.0947133645071,-103.67605816051699,0.0,0.0,0.0
1780294758.816427946,1780294758.799266577,-209.0947108792097,-103.6760566171883,0.0,0.0,0.0
1780294758.829745770,1780294758.824835777,-209.0947085653324,-103.67605516447296,0.0,0.0,0.0
1780294758.844106436,1780294758.837994099,-209.09470438775952,-103.67605249701657,0.0,0.0,0.0
1780294758.864478350,1780294758.857988596,-209.09470072242087,-103.67605010034663,0.0,0.0,0.0
1780294758.904078960,1780294758.878163099,-209.09469648763582,-103.67604724965393,0.0,0.0,0.0
1780294758.933844090,1780294758.904774189,-209.09469328427588,-103.67604502074734,0.0,0.0,0.0
1780294758.975589991,1780294758.940426588,-209.09469046658177,-103.67604299575976,0.0,0.0,0.0
1780294759.017882586,1780294758.979315996,-209.09468900533315,-103.67604191734014,0.0,0.0,0.0
1780294759.031773090,1780294759.017636061,-209.0946876339149,-103.67604088642662,0.0,0.0,0.0
1780294759.042746305,1780294759.038999319,-209.09468697892612,-103.67604038721709,0.0,0.0,0.0
1780294759.071964741,1780294759.058004141,-209.0946798917707,-103.67603633558461,0.0,0.0,0.0
1780294759.088626623,1780294759.077989578,-209.09467310008816,-103.67603244014124,0.0,0.0,0.0
1780294759.106705189,1780294759.097999096,-209.09466616582563,-103.67602831638303,0.0,0.0,0.0
1780294759.126729012,1780294759.119469881,-209.0946608152153,-103.67602495317313,0.0,0.0,0.0
1780294759.157351017,1780294759.139619350,-209.09465766668737,-103.67602275385697,0.0,0.0,0.0
1780294759.172670126,1780294759.160964012,-209.09465587690764,-103.67602134918735,0.0,0.0,0.0
1780294759.191787481,1780294759.178873301,-209.09465458962063,-103.67602021015341,0.0,0.0,0.0
1780294759.237480640,1780294759.197994709,-209.09465349865366,-103.6760190985103,0.0,0.0,0.0
1780294759.255838156,1780294759.239484310,-209.09465290834015,-103.67601840439566,0.0,0.0,0.0
1780294759.273855686,1780294759.259411335,-209.09465235136338,-103.67601765153519,0.0,0.0,0.0
1780294759.289677620,1780294759.277991772,-209.09465191985092,-103.6760169650507,0.0,0.0,0.0
1780294759.313234091,1780294759.298067570,-209.0946515845922,-103.67601632950448,0.0,0.0,0.0
1780294759.333681345,1780294759.318605185,-209.0946514041104,-103.6760159285824,0.0,0.0,0.0
1780294759.381151438,1780294759.356604099,-209.09465121874413,-103.67601544873672,0.0,0.0,0.0
1780294759.393203974,1780294759.383849144,-209.09465107149754,-103.67601498908402,0.0,0.0,0.0
1780294759.422051907,1780294759.404217958,-209.09465093728335,-103.67601446001468,0.0,0.0,0.0
1780294759.431386471,1780294759.423918724,-209.0946508554774,-103.676014035051,0.0,0.0,0.0
1780294759.463896990,1780294759.438198566,-209.09465077874742,-103.67601346015906,0.0,0.0,0.0
1780294759.475743055,1780294759.459620237,-209.09465074245023,-103.67601298304413,0.0,0.0,0.0
1780294759.496575832,1780294759.479618549,-209.09465072898584,-103.6760125180649,0.0,0.0,0.0
1780294759.509876728,1780294759.497988939,-209.0946507310338,-103.67601221394311,0.0,0.0,0.0
1780294759.536022663,1780294759.518202066,-209.09465074756255,-103.67601176492902,0.0,0.0,0.0
1780294759.557861805,1780294759.538163424,-209.09465076126943,-103.6760115433238,0.0,0.0,0.0
1780294759.577665806,1780294759.566481352,-209.09465078456145,-103.67601125052765,0.0,0.0,0.0
1780294759.592865944,1780294759.579287529,-209.09465081300772,-103.67601096048571,0.0,0.0,0.0
1780294759.608160973,1780294759.599031210,-209.09465085619019,-103.67601060200536,0.0,0.0,0.0
1780294759.636042356,1780294759.618088961,-209.0946508959072,-103.67601031798792,0.0,0.0,0.0
1780294759.664416790,1780294759.638726950,-209.0946509765435,-103.67600982691303,0.0,0.0,0.0
1780294759.670667887,1780294759.661581755,-209.09465106970637,-103.6760093425508,0.0,0.0,0.0
1780294759.698721409,1780294759.679626465,-209.0946512053175,-103.67600872830137,0.0,0.0,0.0
1780294759.721310139,1780294759.701744795,-209.09465135616736,-103.67600812225828,0.0,0.0,0.0
1780294759.734377861,1780294759.724436522,-209.0946515012124,-103.67600758947177,0.0,0.0,0.0
1780294759.755790710,1780294759.738699675,-209.0946516150147,-103.67600719261286,0.0,0.0,0.0
1780294759.771930695,1780294759.759419203,-209.09465171327557,-103.67600686375927,0.0,0.0,0.0
1780294759.789215088,1780294759.778554678,-209.0946517725043,-103.67600666661305,0.0,0.0,0.0
1780294759.815460443,1780294759.798449039,-209.09465185212517,-103.67600640412041,0.0,0.0,0.0
1780294759.831709146,1780294759.817985535,-209.09465195438122,-103.67600607748977,0.0,0.0,0.0
1780294759.847374678,1780294759.837954283,-209.0946520594505,-103.67600575239304,0.0,0.0,0.0
1780294759.878517389,1780294759.858213663,-209.09465223288856,-103.67600523515156,0.0,0.0,0.0
1780294759.891383171,1780294759.877967834,-209.09465243502092,-103.67600465710612,0.0,0.0,0.0
1780294759.917663574,1780294759.898012400,-209.09465262021226,-103.67600414633223,0.0,0.0,0.0
1780294759.938348055,1780294759.919777155,-209.0946527860587,-103.67600370151425,0.0,0.0,0.0
1780294759.960718393,1780294759.943956137,-209.09465295427245,-103.6760032580395,0.0,0.0,0.0
1780294759.983574867,1780294759.960419416,-209.09465305141026,-103.67600300520353,0.0,0.0,0.0
1780294759.988760471,1780294759.979691982,-209.0946531238945,-103.6760028154015,0.0,0.0,0.0
1780294760.007914782,1780294759.998114347,-209.09465322039875,-103.6760025622843,0.0,0.0,0.0
1780294760.027268648,1780294760.017989159,-209.0946533917334,-103.6760021206977,0.0,0.0,0.0
1780294760.054395914,1780294760.038023233,-209.09465347566046,-103.6760015570089,0.0,0.0,0.0
1780294760.073643208,1780294760.058476210,-209.09465357679755,-103.67600092655363,0.0,0.0,0.0
1780294760.110425949,1780294760.080647945,-209.09465369064904,-103.67600030296985,0.0,0.0,0.0
1780294760.115065336,1780294760.110144854,-209.0946537900411,-103.67599982379465,0.0,0.0,0.0
1780294760.134430408,1780294760.118922472,-209.0946538441592,-103.67599947266362,0.0,0.0,0.0
1780294760.154893637,1780294760.138382912,-209.09465392159368,-103.67599913390224,0.0,0.0,0.0
1780294760.176729679,1780294760.158732414,-209.0946539956174,-103.67599886930918,0.0,0.0,0.0
1780294760.189333200,1780294760.181100845,-209.09465407762784,-103.67599860896681,0.0,0.0,0.0
1780294760.216747522,1780294760.198570967,-209.09465418901848,-103.67599828827265,0.0,0.0,0.0
1780294760.230226755,1780294760.219478369,-209.09465430795524,-103.67599797161326,0.0,0.0,0.0
1780294760.243501425,1780294760.237967491,-209.09465440734783,-103.67599772056158,0.0,0.0,0.0
1780294760.273797274,1780294760.258610964,-209.09465456195792,-103.67599734695824,0.0,0.0,0.0
1780294760.294092655,1780294760.278038979,-209.09465472180074,-103.6759969761882,0.0,0.0,0.0
1780294760.316262484,1780294760.307320118,-209.0946548581542,-103.6759966689301,0.0,0.0,0.0
1780294760.333520889,1780294760.318191051,-209.0946550243496,-103.67599630164152,0.0,0.0,0.0
1780294760.344850779,1780294760.338135481,-209.0946551931017,-103.67599593577177,0.0,0.0,0.0
1780294760.365746021,1780294760.358529806,-209.09465536376518,-103.67599557098006,0.0,0.0,0.0
1780294760.395843983,1780294760.378003836,-209.09465556512637,-103.67599514666594,0.0,0.0,0.0
1780294760.420012951,1780294760.400313139,-209.09465576867933,-103.67599472360183,0.0,0.0,0.0
1780294760.440483809,1780294760.423734426,-209.09465594459041,-103.67599436180788,0.0,0.0,0.0
1780294760.464607000,1780294760.440540791,-209.09465612161623,-103.67599400067036,0.0,0.0,0.0
1780294760.473905563,1780294760.466038942,-209.09465624017182,-103.67599376023391,0.0,0.0,0.0
1780294760.501107216,1780294760.477987289,-209.0946563591102,-103.67599352002965,0.0,0.0,0.0
1780294760.522175312,1780294760.509728909,-209.0946564783958,-103.67599328003881,0.0,0.0,0.0
1780294760.530355215,1780294760.523431540,-209.09465659773298,-103.6759930401051,0.0,0.0,0.0
1780294760.548537016,1780294760.538001776,-209.09465677667444,-103.67599268022653,0.0,0.0,0.0
1780294760.599411011,1780294760.560448408,-209.09465704606814,-103.67599214105341,0.0,0.0,0.0
1780294760.618576288,1780294760.608860731,-209.0946572561477,-103.67599172209233,0.0,0.0,0.0
1780294760.642941713,1780294760.620861053,-209.09465749708372,-103.67599124383824,0.0,0.0,0.0
1780294760.657335520,1780294760.645506144,-209.0946577085376,-103.6759908257994,0.0,0.0,0.0
1780294760.679161549,1780294760.664519787,-209.0946578598932,-103.67599052742379,0.0,0.0,0.0
1780294760.704031944,1780294760.691606760,-209.09465795082156,-103.67599034848158,0.0,0.0,0.0
1780294760.729948997,1780294760.715040922,-209.0946580721837,-103.67599010998373,0.0,0.0,0.0
1780294760.759827137,1780294760.747042179,-209.09465819328756,-103.67598987137922,0.0,0.0,0.0
1780294760.795558453,1780294760.774614811,-209.09465834458805,-103.67598957312356,0.0,0.0,0.0
1780294760.818226576,1780294760.799681664,-209.0946584957591,-103.67598927484607,0.0,0.0,0.0
1780294760.837084532,1780294760.823272228,-209.09465861666368,-103.67598903624057,0.0,0.0,0.0
1780294760.850508928,1780294760.841694593,-209.09465873740047,-103.67598879757618,0.0,0.0,0.0
1780294760.868324041,1780294760.860292673,-209.09465885831057,-103.67598855903323,0.0,0.0,0.0
1780294760.891316175,1780294760.878153086,-209.09465900967174,-103.67598826101455,0.0,0.0,0.0
1780294760.910857916,1780294760.899457216,-209.09465916125956,-103.67598796316221,0.0,0.0,0.0
1780294760.930848122,1780294760.917996168,-209.094659343435,-103.67598760594358,0.0,0.0,0.0
1780294760.956530333,1780294760.938003540,-209.09465955630586,-103.67598718944912,0.0,0.0,0.0
1780294760.968315840,1780294760.958472013,-209.09465973902067,-103.67598683266068,0.0,0.0,0.0
1780294760.994593620,1780294760.978274822,-209.09465991801966,-103.67598647397557,0.0,0.0,0.0
1780294761.030124187,1780294760.998300314,-209.09466009425552,-103.67598611389715,0.0,0.0,0.0
1780294761.040895939,1780294761.030864716,-209.09466024045034,-103.67598581352973,0.0,0.0,0.0
1780294761.060749769,1780294761.052052021,-209.09466032820075,-103.67598555783347,0.0,0.0,0.0
1780294761.079509258,1780294761.064740658,-209.0946604209086,-103.67598530478712,0.0,0.0,0.0
1780294761.092104197,1780294761.083007574,-209.09466047070697,-103.67598510459254,0.0,0.0,0.0
1780294761.107868433,1780294761.098252296,-209.09466050045953,-103.67598496931727,0.0,0.0,0.0
1780294761.133230925,1780294761.118118763,-209.09466055569055,-103.67598477202189,0.0,0.0,0.0
1780294761.152852535,1780294761.138461590,-209.0946605975609,-103.67598464316983,0.0,0.0,0.0
1780294761.162840843,1780294761.158023834,-209.09466066585378,-103.6759844528059,0.0,0.0,0.0
1780294761.189326048,1780294761.177969217,-209.09466076383313,-103.67598420267193,0.0,0.0,0.0
1780294761.208303690,1780294761.197970152,-209.09466094795843,-103.67598377170098,0.0,0.0,0.0
1780294761.245248556,1780294761.218512297,-209.09466117090045,-103.6759832858877,0.0,0.0,0.0
1780294761.284764290,1780294761.269579411,-209.094661401789,-103.67598280439326,0.0,0.0,0.0
1780294761.295081854,1780294761.284487247,-209.09466163745125,-103.67598232554062,0.0,0.0,0.0
1780294761.311464071,1780294761.298908472,-209.09466181632519,-103.67598196760338,0.0,0.0,0.0
1780294761.338332415,1780294761.321584702,-209.09473014664013,-103.67601791691621,0.0,0.0,0.0
1780294761.348176479,1780294761.340060472,-209.09485817806757,-103.67608563176422,0.0,0.0,0.0
1780294761.370357037,1780294761.360921144,-209.09497602746458,-103.67614796509088,0.0,0.0,0.0
1780294761.389303684,1780294761.378242016,-209.0951452420281,-103.6762375827209,0.0,0.0,0.0
1780294761.429347992,1780294761.399894714,-209.09540021998518,-103.67637265059355,0.0,0.0,0.0
1780294761.444845676,1780294761.431869507,-209.09562635861332,-103.67649247595159,0.0,0.0,0.0
1780294761.468646288,1780294761.450230837,-209.09583387125136,-103.67660245681999,0.0,0.0,0.0
1780294761.481287956,1780294761.473937750,-209.09602005157424,-103.67670116286703,0.0,0.0,0.0
1780294761.501884222,1780294761.486934185,-209.0961927201111,-103.67679272744735,0.0,0.0,0.0
1780294761.515372515,1780294761.504921913,-209.09629182737356,-103.67684529100903,0.0,0.0,0.0
1780294761.521901369,1780294761.518048525,-209.09638925188725,-103.67689696514253,0.0,0.0,0.0
1780294761.556467533,1780294761.538007498,-209.09653896930226,-103.67697639918424,0.0,0.0,0.0
1780294761.571219683,1780294761.559811115,-209.09667477523433,-103.67704848055338,0.0,0.0,0.0
1780294761.595655441,1780294761.578431368,-209.09679852106635,-103.6771141877612,0.0,0.0,0.0
1780294761.645411730,1780294761.598572731,-209.09693324234814,-103.6771857565397,0.0,0.0,0.0
1780294761.659354448,1780294761.649111748,-209.09703551648565,-103.677240115232,0.0,0.0,0.0
1780294761.680735350,1780294761.665612459,-209.09709413863771,-103.67727128101731,0.0,0.0,0.0
1780294761.704370499,1780294761.690768957,-209.0971500021278,-103.67730098875415,0.0,0.0,0.0
1780294761.714391470,1780294761.706542969,-209.09720432995817,-103.6773298848278,0.0,0.0,0.0
1780294761.726608515,1780294761.718219757,-209.09725714766898,-103.6773579827375,0.0,0.0,0.0
1780294761.747805119,1780294761.737997293,-209.0973556913541,-103.67741043032466,0.0,0.0,0.0
1780294761.776516438,1780294761.758028030,-209.0974741319566,-103.67747351538345,0.0,0.0,0.0
1780294761.804723978,1780294761.782248497,-209.0975799386529,-103.6775299229545,0.0,0.0,0.0
1780294761.839892387,1780294761.813550949,-209.09767613716662,-103.67758125221337,0.0,0.0,0.0
1780294761.862265348,1780294761.845877647,-209.0977639469902,-103.67762814769918,0.0,0.0,0.0
1780294761.875563860,1780294761.866773844,-209.0978152446,-103.6776555633229,0.0,0.0,0.0
1780294761.894312382,1780294761.878162861,-209.09784612280325,-103.67767206532685,0.0,0.0,0.0
1780294761.904825926,1780294761.897994518,-209.09787581478466,-103.67768794036505,0.0,0.0,0.0
1780294761.927903175,1780294761.919687033,-209.0979228448467,-103.67771310036241,0.0,0.0,0.0
1780294761.968644619,1780294761.938009501,-209.09798520756885,-103.6777464853439,0.0,0.0,0.0
1780294761.978688955,1780294761.969228268,-209.09804249181337,-103.67777718613155,0.0,0.0,0.0
1780294761.992989302,1780294761.980396986,-209.0980958040892,-103.67780578754352,0.0,0.0,0.0
1780294762.036106348,1780294762.010795355,-209.09816580977866,-103.67784339363419,0.0,0.0,0.0
1780294762.056745291,1780294762.039218664,-209.09828360055647,-103.67790613329706,0.0,0.0,0.0
1780294762.084907293,1780294762.063596010,-209.09836772083383,-103.67795089546074,0.0,0.0,0.0
1780294762.098274231,1780294762.090660334,-209.0984868090889,-103.67801419929303,0.0,0.0,0.0
1780294762.118104935,1780294762.109417677,-209.09857646326836,-103.6780618860376,0.0,0.0,0.0
1780294762.137361765,1780294762.119854212,-209.09866575982764,-103.67810926241572,0.0,0.0,0.0
1780294762.145278215,1780294762.139672518,-209.09871305025143,-103.67813437729501,0.0,0.0,0.0
1780294762.165915728,1780294762.158007622,-209.09877095816697,-103.67816516424035,0.0,0.0,0.0
1780294762.187175751,1780294762.178488255,-209.09884350609022,-103.67820380975061,0.0,0.0,0.0
1780294762.210641146,1780294762.197987795,-209.09892974359855,-103.67824993253573,0.0,0.0,0.0
1780294762.248893976,1780294762.217989683,-209.0989947221477,-103.67828494052975,0.0,0.0,0.0
1780294762.281645536,1780294762.249278307,-209.09903701762147,-103.67830795996879,0.0,0.0,0.0
1780294762.317178011,1780294762.283967972,-209.09906670448473,-103.67832431537204,0.0,0.0,0.0
1780294762.339812517,1780294762.321367741,-209.0990832631432,-103.6783335507163,0.0,0.0,0.0
1780294762.353323460,1780294762.347064495,-209.09909227656013,-103.67833861679335,0.0,0.0,0.0
1780294762.370196104,1780294762.358644962,-209.09909749260325,-103.6783415549402,0.0,0.0,0.0
1780294762.388053894,1780294762.379970074,-209.09910396927856,-103.67834521979178,0.0,0.0,0.0
1780294762.414845228,1780294762.398520708,-209.09911006408782,-103.6783486827958,0.0,0.0,0.0
1780294762.426610231,1780294762.419195414,-209.09911564060263,-103.67835187184964,0.0,0.0,0.0
1780294762.453032255,1780294762.437998295,-209.09912076123976,-103.67835481994152,0.0,0.0,0.0
1780294762.467567682,1780294762.458576202,-209.09912547879946,-103.67835755497713,0.0,0.0,0.0
1780294762.486442566,1780294762.478523970,-209.0991298382325,-103.67836010071363,0.0,0.0,0.0
1780294762.507832766,1780294762.498004198,-209.09913578863953,-103.67836360811464,0.0,0.0,0.0
1780294762.536019087,1780294762.518008709,-209.0991427861958,-103.67836778970717,0.0,0.0,0.0
1780294762.556452513,1780294762.539370298,-209.09914889531038,-103.67837150165002,0.0,0.0,0.0
1780294762.574203491,1780294762.557994604,-209.0991544963877,-103.67837494499098,0.0,0.0,0.0
1780294762.598528385,1780294762.579879761,-209.09915965429948,-103.67837815401607,0.0,0.0,0.0
1780294762.609631062,1780294762.598449230,-209.09916341964598,-103.67838050623745,0.0,0.0,0.0
1780294762.631470442,1780294762.618225813,-209.09916656475116,-103.6783824702461,0.0,0.0,0.0
1780294762.653014660,1780294762.638003588,-209.0991696257278,-103.67838438975356,0.0,0.0,0.0
1780294762.669109583,1780294762.658070326,-209.09917244579682,-103.67838618190126,0.0,0.0,0.0
1780294762.699310541,1780294762.678011179,-209.099175051292,-103.6783878606069,0.0,0.0,0.0
1780294762.731948614,1780294762.718410492,-209.09917699651052,-103.67838912998766,0.0,0.0,0.0
1780294762.750225544,1780294762.737972975,-209.09917927071876,-103.67839063353736,0.0,0.0,0.0
1780294762.765922785,1780294762.758025408,-209.09918179177652,-103.67839232782174,0.0,0.0,0.0
1780294762.794195890,1780294762.778115749,-209.09918447865468,-103.67839416998922,0.0,0.0,0.0
1780294762.837930441,1780294762.797968149,-209.09918692457114,-103.67839588473295,0.0,0.0,0.0
1780294762.864478111,1780294762.838230371,-209.09918915873993,-103.67839748749296,0.0,0.0,0.0
1780294762.878171682,1780294762.868286133,-209.0991910019629,-103.67839882329298,0.0,0.0,0.0
1780294762.886991978,1780294762.879034519,-209.0991921774197,-103.67839968559593,0.0,0.0,0.0
1780294762.911015987,1780294762.898248434,-209.0991937398217,-103.67840081263613,0.0,0.0,0.0
1780294762.928082943,1780294762.918277025,-209.0991952340983,-103.67840190363445,0.0,0.0,0.0
1780294762.949338675,1780294762.937984943,-209.09919686421736,-103.67840312662969,0.0,0.0,0.0
1780294762.973645926,1780294762.958005905,-209.09919857056892,-103.67840445009132,0.0,0.0,0.0
1780294762.991048813,1780294762.979654074,-209.0992000954558,-103.67840567757449,0.0,0.0,0.0
1780294763.002840519,1780294762.997966290,-209.09920127719602,-103.6784066634187,0.0,0.0,0.0
1780294763.036139965,1780294763.021613598,-209.09920235726398,-103.67840759547434,0.0,0.0,0.0
1780294763.049235582,1780294763.038319111,-209.09920460477593,-103.67840914447078,0.0,0.0,0.0
1780294763.070536852,1780294763.058128357,-209.09920833372547,-103.67841147635251,0.0,0.0,0.0
1780294763.106070042,1780294763.080143452,-209.0992116724569,-103.67841366212221,0.0,0.0,0.0
1780294763.118678808,1780294763.104888916,-209.0992142857262,-103.67841540424612,0.0,0.0,0.0
1780294763.140355349,1780294763.121117592,-209.09921603063984,-103.67841662723288,0.0,0.0,0.0
1780294763.155122042,1780294763.147758961,-209.09921730133806,-103.67841759955898,0.0,0.0,0.0
1780294763.166108131,1780294763.158044338,-209.0992179050667,-103.67841809906885,0.0,0.0,0.0
1780294763.201302528,1780294763.177997828,-209.09921857774066,-103.67841869514189,0.0,0.0,0.0
1780294763.214584351,1780294763.198247671,-209.0992191278833,-103.67841922643339,0.0,0.0,0.0
1780294763.230174303,1780294763.218901396,-209.09921968013464,-103.6784198189412,0.0,0.0,0.0
1780294763.253899574,1780294763.238205433,-209.09922019389788,-103.67842045118775,0.0,0.0,0.0
1780294763.274045229,1780294763.258013010,-209.09922064315592,-103.67842110939654,0.0,0.0,0.0
1780294763.294018269,1780294763.277984858,-209.09922093307398,-103.67842162322572,0.0,0.0,0.0
1780294763.311205626,1780294763.298960209,-209.09922112307314,-103.67842202410598,0.0,0.0,0.0
1780294763.333878040,1780294763.318166733,-209.09922130169736,-103.67842247902006,0.0,0.0,0.0
1780294763.350914478,1780294763.339658260,-209.09922143960893,-103.67842291236542,0.0,0.0,0.0
1780294763.371307611,1780294763.359562159,-209.09922154283524,-103.6784233273271,0.0,0.0,0.0
1780294763.391128063,1780294763.378002882,-209.0992216173601,-103.67842372706744,0.0,0.0,0.0
1780294763.415060043,1780294763.398136377,-209.0992216732356,-103.67842417694325,0.0,0.0,0.0
1780294763.437287092,1780294763.418001652,-209.0992217001883,-103.67842455142619,0.0,0.0,0.0
1780294763.447921991,1780294763.439479351,-209.09922170810736,-103.67842479574071,0.0,0.0,0.0
1780294763.470808744,1780294763.465146303,-209.0992217080991,-103.67842509586433,0.0,0.0,0.0
1780294763.488120079,1780294763.477985620,-209.09922169527144,-103.6784254491896,0.0,0.0,0.0
1780294763.506647825,1780294763.498006582,-209.0992216650029,-103.6784258532481,0.0,0.0,0.0
1780294763.526716471,1780294763.519266129,-209.0992216144983,-103.6784263065318,0.0,0.0,0.0
1780294763.553808212,1780294763.538091898,-209.09922152286265,-103.67842691791573,0.0,0.0,0.0
1780294763.569978714,1780294763.561597586,-209.09922141959507,-103.67842746301567,0.0,0.0,0.0
1780294763.586565733,1780294763.578007221,-209.09922130118852,-103.67842799996895,0.0,0.0,0.0
1780294763.622555733,1780294763.598007202,-209.09922116986718,-103.67842852995099,0.0,0.0,0.0
1780294763.635419607,1780294763.622661114,-209.09922105626666,-103.67842894931637,0.0,0.0,0.0
1780294763.653755665,1780294763.646903276,-209.09922096636538,-103.6784292612947,0.0,0.0,0.0
1780294763.668142080,1780294763.658457041,-209.099220872854,-103.67842957131205,0.0,0.0,0.0
1780294763.687286377,1780294763.677988291,-209.09922077606052,-103.6784298795415,0.0,0.0,0.0
1780294763.718266487,1780294763.698416471,-209.0992206762745,-103.67843018613614,0.0,0.0,0.0
1780294763.738390684,1780294763.720236301,-209.09922057375243,-103.67843049123215,0.0,0.0,0.0
1780294763.768725395,1780294763.759014845,-209.0992204699406,-103.67843079559425,0.0,0.0,0.0
1780294763.794028282,1780294763.777989864,-209.09922034792245,-103.67843115013953,0.0,0.0,0.0
1780294763.825818062,1780294763.798896551,-209.09922024235246,-103.67843145345942,0.0,0.0,0.0
1780294763.840443611,1780294763.827746630,-209.09922017207234,-103.67843165569666,0.0,0.0,0.0
1780294763.879312038,1780294763.847709179,-209.09922008272153,-103.67843190766725,0.0,0.0,0.0
1780294763.908571959,1780294763.883934021,-209.09922001011327,-103.6784321086215,0.0,0.0,0.0
1780294763.931093454,1780294763.918698311,-209.0992199550358,-103.6784322589932,0.0,0.0,0.0
1780294763.958605528,1780294763.939435720,-209.09921989944996,-103.67843240908307,0.0,0.0,0.0
1780294763.985169172,1780294763.964826345,-209.09921984337626,-103.67843255890199,0.0,0.0,0.0
1780294764.017014980,1780294763.993276119,-209.09921978877017,-103.67843270948315,0.0,0.0,0.0
1780294764.039361715,1780294764.025004387,-209.09921971635652,-103.67843291044596,0.0,0.0,0.0
1780294764.058664560,1780294764.045684099,-209.0992197117173,-103.67843314720601,0.0,0.0,0.0
1780294764.069893122,1780294764.061957121,-209.09921974719498,-103.67843340514533,0.0,0.0,0.0
1780294764.095180988,1780294764.078141451,-209.09921977060768,-103.67843371647238,0.0,0.0,0.0
1780294764.111902475,1780294764.098012686,-209.09921978006878,-103.6784340203894,0.0,0.0,0.0
1780294764.131848097,1780294764.118002176,-209.09921976136206,-103.67843436915446,0.0,0.0,0.0
1780294764.149589062,1780294764.137989759,-209.0992197008124,-103.67843469575206,0.0,0.0,0.0
1780294764.170081377,1780294764.158570051,-209.0992196159671,-103.67843500945642,0.0,0.0,0.0
1780294764.194043398,1780294764.178004980,-209.09921951570823,-103.67843531496194,0.0,0.0,0.0
1780294764.211694002,1780294764.197947502,-209.09921942400138,-103.67843556519824,0.0,0.0,0.0
1780294764.238116264,1780294764.221182108,-209.09921932709645,-103.67843581265085,0.0,0.0,0.0
1780294764.252693892,1780294764.238162518,-209.09921924638138,-103.67843600890014,0.0,0.0,0.0
1780294764.279253960,1780294764.268681765,-209.09921916341898,-103.67843620393836,0.0,0.0,0.0
1780294764.294052362,1780294764.281470299,-209.09921907860715,-103.67843639797607,0.0,0.0,0.0
1780294764.306701660,1780294764.297988653,-209.09921899226129,-103.67843659117973,0.0,0.0,0.0
1780294764.330424786,1780294764.320761681,-209.09921888254104,-103.6784368317072,0.0,0.0,0.0
1780294764.348531723,1780294764.337982893,-209.09921870369698,-103.67843721473587,0.0,0.0,0.0
1780294764.370509863,1780294764.357995749,-209.09921849880877,-103.67843764358247,0.0,0.0,0.0
1780294764.401998997,1780294764.378011227,-209.09921826778768,-103.67843811816071,0.0,0.0,0.0
1780294764.447819948,1780294764.413172722,-209.09921803414517,-103.67843859120806,0.0,0.0,0.0
1780294764.460232735,1780294764.447891712,-209.0992178459114,-103.67843896884376,0.0,0.0,0.0
1780294764.468239069,1780294764.460348129,-209.099217727769,-103.67843920455655,0.0,0.0,0.0
1780294764.488326073,1780294764.478012562,-209.09921758581467,-103.67843948726643,0.0,0.0,0.0
1780294764.508959770,1780294764.498658180,-209.09921741977755,-103.6784398168042,0.0,0.0,0.0
1780294764.527261972,1780294764.518144131,-209.0992172053929,-103.67844023991096,0.0,0.0,0.0
1780294764.547988653,1780294764.538012028,-209.09921694225037,-103.67844075629138,0.0,0.0,0.0
1780294764.570455551,1780294764.557998896,-209.09921660596748,-103.67844141252283,0.0,0.0,0.0
1780294764.591588259,1780294764.577998877,-209.09921631681988,-103.67844197430244,0.0,0.0,0.0
1780294764.612020493,1780294764.598016024,-209.09921602708363,-103.67844253556233,0.0,0.0,0.0
1780294764.655697346,1780294764.618352890,-209.0992157610315,-103.67844304962391,0.0,0.0,0.0
1780294764.674783707,1780294764.658369303,-209.09921556732053,-103.67844342326143,0.0,0.0,0.0
1780294764.690350771,1780294764.678707361,-209.09921542196102,-103.67844370338847,0.0,0.0,0.0
1780294764.708386421,1780294764.697991371,-209.09921525224834,-103.67844403007062,0.0,0.0,0.0
1780294764.726067781,1780294764.718007803,-209.0992151309505,-103.67844426333238,0.0,0.0,0.0
1780294764.751169443,1780294764.738013744,-209.09921496109092,-103.67844458981595,0.0,0.0,0.0
1780294764.769973516,1780294764.758023977,-209.0992147425819,-103.6784450094141,0.0,0.0,0.0
1780294764.789076090,1780294764.778102160,-209.09921449964816,-103.67844547541998,0.0,0.0,0.0
1780294764.815721512,1780294764.798110723,-209.0992142565855,-103.67844594121345,0.0,0.0,0.0
1780294764.832902193,1780294764.818004370,-209.09921401339383,-103.67844640679428,0.0,0.0,0.0
1780294764.848960638,1780294764.838001728,-209.09921379442704,-103.6784468256437,0.0,0.0,0.0
1780294764.867796183,1780294764.857989073,-209.09921357537453,-103.67844724433088,0.0,0.0,0.0
1780294764.889580488,1780294764.877989054,-209.09921333189993,-103.67844770935758,0.0,0.0,0.0
1780294764.910552979,1780294764.898012161,-209.09921308835445,-103.67844817420229,0.0,0.0,0.0
1780294764.930576324,1780294764.918020964,-209.0992128204011,-103.6784486853366,0.0,0.0,0.0
1780294764.948959589,1780294764.937986612,-209.09919329776588,-103.67843882577162,0.0,0.0,0.0
1780294764.975342035,1780294764.958242416,-209.09913788181316,-103.67840972637353,0.0,0.0,0.0
1780294764.989520788,1780294764.977966070,-209.09906741820754,-103.67837242068735,0.0,0.0,0.0
1780294765.012612581,1780294764.998005629,-209.09894930515134,-103.67830958669596,0.0,0.0,0.0
1780294765.027150393,1780294765.018012047,-209.09882048618033,-103.67824090062298,0.0,0.0,0.0
1780294765.048593521,1780294765.038004875,-209.09817304944437,-103.67789795340256,0.0,0.0,0.0
1780294765.066730261,1780294765.057996511,-209.09748164537984,-103.67753176746797,0.0,0.0,0.0
1780294765.091012955,1780294765.077984333,-209.0968111389395,-103.67717647656904,0.0,0.0,0.0
1780294765.112050772,1780294765.101549387,-209.09632655725846,-103.6769195294131,0.0,0.0,0.0
1780294765.135473967,1780294765.118005276,-209.09597128574558,-103.6767308529827,0.0,0.0,0.0
1780294765.146395445,1780294765.138390541,-209.0957709513385,-103.67662421749719,0.0,0.0,0.0
1780294765.186167240,1780294765.158018112,-209.09563501534146,-103.67655169441612,0.0,0.0,0.0
1780294765.199126244,1780294765.187934399,-209.09556053275796,-103.67651187717138,0.0,0.0,0.0
1780294765.211286545,1780294765.199915171,-209.09550594545757,-103.67648265046849,0.0,0.0,0.0
1780294765.225278616,1780294765.218001842,-209.0954571238713,-103.67645647122333,0.0,0.0,0.0
1780294765.252593517,1780294765.237986565,-209.09520560431145,-103.67632300295654,0.0,0.0,0.0
1780294765.267246246,1780294765.257992506,-209.09490600010938,-103.676164100373,0.0,0.0,0.0
1780294765.294396162,1780294765.277997971,-209.09478139084993,-103.676097480747,0.0,0.0,0.0
1780294765.321836233,1780294765.298680544,-209.09476405425954,-103.67608764566128,0.0,0.0,0.0
1780294765.331548452,1780294765.321465731,-209.09472174047536,-103.67606475498674,0.0,0.0,0.0
1780294765.344525576,1780294765.337981701,-209.09469812776183,-103.67605175137626,0.0,0.0,0.0
1780294765.377234459,1780294765.358243465,-209.09466520635044,-103.67603360347506,0.0,0.0,0.0
1780294765.391282558,1780294765.378942251,-209.09464045105318,-103.67601999551948,0.0,0.0,0.0
1780294765.409929276,1780294765.398550034,-209.09461595390025,-103.67600644920556,0.0,0.0,0.0
1780294765.436398506,1780294765.421572685,-209.0945914521214,-103.67599282559088,0.0,0.0,0.0
1780294765.448357582,1780294765.437927246,-209.0945739519792,-103.67598305205154,0.0,0.0,0.0
1780294765.468700171,1780294765.458741665,-209.09456218978926,-103.67597646044841,0.0,0.0,0.0
1780294765.488708019,1780294765.478012562,-209.09454679212473,-103.67596779790857,0.0,0.0,0.0
1780294765.508104086,1780294765.498004198,-209.09452866565405,-103.67595754391174,0.0,0.0,0.0
1780294765.533194780,1780294765.518024206,-209.09451028212035,-103.67594707966818,0.0,0.0,0.0
1780294765.552134275,1780294765.537989855,-209.09449351492717,-103.6759374700847,0.0,0.0,0.0
1780294765.569909811,1780294765.558280945,-209.09447958742012,-103.67592943696187,0.0,0.0,0.0
1780294765.590135098,1780294765.578003645,-209.0944665316281,-103.67592186539558,0.0,0.0,0.0
1780294765.613448620,1780294765.598008156,-209.09445416381323,-103.67591465858627,0.0,0.0,0.0
1780294765.630133390,1780294765.617986202,-209.09444390396771,-103.67590864098415,0.0,0.0,0.0
1780294765.646926641,1780294765.637984514,-209.0944320740783,-103.67590164497402,0.0,0.0,0.0
1780294765.669369459,1780294765.658005953,-209.09441916243458,-103.67589392768465,0.0,0.0,0.0
1780294765.696044683,1780294765.677991152,-209.09440746953683,-103.6758868540418,0.0,0.0,0.0
1780294765.724400282,1780294765.699026823,-209.09439940214685,-103.67588191962757,0.0,0.0,0.0
1780294765.740095139,1780294765.721927643,-209.09439175048306,-103.67587720473666,0.0,0.0,0.0
1780294765.757844925,1780294765.744109154,-209.0943868902643,-103.67587418844865,0.0,0.0,0.0
1780294765.772802591,1780294765.763956308,-209.09438361554643,-103.6758721593494,0.0,0.0,0.0
1780294765.791546822,1780294765.777985334,-209.09438105707213,-103.67587058339888,0.0,0.0,0.0
1780294765.824028730,1780294765.800330877,-209.0943769274226,-103.67586802823008,0.0,0.0,0.0
1780294765.840088367,1780294765.825966597,-209.09437373936578,-103.67586604531624,0.0,0.0,0.0
1780294765.853168964,1780294765.844698906,-209.09436989135594,-103.67586363937615,0.0,0.0,0.0
1780294765.869165421,1780294765.858028889,-209.09436618790264,-103.67586131017322,0.0,0.0,0.0
1780294765.886189222,1780294765.878005028,-209.09436192375222,-103.67585861071768,0.0,0.0,0.0
1780294765.909411907,1780294765.898033381,-209.09435718173822,-103.67585558479969,0.0,0.0,0.0
1780294765.930027485,1780294765.918009281,-209.0943514264737,-103.67585187466402,0.0,0.0,0.0
1780294765.948261261,1780294765.938358545,-209.09434515871706,-103.67584781896029,0.0,0.0,0.0
1780294765.968383789,1780294765.958003998,-209.09433785038837,-103.67584306416661,0.0,0.0,0.0
1780294765.996215105,1780294765.978001833,-209.09433089080358,-103.67583849334565,0.0,0.0,0.0
1780294766.014597178,1780294765.997966766,-209.09432528109525,-103.67583478425554,0.0,0.0,0.0
1780294766.029949188,1780294766.018158197,-209.0943209074663,-103.67583187721729,0.0,0.0,0.0
1780294766.048042774,1780294766.038008213,-209.09433239055488,-103.67583742679535,0.0,0.0,0.0
1780294766.068658829,1780294766.058123827,-209.09437861875932,-103.67586134338232,0.0,0.0,0.0
1780294766.105226517,1780294766.085609436,-209.09442158408038,-103.6758836839304,0.0,0.0,0.0
1780294766.113719702,1780294766.101847887,-209.09445301570804,-103.67589992760236,0.0,0.0,0.0
1780294766.129441023,1780294766.118005276,-209.09448522071258,-103.67591643176873,0.0,0.0,0.0
1780294766.151408434,1780294766.138133049,-209.09451449520415,-103.67593123826809,0.0,0.0,0.0
1780294766.183229208,1780294766.157990456,-209.09453137087178,-103.67593963922552,0.0,0.0,0.0
1780294766.200731039,1780294766.185191154,-209.0945430395248,-103.67594536201722,0.0,0.0,0.0
1780294766.219871998,1780294766.201478481,-209.0945542279393,-103.67595075672907,0.0,0.0,0.0
1780294766.231307030,1780294766.222986937,-209.09456102324606,-103.67595397750941,0.0,0.0,0.0
1780294766.245630741,1780294766.237978697,-209.0945646968383,-103.67595569665211,0.0,0.0,0.0
1780294766.266894817,1780294766.258008003,-209.09393086874627,-103.67562037466192,0.0,0.0,0.0
1780294766.288049459,1780294766.279909849,-209.09288639510538,-103.67506790708529,0.0,0.0,0.0
1780294766.307358742,1780294766.298006773,-209.09185534285913,-103.67452258095359,0.0,0.0,0.0
1780294766.330378532,1780294766.318002224,-209.08997876935706,-103.67353011736434,0.0,0.0,0.0
1780294766.347777605,1780294766.338004351,-209.08768023726353,-103.67231457131803,-0.10427888879836715,0.0,0.000173147481439323
1780294766.367978096,1780294766.358144283,-209.08561804648716,-103.67122387929092,-0.10880138821099675,0.0,0.00017314748096112177
1780294766.394067526,1780294766.377995014,-209.08349020730572,-103.67009828141727,-0.11516119145180626,0.0,0.0021086301864508316
1780294766.412573099,1780294766.397987366,-209.08132093939912,-103.66895059276149,-0.11833610390607802,0.0,0.0022546899212190397
1780294766.436620235,1780294766.418000698,-209.0803116178248,-103.66841624156237,0.0,0.0,0.0
1780294766.460963011,1780294766.439060211,-209.07948217353646,-103.66797701714367,0.0,0.0,0.0
1780294766.483229876,1780294766.468994379,-209.07754767466864,-103.66695329707933,0.0,0.0,0.0
1780294766.494374275,1780294766.486366749,-209.07636199787999,-103.66632565727828,0.0,0.0,0.0
1780294766.506754875,1780294766.498893261,-209.0738129178414,-103.66497648610088,-0.11528416279583581,0.0,0.0074959205000783005
1780294766.531201839,1780294766.518757105,-209.07045991178913,-103.66320122058069,-0.13788630342189157,0.0,0.008312357703524844
1780294766.547594786,1780294766.538008928,-209.06679858058055,-103.66126199218373,-0.16066474256363064,0.0,0.008662188920981882
1780294766.572593927,1780294766.558159351,-209.0626587953193,-103.65906877535907,-0.17614334491107098,0.0,0.006638663873108753
1780294766.602539301,1780294766.579152584,-209.05788469383668,-103.65653873485398,-0.18980415899488834,0.0,0.0069867544190835166
1780294766.620108604,1780294766.601249218,-209.05297502781127,-103.65393579911682,-0.19632295532103997,0.0,0.00720431101543733
1780294766.639888287,1780294766.627366304,-209.04571015517837,-103.65008286521338,-0.24064933214271078,0.0,0.006761290782054142
1780294766.654293537,1780294766.640959024,-209.0405186617268,-103.6473291970338,-0.27584691416839285,0.0,0.003704128853842082
1780294766.669112444,1780294766.659851789,-209.03486452235,-103.64432884196299,-0.28263788494258285,0.0,0.0037041288399797642
1780294766.683319807,1780294766.678002357,-209.02869285439098,-103.64105388854439,-0.3031336325661198,0.0,-0.00529003850769145
1780294766.735823393,1780294766.698203802,-209.02053403550178,-103.63672596459875,-0.3300207198146056,0.0,-0.010227801947864327
1780294766.775296926,1780294766.748403311,-209.00385023563922,-103.62787641759901,-0.3381084185044023,0.0,-0.010227801982631771
1780294766.783292055,1780294766.777595997,-208.99171530276496,-103.62144700581143,-0.3930639276963922,0.0,-0.0047679537852922576
1780294766.797339201,1780294766.789654255,-208.98560912951385,-103.61821334369596,-0.3980371390635193,0.0,-0.004767953781941946
1780294766.808494329,1780294766.799063683,-208.9811081169113,-103.61583081901283,-0.3762419637636514,0.0,-0.004054867213856837
1780294766.825030327,1780294766.818017483,-208.97375116161535,-103.61193691452047,-0.34399488122367594,0.0,-0.0026488057767194684
1780294766.852128029,1780294766.838175297,-208.96453815024884,-103.60706152028453,-0.3131373784558374,0.0,0.00042247463154213537
1780294766.869406223,1780294766.858029366,-208.95488153170646,-103.60195119701773,-0.29414488972918174,0.0,0.008572854211608534
1780294766.919453859,1780294766.878008127,-208.94427156684108,-103.59633513949342,-0.2876703308100253,0.0,0.0024718509297263274
1780294766.938312292,1780294766.917888880,-208.92948789203797,-103.58850642772562,-0.28684887872934983,0.0,0.002471850901003555
1780294766.964003325,1780294766.950280190,-208.91343485844237,-103.58000333643456,-0.37533670847489475,0.0,-0.00136050475457261
1780294766.972405910,1780294766.963656664,-208.90573863868545,-103.57592731425477,-0.38876572702444984,0.0,-0.0013605047581471182
1780294766.996823311,1780294766.980655193,-208.89651749026223,-103.57104522785286,-0.40083827778662157,0.0,-0.015292119104394255
1780294767.015310764,1780294766.999635935,-208.88772320734415,-103.56639100613866,-0.4032927664290446,0.0,-0.015292119157022497
1780294767.032588005,1780294767.023807287,-208.87926213268992,-103.56191667887839,-0.3014771989400359,0.0,-0.013797959973663185
1780294767.049732924,1780294767.038032055,-208.87735100144727,-103.56090808331027,-0.27956284542810567,0.0,-0.013797959968061475
1780294767.079899311,1780294767.057974815,-208.88044168727396,-103.56254523332764,-0.17451133487669138,0.0,-0.016407393017562163
1780294767.113035679,1780294767.086665392,-208.8820190972124,-103.56338151445755,-0.12915040708276285,0.0,-0.016407393047477094
1780294767.134957314,1780294767.114857912,-208.88486003620574,-103.56488224013559,0.0,0.0,0.0
1780294767.154414177,1780294767.135247231,-208.88716813155577,-103.56609985334904,0.0,0.0,0.0
1780294767.170875072,1780294767.163168430,-208.88875904134562,-103.56693805545123,0.0,0.0,0.0
1780294767.192706823,1780294767.178771734,-208.89103109570974,-103.56813313007258,0.0,0.0,0.0
1780294767.223384857,1780294767.198232174,-208.8935056776442,-103.5694327677496,0.0006273108430243854,0.0,0.026144578578956544
1780294767.240503311,1780294767.224915028,-208.89545545144702,-103.57045540826408,0.0025310602430951776,0.0,0.026144578659134356
1780294767.253451586,1780294767.238858461,-208.89740992001379,-103.57147958906164,0.0,0.0,0.0
1780294767.275022030,1780294767.258828402,-208.899335541819,-103.57248819024825,0.0,0.0,0.0
1780294767.294773579,1780294767.278734922,-208.90047397695685,-103.57308518540597,0.0,0.0,0.0
1780294767.305696964,1780294767.297967434,-208.90153639127809,-103.57364568036668,0.0,0.0,0.0
1780294767.327251911,1780294767.318059444,-208.90306376495528,-103.57445649817589,0.0,0.0,0.0
1780294767.345757723,1780294767.337997913,-208.90510305769484,-103.57554785237484,0.0,0.0,0.0
1780294767.364628077,1780294767.357968330,-208.9071638834835,-103.57665738758207,0.0,0.0,0.0
1780294767.390073299,1780294767.377998590,-208.90922596071803,-103.57777160094453,0.0,0.0,0.0
1780294767.413798094,1780294767.398006439,-208.9110962755649,-103.57878690350074,0.0,0.0,0.0
1780294767.428814888,1780294767.417999029,-208.912497925056,-103.57955260277221,0.0,0.0,0.0
1780294767.458429098,1780294767.438070536,-208.91342029009778,-103.5800600698781,0.0,0.0,0.0
1780294767.477987766,1780294767.465225220,-208.91401098254244,-103.58038708058334,0.0,0.0,0.0
1780294767.493364573,1780294767.480290174,-208.91409509946047,-103.58044299839521,0.0,0.0,0.0
1780294767.514646053,1780294767.497984171,-208.9141268201834,-103.58046857631142,0.0,0.0,0.0
1780294767.527322054,1780294767.518343687,-208.91418937870003,-103.58050974197967,0.0,0.0,0.0
1780294767.548106670,1780294767.538005829,-208.91399965363863,-103.58041858818387,0.0,0.0,0.0
1780294767.578636646,1780294767.558596373,-208.91379803624693,-103.58032535142192,0.0,0.0,0.0
1780294767.597154140,1780294767.580977678,-208.9136556464846,-103.58026184089464,0.0,0.0,0.0
1780294767.619591475,1780294767.604054451,-208.9134544834017,-103.58016847066395,0.0,0.0,0.0
1780294767.644171238,1780294767.627217293,-208.91318207836446,-103.58003697871388,0.0,0.0,0.0
1780294767.652498007,1780294767.646435499,-208.91307068729273,-103.57998635673748,0.0,0.0,0.0
1780294767.667831182,1780294767.659945965,-208.9126844692125,-103.57979115649938,0.0,0.0,0.0
1780294767.690043211,1780294767.678187132,-208.9121765231296,-103.57953311415918,0.0,0.0,0.0
1780294767.709944010,1780294767.698249817,-208.91165518400393,-103.57926665524548,0.0,0.0,0.0
1780294767.735692501,1780294767.718028307,-208.911168572686,-103.57901830335672,0.0,0.0,0.0
1780294767.750754356,1780294767.741013050,-208.9107171010866,-103.57878837787452,0.0,0.0,0.0
1780294767.770405054,1780294767.758220911,-208.91044686370864,-103.57865223015129,0.0,0.0,0.0
1780294767.789149046,1780294767.777925730,-208.91025700846922,-103.5785570549269,0.0,0.0,0.0
1780294767.815857172,1780294767.798564911,-208.91045348804138,-103.57866631298974,0.0,0.0,0.0
1780294767.835645199,1780294767.826268911,-208.9107603440843,-103.57883249385449,0.0,0.0,0.0
1780294767.850561857,1780294767.844707489,-208.91059876786622,-103.57875421391878,0.0,0.0,0.0
1780294767.866563797,1780294767.857997417,-208.910519224186,-103.57871853395083,0.0,0.0,0.0
1780294767.893297672,1780294767.878809214,-208.91047712505247,-103.57870597191595,0.0,0.0,0.0
1780294767.910999060,1780294767.898640633,-208.9104682948097,-103.57871032153871,0.0,0.0,0.0
1780294767.936962843,1780294767.919780731,-208.9104851520443,-103.57872974445952,0.0,0.0,0.0
1780294767.952105761,1780294767.938556671,-208.91054441274875,-103.57876923393432,0.0,0.0,0.0
1780294767.968028069,1780294767.958684444,-208.91059939646343,-103.57880623396576,0.0,0.0,0.0
1780294767.988559008,1780294767.978005409,-208.91065113545582,-103.57884120178464,0.0,0.0,0.0
1780294768.019017220,1780294767.998012066,-208.91071050520586,-103.57888149360335,0.0,0.0,0.0
1780294768.035248041,1780294768.020808458,-208.9107573187963,-103.57891350633562,0.0,0.0,0.0
1780294768.047214270,1780294768.037997961,-208.91090469099177,-103.57900015213939,0.0,0.0,0.0
1780294768.072945833,1780294768.058006763,-208.91117698626437,-103.57915442253442,0.0,0.0,0.0
1780294768.088519573,1780294768.077994823,-208.91141390475147,-103.57928866248628,0.0,0.0,0.0
1780294768.119740486,1780294768.099516869,-208.91160648443258,-103.57939819667861,0.0,0.0,0.0
1780294768.147068024,1780294768.119820118,-208.9117417034739,-103.57947738780204,0.0,0.0,0.0
1780294768.157752037,1780294768.148048639,-208.91166461102415,-103.57944474559505,0.0,0.0,0.0
1780294768.183398962,1780294768.164696455,-208.91156068606202,-103.57939477638025,0.0,0.0,0.0
1780294768.204217434,1780294768.186937571,-208.91125551073137,-103.57923919366159,0.0,0.0,0.0
1780294768.210336924,1780294768.204249859,-208.91112453587016,-103.57917371258954,0.0,0.0,0.0
1780294768.231045008,1780294768.218144417,-208.91070900603387,-103.57896229785109,0.0,0.0,0.0
1780294768.250931025,1780294768.237976074,-208.9102043217827,-103.57870438122548,0.0,0.0,0.0
1780294768.274319649,1780294768.258814096,-208.90968311249102,-103.57843980122743,0.0,0.0,0.0
1780294768.288059711,1780294768.278181791,-208.90931607552832,-103.57825446047651,0.0,0.0,0.0
1780294768.318706274,1780294768.299618959,-208.90892180575943,-103.5780567936983,0.0,0.0,0.0
1780294768.333950758,1780294768.321576357,-208.90893484340478,-103.57807206918345,0.0,0.0,0.0
1780294768.343091726,1780294768.338121653,-208.90922789163614,-103.5782351590833,0.0,0.0,0.0
1780294768.370995283,1780294768.358018875,-208.91013914935536,-103.57872872109586,0.0,0.0,0.0
1780294768.394028664,1780294768.378124952,-208.91103030053696,-103.57921258739162,0.0,0.0,0.0
1780294768.418374062,1780294768.398161173,-208.9119589931612,-103.57971513260439,0.0,0.0,0.0
1780294768.437383175,1780294768.420373678,-208.91264140750462,-103.58008552988663,0.0,0.0,0.0
1780294768.450306654,1780294768.441266537,-208.9132011364846,-103.58039006233336,0.0,0.0,0.0
1780294768.470070601,1780294768.458000422,-208.9134546568072,-103.58052783436347,0.0,0.0,0.0
1780294768.485695839,1780294768.478007317,-208.91369010778098,-103.58065605516731,0.0,0.0,0.0
1780294768.507610559,1780294768.498005867,-208.91404043401585,-103.58084793613159,0.0,0.0,0.0
1780294768.533434391,1780294768.517997980,-208.91445165904915,-103.58107391255578,0.0,0.0,0.0
1780294768.549079657,1780294768.537976265,-208.91503235025968,-103.58138990903356,0.0,0.0,0.0
1780294768.576987505,1780294768.558471918,-208.91572230227152,-103.58176427983143,0.0,0.0,0.0
1780294768.602113247,1780294768.583759308,-208.91634385392217,-103.58210154464587,0.0,0.0,0.0
1780294768.610221386,1780294768.599602222,-208.91659271931837,-103.58224073388516,0.0,0.0,0.0
1780294768.624612808,1780294768.619014263,-208.91693211661027,-103.5824270423801,0.0,0.0,0.0
1780294768.648299217,1780294768.638006210,-208.9175225232187,-103.58274812296885,0.0,0.0,0.0
1780294768.688019991,1780294768.659095287,-208.91819653351257,-103.58311422445878,0.0,0.0,0.0
1780294768.716069221,1780294768.690542936,-208.91883192507674,-103.58345984745577,0.0,0.0,0.0
1780294768.748541832,1780294768.741654634,-208.91948129202373,-103.58381227872113,0.0,0.0,0.0
1780294768.778556347,1780294768.759049654,-208.92015970600815,-103.58418144171871,0.0,0.0,0.0
1780294768.799845457,1780294768.780395746,-208.920563546029,-103.58440150864493,0.0,0.0,0.0
1780294768.819078922,1780294768.804714680,-208.920884089401,-103.58457623188262,0.0,0.0,0.0
1780294768.828285456,1780294768.818898201,-208.92118980542264,-103.58474311831066,0.0,0.0,0.0
1780294768.851558924,1780294768.838008642,-208.92155276456418,-103.58494158421679,0.0,0.0,0.0
1780294768.871202946,1780294768.858445644,-208.92182882520046,-103.58509276618412,0.0,0.0,0.0
1780294768.905610561,1780294768.878476381,-208.92215739656513,-103.585272997279,0.0,0.0,0.0
1780294768.922290564,1780294768.907448530,-208.92240791647592,-103.58541064817008,0.0,0.0,0.0
1780294768.943860292,1780294768.927974463,-208.92271973520323,-103.58558195866063,0.0,0.0,0.0
1780294768.957644463,1780294768.949506521,-208.92290427923444,-103.58568335313386,0.0,0.0,0.0
1780294768.975997210,1780294768.964363813,-208.92309552339538,-103.58578825734192,0.0,0.0,0.0
1780294768.993217230,1780294768.980463266,-208.9232926823134,-103.58589628397246,0.0,0.0,0.0
1780294769.003729105,1780294768.998042107,-208.92354557683262,-103.58603506209796,0.0,0.0,0.0
1780294769.035159349,1780294769.018007040,-208.9239049667508,-103.58623273800812,0.0,0.0,0.0
1780294769.047447205,1780294769.039095640,-208.924242373954,-103.58641879585188,0.0,0.0,0.0
1780294769.069637299,1780294769.058448792,-208.9260424709288,-103.58737654560277,0.0,0.0,0.0
1780294769.087073326,1780294769.078004122,-208.92750644056156,-103.58815747012675,0.0,0.0,0.0
1780294769.113891602,1780294769.097991705,-208.9289306640433,-103.5889201738323,0.0,0.0,0.0
1780294769.131289244,1780294769.117998600,-208.92980490934357,-103.58939084570808,0.0,0.0,0.0
1780294769.167417288,1780294769.137989759,-208.9304097890629,-103.58972127398066,0.0,0.0,0.0
1780294769.179696083,1780294769.169547319,-208.9306925429247,-103.58987820238434,0.0,0.0,0.0
1780294769.215167046,1780294769.199751377,-208.93091487105278,-103.59000335740471,0.0,0.0,0.0
1780294769.224362135,1780294769.218061686,-208.93100998193603,-103.59005749218046,0.0,0.0,0.0
1780294769.244386911,1780294769.238443851,-208.93112228536037,-103.59012204114381,0.0,0.0,0.0
1780294769.291087627,1780294769.265559196,-208.9312655600758,-103.59020562238884,0.0,0.0,0.0
1780294769.308703423,1780294769.297101021,-208.93140314755033,-103.59028758338772,0.0,0.0,0.0
1780294769.326883554,1780294769.313944340,-208.93150165848868,-103.59034761952547,0.0,0.0,0.0
1780294769.343955040,1780294769.329753876,-208.9316002067158,-103.59040904164377,0.0,0.0,0.0
1780294769.359349966,1780294769.346926212,-208.93166142094248,-103.59044808483172,0.0,0.0,0.0
1780294769.372253895,1780294769.363616705,-208.93169628717112,-103.59047052869604,0.0,0.0,0.0
1780294769.386116266,1780294769.378429651,-208.93174037356593,-103.5904991880883,0.0,0.0,0.0
1780294769.419256449,1780294769.399049520,-208.9318085682425,-103.59054462781268,0.0,0.0,0.0
1780294769.443087816,1780294769.431586266,-208.93185940876967,-103.59057956846387,0.0,0.0,0.0
1780294769.461006880,1780294769.445561409,-208.9319114197219,-103.59061648612538,0.0,0.0,0.0
1780294769.474603415,1780294769.464491844,-208.93195074405716,-103.59064536014151,0.0,0.0,0.0
1780294769.491744041,1780294769.478261948,-208.9319803478695,-103.59066775263555,0.0,0.0,0.0
1780294769.513561726,1780294769.499141216,-208.93199146685816,-103.59067632861677,0.0,0.0,0.0
1780294769.530250311,1780294769.521085024,-208.93200791442166,-103.59068906968402,0.0,0.0,0.0
1780294769.559029102,1780294769.538167000,-208.93201855580037,-103.59069739268143,0.0,0.0,0.0
1780294769.577278614,1780294769.566927195,-208.93203403892574,-103.59070962408396,0.0,0.0,0.0
1780294769.593231201,1780294769.579280376,-208.93204417978419,-103.59071768217905,0.0,0.0,0.0
1780294769.613898039,1780294769.600676298,-208.9320587042282,-103.59072940709304,0.0,0.0,0.0
1780294769.629828691,1780294769.620033741,-208.93207245684977,-103.5907407248583,0.0,0.0,0.0
1780294769.677989721,1780294769.638059378,-208.9320896855296,-103.5907552304489,0.0,0.0,0.0
1780294769.697264433,1780294769.685733318,-208.9321018384956,-103.59076570394122,0.0,0.0,0.0
1780294769.721372128,1780294769.708811998,-208.93211710011144,-103.59077917094618,0.0,0.0,0.0
1780294769.775720358,1780294769.749987602,-208.93212789012316,-103.59078892451987,0.0,0.0,0.0
1780294769.804608107,1780294769.787358761,-208.93213835505858,-103.59079850555047,0.0,0.0,0.0
1780294769.823735476,1780294769.818396330,-208.932145110175,-103.59080477557737,0.0,0.0,0.0
1780294769.848798037,1780294769.838003635,-208.9321581413206,-103.59081706162445,0.0,0.0,0.0
1780294769.873780966,1780294769.857962370,-208.93217049276848,-103.5908289875325,0.0,0.0,0.0
1780294769.896479130,1780294769.878463984,-208.93219022460605,-103.59084886139253,0.0,0.0,0.0
1780294769.914600372,1780294769.899187326,-208.93220783668656,-103.5908676125295,0.0,0.0,0.0
1780294769.957962513,1780294769.918620348,-208.9322259344885,-103.59088796453206,0.0,0.0,0.0
1780294769.978664637,1780294769.965322733,-208.93223815898583,-103.59090251204523,0.0,0.0,0.0
1780294769.996711493,1780294769.988452435,-208.93224950536325,-103.59091659142281,0.0,0.0,0.0
1780294770.005800247,1780294769.998882294,-208.93225498571306,-103.5909235272022,0.0,0.0,0.0
1780294770.025602818,1780294770.017998695,-208.93226386099178,-103.59093494708844,0.0,0.0,0.0
1780294770.051059961,1780294770.038010359,-208.9323156254077,-103.59097023571178,0.0,0.0,0.0
1780294770.067783356,1780294770.057908058,-208.9323678577822,-103.59100711334236,0.0,0.0,0.0
1780294770.092927694,1780294770.080819845,-208.9324119782578,-103.59103972457847,0.0,0.0,0.0
1780294770.106905460,1780294770.097974062,-208.93244672086627,-103.59106875283199,0.0,0.0,0.0
1780294770.126893520,1780294770.118006945,-208.93246865475248,-103.5910870128039,0.0,0.0,0.0
1780294770.148648977,1780294770.138006687,-208.93248131363677,-103.59109905337198,0.0,0.0,0.0
1780294770.167053223,1780294770.157972813,-208.9324910227102,-103.59110954440031,0.0,0.0,0.0
1780294770.186876059,1780294770.177995443,-208.93250020842626,-103.59112110785374,0.0,0.0,0.0
1780294770.214895010,1780294770.198470354,-208.9325069983011,-103.59113141201964,0.0,0.0,0.0
1780294770.225394964,1780294770.218640804,-208.93251203030286,-103.59114079171106,0.0,0.0,0.0
1780294770.246454477,1780294770.238006353,-208.93251693858815,-103.59115279866414,0.0,0.0,0.0
1780294770.270197630,1780294770.258015394,-208.93252068097905,-103.5911668821911,0.0,0.0,0.0
1780294770.285407782,1780294770.278388023,-208.932522325932,-103.59117851206217,0.0,0.0,0.0
1780294770.310589790,1780294770.297945499,-208.93250979765085,-103.59118269237221,0.0,0.0,0.0
1780294770.340442896,1780294770.318017721,-208.9324884960942,-103.5911849455755,0.0,0.0,0.0
1780294770.358368874,1780294770.345835924,-208.93246468241935,-103.59118184033791,0.0,0.0,0.0
1780294770.372224092,1780294770.365184069,-208.93246743160586,-103.59118999612255,0.0,0.0,0.0
1780294770.386319637,1780294770.377989054,-208.93247058579587,-103.59119836163427,0.0,0.0,0.0
1780294770.418646574,1780294770.398729086,-208.93254058825178,-103.59124183332331,0.0,0.0,0.0
1780294770.429463387,1780294770.420712471,-208.93263380937756,-103.59129481615561,0.0,0.0,0.0
1780294770.452070713,1780294770.439650297,-208.93296117338673,-103.59147211476241,0.0,0.0,0.0
1780294770.474568129,1780294770.464315176,-208.9335528716287,-103.59178828307573,0.0,0.0,0.0
1780294770.496258736,1780294770.478285789,-208.93397042620393,-103.59201299866508,0.0,0.0,0.0
1780294770.503131151,1780294770.497967958,-208.93460912595623,-103.59235392471814,0.0,0.0,0.0
1780294770.534720421,1780294770.520739079,-208.93548031090685,-103.59282107442829,0.0,0.0,0.0
1780294770.555884838,1780294770.538379908,-208.9362266245694,-103.59322220941796,0.0,0.0,0.0
1780294770.570033073,1780294770.558765411,-208.93743486365437,-103.59386570605494,0.0,0.0,0.0
1780294770.589146376,1780294770.578098536,-208.93903256469642,-103.59471354392261,0.0,0.0,0.0
1780294770.605653524,1780294770.598004103,-208.9407571326855,-103.59562772270968,0.0,0.0,0.0
1780294770.639303446,1780294770.620206356,-208.9428293274148,-103.59672255285473,0.0,0.0,0.0
1780294770.658565760,1780294770.640916586,-208.94480170237406,-103.59776415956084,0.0,0.0,0.0
1780294770.683409691,1780294770.665192604,-208.94752262401744,-103.5991999535761,0.10540393203410348,0.0,0.0038831379872404483
1780294770.691396713,1780294770.684366465,-208.94976830434936,-103.60038518756276,0.10978383430338308,0.0,0.003883137994349918
1780294770.708290339,1780294770.698055267,-208.95287658781922,-103.60202520028442,0.15091230344362913,0.0,0.007705403923930324
1780294770.742690325,1780294770.729749203,-208.95869789427223,-103.60509354733891,0.1675060810338247,0.0,0.008337614445513893
1780294770.759367704,1780294770.746254921,-208.9623532361615,-103.60702326794349,0.17862171063169385,0.0,0.009111474158894592
1780294770.776640415,1780294770.765259266,-208.96635591541622,-103.60913662981852,0.180648662594716,0.0,0.009111474160324241
1780294770.817223787,1780294770.783035040,-208.9705185139916,-103.6113350715268,0.19431135143415562,0.0,0.008332384299252437
1780294770.838078737,1780294770.819406271,-208.9779154415333,-103.61523859099252,0.19840470928418813,0.0,0.008332384297350887
1780294770.850887299,1780294770.844992399,-208.98450479712616,-103.61871696439353,0.23764247313293124,0.0,0.007524858113539903
1780294770.894547462,1780294770.887611628,-208.99479728137686,-103.62415202998046,0.24441050399003908,0.0,0.007524858112015891
1780294770.904532433,1780294770.898359537,-208.99929207269673,-103.62652686816861,0.28687588087278443,0.0,0.010410784679943708
1780294770.928177118,1780294770.919659853,-209.0074024156418,-103.63081431129363,0.29947150183722854,0.0,0.012276593827275273
1780294770.970443010,1780294770.939308643,-209.0160414501905,-103.63538359449944,0.30701151821353373,0.0,0.01567483907080191
1780294770.993376732,1780294770.975270987,-209.0287861019515,-103.64213055366527,0.3085723304133243,0.0,0.015674839105551144
1780294771.004555464,1780294770.995988846,-209.03876119203298,-103.64741642630767,0.3512901550339903,0.0,0.015967015825395243
1780294771.015390396,1780294771.005811453,-209.04457354661633,-103.65049769986668,0.35862470344924996,0.0,0.01596701582593335
1780294771.025758266,1780294771.018003941,-209.0508836758871,-103.65384454500374,0.3738179006964051,0.0,0.0191503532851463
1780294771.046089172,1780294771.038007498,-209.0614861130889,-103.65946923699858,0.39217559543788444,0.0,0.020694807712038618
1780294771.068870068,1780294771.058003902,-209.07344784941708,-103.66582178770638,0.40637888056740823,0.0,0.018354462228161558
1780294771.089288473,1780294771.077992439,-209.08491135613215,-103.67192109261686,0.42089362952359677,0.0,0.020531558088983985
1780294771.114551306,1780294771.098013878,-209.09622391082945,-103.67795040045566,0.4296629844401462,0.0,0.027041611228639982
1780294771.137143850,1780294771.119051695,-209.10747356961213,-103.68395865783789,0.4446191339548376,0.0,0.029639077960155063
1780294771.153442621,1780294771.139118671,-209.11760721199926,-103.68937916183505,0.44969510464423984,0.0,0.029639077990217217
1780294771.175824642,1780294771.158090353,-209.12780173615323,-103.69483525821101,0.4660436019420585,0.0,0.030466447264864877
1780294771.186655521,1780294771.177942038,-209.13887528364043,-103.7007671467095,0.48461312755133584,0.0,0.02997546441953223
1780294771.215571642,1780294771.198105097,-209.1518379215274,-103.70771431354405,0.4975746442968341,0.0,0.03545713722563559
1780294771.230643511,1780294771.217967272,-209.16451360354316,-103.71452022758506,0.5034107628950052,0.0,0.043098971232450135
1780294771.255166769,1780294771.238329172,-209.1787238902734,-103.72216333829985,0.51676317961355,0.0,0.04477255745147809
1780294771.272330046,1780294771.259900570,-209.19346210628456,-103.73011045558755,0.5280385652356597,0.0,0.042967313021126066
1780294771.298845530,1780294771.278011322,-209.2063930279217,-103.73709753018568,0.5331048299498821,0.0,0.039925164078253375
1780294771.320469141,1780294771.299822330,-209.21944795277705,-103.74417380671842,0.5340329327653843,0.0,0.03992516406612114
1780294771.337279558,1780294771.327846289,-209.2361864925149,-103.7532669551627,0.5563331713589883,0.0,0.03703429216082483
1780294771.344576120,1780294771.338274240,-209.24337472973983,-103.75717452626336,0.560305594704519,0.0,0.037034292155198066
1780294771.368884325,1780294771.358878613,-209.25699857960814,-103.76458833023202,0.567268174572721,0.0,0.03909014561916048
1780294771.393932581,1780294771.378065109,-209.27148047467008,-103.77246817554759,0.5827050953156828,0.0,0.04636147007353073
1780294771.409816504,1780294771.398293257,-209.28712816680968,-103.78099815920274,0.5933437975272616,0.0,0.05086177459989662
1780294771.424761295,1780294771.418744802,-209.30290394209342,-103.78961926470421,0.6000359411448942,0.0,0.051663954451180515
1780294771.458388090,1780294771.438038111,-209.31967687069329,-103.79879439660074,0.6076232154475902,0.0,0.05826057680716465
1780294771.475863934,1780294771.465317965,-209.33890673901269,-103.80938163385218,0.6095175529332544,0.0,0.058260576840968886
1780294771.488463640,1780294771.479493618,-209.3508050335412,-103.81593632550133,0.6186213838877541,0.0,0.06162642929717944
1780294771.507017136,1780294771.498004913,-209.36608487476047,-103.82437373100937,0.6219827594074071,0.0,0.05827314475807352
1780294771.525299072,1780294771.518503666,-209.3814063977912,-103.83287395423216,0.622547905133805,0.0,0.058273144732267704
1780294771.554274082,1780294771.545422316,-209.39988145507127,-103.84317171256384,0.6270532852019225,0.0,0.0503548477670022
1780294771.572736025,1780294771.560477734,-209.41271245110855,-103.8503071588376,0.6285431681277371,0.0,0.04705774324321752
1780294771.596244812,1780294771.577989578,-209.42704279817457,-103.85830129522212,0.6331029799738485,0.0,0.043910302547453234
1780294771.609350681,1780294771.598932266,-209.44158881941536,-103.86646613548612,0.6350358701286466,0.0,0.04391030252168479
1780294771.625105619,1780294771.618138790,-209.45759266432412,-103.87543027189348,0.6448781563926608,0.0,0.04386299643317599
1780294771.649834394,1780294771.641104937,-209.47821098479722,-103.88699290602074,0.6550487558455288,0.0,0.046672174656247685
1780294771.683497429,1780294771.658076763,-209.4963893788912,-103.89718081375766,0.6628317708220647,0.0,0.048498350635112014
1780294771.711516619,1780294771.687072039,-209.5200038453054,-103.91053576781701,0.6645364557789886,0.0,0.048498350641537145
1780294771.725104332,1780294771.712268829,-209.54216580471237,-103.92309585624504,0.6692768688306662,0.0,0.05867883148353488
1780294771.736675978,1780294771.727230072,-209.55747172612664,-103.93177025730962,0.6703346186149521,0.0,0.05867883150445647
1780294771.748546600,1780294771.739555120,-209.5686131633109,-103.93811786395842,0.6736987053049239,0.0,0.056481082827085666
1780294771.773071051,1780294771.758007050,-209.5849782430884,-103.94745401658143,0.6736359503036065,0.0,0.05860023909313325
1780294771.794824600,1780294771.778362274,-209.60438842758714,-103.95853681014607,0.6727116597791137,0.0,0.054231959058629264
1780294771.815706491,1780294771.798581123,-209.6236024191944,-103.96954501961366,0.6745138179535505,0.0,0.05138257329198792
1780294771.842567444,1780294771.818269491,-209.6411730372959,-103.97966141810501,0.6752816724959126,0.0,0.051382573270717435
1780294771.860666990,1780294771.847259045,-209.66525660861902,-103.99360887404558,0.6877186651412545,0.0,0.05536938225506604
1780294771.873386383,1780294771.866496563,-209.6806877130623,-104.00259316436423,0.6898968583505992,0.0,0.05536938226259946
1780294771.885036945,1780294771.878104687,-209.6909690979355,-104.0085746610912,0.6946117480653456,0.0,0.049891967726464065
1780294771.905119896,1780294771.898027182,-209.70878232453586,-104.0189448065606,0.6975287588616644,0.0,0.047869222302052754
1780294771.972155571,1780294771.926566839,-209.73409052051457,-104.03372427575404,0.7014888267599041,0.0,0.05752277401206717
1780294771.999591112,1780294771.976155519,-209.77233310558273,-104.05627797589523,0.7160016962588928,0.0,0.04623564993645808
1780294772.021125078,1780294771.999989033,-209.79461933945075,-104.06941351573562,0.7173475767140707,0.0,0.04623564993005948
1780294772.050587177,1780294772.023458242,-209.81709454925274,-104.08269687183223,0.7273603532007781,0.0,0.06086422243630711
1780294772.077873468,1780294772.060339689,-209.8449118719642,-104.09936115149802,0.7303781888697144,0.0,0.06086422249604561
1780294772.093483210,1780294772.081333637,-209.85243522508554,-104.104223143581,0.7381308652698553,0.0,0.05468947552512477
1780294772.106837988,1780294772.098136663,-209.85677537451463,-104.10718392166848,0.7393675278315588,0.0,0.054689475517629614
1780294772.141656160,1780294772.118481874,-209.8497363526583,-104.10394484665159,0.7496756224205134,0.0,0.04168221606733664
1780294772.158280611,1780294772.142138481,-209.84992469758453,-104.10490465112039,0.7516289701842925,0.0,0.041682216033576976
1780294772.169665575,1780294772.158191681,-209.8479488820139,-104.1044945531976,0.7686276983120576,0.0,0.05803698569801538
1780294772.191038370,1780294772.178006172,-209.85346767817538,-104.10848068388363,0.77674362826186,0.0,0.05785623349682256
1780294772.214720011,1780294772.198315144,-209.8610314787034,-104.11370328857957,0.7812988479952108,0.0,0.05814171514481516
1780294772.258588314,1780294772.218622923,-209.87377281821057,-104.12183626343007,0.791561321181716,0.0,0.06340945612174687
1780294772.265753984,1780294772.257894278,-209.8994565081316,-104.13803895094269,0.7949402982330392,0.0,0.06340945614464534
1780294772.276806831,1780294772.269450426,-209.90839455702925,-104.143776617508,0.8125648949852402,0.0,0.07189546331072852
1780294772.286738873,1780294772.278191566,-209.91538165184403,-104.14824645612038,0.8152858034658709,0.0,0.07189546333087024
1780294772.305799484,1780294772.298635483,-209.93178070870252,-104.15860289640516,0.8253351157657326,0.0,0.06782918399883923
1780294772.327691793,1780294772.318078041,-209.95238554382973,-104.17122684533155,0.8400685684924658,0.0,0.06221192255712979
1780294772.346863031,1780294772.337968588,-209.97472062503135,-104.18483081992275,0.8490769360150979,0.0,0.06950148330544267
1780294772.369973421,1780294772.358073950,-209.99928745411825,-104.19966252488284,0.8593443999259932,0.0,0.06976139744574918
1780294772.425201416,1780294772.380601168,-210.02623123640544,-104.21601300239175,0.8780415711144736,0.0,0.06919050000394077
1780294772.445218563,1780294772.427030325,-210.06857218246986,-104.2423176033222,0.8836177644941104,0.0,0.0691904999994714
1780294772.472062111,1780294772.458618641,-210.09996622461716,-104.26192041206204,0.9287361000161389,0.0,0.06761039034650282
1780294772.487703562,1780294772.477985620,-210.12212402564512,-104.27569997015405,0.9425629335328537,0.0,0.06341240149880126
1780294772.506713867,1780294772.497999430,-210.14605621675292,-104.29066014906954,0.949387726657922,0.0,0.06359061431862414
1780294772.531208992,1780294772.518009901,-210.17321293696165,-104.30760317152074,0.954977550102982,0.0,0.07025234532917786
1780294772.555976391,1780294772.538006306,-210.20060681189926,-104.32473020783708,0.9611063391057971,0.0,0.06213083974914127
1780294772.570667744,1780294772.558013201,-210.22570225649068,-104.34054128329505,0.9629125208187673,0.0,0.06213083970209169
1780294772.589674234,1780294772.577989817,-210.25089584979656,-104.35648257399326,0.9759908012514001,0.0,0.06714896953951055
1780294772.612842798,1780294772.597997904,-210.27570504136378,-104.37227712103967,1.0001404939240666,0.0,0.07179825375600288
1780294772.626142502,1780294772.617987156,-210.29887464040203,-104.3871553773567,1.0150195934800461,0.0,0.0684867520095828
1780294772.650414944,1780294772.638002872,-210.32426712509522,-104.40344321638672,1.0331032464190089,0.0,0.06127208992161119
1780294772.669298649,1780294772.658400059,-210.35325379030303,-104.42197790108868,1.054630885321126,0.0,0.0617414101818731
1780294772.689719439,1780294772.678168535,-210.3813914152463,-104.44003309134084,1.066684640909508,0.0,0.061999079754388606
1780294772.719272614,1780294772.698657990,-210.41011176343864,-104.45855638788242,1.0840967687248997,0.0,0.05991190425469665
1780294772.746511936,1780294772.725319862,-210.44255073067964,-104.47974195934094,1.0899143025214857,0.0,0.059911904246437164
1780294772.780689001,1780294772.769628763,-210.49069425734393,-104.51160095234714,1.120640759200348,0.0,0.05596858243060967
1780294772.796334267,1780294772.787647247,-210.51425029745917,-104.52710703763005,1.1239268642803675,0.0,0.05596858242469666
1780294772.836744785,1780294772.822783709,-210.55222731858242,-104.55252507542382,1.1296224285171201,0.0,0.04831733904955505
1780294772.856613398,1780294772.845792294,-210.57969300953914,-104.57086733956162,1.1310138459773857,0.0,0.04708433992863173
1780294772.868243933,1780294772.858107805,-210.6035071525335,-104.58642278296057,1.130184792326788,0.0,0.029602426931571977
1780294772.888886452,1780294772.878064394,-210.63862808695634,-104.60953333226435,1.1356091841151363,0.0,0.015563653023683196
1780294772.913334370,1780294772.898041487,-210.6770885688277,-104.63480293064822,1.1421340102045825,0.0,0.014853289632982495
1780294772.966240883,1780294772.922155857,-210.71950272416342,-104.66289757670297,1.1535444399380348,0.0,0.024948543013240253
1780294772.999246359,1780294772.968340635,-210.78173384427413,-104.70480879572582,1.1573748563731405,0.0,0.024948543060184143
1780294773.027954578,1780294773.003380299,-210.82877661143596,-104.73667242371333,1.1862085738826877,0.0,0.03182344641493921
1780294773.042631865,1780294773.028320074,-210.83490299512206,-104.74135863719458,1.1626957455315836,0.0,0.0318234464238987
1780294773.053818226,1780294773.046521187,-210.83335718015837,-104.74085079995231,1.1668771529980342,0.0,0.029264134073610018
1780294773.064677477,1780294773.058384657,-210.8118343738404,-104.7268956519481,1.1655211038029858,0.0,0.029264134070400526
1780294773.085206747,1780294773.078012705,-210.77733615313255,-104.7042796204149,1.1714292338032986,0.0,0.033675745611278514
1780294773.110411882,1780294773.098152161,-210.75269210112418,-104.68768397386448,1.175703356461877,0.0,0.040773450598055386
1780294773.136749744,1780294773.118116140,-210.746597005413,-104.68308292915385,1.1775344756623813,0.0,0.03446737094261486
1780294773.157621384,1780294773.138221502,-210.7511131755788,-104.68559966045778,1.177912209923224,0.0,0.03446737090654934
1780294773.173308849,1780294773.159258842,-210.763400899811,-104.69338331429351,1.17787135584551,0.0,0.03446737090654934
1780294773.189558268,1780294773.177987337,-210.78068899766583,-104.70451447724136,1.1883674676081382,0.0,0.028324133246904106
1780294773.210772276,1780294773.198004723,-210.80281975312846,-104.71896783350111,1.1957829236964452,0.0,0.030296332840513668
1780294773.227312565,1780294773.217999458,-210.82593736206772,-104.73430683064547,1.1987502652235744,0.0,0.02749074865398923
1780294773.252541304,1780294773.238029957,-210.85002646184284,-104.75019938082615,1.199526313674251,0.0,0.031799228787430384
1780294773.271978855,1780294773.258135319,-210.87422173317293,-104.76622950564108,1.1996752470972223,0.0,0.031799228812429796
1780294773.290707588,1780294773.278009653,-210.89665077888893,-104.78127648767885,1.1930423289399927,0.0,0.03283597193843194
1780294773.313472033,1780294773.297999620,-210.92091323404904,-104.7971985788698,1.1897328460841683,0.0,0.022917896020339196
1780294773.325801611,1780294773.317991495,-210.94717557499231,-104.81400339713333,1.1873063383350704,0.0,0.014305249437063787
1780294773.348621607,1780294773.338894129,-210.9756472405665,-104.8319334933871,1.1858796602255761,0.0,0.016056760513658525
1780294773.367275476,1780294773.358024597,-211.00391846039759,-104.84931538883691,1.1862496303031989,0.0,0.015235443406197395
1780294773.391672611,1780294773.378349543,-211.03642863399392,-104.86900588470985,1.1862743651220964,0.0,0.012583210835138414
1780294773.427608252,1780294773.403687477,-211.07346575149282,-104.89197124086745,1.1861049841779305,0.0,0.011588679621069546
1780294773.448449612,1780294773.430807829,-211.11076618520318,-104.91545738584259,1.1860723798163426,0.0,0.011588679616601955
1780294773.464616060,1780294773.450894356,-211.1389878738667,-104.93322566218005,1.1967477306066845,0.0,0.019582735141721135
1780294773.482010365,1780294773.467042446,-211.16246545214756,-104.94795997063869,1.1988553913411324,0.0,0.019582735168644484
1780294773.494293690,1780294773.485986471,-211.1856094492932,-104.96304124452044,1.197831445405843,0.0,0.016925127231541756
1780294773.505774736,1780294773.498123884,-211.20156173197094,-104.97339781226023,1.1975357749950306,0.0,0.016925127222260507
1780294773.528325558,1780294773.518112898,-211.22699447952843,-104.99001537892605,1.1922987417532127,0.0,0.023718249798395197
1780294773.548592806,1780294773.538030624,-211.25516913448226,-105.00815515027575,1.1880245262024398,0.0,0.026692892537718567
1780294773.575084686,1780294773.558223009,-211.28514767628187,-105.02737076641034,1.1861504013085602,0.0,0.027373866844161283
1780294773.597801208,1780294773.578019142,-211.31558158854153,-105.04679288649908,1.183636734335731,0.0,0.026183768000524858
1780294773.623639345,1780294773.603130341,-211.34929041552044,-105.06868149534115,1.1828182961435014,0.0,0.026183767993754013
1780294773.635902882,1780294773.626750231,-211.38063148138878,-105.0891719353248,1.1878391752006714,0.0,0.02927287670701647
1780294773.647920609,1780294773.639951944,-211.39907416192966,-105.10116911688847,1.1890412173244742,0.0,0.029272876716360943
1780294773.664027691,1780294773.658159018,-211.42644584761604,-105.11893705332315,1.1878892393397067,0.0,0.014675280772111176
1780294773.707146883,1780294773.685718536,-211.46458063012298,-105.1439087905981,1.1875684465553724,0.0,0.014675280587117735
1780294773.736942530,1780294773.708655357,-211.49735713879747,-105.16524790041919,1.1815334275912148,0.0,0.009980777942753434
1780294773.758792162,1780294773.744781971,-211.54305818327722,-105.19547950974821,1.1804864717413714,0.0,0.009980777938264065
1780294773.778934479,1780294773.764735222,-211.57246763759446,-105.21457664736087,1.1822904093493483,0.0,0.012775925861228294
1780294773.820264578,1780294773.781771183,-211.59549446281966,-105.22973865666857,1.1825868818308898,0.0,0.012775925868841805
1780294773.839085579,1780294773.828014851,-211.64420671510922,-105.2628294822787,1.182586881830949,0.0,0.012775925868841805
1780294773.862818956,1780294773.847372532,-211.6690079683981,-105.27938298066047,1.1898864702401424,0.0,0.006966889506261897
1780294773.873545647,1780294773.867576122,-211.69280382217082,-105.29539224822958,1.19080960605542,0.0,0.00696688950071356
1780294773.887447834,1780294773.878658295,-211.7101028426308,-105.30676259993581,1.2026409642438,0.0,0.01684633253554048
1780294773.918264151,1780294773.897998810,-211.7403723050761,-105.32676193611715,1.2075393365492557,0.0,0.01612345908342746
1780294773.937630653,1780294773.920415640,-211.77552854462354,-105.34998303217498,1.2061475910827792,0.0,0.012440032649122582
1780294773.972907066,1780294773.942539930,-211.8079263185988,-105.3714734307123,1.2052170953639025,0.0,0.012440032626280056
1780294773.994745970,1780294773.975352526,-211.85320528641293,-105.40168252137696,1.2132219037970478,0.0,0.021372104269097074
1780294774.010481834,1780294773.999253750,-211.88981306307036,-105.42599003766043,1.214405542333541,0.0,0.021372104279113076
1780294774.026864767,1780294774.017995596,-211.92055144242943,-105.44638517328632,1.2200497128950778,0.0,0.01720466371395185
1780294774.069614410,1780294774.038012505,-211.92537223161818,-105.44872335669187,1.2276821854972464,0.0,0.020482907007235047
1780294774.088042974,1780294774.074063540,-211.94819048711497,-105.46347521737007,1.2302701926431483,0.0,0.020482907028884965
1780294774.106836319,1780294774.095226049,-211.9421919454812,-105.45816743276093,1.2548226027911134,0.0,0.030867485185077898
1780294774.137713432,1780294774.109971046,-211.93351826794768,-105.45118783992484,1.2591667588750457,0.0,0.030867485196411543
1780294774.158265352,1780294774.144688606,-211.94026964745734,-105.45479615929816,1.2730507346732882,0.0,0.0013747648363279033
1780294774.168507099,1780294774.160737038,-211.93898925240512,-105.452814499621,1.2770689728355131,0.0,0.0013747647540584117
1780294774.189290524,1780294774.178185940,-211.9378355726147,-105.45020054454899,1.286533913855872,0.0,-0.01323181863550905
1780294774.240662575,1780294774.198114872,-211.94770980011353,-105.45527493986327,1.2939005267855828,0.0,-0.020755039094602728
1780294774.254313231,1780294774.242609024,-211.98682012609726,-105.48040854601243,1.2960595825600438,0.0,-0.02075503914045772
1780294774.269120455,1780294774.258075953,-212.0004514143241,-105.4881994240801,1.3258939715130307,0.0,0.00377669380164208
1780294774.287562132,1780294774.278081656,-212.0222603230655,-105.50170128512914,1.3337162310660216,0.0,-0.0013299343301657802
1780294774.307167292,1780294774.298040152,-212.04750576781845,-105.51752278609928,1.3369342423366772,0.0,0.008881530496798651
1780294774.323846340,1780294774.318640232,-212.0767621218472,-105.53509608565915,1.341329983411318,0.0,0.014326221491859074
1780294774.351341486,1780294774.338163376,-212.1074248668127,-105.55258526450982,1.3442439323368702,0.0,0.0244904939544255
1780294774.377192020,1780294774.360906601,-212.14362271462088,-105.57313819542144,1.351945036946537,0.0,0.016387231585748088
1780294774.393826485,1780294774.380900621,-212.17455905892814,-105.59055543346098,1.3547173250044373,0.0,0.016387231546294647
1780294774.412970304,1780294774.399641752,-212.20492352319053,-105.6078158997913,1.3773899190534735,0.0,0.012850407540032542
1780294774.432070971,1780294774.417967558,-212.2350626698812,-105.62553037155973,1.4054992108753022,0.0,0.01891153061581161
1780294774.445537329,1780294774.439874887,-212.26939138556895,-105.64657932457204,1.42623131264865,0.0,0.016362109603563435
1780294774.472770452,1780294774.458100557,-212.30104522535711,-105.66588182533273,1.4367806080233585,0.0,0.02459646452144866
1780294774.487702131,1780294774.477997541,-212.3361239481611,-105.6871374418605,1.4448079108395044,0.0,0.023179078353704873
1780294774.510848522,1780294774.498267889,-212.3760411857895,-105.71103153280902,1.4524438617064939,0.0,0.029214463291592774
1780294774.530107260,1780294774.518093348,-212.41464972625707,-105.73417223520255,1.456502434578591,0.0,0.03046429644062463
1780294774.574630022,1780294774.537997961,-212.4527962244959,-105.75715377528523,1.4651652452230546,0.0,0.03725203320308008
1780294774.596208572,1780294774.578479528,-212.5123731477639,-105.79513833111777,1.46819416125865,0.0,0.037252033256492914
1780294774.620945930,1780294774.604886770,-212.55638145500623,-105.82283481056159,1.501937403238834,0.0,0.013630875127901228
1780294774.634599447,1780294774.624534130,-212.59028014679944,-105.84433912595259,1.5059322585633448,0.0,0.01363087504768424
1780294774.670523167,1780294774.637983561,-212.61773688818087,-105.86156372393063,1.5165263197897108,0.0,0.009429059101850698
1780294774.683206797,1780294774.671859503,-212.6688548057136,-105.894853722853,1.5202478795680956,0.0,0.00942905906818468
1780294774.702898026,1780294774.685555458,-212.69791962802066,-105.91311934371792,1.549031177959599,0.0,0.000862535129052322
1780294774.718270779,1780294774.708124161,-212.7355272983905,-105.93738160281792,1.5543233606978855,0.0,0.0008625351028371384
1780294774.736290932,1780294774.720269918,-212.7604070585506,-105.9531658888485,1.5587566187873432,0.0,0.0044401022465093
1780294774.758468390,1780294774.740225554,-212.79266813320487,-105.97415042631835,1.5601915572059646,0.0,0.004440102262802377
1780294774.788100243,1780294774.763159513,-212.83234984872283,-105.99980273754637,1.5636300861628172,0.0,0.016527828728589725
1780294774.801225185,1780294774.791438341,-212.87984140688633,-106.03065186108678,1.572910284567207,0.0,-0.007594824332244371
1780294774.817632198,1780294774.807440519,-212.91464906955952,-106.05279377017635,1.5745449715636066,0.0,-0.007594824366013089
1780294774.840455294,1780294774.819919586,-212.94176208627675,-106.07004829414231,1.5881284295757518,0.0,-0.011099104908597383
1780294774.849205971,1780294774.840579987,-212.98300721058808,-106.09644569078213,1.5936964043452715,0.0,-0.011099104940342861
1780294774.876250267,1780294774.865396976,-213.03421087594165,-106.12923884068165,1.611551156438271,0.0,0.03166444567761294
1780294774.887613773,1780294774.878160238,-213.06969301001575,-106.15166619261699,1.6360994794870778,0.0,0.024042345892073637
1780294774.912385702,1780294774.899260283,-213.11656596777425,-106.18165582219667,1.6458410846353428,0.0,0.01923947672709063
1780294774.931298971,1780294774.918083906,-213.16305302840766,-106.2111698583098,1.647392001537366,0.0,0.015412577149680307
1780294774.958079338,1780294774.939099550,-213.21199099742284,-106.24238781642715,1.6389913976806052,0.0,0.018611992555075885
1780294774.969396353,1780294774.960107565,-213.25423195369677,-106.26961013441642,1.6356883328735667,0.0,0.018611992571832492
1780294774.988414526,1780294774.978088617,-213.29256189304553,-106.2942132718791,1.6300296912989356,0.0,-0.011211651769578092
1780294775.013979912,1780294774.998224497,-213.3343286306187,-106.32113030703555,1.634845930219872,0.0,-0.0038325018728237554
1780294775.027173758,1780294775.018002987,-213.3720201966516,-106.34556114592647,1.6373214526075943,0.0,-0.0038325018304700732
1780294775.057342291,1780294775.045756578,-213.38787427627557,-106.35481334220185,1.6521739517031684,0.0,0.004453930293204249
1780294775.064530611,1780294775.058974504,-213.38618029421445,-106.35247257840956,1.6568099271536942,0.0,0.004453930312507408
1780294775.092118740,1780294775.079203844,-213.3559071630852,-106.33012008421525,1.6784886217078678,0.0,-0.006288990847107704
1780294775.109674692,1780294775.098606586,-213.32612182758962,-106.30805334121341,1.694196523906908,0.0,0.005120134613032223
1780294775.132456064,1780294775.117997408,-213.29849394278307,-106.28667650059528,1.7027961683930164,0.0,0.000663619877221056
1780294775.152006149,1780294775.141867399,-213.30214795032225,-106.28689531970225,1.704515520416065,0.0,0.0006636198589142418
1780294775.173295498,1780294775.158231497,-213.29805511471784,-106.2816434430132,1.7077129182255237,0.0,-0.018007906563569882
1780294775.194274902,1780294775.177990198,-213.3126655953839,-106.28925931010677,1.7091410673573775,0.0,-0.01473631358246999
1780294775.214164495,1780294775.197976112,-213.33300479499835,-106.3007353140916,1.7109684204455768,0.0,-0.005658503764239084
1780294775.230155230,1780294775.217998981,-213.35935203447528,-106.31671041878609,1.7148904816510524,0.0,-0.0073460556459057965
1780294775.249681234,1780294775.238588333,-213.38792199898347,-106.33407143856542,1.7174288156994302,0.0,-0.018458332912916466
1780294775.273185253,1780294775.258850098,-213.42067806176988,-106.35424644401319,1.7261655992110352,0.0,-0.020358346736270638
1780294775.287822008,1780294775.278283119,-213.453704693519,-106.37469689777949,1.7350175405884845,0.0,-0.01833667255341323
1780294775.331792593,1780294775.298664093,-213.49059124848125,-106.39729040890828,1.7393047675701585,0.0,-0.01798645359236854
1780294775.344064474,1780294775.334140778,-213.5483432899418,-106.43360471368213,1.7401274607410826,0.0,-0.017986453590217253
1780294775.355584383,1780294775.347307205,-213.57440136223366,-106.44909871296277,1.7329807059764093,0.0,-0.016465867414055736
1780294775.368278980,1780294775.358348846,-213.59546158742194,-106.461655661913,1.7272052312809025,0.0,-0.007859891139889639
1780294775.388702869,1780294775.378103018,-213.63018368843763,-106.48282605029576,1.7121717730424308,0.0,-0.00375754349493531
1780294775.412995577,1780294775.398497343,-213.66584685590587,-106.50475136398079,1.7052385744676708,0.0,-0.005094731851608806
1780294775.424647331,1780294775.418009281,-213.70248198688807,-106.5269917677343,1.7013883281639013,0.0,-0.012028473809759636
1780294775.454437017,1780294775.439770460,-213.74026596500775,-106.5503051611688,1.7003905086897912,0.0,-0.012028473836434505
1780294775.469604254,1780294775.458715200,-213.77653815014278,-106.57231455708559,1.6990119136904656,0.0,0.005848288843935583
1780294775.492844582,1780294775.479510546,-213.81651020268242,-106.59674970807694,1.7082284469448374,0.0,0.0018260091566753437
1780294775.517616749,1780294775.497982264,-213.85388939389205,-106.61961172207484,1.7160686297415897,0.0,-0.011233399411263117
1780294775.529547215,1780294775.520874500,-213.8950502929849,-106.64516660312823,1.7176213237475773,0.0,-0.011233399481315673
1780294775.554760218,1780294775.538364649,-213.93105505981623,-106.66717056413381,1.7149284508304035,0.0,0.010675085671909473
1780294775.574553251,1780294775.559062958,-213.9721436099434,-106.69251390704962,1.713696069925546,0.0,0.0021086584750069186
1780294775.598529577,1780294775.577995777,-214.0109511560436,-106.71639521900835,1.7073475667606393,0.0,-0.010156548012985404
1780294775.603336811,1780294775.598556519,-214.04922873954948,-106.74012811457219,1.7050491219064232,0.0,-0.010156548278630984
1780294775.627400875,1780294775.618022680,-214.09189581730885,-106.76624512930105,1.6948840660081181,0.0,0.03531100514801018
1780294775.649876833,1780294775.638282299,-214.14215442157266,-106.79668716691262,1.691114339914089,0.0,0.0401176701901502
1780294775.667275429,1780294775.657974482,-214.1906976624413,-106.82607591882383,1.688610587754665,0.0,0.01768433971477433
1780294775.692585468,1780294775.677991390,-214.2417648109794,-106.85702595037972,1.6870008127599274,0.0,0.018386469493235497
1780294775.715755463,1780294775.699440002,-214.29563551504455,-106.88965291128382,1.6863835431966063,0.0,0.031254986262286066
1780294775.728587866,1780294775.718369007,-214.3396922486726,-106.91643943037383,1.6862650777194887,0.0,0.031254986321887945
1780294775.748135328,1780294775.738015175,-214.38289151285866,-106.9429341370196,1.675833030526159,0.0,-0.017925753689340573
1780294775.766033888,1780294775.757984161,-214.4262011536271,-106.96949665711762,1.665201341880457,0.0,-0.019087581999296905
1780294775.790869713,1780294775.778712034,-214.471332265297,-106.99716486500559,1.6599291213709941,0.0,0.009631358829392676
1780294775.810743332,1780294775.798002005,-214.5143464810841,-107.02346656159106,1.6580951631807126,0.0,0.019857930094746692
1780294775.830211639,1780294775.818020105,-214.56588144224344,-107.05469017026815,1.6582980635329356,0.0,0.00399025276195282
1780294775.859988451,1780294775.840471029,-214.62023448615284,-107.08780749334998,1.6585118915777526,0.0,0.003990252663035284
1780294775.873681784,1780294775.861809731,-214.6691613081185,-107.1176817633904,1.6585118915777544,0.0,0.003990252663035284
1780294775.891504765,1780294775.878686428,-214.7096265286459,-107.14233046306349,1.6668438763559281,0.0,-0.0005356888648912614
1780294775.930762291,1780294775.900835514,-214.7570912301837,-107.17148587897663,1.6695805390466913,0.0,-0.008777568409217697
1780294775.958291769,1780294775.947704554,-214.8325238581283,-107.21875890501487,1.6700077835575042,0.0,-0.008777568476342574
1780294775.972165585,1780294775.965198278,-214.8652762573362,-107.23914277544914,1.6739286958688062,0.0,0.014269992887544639
1780294776.000773907,1780294775.990249157,-214.91154195932106,-107.26794726383987,1.6728656064000473,0.0,0.006292100903921547
1780294776.015862942,1780294776.003710985,-214.94194404915984,-107.28673200251585,1.6689996778617586,0.0,-0.016795299258374377
1780294776.030537128,1780294776.018144846,-214.97430143295514,-107.30675489256306,1.667254855387641,0.0,-0.01029295491474204
1780294776.053154230,1780294776.044690609,-214.99037881322528,-107.31595544390191,1.661724050322217,0.0,-0.00029481935568566667
1780294776.070930958,1780294776.058820009,-214.96269673376747,-107.29722478717649,1.6633875945179089,0.0,-0.012194150612265434
1780294776.090850592,1780294776.078009129,-214.9289646059003,-107.2746629011551,1.6639969172972502,0.0,-0.0253151737762714
1780294776.114780188,1780294776.098009109,-214.87066600852208,-107.23601311224208,1.6565310891065206,0.0,-0.020199391235300027
1780294776.126744032,1780294776.118319750,-214.8329648976087,-107.21065607296876,1.6510418821030464,0.0,-0.009832115520031834
1780294776.158576012,1780294776.137999535,-214.81445786707062,-107.19758111601072,1.6477235621224295,0.0,-0.01241973427809263
1780294776.171062946,1780294776.159716845,-214.8171299856049,-107.19823821221247,1.6468440562741922,0.0,-0.012419734292643505
1780294776.195455313,1780294776.183102131,-214.83063632890756,-107.20578064356,1.6411168100052906,0.0,-0.02047229127792303
1780294776.213929892,1780294776.198291779,-214.84378508840982,-107.21346440303577,1.6396003528475007,0.0,-0.020472291299670126
1780294776.227368355,1780294776.218408823,-214.86674003785325,-107.22732113249236,1.6392553358468496,0.0,-0.0289619476104667
1780294776.245876789,1780294776.238005161,-214.8929556884019,-107.24323520381759,1.6390866471572156,0.0,-0.040473615587962856
1780294776.272664070,1780294776.258673191,-214.9222969663868,-107.26082902768192,1.6301593275555706,0.0,-0.045108769283594315
1780294776.287762403,1780294776.278000832,-214.9508358587322,-107.27797100671982,1.6209135184608991,0.0,-0.03378866138121544
1780294776.320715666,1780294776.299360752,-214.98394366491877,-107.29794707304691,1.6160185551107267,0.0,-0.027671960356453817
1780294776.329480886,1780294776.320589781,-215.01644961443662,-107.3176119571001,1.6152819293297596,0.0,-0.0276719603450544
1780294776.352550507,1780294776.344407320,-215.05299144954589,-107.33987475164524,1.609114824704087,0.0,-0.035740648560673036
1780294776.371968031,1780294776.358451843,-215.07616600475083,-107.35402044987852,1.6061586419779805,0.0,-0.03329906353413722
1780294776.390993834,1780294776.378243685,-215.10787784443232,-107.37342564298508,1.60438458947428,0.0,-0.03150633190108765
1780294776.413068771,1780294776.398205042,-215.14000919142845,-107.39313529028017,1.6029915629465223,0.0,-0.03636380215141516
1780294776.434173584,1780294776.418400288,-215.1768445414934,-107.41560081870206,1.6006079811364076,0.0,-0.03847451983079279
1780294776.453308344,1780294776.438015938,-215.21276567133992,-107.43747905828063,1.5985438222379837,0.0,-0.030100830526758347
1780294776.474374771,1780294776.458009720,-215.24932858280428,-107.45973582743004,1.5975945055005643,0.0,-0.024597236958725333
1780294776.485038042,1780294776.477981806,-215.28596177358898,-107.4820227994082,1.5967819868836601,0.0,-0.022057123691068947
1780294776.506340027,1780294776.498004436,-215.3244249299117,-107.5054012227046,1.5954058532303945,0.0,-0.024487415738258245
1780294776.527676105,1780294776.518004179,-215.36256431390674,-107.52864955765044,1.5945369275133834,0.0,-0.02278666337224757
1780294776.562558174,1780294776.544048071,-215.41057029903104,-107.55788756837975,1.592863272002645,0.0,-0.01886337373204925
1780294776.573878288,1780294776.558001995,-215.44343453203385,-107.57787294144228,1.5915968784684507,0.0,-0.020158289015639243
1780294776.601602077,1780294776.578034163,-215.4839585092577,-107.60250118622496,1.5893836491182711,0.0,-0.03685111833062524
1780294776.621566057,1780294776.598652363,-215.5219598932075,-107.62555837729596,1.5884661048075366,0.0,-0.036851118489723354
1780294776.636739492,1780294776.624243259,-215.56566304822962,-107.65203202704132,1.5833908235515897,0.0,-0.01349539288434655
1780294776.650693893,1780294776.639376879,-215.59225685382032,-107.66812809301318,1.5824232890753962,0.0,-0.013495392835580154
1780294776.665778875,1780294776.660384417,-215.6260892575447,-107.68858334283371,1.582423289075666,0.0,-0.013495392835580154
1780294776.689151525,1780294776.679260254,-215.6616784064388,-107.71017498874475,1.583851043656577,0.0,-0.03936881333137162
1780294776.708784342,1780294776.698003769,-215.69868666187406,-107.7325879956316,1.5836996275697885,0.0,-0.03579549810841855
1780294776.726694584,1780294776.718583584,-215.738085250095,-107.75636556289292,1.5798560758075897,0.0,-0.021675120177411203
1780294776.759953737,1780294776.738100767,-215.77758919176043,-107.7801640540456,1.5768598386246981,0.0,-0.01822215871913853
1780294776.774574280,1780294776.760029316,-215.81807700072682,-107.80452817696617,1.576279805168329,0.0,-0.018222158704008718
1780294776.788498878,1780294776.778256655,-215.85058009369487,-107.82397940152808,1.5720470842187406,0.0,-0.033214540075275044
1780294776.808090448,1780294776.798033714,-215.8854535117922,-107.84478448222602,1.5652501619982844,0.0,-0.022836893732490995
1780294776.834442139,1780294776.818167686,-215.9230041366169,-107.86719628106417,1.547972637866733,0.0,-0.023181920043442366
1780294776.848557949,1780294776.838371038,-215.95838338264724,-107.8882917234068,1.5421516891959337,0.0,-0.02318192004507938
1780294776.906045198,1780294776.889764786,-216.0365628444019,-107.93485839349732,1.5283933920650048,0.0,-0.029474839212224685
1780294776.923359871,1780294776.911507368,-216.07607825225114,-107.95828719271043,1.524118282164269,0.0,-0.04458330266697517
1780294776.929895878,1780294776.924010754,-216.10136528163093,-107.97326775140081,1.5240653810464713,0.0,-0.044583302678229665
1780294776.953330517,1780294776.938399553,-216.13350312061496,-107.99234325620925,1.52482241056317,0.0,-0.03680786951343729
1780294776.983049870,1780294776.975758076,-216.20084454852525,-108.03215003646817,1.525450422360652,0.0,-0.018805109333606983
1780294776.997459650,1780294776.987305164,-216.23428916405862,-108.05189093190444,1.5345372917396334,0.0,-0.014645971675937588
1780294777.018929720,1780294776.998155832,-216.26645388389636,-108.0708782220037,1.5369297749224617,0.0,-0.0350793496285789
1780294777.029310226,1780294777.017970085,-216.31215616103506,-108.09777290199209,1.5374437313712503,0.0,-0.03505940379044903
1780294777.084933043,1780294777.053466797,-216.34213889007563,-108.1147363309096,1.5297904975776029,0.0,-0.035059403789663046
1780294777.092903376,1780294777.083261728,-216.34029257270603,-108.11260709351404,1.528078096287296,0.0,-0.013111929923876213
1780294777.120691061,1780294777.098417044,-216.29241669105562,-108.08297298291929,1.529254854988747,0.0,-0.043804317907642526
1780294777.132936478,1780294777.121456146,-216.2706422875577,-108.06897194269813,1.5292614141224539,0.0,-0.04380431796110876
1780294777.151078701,1780294777.137993097,-216.22189066558389,-108.03884582732485,1.5272563656109928,0.0,-0.018414285980591465
1780294777.175264359,1780294777.159632921,-216.2105701879808,-108.03125178656197,1.5268859852777519,0.0,-0.018414285944871683
1780294777.196405411,1780294777.178297520,-216.20765121028612,-108.02882968838328,1.5239773838711488,0.0,-0.026235336359154336
1780294777.210552931,1780294777.198542118,-216.21789022185865,-108.03435080089119,1.513036168566332,0.0,-0.024239326727499705
1780294777.229015112,1780294777.218012094,-216.22851919871678,-108.04012634703587,1.4915874572934047,0.0,-0.013269814702401263
1780294777.256464481,1780294777.238000154,-216.25071406208139,-108.05285948943985,1.4843908748427854,0.0,-0.013827605691539851
1780294777.276176453,1780294777.260612965,-216.27677639733744,-108.06783923747896,1.483052534922549,0.0,-0.01417622507679582
1780294777.301130056,1780294777.289849997,-216.3115474301207,-108.08787539562326,1.449406237506704,0.0,-0.02453804767012527
1780294777.313773394,1780294777.303275824,-216.327615247333,-108.09710544351451,1.4427940379673458,0.0,-0.024538047662398053
1780294777.332962751,1780294777.324275017,-216.35808328045644,-108.11435406419234,1.4571403575178516,0.0,-0.0180017946508779
1780294777.353252649,1780294777.337967634,-216.38032712126383,-108.12680265476317,1.463167968378214,0.0,-0.026222248343583714
1780294777.370150566,1780294777.358888865,-216.41284620756701,-108.14505531462412,1.4745507836990424,0.0,-0.03326303542924915
1780294777.389611959,1780294777.377997398,-216.44416986188017,-108.16249052798653,1.4847725081798844,0.0,-0.0321397732343455
1780294777.407287836,1780294777.397994995,-216.47784089406204,-108.18118856295366,1.495302004732389,0.0,-0.02201459954856178
1780294777.429425478,1780294777.418007612,-216.51274456860398,-108.2006184651845,1.5050680663937253,0.0,-0.019418875641879163
1780294777.452733517,1780294777.437999725,-216.54784909758337,-108.22017633407005,1.5074404898345606,0.0,-0.021195854737030596
1780294777.487054586,1780294777.457970619,-216.58306133078,-108.23980399405797,1.507168419128811,0.0,-0.027437761681415228
1780294777.511415243,1780294777.489069462,-216.6310384110647,-108.26678446948519,1.507116386221099,0.0,-0.027437761710396573
1780294777.532444715,1780294777.515608311,-216.6736012094063,-108.2905906934428,1.4995960968320172,0.0,-0.026099639391442022
1780294777.546002865,1780294777.535415411,-216.7069678203476,-108.30925371448994,1.4984891119607429,0.0,-0.026099639390242558
1780294777.559181213,1780294777.553301334,-216.73646777784273,-108.32573583278703,1.5059079589486775,0.0,-0.03660270707653009
1780294777.572831392,1780294777.561936378,-216.75463044957758,-108.33579993691545,1.5085261267511223,0.0,-0.036602707138632146
1780294777.594426394,1780294777.579038143,-216.79107167380533,-108.35596855041686,1.5127849351315892,0.0,-0.03867033811770234
1780294777.615620136,1780294777.600659370,-216.83069898138072,-108.37800083365451,1.5144022434103417,0.0,-0.03867033812742935
1780294777.637878180,1780294777.621344805,-216.8689533549075,-108.39920829321049,1.5125054002891702,0.0,-0.049178898459673784
1780294777.650464535,1780294777.639185905,-216.90529689702137,-108.41922520391674,1.5119665418195039,0.0,-0.049178898502442815
1780294777.672849894,1780294777.658199310,-216.94239826671446,-108.43962394940979,1.4884787432558664,0.0,-0.03436975289109666
1780294777.688377380,1780294777.678222895,-216.97742655643992,-108.45897165131395,1.4809357966411645,0.0,-0.03435958801341524
1780294777.710523129,1780294777.698008776,-217.01678321093803,-108.48064302529099,1.4760226245804713,0.0,-0.03006684231294012
1780294777.728381157,1780294777.718009233,-217.05672202824246,-108.50265413269196,1.4795780375813479,0.0,-0.03203513675757624
1780294777.751160383,1780294777.738006830,-217.09677881495685,-108.52474427494005,1.4835290213092887,0.0,-0.016200822094113335
1780294777.778286695,1780294777.758011818,-217.13966055790192,-108.54835861891164,1.4886311944596218,0.0,-0.009801643221287192
1780294777.790033102,1780294777.779147387,-217.1809365036711,-108.57109006525148,1.4902897247074325,0.0,-0.009801643191591982
1780294777.815581322,1780294777.808248997,-217.23081282577274,-108.59858994706991,1.489544725362452,0.0,-0.01694084144308708
1780294777.829712868,1780294777.818854094,-217.25640185516437,-108.61260456843581,1.475040267383502,0.0,-0.015262148776829909
1780294777.850664854,1780294777.839234591,-217.29467508126032,-108.63362962862215,1.4691863149676223,0.0,-0.012933507208240068
1780294777.870735884,1780294777.860116959,-217.3314882520541,-108.65383964975881,1.4584889596077146,0.0,-0.003243417535797299
1780294777.894181728,1780294777.880230904,-217.37216976913658,-108.67612941647046,1.4497880629476017,0.0,-0.011080325098386282
1780294777.910660744,1780294777.898540735,-217.41299408900502,-108.69842362818294,1.4461793196185575,0.0,-0.015066802533125128
1780294777.932445765,1780294777.918881178,-217.45598738369475,-108.72190062837062,1.4490872317286387,0.0,-0.015454949483490434
1780294777.951257706,1780294777.938340187,-217.49801110051297,-108.74478975870804,1.4677993745127575,0.0,-0.005698117073809433
1780294777.988081217,1780294777.969447136,-217.55512607922648,-108.77593125628665,1.480792433834913,0.0,-0.010678288658398144
1780294777.999865294,1780294777.989625931,-217.59585393337844,-108.7980517208379,1.4832969541755097,0.0,-0.010678288688907975
1780294778.009269714,1780294778.003760815,-217.62435923416658,-108.81352419010899,1.4951452446553803,0.0,-0.021956597775473805
1780294778.028515577,1780294778.018368006,-217.65652743998785,-108.83094417126283,1.498875237690202,0.0,-0.019344366550759193
1780294778.046765089,1780294778.038147926,-217.66138584484713,-108.8327961310145,1.4810140854080145,0.0,-0.01678495440599865
1780294778.078962564,1780294778.058217287,-217.61921264921295,-108.80798087078456,1.4670132663039934,0.0,-0.022570377270535742
1780294778.089576483,1780294778.081272125,-217.59231795129358,-108.79189037101455,1.4636781041324678,0.0,-0.02257037729797737
1780294778.102684498,1780294778.098011017,-217.5550307766939,-108.77019815585246,1.4511123890560353,0.0,-0.0150281549902667
1780294778.138442278,1780294778.118513823,-217.51446812871885,-108.74637924187921,1.4470100704918614,0.0,-0.009480958243012115
1780294778.158021450,1780294778.138472795,-217.50133228693926,-108.73813617622895,1.4463648980549786,0.0,-0.009480958197086707
1780294778.171064377,1780294778.163503885,-217.51227612934218,-108.74345311146838,1.4591371166943246,0.0,-0.02889752355036334
1780294778.192013264,1780294778.178010225,-217.51179041773912,-108.74256098319765,1.4660395352535096,0.0,-0.02334743861476702
1780294778.208763599,1780294778.198058128,-217.52274407666636,-108.74791467857662,1.4689284038861654,0.0,-0.015191069763123571
1780294778.234318495,1780294778.220199823,-217.54535991628376,-108.75984211584263,1.4659327828033906,0.0,-0.026846569075303466
1780294778.278284073,1780294778.237980843,-217.56303549197196,-108.7690982458756,1.4627890751983714,0.0,-0.03954002491989945
1780294778.292944431,1780294778.278242588,-217.61181861575838,-108.7951658535371,1.4622097518793364,0.0,-0.03954002496794793
1780294778.313391685,1780294778.298353195,-217.63639720934526,-108.8082048668903,1.4356686246885784,0.0,-0.03487010611293839
1780294778.329628706,1780294778.318272352,-217.66310276602687,-108.82252102715564,1.428411537090968,0.0,-0.043500706834621816
1780294778.354509354,1780294778.338001966,-217.6927569234976,-108.83852594219813,1.4262646373823973,0.0,-0.02445768436090982
1780294778.367917061,1780294778.358730078,-217.72314460629622,-108.85489797268899,1.4258716754971268,0.0,-0.024457684212464813
1780294778.404978991,1780294778.378217936,-217.75643689971844,-108.87294516226186,1.43032964047564,0.0,0.00512883230636357
1780294778.445320606,1780294778.414118290,-217.80855352973717,-108.90102646071676,1.4310330640549869,0.0,0.005128832354142926
1780294778.466995716,1780294778.451342344,-217.86253985746887,-108.93003527258301,1.4261336292305467,0.0,-0.019819716916562927
1780294778.476190090,1780294778.468996763,-217.88975657762904,-108.94467708545442,1.4252575793100537,0.0,-0.019819716951246187
1780294778.496502399,1780294778.481013775,-217.91106477902048,-108.95615675913837,1.4169004236518017,0.0,-0.03986822161921069
1780294778.503848791,1780294778.498575926,-217.9361803626528,-108.96954409621792,1.4153191988904301,0.0,-0.039868221686338
1780294778.528433084,1780294778.518102646,-217.96853069948975,-108.98683461459912,1.3920768723925507,0.0,-0.036660765896563766
1780294778.547635794,1780294778.538012981,-218.0014521408143,-109.00443164897474,1.3776795449195407,0.0,-0.027886554528032736
1780294778.573700666,1780294778.558064699,-218.03613298830558,-109.02297687989939,1.3708732716687784,0.0,-0.03244819580468369
1780294778.589266300,1780294778.578103304,-218.07080374529468,-109.04148635582737,1.3677510805769053,0.0,-0.03610299050782028
1780294778.640911102,1780294778.598111868,-218.11065387662669,-109.06277070244882,1.365901592505175,0.0,-0.04419859654755587
1780294778.679241419,1780294778.651380301,-218.18556733721437,-109.10237662345679,1.3656367840203503,0.0,-0.04419859656704135
1780294778.702444315,1780294778.683460474,-218.23489868746324,-109.12839989645961,1.3578042501594698,0.0,-0.03880289907644735
1780294778.716608524,1780294778.704306126,-218.2687149728988,-109.14620485562683,1.3569952760688462,0.0,-0.038802899068716055
1780294778.737423897,1780294778.723738432,-218.30091001813702,-109.16315388422701,1.345879614002445,0.0,-0.015130346069440276
1780294778.745369911,1780294778.739044428,-218.32347810853435,-109.17498925630666,1.343878927180227,0.0,-0.015130346039426586
1780294778.771707773,1780294778.758012533,-218.3557309341987,-109.19196916835848,1.3347609030921395,0.0,-0.033964682797808524
1780294778.790801764,1780294778.781049013,-218.3932995018884,-109.21169813556635,1.3284648787533935,0.0,-0.022821264824772806
1780294778.810874701,1780294778.798602819,-218.429624810923,-109.23090390509674,1.3255680318101026,0.0,-0.010090354575437008
1780294778.830184698,1780294778.818004847,-218.47073702278905,-109.25262251701152,1.3216935568963148,0.0,-0.006806626687806593
1780294778.865957737,1780294778.838001966,-218.5163267392054,-109.27670137687159,1.3188768914400533,0.0,-0.017141558920581508
1780294778.870664835,1780294778.860681057,-218.55925692682897,-109.29924873577909,1.3183094337481933,0.0,-0.01714155897153043
1780294778.892706633,1780294778.878156662,-218.5974239687319,-109.319298146766,1.3021689265973548,0.0,-0.0062661401270479086
1780294778.912406206,1780294778.898319960,-218.64088908814247,-109.34211377306804,1.2950040282399797,0.0,0.002779464938548599
1780294778.948457479,1780294778.919224262,-218.68690203535758,-109.3663114519762,1.2912071277589323,0.0,-0.00302341122414945
1780294778.968049288,1780294778.946331978,-218.7347174337954,-109.39132575487743,1.290216212714913,0.0,-0.003023411268296008
1780294778.979962826,1780294778.968938351,-218.7784564730608,-109.4142163163096,1.2829936973137521,0.0,-0.014927977930987272
1780294779.016345501,1780294778.981315851,-218.80598879885548,-109.42868820096179,1.2817538020659334,0.0,-0.014927977947396798
1780294779.026102304,1780294779.015945196,-218.85563423775702,-109.45441182415688,1.2817538020659334,0.0,-0.014927977947396798
1780294779.039259434,1780294779.027076006,-218.87279942592863,-109.46327757713868,1.2758195781726969,0.0,-0.011936775770365018
1780294779.071402073,1780294779.047988415,-218.86097069418184,-109.45675632637888,1.2589082083579564,0.0,-0.011936775767775628
1780294779.101176977,1780294779.073812485,-218.82717681034288,-109.43869606645686,1.2594768361192794,0.0,-0.010892383858387563
1780294779.114131927,1780294779.103722095,-218.8106892391472,-109.42968402982102,1.260615458031105,0.0,-0.010892383856414884
1780294779.134175062,1780294779.124544621,-218.77624640026463,-109.41146563407065,1.2583983838052153,0.0,-0.023544501470310567
1780294779.205529451,1780294779.153806210,-218.7546159894201,-109.39995535727692,1.2473275668300747,0.0,-0.023821897213333314
1780294779.218009233,1780294779.207572699,-218.78031025796554,-109.41291963524682,1.2450636476158186,0.0,-0.023821897213732426
1780294779.223623514,1780294779.218202591,-218.77409546064231,-109.40967225204048,1.2377936999161914,0.0,-0.018390494408200404
1780294779.279070616,1780294779.238186121,-218.77504635379063,-109.41016429383868,1.2366222882239122,0.0,-0.013386507501174007
1780294779.319322109,1780294779.280578613,-218.81036780045525,-109.42823793418778,1.2364520931220822,0.0,-0.013386507398446282
1780294779.336209059,1780294779.328308344,-218.85758001104142,-109.4525616336964,1.2316066893068898,0.0,-0.008963556725438068
1780294779.348209620,1780294779.339127064,-218.8667635287929,-109.45751423802126,1.2309175884956522,0.0,-0.008963556721701195
1780294779.375743151,1780294779.360633612,-218.8915549989524,-109.4709582986467,1.2394943296664669,0.0,-0.0002995400447365175
1780294779.414390326,1780294779.387257814,-218.92435691359992,-109.48839381036468,1.2405875143185694,0.0,-0.0002995400279544543
1780294779.433724880,1780294779.418739080,-218.9629863413353,-109.50890767200356,1.2135974524057205,0.0,-0.011999298705232747
1780294779.461607218,1780294779.441009283,-218.99213159225943,-109.52457904549419,1.2032932631583593,0.0,-0.012316456191593213
1780294779.494719267,1780294779.466797829,-219.0243660376747,-109.5417763462053,1.199751959482638,0.0,-0.012542997244141535
1780294779.520030260,1780294779.499533415,-219.06540225195,-109.56319156715817,1.223231344044406,0.0,-0.012377048568625983
1780294779.536524773,1780294779.532752275,-219.1068017949638,-109.58476458134929,1.2265642666864887,0.0,-0.012377048568453564
1780294779.555915117,1780294779.544017076,-219.1256558336922,-109.59490578261845,1.233928038007238,0.0,-0.014613923382541628
1780294779.575106859,1780294779.559769869,-219.15059725305295,-109.60812901883509,1.2355230380176856,0.0,-0.014613923387243847
1780294779.594043493,1780294779.578033209,-219.1777063057453,-109.6224338029882,1.2343561218662351,0.0,-0.01889946603967574
1780294779.604426146,1780294779.597974062,-219.20739801303944,-109.63802405114991,1.2309968623489869,0.0,-0.015638741679587523
1780294779.623457432,1780294779.618021011,-219.2425405774661,-109.65661041367795,1.2285653242529864,0.0,-0.012254421612898813
1780294779.646036386,1780294779.637981653,-219.28028865500454,-109.67660697467643,1.226705193906393,0.0,-0.007487395802390641
1780294779.666225433,1780294779.657991886,-219.32337111245883,-109.69955111344973,1.226098603489344,0.0,-0.007642799112391576
1780294779.691346884,1780294779.677983522,-219.37112521224734,-109.725170995175,1.226029487993166,0.0,-0.0016505016865747133
1780294779.716164827,1780294779.698144197,-219.42011659880842,-109.75145058020756,1.2273421508958138,0.0,-0.0008471089177828313
1780294779.741370201,1780294779.717969894,-219.46324695032277,-109.774525707008,1.2234668976832188,0.0,0.005065842083952737
1780294779.754630327,1780294779.739345789,-219.50211213904208,-109.79516458284841,1.221560841680997,0.0,0.0050658421148332775
1780294779.767035246,1780294779.757985353,-219.53827130173377,-109.81434557225663,1.2189348403322813,0.0,0.010187680728726672
1780294779.801142216,1780294779.778824091,-219.57707559470867,-109.8348077099358,1.2182278708525323,0.0,0.010187680742704675
1780294779.814965963,1780294779.801577091,-219.6129696437106,-109.85358876668649,1.2221090255725424,0.0,0.013247862395865118
1780294779.830138683,1780294779.817965508,-219.64170599859816,-109.86874537194362,1.223080692354,0.0,0.013698459068205604
1780294779.859513998,1780294779.838013172,-219.6771356347427,-109.88748654513718,1.2230321752410747,0.0,0.015001810149187497
1780294779.878037453,1780294779.859513283,-219.7095014611299,-109.90448107150279,1.2230229750061212,0.0,0.01500181015819309
1780294779.892599821,1780294779.878165245,-219.73664592625738,-109.91871578617254,1.2253195069753546,0.0,0.043262872297634175
1780294779.905365705,1780294779.897982597,-219.76670137308145,-109.93452794475621,1.2265351684027666,0.0,0.024621059417830004
1780294779.931082726,1780294779.918032169,-219.8014552389992,-109.95286792114202,1.2270464731844422,0.0,0.017225783303742498
1780294779.949148417,1780294779.938000441,-219.83472403787735,-109.9703536493377,1.2271438202067706,0.0,-0.043090852142582806
1780294779.968851805,1780294779.958466291,-219.86993902937,-109.98887097640181,1.2270566783671168,0.0,-0.02365784858965671
1780294779.989551783,1780294779.978014708,-219.9039701036509,-110.00676432787597,1.2264503251307344,0.0,0.02240981553394006
1780294780.013625145,1780294779.998001575,-219.94019596677379,-110.02578477434746,1.2208985133011578,0.0,0.025313547345817495
1780294780.034064293,1780294780.017984867,-219.97294762721353,-110.0429250107291,1.2128870807886092,0.0,0.004894622600924978
1780294780.058648348,1780294780.038062811,-219.96154763446688,-110.03757025885105,1.2033884423583123,0.0,-0.019814236672756162
1780294780.078875065,1780294780.067428589,-219.96262412212704,-110.03854316100346,1.2007850081454996,0.0,-0.019814236816290142
1780294780.100762129,1780294780.091898918,-219.9339859667032,-110.02442189416458,1.1882520624037445,0.0,0.0030893412462388546
1780294780.120417595,1780294780.106149912,-219.88446807524315,-109.99964169752627,1.1861858989261758,0.0,0.00308934126903785
1780294780.133793354,1780294780.122765064,-219.8398453999788,-109.97737559767246,1.1851506229132152,0.0,0.00308934126903785
1780294780.151850939,1780294780.138000011,-219.82263346134738,-109.96898733842245,1.1847040306767516,0.0,-0.0025386489153975053
1780294780.174230814,1780294780.158111095,-219.80430352252208,-109.96019007312226,1.1726578417423725,0.0,0.02748804746145118
1780294780.203014612,1780294780.178434849,-219.79840617554697,-109.95766315534618,1.1645972230624662,0.0,0.019281419300293964
1780294780.217284441,1780294780.204880953,-219.809709675316,-109.96386279522604,1.1631211434331445,0.0,0.01928141926891523
1780294780.237209082,1780294780.225542545,-219.82021843916576,-109.96965369706103,1.1649242819060577,0.0,0.0025505828731673466
1780294780.259117842,1780294780.237978935,-219.82291988800765,-109.97146571339213,1.1575068620426274,0.0,0.00017087854626578062
1780294780.267359972,1780294780.259508610,-219.84106071943862,-109.98110822868396,1.1547502114565742,0.0,0.00017087852040409212
1780294780.287864447,1780294780.278056383,-219.85814712943449,-109.99033930672545,1.1475579170375747,0.0,-0.0127484586534922
1780294780.303685188,1780294780.298016071,-219.87682593839293,-110.00037351814997,1.1434278592745912,0.0,-0.007794860321330632
1780294780.336216450,1780294780.318337440,-219.89935740437937,-110.01276341376769,1.139268689714258,0.0,0.024351629171501563
1780294780.368737221,1780294780.349638224,-219.9330249743831,-110.03082972628039,1.1379542608144289,0.0,0.024351629421075927
1780294780.383360147,1780294780.373912096,-219.9606428277532,-110.0457859056827,1.1460820372658977,0.0,0.0204959283550375
1780294780.396447897,1780294780.385621309,-219.9751418125571,-110.05373185964619,1.147319012789534,0.0,0.020495928351427238
1780294780.411578417,1780294780.398082018,-219.99121887426932,-110.06252193928898,1.1473190409474914,0.0,0.020495928351427238
1780294780.424353600,1780294780.418303967,-220.0162383750221,-110.07577931038273,1.144531465938111,0.0,0.01456398041073918
1780294780.454471827,1780294780.438136578,-220.04420672083143,-110.09076941534174,1.1374015107798752,0.0,0.0033339824723126847
1780294780.475634813,1780294780.459094048,-220.07170238513888,-110.10547100932304,1.1351054770075952,0.0,0.0033339824086085885
1780294780.499119759,1780294780.477934837,-220.0973158763012,-110.11922245555887,1.118380512524464,0.0,0.016101083203029606
1780294780.524567842,1780294780.500207663,-220.12495822750395,-110.13400540738586,1.1138624628393663,0.0,0.016101083238601828
1780294780.537459612,1780294780.529543638,-220.15874891601766,-110.15197310749019,1.090377237650826,0.0,0.00799354198788581
1780294780.543616295,1780294780.538517714,-220.1700005137098,-110.15795960875653,1.086468876589414,0.0,0.007993541979095643
1780294780.572348595,1780294780.558158875,-220.19498517514222,-110.17128147717958,1.0846039611821243,0.0,0.022531901263590524
1780294780.597086906,1780294780.578104258,-220.22024215527827,-110.18473683403836,1.0655823847687287,0.0,0.02975920929812626
1780294780.603433609,1780294780.598005295,-220.24498358732694,-110.19793544593372,1.058261317285319,0.0,0.029759209385043138
1780294780.625111341,1780294780.618663549,-220.27254506393345,-110.21264724071622,1.0378334824588895,0.0,-0.005149299273443833
1780294780.657832623,1780294780.638077259,-220.30164363224986,-110.22828305250248,1.0122452230788346,0.0,0.0049741954285037445
1780294780.671532869,1780294780.659729481,-220.32937267425146,-110.24309759445168,1.0051126577836857,0.0,0.0049741954725257345
1780294780.691718102,1780294780.679142475,-220.35524047365735,-110.25697144052577,0.9992530021556458,0.0,0.01526384353507187
1780294780.722188711,1780294780.697981119,-220.38199176192938,-110.27136329366219,0.9964650824055773,0.0,0.010508533729942962
1780294780.732360601,1780294780.722995520,-220.41073681783632,-110.28677151074051,0.9960062993345181,0.0,0.010508533700672715
1780294780.758767128,1780294780.738518000,-220.43352043717042,-110.29903352069148,0.9820614481450644,0.0,0.025483480344954776
1780294780.773229361,1780294780.764474392,-220.46681218786318,-110.3169005119897,0.978641780570572,0.0,0.025483480380378683
1780294780.789309502,1780294780.779418707,-220.48932071887563,-110.32905979649394,0.9432637123275672,0.0,0.008761930329199873
1780294780.818814278,1780294780.799734592,-220.51606492031416,-110.34348247533649,0.9287650089262575,0.0,0.0015718509118338476
1780294780.829986334,1780294780.819507360,-220.54186881382918,-110.3574069733659,0.926278966802966,0.0,0.0015718508520878398
1780294780.856731653,1780294780.838790178,-220.56697184372175,-110.37092834270294,0.9193660746933823,0.0,0.017298614628801473
1780294780.878290653,1780294780.859586000,-220.59319595632607,-110.3850838293296,0.9077443088198204,0.0,0.023386525830392173
1780294780.895240784,1780294780.882717371,-220.61928291537058,-110.39914313100599,0.9040880886319843,0.0,0.023386525860776
1780294780.920728445,1780294780.915566921,-220.65286507712247,-110.41723381144473,0.872135081532061,0.0,0.028001271359046856
1780294780.943327904,1780294780.928663254,-220.6728010456614,-110.42807949470995,0.8673936888744127,0.0,0.0280012713799689
1780294780.962544680,1780294780.949261665,-220.69411761027115,-110.43963499456723,0.8434525613232161,0.0,0.025069545102418295
1780294780.978378534,1780294780.968794107,-220.71487127645494,-110.45088204541509,0.8362870024906472,0.0,0.02506954509100406
1780294780.990361452,1780294780.980997801,-220.72981530149332,-110.4590135566389,0.8248388081205351,0.0,0.02545851154045238
1780294781.013019323,1780294781.004092932,-220.75289528071448,-110.47151622607105,0.8205260657479017,0.0,0.025458511543605664
1780294781.029963017,1780294781.018042088,-220.76953590873347,-110.4805616011984,0.8164770038546104,0.0,0.014281647139875798
1780294781.054742813,1780294781.038390636,-220.72783940355558,-110.45901270591771,0.798677676477789,0.0,0.019318362265892692
1780294781.074340820,1780294781.057983637,-220.67664068537218,-110.4324563957827,0.7966385345768258,0.0,0.020661000211721875
1780294781.098837376,1780294781.081829309,-220.63024370044036,-110.4083555438543,0.7975027455487447,0.0,0.01636232225371747
1780294781.126415014,1780294781.110317945,-220.60564992382018,-110.39577701255725,0.7972630538206575,0.0,0.01636232223293689
1780294781.151018858,1780294781.138596296,-220.58626156483086,-110.38593542364994,0.7697829869785981,0.0,0.03878193553908765
1780294781.168532372,1780294781.158006191,-220.57840468254528,-110.38205538396673,0.7575396993526542,0.0,0.03756827189221066
1780294781.198337793,1780294781.178118706,-220.57379301356988,-110.37992482990539,0.7467951355942491,0.0,0.02642392087835723
1780294781.208486557,1780294781.200200558,-220.57783431085508,-110.38238886801699,0.7442097647662272,0.0,0.026423920748593906
1780294781.226224422,1780294781.218003273,-220.57931990834294,-110.38351362771398,0.7376497362192862,0.0,0.03799687120603562
1780294781.246638298,1780294781.241664171,-220.5872955912523,-110.38815067570579,0.7346601394917335,0.0,0.03705261249699646
1780294781.267335892,1780294781.258046627,-220.59191455293765,-110.39101471242758,0.7310750685997813,0.0,0.030333544663596085
1780294781.293763876,1780294781.278706551,-220.60216727585475,-110.397052736497,0.7296285402313069,0.0,0.03733547948204239
1780294781.343023300,1780294781.297978640,-220.61213077171928,-110.40290027442715,0.7292465140903708,0.0,0.047106142323769855
1780294781.378674984,1780294781.345913887,-220.64133460840978,-110.41929311991404,0.7291699318964292,0.0,0.04710614236625019
1780294781.418242216,1780294781.375340700,-220.65952190060494,-110.42970748275292,0.7232514120938842,0.0,0.04587887067216551
1780294781.426558495,1780294781.420652151,-220.68830247301997,-110.44596946647567,0.7226855342517835,0.0,0.04587887067162864
1780294781.447677851,1780294781.438013077,-220.7011092611614,-110.45331830632004,0.7225263888281216,0.0,0.029972257303747488
1780294781.466233015,1780294781.457985163,-220.71624538922737,-110.46201407166939,0.7215639433137305,0.0,0.030861475877461315
1780294781.486636400,1780294781.478019476,-220.7337510024288,-110.47223415156672,0.7211349752912531,0.0,0.030861475886586456
1780294781.506172419,1780294781.498020649,-220.7520043381026,-110.48292435498604,0.7182990097512307,0.0,0.028987608509496082
1780294781.529966354,1780294781.518015862,-220.77186292044416,-110.49461367659805,0.7175985482753784,0.0,0.025036928816279017
1780294781.560998917,1780294781.537988663,-220.79049634603305,-110.50556531135598,0.7116888710115592,0.0,0.041052580029792424
1780294781.573192120,1780294781.563270330,-220.8111111310677,-110.51761503619204,0.7092298572156144,0.0,0.04105258012480027
1780294781.589912176,1780294781.578003407,-220.8235180757291,-110.52492102002928,0.6821393738710424,0.0,0.049632614220327484
1780294781.619916916,1780294781.605894804,-220.84386464667682,-110.5366987180768,0.6682823311623429,0.0,0.06706596023293424
1780294781.627214670,1780294781.618157625,-220.85428459021816,-110.54280629518288,0.6617009550588696,0.0,0.07904692042217246
1780294781.657575607,1780294781.638088942,-220.87018918578252,-110.55208202064645,0.6601226875437903,0.0,0.07546659395443586
1780294781.666665316,1780294781.658365488,-220.88596423451423,-110.5613097159726,0.6598297856313179,0.0,0.07546659389920546
1780294781.685470104,1780294781.678014517,-220.90324971419912,-110.57147913259271,0.6627799524239014,0.0,0.07385623855486509
1780294781.711661577,1780294781.697983980,-220.92159154676042,-110.5822964622921,0.6575262563148065,0.0,0.07013418843992264
1780294781.732909918,1780294781.718147278,-220.9395331864698,-110.59290968131508,0.6532735006386781,0.0,0.06775363101875925
1780294781.757035971,1780294781.738204718,-220.95667535175744,-110.6030674848569,0.6493477073493766,0.0,0.04210711462370936
1780294781.766681671,1780294781.758378983,-220.97344249241166,-110.6130268380298,0.6483611971753849,0.0,0.04210711451440612
1780294781.794323683,1780294781.778436899,-220.99153362094611,-110.62375290107131,0.6732870673252576,0.0,0.04664860602565127
1780294781.806401730,1780294781.797966719,-221.00826670723657,-110.63368127129779,0.6813768572014337,0.0,0.047373698542783234
1780294781.844393015,1780294781.818019152,-221.0265633233192,-110.64455816705535,0.6907245545982322,0.0,0.04817487338462688
1780294781.858445644,1780294781.847181082,-221.04919744287923,-110.65801867482492,0.6939873868242058,0.0,0.04817487338860369
1780294781.874661684,1780294781.859657049,-221.06284418710396,-110.66616974772832,0.7076400896111854,0.0,0.06988022742788591
1780294781.887419701,1780294781.878016949,-221.0785906191071,-110.67557559360428,0.7107096134404192,0.0,0.07159812966946627
1780294781.920470476,1780294781.897961378,-221.096364939113,-110.68624213333622,0.7108747570889875,0.0,0.07212606396577902
1780294781.937233210,1780294781.923978806,-221.116079358095,-110.69809045676344,0.710911111068747,0.0,0.07212606396941205
1780294781.950208902,1780294781.944185257,-221.13326317487684,-110.70846465845047,0.7128270993473167,0.0,0.09510373704750916
1780294781.974017382,1780294781.958498955,-221.14693349299515,-110.71678127769427,0.7136176313544981,0.0,0.09586928937888017
1780294781.998922348,1780294781.980102062,-221.16522338627968,-110.72796982738681,0.7171269567051218,0.0,0.09315951140278642
1780294782.018850565,1780294782.007256985,-221.18505457208929,-110.74015081514342,0.7186997607482861,0.0,0.09315951137824234
1780294782.044348001,1780294782.020240545,-221.19808367892264,-110.74817354885738,0.7252853801609607,0.0,0.10191413654852713
1780294782.060934067,1780294782.042535543,-221.21572375663314,-110.75907994022398,0.7267341030799446,0.0,0.10191413658225915
1780294782.081160784,1780294782.068521976,-221.21689210054043,-110.76083331744145,0.7394123773866517,0.0,0.09825860622313247
1780294782.087587595,1780294782.083380222,-221.21189183887296,-110.75865457328305,0.7433191547959581,0.0,0.09825860621585293
1780294782.110273123,1780294782.100179195,-221.18691339933358,-110.74532467686736,0.7543949135711592,0.0,0.09931760309354802
1780294782.145519257,1780294782.118535995,-221.16447214264835,-110.73349089579393,0.7681071017443434,0.0,0.10118848136437852
1780294782.167872667,1780294782.148535967,-221.159207177979,-110.73189289676777,0.7722051133977094,0.0,0.10118848137975678
1780294782.177521467,1780294782.170887947,-221.1576997737788,-110.73223309663734,0.8061386634006958,0.0,0.10068336920470859
1780294782.199808121,1780294782.180835724,-221.14949932238693,-110.72822606200998,0.8118577592570662,0.0,0.10068336920335914
1780294782.210874557,1780294782.207848787,-221.1617927630114,-110.73665992094702,0.8118344945783409,0.0,0.10068336920335914
1780294782.239905834,1780294782.221420765,-221.16760601189816,-110.74084086642353,0.8255425515160332,0.0,0.10910401109074344
1780294782.247107983,1780294782.239096642,-221.17665635347797,-110.74709596002295,0.8290553007003749,0.0,0.10910401110421332
1780294782.266119719,1780294782.258020401,-221.188730263889,-110.75530267433496,0.8409828463564639,0.0,0.11159077262883282
1780294782.290451050,1780294782.278058529,-221.20404829743762,-110.76564634738504,0.8546297434990189,0.0,0.12374968304996176
1780294782.313967943,1780294782.298008204,-221.21909947831747,-110.77586493710821,0.8632671808626883,0.0,0.12661756477082725
1780294782.332328796,1780294782.317997217,-221.23554730803994,-110.7870576294633,0.8687004040255196,0.0,0.12694805399378672
1780294782.354828835,1780294782.338460207,-221.25281651610476,-110.79891097453972,0.8756058919061448,0.0,0.12973782828934996
1780294782.373820543,1780294782.358398676,-221.2701273306287,-110.81077763681847,0.8795125631582773,0.0,0.1314403680777571
1780294782.387505531,1780294782.378074169,-221.28771978279573,-110.82282256360047,0.8895360228323045,0.0,0.13388245596219123
1780294782.425452471,1780294782.398014307,-221.3072898877603,-110.83639180280892,0.9032118019476292,0.0,0.13900701789731115
1780294782.439210892,1780294782.431974173,-221.33627758944374,-110.85641712355502,0.9071326476151088,0.0,0.13900701792187634
1780294782.455895424,1780294782.443886995,-221.34950691042283,-110.86575287114859,0.9229534807798161,0.0,0.15337914898361246
1780294782.472971916,1780294782.458318472,-221.3663864166758,-110.87769855137854,0.9384628586873068,0.0,0.1598601233363806
1780294782.495300055,1780294782.477989912,-221.3886323926987,-110.89352936030315,0.9497235537464643,0.0,0.15608124793330722
1780294782.518283129,1780294782.498120785,-221.41076863376682,-110.9093285207146,0.9598726687660355,0.0,0.15290750879066578
1780294782.534920216,1780294782.521510124,-221.43476867423178,-110.92659082556567,0.9628962410776992,0.0,0.15290750877544548
1780294782.553158522,1780294782.539608479,-221.45483997515217,-110.9411661505291,0.9737263733137556,0.0,0.16466951945617697
1780294782.569164038,1780294782.559236050,-221.47559427077377,-110.95627767765716,0.978448582988272,0.0,0.16642315105902603
1780294782.590047836,1780294782.577990770,-221.49514619496676,-110.97054412478433,0.980007969487359,0.0,0.15920508918724433
1780294782.614754200,1780294782.598163605,-221.51625783410154,-110.9860313972634,0.9840218957983995,0.0,0.16286552296647294
1780294782.628672123,1780294782.618409872,-221.5371051644444,-111.0014514822859,0.9855116472378912,0.0,0.16286552299866056
1780294782.645536661,1780294782.637991428,-221.5579891115146,-111.01699805919776,0.9909107683460705,0.0,0.1736023009646257
1780294782.668538570,1780294782.658008575,-221.5814404811775,-111.03461010111833,1.0054697807379123,0.0,0.17053553241036656
1780294782.686162233,1780294782.678012371,-221.60533318110052,-111.0527221414784,1.0236553910932848,0.0,0.16276209537616393
1780294782.710406065,1780294782.698001146,-221.63089563247811,-111.07222443654298,1.035115384924585,0.0,0.17434330894781774
1780294782.749569416,1780294782.719619751,-221.6585922466502,-111.0936087417858,1.0414307972401942,0.0,0.1754937762700207
1780294782.777181387,1780294782.757333040,-221.6992028801745,-111.12529950432189,1.044069348530551,0.0,0.17626075446230882
1780294782.804807425,1780294782.786609888,-221.73181753788552,-111.15113132452893,1.0573538258820256,0.0,0.1882756595415642
1780294782.829194546,1780294782.807606697,-221.75770425844334,-111.17186178737147,1.0589569100599854,0.0,0.1882756595496816
1780294782.839802027,1780294782.826584339,-221.77910985003354,-111.18920766703611,1.0589569100600065,0.0,0.1882756595496816
1780294782.860779524,1780294782.845191956,-221.80079727163658,-111.20686021863071,1.059636989594249,0.0,0.16865611751749013
1780294782.871117830,1780294782.863665342,-221.82080676802784,-111.22328552376722,1.0597802402923224,0.0,0.1686561174645973
1780294782.884043217,1780294782.878038406,-221.83800695329134,-111.23742854613354,1.0612321106625526,0.0,0.17292932022115728
1780294782.906803846,1780294782.898114443,-221.86401754773763,-111.25893892623435,1.062586082336331,0.0,0.1903733579977261
1780294782.937318325,1780294782.919722557,-221.89257810041306,-111.28279049687801,1.0634137682234215,0.0,0.1993498297822885
1780294782.951601982,1780294782.938593388,-221.91861135645115,-111.30476814069343,1.0656634449639928,0.0,0.2006247242042382
1780294782.970848799,1780294782.958013296,-221.95046274733582,-111.33183100061434,1.0696996522961912,0.0,0.20664479531419144
1780294782.992977381,1780294782.977992535,-221.98561132265323,-111.36203048931642,1.0723086022190873,0.0,0.22464655690746288
1780294783.014343500,1780294782.998194218,-222.01900167347924,-111.39115530713158,1.083142798012044,0.0,0.23882429778333708
1780294783.035629749,1780294783.017995834,-222.05275596218982,-111.4210766138737,1.0942574239759797,0.0,0.2383462189315147
1780294783.057830095,1780294783.038286209,-222.0623474084438,-111.43344944540594,1.096698664259945,0.0,0.23674217870234246
1780294783.069508553,1780294783.058819771,-222.0684536289705,-111.44279456952988,1.096703595046453,0.0,0.23674217869475073
1780294783.085644722,1780294783.078001738,-222.05641883926896,-111.43823711167089,1.098978620318763,0.0,0.25191696922182827
1780294783.111973047,1780294783.098002195,-222.01731724957838,-111.41317919855624,1.0958507876892125,0.0,0.2551824111986015
1780294783.125161171,1780294783.118006468,-221.99028873181635,-111.39695508401361,1.0922495377702683,0.0,0.25082827688900455
1780294783.147859812,1780294783.137996435,-221.97513250827112,-111.38964041634377,1.090725345472894,0.0,0.25672495984757776
1780294783.171737909,1780294783.158034086,-221.96428062902388,-111.38568785425298,1.0924595033649638,0.0,0.2686692454477307
1780294783.191344023,1780294783.177994013,-221.96257898967474,-111.38869549679796,1.0940152970757688,0.0,0.27835302533159056
1780294783.213420868,1780294783.197980881,-221.9696999683844,-111.39843152020364,1.0946192075570937,0.0,0.26995050094550527
1780294783.230691910,1780294783.218073130,-221.98012164594672,-111.41093560383707,1.106473766693822,0.0,0.259498863663108
1780294783.263552189,1780294783.238048553,-221.99383214457924,-111.42635507744697,1.117706987068368,0.0,0.2698274002687826
1780294783.276732683,1780294783.263700724,-222.01362463457622,-111.44755644086977,1.1202751168528688,0.0,0.26982740032813146
1780294783.291017056,1780294783.279354095,-222.02676439842796,-111.4617733811595,1.1232041657233325,0.0,0.276534350989684
1780294783.307910919,1780294783.298010349,-222.04215411113066,-111.47835131097183,1.1243436343524025,0.0,0.26758790258968657
1780294783.344407082,1780294783.325700045,-222.0666741223352,-111.50488442678537,1.1129634212636392,0.0,0.27905679557729335
1780294783.355018854,1780294783.346469164,-222.08581847132757,-111.52589948133819,1.1082400933052439,0.0,0.2790567956384421
1780294783.369443178,1780294783.360170841,-222.09929578563293,-111.54099931189685,1.1074439315609266,0.0,0.2930994043316876
1780294783.398021698,1780294783.378552198,-222.1175089196091,-111.56146303298024,1.1094755327244146,0.0,0.288793231190199
1780294783.424199343,1780294783.400762796,-222.13795400612014,-111.58472033944147,1.1104550309051602,0.0,0.2887932311369917
1780294783.437259197,1780294783.420001030,-222.15525577090372,-111.60449728683452,1.1113331677104452,0.0,0.3118224088380055
1780294783.474314451,1780294783.465834141,-222.191103396809,-111.64584783434113,1.1115748264497471,0.0,0.31182240888942186
1780294783.485172033,1780294783.478252888,-222.20371743156505,-111.6608227732546,1.121983700672241,0.0,0.31005321277570397
1780294783.515802145,1780294783.504040241,-222.22814734988452,-111.6899908712127,1.1266615509753575,0.0,0.3187220762358999
1780294783.527006149,1780294783.518057346,-222.2450591973534,-111.71043727009749,1.1375395069551482,0.0,0.3209935034796618
1780294783.553430080,1780294783.538161039,-222.26761431103222,-111.7380869485103,1.1425138675142155,0.0,0.3090098947313646
1780294783.576589584,1780294783.558015108,-222.29032326117505,-111.76637882099293,1.1419469433527893,0.0,0.309505358918676
1780294783.601364613,1780294783.584753513,-222.31608420713908,-111.79909088535307,1.1413549498689803,0.0,0.30950535892151976
1780294783.618987322,1780294783.607723475,-222.33764390535177,-111.82697067131912,1.1509268102885688,0.0,0.32194477627906815
1780294783.632780313,1780294783.623396873,-222.35274243094216,-111.84682719930241,1.1526060939111809,0.0,0.32194477629669815
1780294783.669178963,1780294783.638108730,-222.36648287586803,-111.86511967112136,1.153607656590271,0.0,0.31026509903855903
1780294783.680776834,1780294783.674668312,-222.39396916030736,-111.90239209426527,1.1540183516629456,0.0,0.3102650989503275
1780294783.692780495,1780294783.687835455,-222.40693458050026,-111.92023915497728,1.168516671752951,0.0,0.3388892967864564
1780294783.736173391,1780294783.699830532,-222.41923244868838,-111.93731382143976,1.1711659639408003,0.0,0.33888929682921115
1780294783.753976583,1780294783.737773418,-222.44869915094284,-111.97909743836385,1.17116596394114,0.0,0.33888929682921115
1780294783.785258293,1780294783.765124083,-222.4713750656817,-112.01196737043702,1.1842919130766285,0.0,0.3433607276800498
1780294783.815452814,1780294783.793151855,-222.49580641210764,-112.0479770929968,1.1859164714075934,0.0,0.34336072768833126
1780294783.835851669,1780294783.820066929,-222.51797533280538,-112.08147318384816,1.196527680626902,0.0,0.3282052883629072
1780294783.851078987,1780294783.839692831,-222.5356433075994,-112.10846806465322,1.1992909159909884,0.0,0.328205288303237
1780294783.878181934,1780294783.870099783,-222.56183103060397,-112.1493506423405,1.2093017088606073,0.0,0.3423095668787365
1780294783.895936012,1780294783.886646509,-222.57739480729157,-112.17405078287503,1.2235992003678118,0.0,0.31899240443333937
1780294783.911238432,1780294783.898442030,-222.5899754525767,-112.19415619873439,1.2261292802717632,0.0,0.31899240434306914
1780294783.928550243,1780294783.919311523,-222.61157968621907,-112.2291992853418,1.2275333075496824,0.0,0.3331545552592693
1780294783.956577063,1780294783.939036846,-222.63213097711048,-112.26310215008732,1.2231802135363041,0.0,0.3442563403304024
1780294783.977389097,1780294783.966405630,-222.65514308051834,-112.30240932710453,1.2212689987002785,0.0,0.34425634038953107
1780294783.992321730,1780294783.980386019,-222.67136947856295,-112.3301208131513,1.2217324236938694,0.0,0.3411347023238451
1780294784.016058922,1780294784.000533819,-222.68928582240179,-112.36176679830916,1.2218362413823216,0.0,0.3411347023153619
1780294784.026803255,1780294784.020572186,-222.70626231041575,-112.39245040260525,1.2490885265190637,0.0,0.3292073648175577
1780294784.049371243,1780294784.038073540,-222.70341906117105,-112.39617583919643,1.2594988139384986,0.0,0.3287091805377483
1780294784.070265532,1780294784.058010578,-222.6911362055602,-112.38860161642006,1.264615434852988,0.0,0.32532958252768096
1780294784.091020823,1780294784.078008890,-222.6672217261295,-112.36552773397055,1.268477458310621,0.0,0.31336857383002703
1780294784.109468937,1780294784.099546909,-222.65109082028403,-112.35346435092333,1.2699816319373212,0.0,0.31701206431696904
1780294784.127372503,1780294784.117996216,-222.63942673564935,-112.34562661361389,1.267168622206033,0.0,0.3323454938674989
1780294784.146446943,1780294784.138006926,-222.63437487420495,-112.34778574872043,1.2659613921163404,0.0,0.3323757177755142
1780294784.168580532,1780294784.158007860,-222.63429089238875,-112.35720825307175,1.2629315969046402,0.0,0.32277266166237883
1780294784.188313723,1780294784.178011894,-222.63934551659997,-112.37388450803124,1.259659588395533,0.0,0.3255275551986659
1780294784.210646391,1780294784.198007822,-222.6465541754339,-112.39392855537677,1.2580197676899012,0.0,0.33789318011302194
1780294784.227909088,1780294784.218019724,-222.6550553056037,-112.41596852858271,1.2569427638221242,0.0,0.3536345205625317
1780294784.250787020,1780294784.238586664,-222.66567781589134,-112.44175298603288,1.2594918685996754,0.0,0.34674696371745506
1780294784.272802591,1780294784.258011103,-222.67661734961683,-112.46770210837958,1.261681289557587,0.0,0.34532585765102974
1780294784.291655064,1780294784.278067827,-222.68834749894938,-112.4955466986666,1.2739248646384365,0.0,0.34560846894295116
1780294784.312757254,1780294784.298013210,-222.69974963291205,-112.522853586353,1.2832093448724107,0.0,0.3578563133659366
1780294784.335938454,1780294784.318035364,-222.71184533301144,-112.55224365205213,1.2921405102550452,0.0,0.35273942404026704
1780294784.354446411,1780294784.337941170,-222.72378781824216,-112.58159751567382,1.2958255707380546,0.0,0.3575951305962791
1780294784.366781712,1780294784.358786821,-222.7361595709122,-112.61250773148693,1.2965503667175657,0.0,0.3735185744600105
1780294784.387951612,1780294784.378008366,-222.7482329962792,-112.64306880576815,1.2885538048756022,0.0,0.38420172320581303
1780294784.407989979,1780294784.398007154,-222.76130197760835,-112.67680368440128,1.2813713832888842,0.0,0.3825751222825406
1780294784.433237076,1780294784.418009758,-222.77374345121123,-112.70971938597712,1.2776219459150138,0.0,0.3756388193720283
1780294784.454741478,1780294784.438644648,-222.78684973072959,-112.74521314773634,1.280212049730417,0.0,0.3761181861272781
1780294784.468480825,1780294784.458691835,-222.7999652596952,-112.781634489666,1.2879953587279362,0.0,0.39117794019726077
1780294784.490811348,1780294784.478005648,-222.81256886118064,-112.81758654517967,1.2928832469257263,0.0,0.4028915125830697
1780294784.509192467,1780294784.498003960,-222.82471411709557,-112.8534710465172,1.304819990798777,0.0,0.3996824347017319
1780294784.527976990,1780294784.518010855,-222.8365051901069,-112.88948679090764,1.3153089824852386,0.0,0.38455005396596054
1780294784.545551777,1780294784.538004875,-222.84754164167137,-112.9244257390808,1.3200582480066845,0.0,0.3901800250476913
1780294784.569209814,1780294784.558168173,-222.85912632259536,-112.96196650664456,1.3209817998625273,0.0,0.40020915011709796
1780294784.600003242,1780294784.578004837,-222.8703027691561,-112.99949574466578,1.3209930663803988,0.0,0.41026074884176605
1780294784.617436171,1780294784.607233763,-222.88368986991827,-113.04708076195331,1.3209952109613636,0.0,0.4102607489564693
1780294784.639584303,1780294784.627130270,-222.8931966597788,-113.08214734227793,1.2994966544173054,0.0,0.4256873814704472
1780294784.659723043,1780294784.646857738,-222.90176882460824,-113.11524306530667,1.2916843569642271,0.0,0.43104994707893135
1780294784.675518513,1780294784.667093039,-222.90954711065257,-113.14697529148236,1.2905051376164431,0.0,0.4310499471040699
1780294784.696654558,1780294784.683826208,-222.9153020020216,-113.1716909427186,1.2930611640137741,0.0,0.41849902166576725
1780294784.712691784,1780294784.699162245,-222.92101371282854,-113.19664257089447,1.2937640025614738,0.0,0.4184990215928574
1780294784.728636742,1780294784.718034506,-222.9282305141688,-113.22898305433652,1.30329764015724,0.0,0.43888674001918593
1780294784.758754969,1780294784.738266706,-222.93721955191916,-113.26956392493015,1.3127387046025616,0.0,0.43893350094549527
1780294784.788516998,1780294784.760727644,-222.94570494676432,-113.31067573432358,1.315464344711198,0.0,0.43893350094590133
1780294784.802108049,1780294784.787018299,-222.9550061713044,-113.35872531324509,1.3222656852419656,0.0,0.42891742426652923
1780294784.810595512,1780294784.802519560,-222.960924760992,-113.39041187068791,1.324021687033814,0.0,0.42891742424110424
1780294784.830437899,1780294784.818345785,-222.9666557483304,-113.42261242162635,1.3106861940158556,0.0,0.4374909933768759
1780294784.863634825,1780294784.838113070,-222.9720546688955,-113.45663616996656,1.3017781700810431,0.0,0.42842735270650434
1780294784.900106668,1780294784.867841005,-222.97878500104454,-113.50334236538949,1.300100696084632,0.0,0.4284273526737153
1780294784.924187183,1780294784.912031174,-222.98714559681773,-113.56937322223222,1.305591067333291,0.0,0.42455012299597666
1780294784.936630011,1780294784.930061102,-222.99089426582077,-113.60142274558036,1.3062154390659693,0.0,0.42455012299280587
1780294784.948765755,1780294784.939793110,-222.9933172349857,-113.6216835975046,1.311062353071177,0.0,0.42112563356705024
1780294784.995241404,1780294784.959830523,-222.99741534367868,-113.65916724790922,1.318107945692119,0.0,0.4161263514131784
1780294785.028664589,1780294784.997352600,-223.00273837668612,-113.71923070264884,1.3198846102130437,0.0,0.4161263513986476
1780294785.048967123,1780294785.033529997,-223.00161617711163,-113.75060780172474,1.3078140179951057,0.0,0.4117157371760528
1780294785.060678720,1780294785.055033445,-222.99924834569038,-113.7641356566829,1.3069328721831315,0.0,0.4117157371734206
1780294785.068496943,1780294785.063973427,-222.99250287959003,-113.74261473137176,1.3038559177440838,0.0,0.4112143604811831
1780294785.085519314,1780294785.078689814,-222.98168829945195,-113.70558316667486,1.3015001819028083,0.0,0.41121436047975335
1780294785.105770588,1780294785.098021507,-222.9711508804402,-113.67494157824461,1.3004823110317418,0.0,0.41275956313448126
1780294785.126805305,1780294785.118017197,-222.9646278421521,-113.66528572497162,1.3034127032022513,0.0,0.4396612582714826
1780294785.161295414,1780294785.138031244,-222.95902313835305,-113.66081906072478,1.3053641351915235,0.0,0.4517917307453221
1780294785.178274632,1780294785.163563490,-222.9556612718349,-113.67586643508162,1.3057706773064535,0.0,0.4517917308391589
1780294785.192592859,1780294785.186568737,-222.95363402605423,-113.69673296501234,1.3083696843527644,0.0,0.4152258968012646
1780294785.207667828,1780294785.200226784,-222.9524987033423,-113.71046409031489,1.3095042179307057,0.0,0.42340120191052255
1780294785.227005720,1780294785.220125675,-222.95134698288882,-113.73454786577373,1.310518311606502,0.0,0.4444707754751506
1780294785.256494999,1780294785.238000154,-222.950440120941,-113.75921988546,1.3105196371232495,0.0,0.42970698836705057
1780294785.268356562,1780294785.258172035,-222.94925629808495,-113.78667320637473,1.3103634882902646,0.0,0.4297069882978571
1780294785.283343792,1780294785.278010130,-222.9480057770813,-113.81452477286152,1.3041428028091124,0.0,0.40701125992316295
1780294785.316350222,1780294785.298101664,-222.94656679175276,-113.84253382743084,1.300800761498594,0.0,0.42416046907098376
1780294785.329779863,1780294785.318232059,-222.9450310701674,-113.87180436006098,1.2960775351948304,0.0,0.4433617050432817
1780294785.345767498,1780294785.337989092,-222.9434848784219,-113.90506064531422,1.2974234291279878,0.0,0.43073234094975266
1780294785.367529154,1780294785.358006716,-222.94170339897093,-113.94333301575028,1.2996279228449419,0.0,0.4130931209681339
1780294785.391229630,1780294785.378004313,-222.9395273455338,-113.98463193037851,1.3124902186875371,0.0,0.4249382320582099
1780294785.419072866,1780294785.398028135,-222.93683405443298,-114.02825650994572,1.3180739736698575,0.0,0.42581935779563473
1780294785.451465368,1780294785.418530226,-222.9335887187487,-114.07018218551957,1.3212635890201951,0.0,0.42515426942016277
1780294785.462687016,1780294785.451446533,-222.92810373312054,-114.12403963354507,1.3220669257782416,0.0,0.42515426941267365
1780294785.471905947,1780294785.463403702,-222.92560303314653,-114.14862815472146,1.3261303059381209,0.0,0.41404997803024046
1780294785.496939898,1780294785.478049040,-222.92238540004465,-114.17838323750642,1.3272999371821295,0.0,0.43394719188058195
1780294785.512718678,1780294785.498019218,-222.91805709300797,-114.21323419155938,1.3241705373371369,0.0,0.44666226940155446
1780294785.531002760,1780294785.517989874,-222.91321510222326,-114.25125505056684,1.3184459362297023,0.0,0.43213032867128126
1780294785.553613663,1780294785.539282322,-222.9077931834481,-114.28979828787186,1.316805563674782,0.0,0.4321303285022281
1780294785.570777655,1780294785.557996988,-222.9022401418592,-114.32787373689148,1.3117209733791022,0.0,0.4264867682062074
1780294785.591823101,1780294785.579696894,-222.89582053384015,-114.36707866244669,1.3093076693367776,0.0,0.4470795667723859
1780294785.614613056,1780294785.598292112,-222.88957712326678,-114.4036152599841,1.3084768527881416,0.0,0.4478090900224525
1780294785.638992548,1780294785.618394136,-222.88240293966018,-114.44299086238564,1.3081846486700777,0.0,0.4355856551752324
1780294785.647684574,1780294785.638640404,-222.8749281609726,-114.48127970087694,1.3081291487748825,0.0,0.4355856550932302
1780294785.671808004,1780294785.660202742,-222.8665842486758,-114.52182218951128,1.3006639263293465,0.0,0.44292511055043865
1780294785.688349724,1780294785.678023815,-222.85906091862915,-114.55692939359541,1.2920026588138247,0.0,0.44219375163521224
1780294785.709469318,1780294785.698010921,-222.85018907867183,-114.5965475792526,1.2877346025679322,0.0,0.43831287356077464
1780294785.729296684,1780294785.717993736,-222.8407223522224,-114.63672059343283,1.2869587016004833,0.0,0.4321126599958274
1780294785.750308990,1780294785.738006830,-222.8299774426804,-114.68058603370805,1.293232652915478,0.0,0.4378397428528865
1780294785.787186861,1780294785.759457827,-222.8189003194487,-114.72289478259368,1.2956295869245396,0.0,0.4378397428795023
1780294785.811781168,1780294785.788734198,-222.80488294810135,-114.7723734507721,1.2956295869245664,0.0,0.4378397428795023
1780294785.826426268,1780294785.816857815,-222.79094232783356,-114.8187397975589,1.3168416833999128,0.0,0.4261757631412896
1780294785.838776588,1780294785.830993891,-222.78330100209993,-114.8434043193075,1.3195305102869292,0.0,0.4261757631326614
1780294785.848715305,1780294785.842617273,-222.777069294401,-114.86304333110876,1.3266619556111168,0.0,0.4167132724029875
1780294785.866996527,1780294785.858152390,-222.76801862529743,-114.89145882457335,1.329292929915999,0.0,0.4167132722719156
1780294785.897266388,1780294785.878592968,-222.75552384843462,-114.92951725795064,1.3383407881400364,0.0,0.4138225106911028
1780294785.912602901,1780294785.898502111,-222.74283043198318,-114.96679792980717,1.348876611555486,0.0,0.41255293183507075
1780294785.935096502,1780294785.918318987,-222.72840802223206,-115.008829627162,1.3538797019392288,0.0,0.41826160731325995
1780294785.947439671,1780294785.938102722,-222.71376848738714,-115.0499150029069,1.3500261845479333,0.0,0.40212591849188845
1780294785.972369671,1780294785.958011627,-222.6985417146158,-115.09155336245281,1.3445486027257898,0.0,0.3974668982849241
1780294786.009789944,1780294785.978235722,-222.68329883670512,-115.13163680028136,1.3417480816630758,0.0,0.39716037671425414
1780294786.023233652,1780294786.012383938,-222.66083122448197,-115.18649374644758,1.341209528601448,0.0,0.3971603767124603
1780294786.035002947,1780294786.026655674,-222.6585935181824,-115.17708891465577,1.3198132360206836,0.0,0.39386314193870314
1780294786.048537731,1780294786.038537979,-222.65728727344225,-115.16640209327441,1.3278173309387256,0.0,0.38318234345489666
1780294786.074037313,1780294786.057978868,-222.65833923790444,-115.13943744958387,1.3340596566311713,0.0,0.3775116492794866
1780294786.088829517,1780294786.077971697,-222.6618659313915,-115.10321296733495,1.3436546904212066,0.0,0.37890045073538303
1780294786.167150021,1780294786.133284807,-222.6505340189673,-115.09032249571287,1.3509735570635555,0.0,0.36709715636040025
1780294786.195689440,1780294786.168967724,-222.642780691255,-115.08444939441804,1.340191913947519,0.0,0.34197694924826244
1780294786.207058191,1780294786.194017649,-222.63804344006394,-115.07927379498786,1.3391436176048999,0.0,0.34197694922136485
1780294786.227941990,1780294786.214504957,-222.6328045602588,-115.08106536106058,1.332015272815487,0.0,0.32590073298616395
1780294786.237941980,1780294786.227870464,-222.62968482631075,-115.08273945064258,1.3304461983727685,0.0,0.3259007329386839
1780294786.243205547,1780294786.239019394,-222.62399707640915,-115.09338314150261,1.3306561581149612,0.0,0.3241708766653698
1780294786.268354416,1780294786.258028030,-222.61314433598406,-115.11520743817208,1.3308258323175939,0.0,0.32486828078459007
1780294786.292510986,1780294786.278039455,-222.60127131887077,-115.13983691033708,1.3345732987181615,0.0,0.30709475997850544
1780294786.337263823,1780294786.317576647,-222.5764279434781,-115.18770972051543,1.3378427237055803,0.0,0.29510406593894145
1780294786.352449656,1780294786.341145039,-222.56084079689307,-115.21851601232436,1.3568052112343485,0.0,0.27901257506633137
1780294786.372024059,1780294786.359977245,-222.54802114478343,-115.24472033754016,1.359454328066497,0.0,0.27901257504284016
1780294786.389987707,1780294786.377977133,-222.5349137833524,-115.27109737644697,1.3634324659097643,0.0,0.25793750575809926
1780294786.405830145,1780294786.397995234,-222.51990662817278,-115.30054133417005,1.3712247192204259,0.0,0.2483884385705322
1780294786.488216162,1780294786.471619844,-222.4666608268868,-115.39666915636164,1.3765587554193168,0.0,0.26237005393931384
1780294786.502427816,1780294786.493988752,-222.44863709582063,-115.4317015263456,1.346089842036087,0.0,0.22583553287183658
1780294786.518995047,1780294786.509015799,-222.43536968834962,-115.45876184941734,1.3441694882973574,0.0,0.2258355328575232
1780294786.536935329,1780294786.520393848,-222.42506811357137,-115.47973994394994,1.342809254538041,0.0,0.21481289241223395
1780294786.556435108,1780294786.540827751,-222.40788642252636,-115.51175560345993,1.3422659452368537,0.0,0.21481289229900005
1780294786.564471722,1780294786.557926655,-222.39371021640574,-115.53715078543463,1.3401501589274407,0.0,0.18107382893788346
1780294786.588032484,1780294786.578017950,-222.37623127561955,-115.56883721304295,1.3388469908004534,0.0,0.18015769986923028
1780294786.612337589,1780294786.600555658,-222.35574811235728,-115.60627906285954,1.3396636964592217,0.0,0.17082324262686394
1780294786.633916378,1780294786.622429848,-222.33501796009818,-115.64452224198624,1.3390680060628215,0.0,0.1443455501287938
1780294786.654673100,1780294786.638110399,-222.31875017853645,-115.67545677092954,1.338373682026279,0.0,0.14242367000206774
1780294786.669975996,1780294786.657989264,-222.29788332643332,-115.71475079954504,1.337380259289354,0.0,0.1535443036983906
1780294786.716505527,1780294786.678002596,-222.27583518301938,-115.75629933799888,1.3339450832740243,0.0,0.15043232530474798
1780294786.733644724,1780294786.723379135,-222.23673299680647,-115.8207601712141,1.3327472567684902,0.0,0.1504323252682131
1780294786.755272150,1780294786.738601208,-222.2197783089985,-115.85160624367767,1.3329422278529641,0.0,0.10359399656686046
1780294786.770625591,1780294786.758589029,-222.2001950180735,-115.88505007269323,1.3329673655441325,0.0,0.10359399639016009
1780294786.787530422,1780294786.778191805,-222.18132567370787,-115.9166709534537,1.3296824904097495,0.0,0.08462930374178876
1780294786.807796955,1780294786.798011780,-222.16220209796325,-115.94829458554989,1.3279426635853242,0.0,0.06397173456133967
1780294786.833881855,1780294786.818069696,-222.14078411703235,-115.98487856012528,1.3284138068590168,0.0,0.055340683985625305
1780294786.854380846,1780294786.844815254,-222.11538627911142,-116.02594538873572,1.3286257893700317,0.0,0.05534068396044591
1780294786.891207695,1780294786.863878965,-222.09507460722276,-116.06021209096288,1.3137177617761553,0.0,0.05202454906455955
1780294786.903826714,1780294786.893467188,-222.0668552812061,-116.10551510606696,1.310345003809137,0.0,0.0520245490502978
1780294786.919109583,1780294786.909198523,-222.05113247196653,-116.13112080090968,1.2972906340543935,0.0,0.04009578491816539
1780294786.934018373,1780294786.926992893,-222.03450621423318,-116.15726124540012,1.2944410290523292,0.0,0.04009578489845208
1780294786.946376085,1780294786.937988281,-222.0230155618939,-116.17598335451916,1.2924856528341715,0.0,0.019693765831507
1780294786.968426704,1780294786.958748341,-222.00166684986868,-116.21065139195737,1.2889895991381366,0.0,0.005924684232505225
1780294786.993635416,1780294786.978009701,-221.981489636558,-116.24356618231772,1.2855653409352903,0.0,-0.006756394222147519
1780294787.009842396,1780294786.997991323,-221.95979212078078,-116.27920918002306,1.2787570329008624,0.0,0.0015399205940350548
1780294787.027901649,1780294787.018011332,-221.93697919656253,-116.31706814509994,1.2743988305177822,0.0,0.0016119806884772412
1780294787.056930304,1780294787.038173199,-221.97378982624272,-116.26385480632526,1.2577576146817893,0.0,0.0005065751729187368
1780294787.074201107,1780294787.059781075,-221.99822265214965,-116.2288659466835,1.253802209091021,0.0,0.000506575166208216
1780294787.093380213,1780294787.077998877,-222.02516440269102,-116.19182631961993,1.2558890054688965,0.0,-0.011242230812016994
1780294787.112506628,1780294787.097969532,-222.04707817222527,-116.16404736221094,1.2568193711525066,0.0,-0.008855781152101116
1780294787.165285349,1780294787.118625641,-222.0681052063387,-116.14025182252105,1.2512412412339717,0.0,-0.010928833515109954
1780294787.205924273,1780294787.165395498,-222.04928114329707,-116.17273040382706,1.2492103714171048,0.0,-0.010928833523148425
1780294787.220119238,1780294787.207858086,-222.03376746872442,-116.20242285892223,1.2287048910472484,0.0,-0.010281171307702336
1780294787.235588312,1780294787.221036196,-222.03371163571438,-116.20802527664397,1.2261932053840507,0.0,-0.01028117130693604
1780294787.260064602,1780294787.239651442,-222.0277992732277,-116.22266546185692,1.2208379060925494,0.0,-0.009866656698521714
1780294787.272517681,1780294787.263003588,-222.01478552336047,-116.24721130844706,1.2200534759586488,0.0,-0.009866656698132567
1780294787.287537336,1780294787.279032230,-222.007194517259,-116.26518772040053,1.2157753271681004,0.0,-0.0005492269240411612
1780294787.348178625,1780294787.309467793,-221.98881614936883,-116.29783185088905,1.2140170266301915,0.0,-0.006941172174858002
1780294787.365481615,1780294787.356821060,-221.95944189075541,-116.3495346654729,1.2115179988170668,0.0,0.003174354578684994
1780294787.376089096,1780294787.366899014,-221.9541284986365,-116.36305436498952,1.2112862508875006,0.0,0.0031743545934957143
1780294787.398580313,1780294787.388703108,-221.94059350096745,-116.38976456236816,1.2111818305589332,0.0,-0.001455203703144294
1780294787.415044308,1780294787.404850006,-221.9302827614924,-116.41220401867395,1.2111332433557054,0.0,-0.0014552038441243927
1780294787.433403969,1780294787.418047905,-221.92209974706412,-116.4333769423818,1.2050549128805368,0.0,-0.017101068157068054
1780294787.455214262,1780294787.438182831,-221.90898015862368,-116.46411867334918,1.1978186601688794,0.0,-0.02056519945615862
1780294787.478568554,1780294787.459488153,-221.89520348256337,-116.49734703577235,1.1959789350188654,0.0,-0.020565199474635483
1780294787.500612974,1780294787.493516684,-221.87299922376735,-116.5434787224774,1.1930368092394388,0.0,-0.00455234014323665
1780294787.517237186,1780294787.507297754,-221.86367319973306,-116.56896746789353,1.1925960764947345,0.0,-0.004552340106409656
1780294787.538538694,1780294787.533218622,-221.84649468319427,-116.60672483774678,1.192238224792397,0.0,-0.016791185105402673
1780294787.558093071,1780294787.541284561,-221.84033067137509,-116.62508011969145,1.1921488677335117,0.0,-0.016791185120043853
1780294787.569817543,1780294787.559121609,-221.82822988143738,-116.65121668236824,1.1921488682763424,0.0,-0.016791185120043853
1780294787.594577074,1780294787.578013897,-221.81437743969818,-116.68343203446479,1.197147688165805,0.0,-0.019590332595964124
1780294787.608301401,1780294787.597986221,-221.79987755716147,-116.71641914613397,1.1989962556652178,0.0,-0.013887277404578506
1780294787.627373219,1780294787.618138552,-221.7850432544114,-116.75113941362893,1.1909960316579804,0.0,0.00019145586653609124
1780294787.646213770,1780294787.638070822,-221.77012549451882,-116.78703986577581,1.1848116387173722,0.0,0.010766859702551592
1780294787.674804688,1780294787.657963991,-221.75561230890403,-116.82302731695565,1.170401490916089,0.0,-0.012755913599139782
1780294787.690193892,1780294787.677967072,-221.7416054397927,-116.85532940424923,1.1571695452391724,0.0,-0.026236409437378726
1780294787.718699455,1780294787.697998285,-221.72763080540201,-116.88738344472127,1.1508905307856396,0.0,0.014312373102228201
1780294787.741251469,1780294787.728089809,-221.70839522711387,-116.92580618797483,1.1496886599608356,0.0,0.014312373415664789
1780294787.759500742,1780294787.747557163,-221.6945947386245,-116.95395665171013,1.1888422140517507,0.0,0.04194421321642948
1780294787.776224375,1780294787.764319897,-221.6828059878995,-116.97747436583377,1.2025115568160165,0.0,-0.022192446051321757
1780294787.793664455,1780294787.779413462,-221.67197465427174,-116.99956392139255,1.2045729335991502,0.0,-0.022192446313036306
1780294787.808469772,1780294787.797982693,-221.65873550976258,-117.02592189640124,1.2101510532508322,0.0,0.02531332332148648
1780294787.830417633,1780294787.818019390,-221.64348246279405,-117.05824201940366,1.2059984208403844,0.0,0.02503728702445761
1780294787.855024099,1780294787.839776516,-221.62793205070452,-117.08980247883893,1.2035873844650018,0.0,0.02503728702260063
1780294787.870779514,1780294787.857948303,-221.61444549647612,-117.11909350714328,1.181111731088844,0.0,-0.037390692023440336
1780294787.900354385,1780294787.879110575,-221.59903874466434,-117.15172056178349,1.1777326903394252,0.0,-0.013915185185773418
1780294787.919196606,1780294787.912636280,-221.57690469422622,-117.19475744426501,1.1787286186569224,0.0,-0.013915185020864411
1780294787.932794571,1780294787.927476406,-221.56553162130555,-117.21822270350354,1.20876550154189,0.0,-0.015087505720494719
1780294787.956652641,1780294787.937994480,-221.55613870958982,-117.23948058694069,1.2141881255098097,0.0,-0.015087505727415185
1780294787.965912104,1780294787.958662987,-221.54019068949384,-117.27217848966073,1.2267464358032139,0.0,-0.03184492558407606
1780294787.991267681,1780294787.978230476,-221.52380082962452,-117.3069963387197,1.236304523354678,0.0,-0.008740301922456058
1780294788.017687559,1780294788.002719641,-221.50306926710675,-117.35184799527364,1.2407054070355092,0.0,-0.004681813106978713
1780294788.032124996,1780294788.017966747,-221.48822547838736,-117.38619916273299,1.2485395262403638,0.0,-0.017017696862352834
1780294788.056947470,1780294788.038029909,-221.53367093482814,-117.33089356132793,1.2411822666721086,0.0,-0.005609067598422904
1780294788.072523117,1780294788.058649063,-221.59420777101846,-117.25478190105885,1.2469695799439497,0.0,0.013408620891444355
1780294788.090137959,1780294788.078000784,-221.63737301710648,-117.20459169743307,1.2548094373600305,0.0,0.014897571107655922
1780294788.111337423,1780294788.099177599,-221.6638566467043,-117.17938676789544,1.2658580170016343,0.0,-0.008634807787055226
1780294788.160718441,1780294788.119300127,-221.67941820576024,-117.17057567995825,1.2821985662715563,0.0,-0.027336107958910515
1780294788.184622526,1780294788.163675070,-221.6660988257611,-117.20773734098348,1.28686185353989,0.0,-0.02733610805564554
1780294788.206224203,1780294788.189735889,-221.65690346919015,-117.23349157732225,1.321595144817033,0.0,-0.017941350212501532
1780294788.230589390,1780294788.206732273,-221.65024143795924,-117.25163318565686,1.325344047747503,0.0,-0.01794135020536381
1780294788.241290808,1780294788.233665705,-221.63522797306027,-117.28445224487918,1.3308112203061857,0.0,-0.0036035321576459063
1780294788.264105082,1780294788.245937586,-221.62776895200022,-117.30072612237113,1.3320459770088466,0.0,-0.0036035321314129543
1780294788.271871328,1780294788.265512228,-221.61557800758422,-117.32707741893167,1.3320468694683183,0.0,-0.0036035321314129543
1780294788.285743475,1780294788.278017044,-221.6073370799492,-117.34586106771647,1.326891286391669,0.0,-0.003828479402308916
1780294788.308638573,1780294788.298256636,-221.59412245761274,-117.37530401549678,1.3241066757244915,0.0,-0.016784349059784084
1780294788.339833975,1780294788.320087194,-221.57936321662464,-117.40896381104224,1.323753268850097,0.0,-0.021004054063073454
1780294788.354390383,1780294788.337913036,-221.56735477512055,-117.4372174434967,1.3238283636813446,0.0,-0.02100405408696877
1780294788.373066902,1780294788.358010292,-221.55317681599414,-117.47084123708197,1.3306992664952955,0.0,-0.006404707774150012
1780294788.398504972,1780294788.378818035,-221.53818345830928,-117.5060393752967,1.3485681475162434,0.0,-0.010629609762924692
1780294788.415784597,1780294788.398238897,-221.5237262655433,-117.5401734066155,1.3689992708847378,0.0,-0.0026094834851227676
1780294788.431331158,1780294788.418040037,-221.50900699499354,-117.57400070498788,1.380893641311801,0.0,0.010596393460726456
1780294788.458290815,1780294788.438004494,-221.4937718421228,-117.60966843055137,1.3859726373041505,0.0,0.010351244544333565
1780294788.470264435,1780294788.460203409,-221.47795331264527,-117.64475218024745,1.3878601057965292,0.0,0.01021115942652373
1780294788.490330219,1780294788.478032827,-221.46451326586865,-117.67509956575418,1.3924964314454702,0.0,-0.015114675567269812
1780294788.512236357,1780294788.502597570,-221.44661038895197,-117.71448496519184,1.3960276109416374,0.0,-0.01452690566079789
1780294788.525436878,1780294788.518294811,-221.4340001839159,-117.74327533796863,1.3969241743644834,0.0,-0.014526905652219627
1780294788.557422638,1780294788.538033009,-221.41780446809557,-117.78022679338551,1.4038916112693562,0.0,-0.0032325312555319605
1780294788.566289663,1780294788.558827877,-221.4013572675602,-117.81772213804035,1.405760649248022,0.0,-0.0032325311322150612
1780294788.592589617,1780294788.577992439,-221.38500844934617,-117.85601072410934,1.4105575074593515,0.0,-0.018619059919560872
1780294788.609027147,1780294788.598444700,-221.36794529813054,-117.89575038907367,1.4132617919402222,0.0,-0.011053438972546788
1780294788.628364563,1780294788.618012428,-221.351486063716,-117.93428160171372,1.415712387114468,0.0,-0.0061020023946384925
1780294788.652345181,1780294788.638006449,-221.33447762945877,-117.97410518370192,1.4171222061315483,0.0,0.001927687583203103
1780294788.666127443,1780294788.658011913,-221.31708693512448,-118.01552860406352,1.4158776378149542,0.0,-0.00573750410768911
1780294788.692386150,1780294788.678175211,-221.29867998524685,-118.05985603527495,1.4102460591981025,0.0,-0.005869295851790403
1780294788.711359739,1780294788.698034525,-221.280906371734,-118.1029407850322,1.4063751503970037,0.0,-0.011196133088583752
1780294788.736306429,1780294788.718012571,-221.26258514702224,-118.14796316356653,1.4040177222852848,0.0,-0.003403123861268476
1780294788.753035784,1780294788.738302469,-221.24490777219904,-118.19097619834352,1.4041123175274461,0.0,-0.004143488072504861
1780294788.784723282,1780294788.764309645,-221.22320657516963,-118.24319098683353,1.404663439777691,0.0,0.003226631447670821
1780294788.803065777,1780294788.786469460,-221.20502323298092,-118.28670061783511,1.4100285989023724,0.0,-0.019605597933123622
1780294788.817425966,1780294788.806116104,-221.1892401720367,-118.32447011574291,1.4111871017550905,0.0,-0.01960559799361396
1780294788.833214998,1780294788.819814682,-221.17750239322993,-118.35295295458054,1.4111871017551099,0.0,-0.01960559799361396
1780294788.852552414,1780294788.837997198,-221.16273741107432,-118.38799748821381,1.4273755284960974,0.0,0.0030140428598797696
1780294788.868982553,1780294788.861854553,-221.14508275914096,-118.42881573813527,1.4365454265172477,0.0,-0.0020955710089858126
1780294788.888158321,1780294788.878021955,-221.13044561981954,-118.46453601388576,1.4300432616676688,0.0,-0.004653455885205716
1780294788.915640354,1780294788.898009777,-221.1115480420704,-118.51152106366021,1.417656367380482,0.0,-0.0046339343582942555
1780294788.937639713,1780294788.917979956,-221.09295820952792,-118.55771383987226,1.4088755641867974,0.0,0.00202374328779055
1780294788.953052759,1780294788.937967300,-221.07479702817363,-118.60288927373782,1.385655386269695,0.0,-0.00819541806631452
1780294788.982167482,1780294788.957997084,-221.05686626016143,-118.64749332899618,1.3750087401070172,0.0,-0.01723696522809641
1780294789.010400534,1780294788.985226393,-221.03603452335787,-118.69738658484744,1.3731487421978392,0.0,-0.013938646686608422
1780294789.022324800,1780294789.013610125,-221.01537680164247,-118.7458855382559,1.4019854819218962,0.0,-0.00027126579545398363
1780294789.033711910,1780294789.023507595,-221.00613895363182,-118.76855218971272,1.407306583489077,0.0,-0.0002712657817919001
1780294789.051851749,1780294789.037985325,-221.0109239865381,-118.76386457108126,1.3991094051614124,0.0,-0.005659860411357939
1780294789.068918943,1780294789.058011293,-221.02428078502288,-118.74285407462582,1.4019833139512643,0.0,-0.004899830018202107
1780294789.093348980,1780294789.077993155,-221.0513771078735,-118.69487292228207,1.4101646075273258,0.0,-0.0005443052302128038
1780294789.120250702,1780294789.098089457,-221.07868475319688,-118.6468594123343,1.4190549493185958,0.0,-0.004769115283269973
1780294789.138247728,1780294789.123893499,-221.09034763085225,-118.63062512803423,1.4211242924511083,0.0,-0.004769115302906305
1780294789.150088310,1780294789.142901421,-221.09741547437778,-118.62229734596359,1.4158241543773393,0.0,-0.026607511396192895
1780294789.174530506,1780294789.158411264,-221.10130663271403,-118.61958858683185,1.3879546350552665,0.0,-0.02176455941566683
1780294789.187685013,1780294789.178459406,-221.09721347507872,-118.6330834194337,1.367317882071737,0.0,-0.006525571926607698
1780294789.212980986,1780294789.199165344,-221.0901078874904,-118.6533613244413,1.3570550488618807,0.0,0.00257431901755674
1780294789.243696451,1780294789.227190733,-221.07846912863064,-118.6842177580632,1.3627114371144742,0.0,-0.0024241814290014065
1780294789.265235424,1780294789.243955612,-221.07148194743894,-118.70408885314575,1.3894993390291699,0.0,-0.009277670740640022
1780294789.270677090,1780294789.262366772,-221.06275911661257,-118.72711305461608,1.395060859950735,0.0,-0.009277670749158362
1780294789.302114487,1780294789.278138161,-221.05477917948582,-118.74814807991513,1.4012871692663786,0.0,-0.006513808196765152
1780294789.313539267,1780294789.303235292,-221.04072697290982,-118.78170294720992,1.4036686198692323,0.0,-0.006513808171546686
1780294789.328376293,1780294789.318561792,-221.03099595712519,-118.80515123205765,1.3939250418710492,0.0,-0.02111116347539052
1780294789.352998734,1780294789.338120222,-221.01711172754693,-118.83785482701121,1.3872377643763676,0.0,-0.02690749930826187
1780294789.374656439,1780294789.358152151,-221.0027359498818,-118.87176502906108,1.3835298332850845,0.0,-0.020172830322377662
1780294789.398351431,1780294789.378088713,-220.9882781109055,-118.90568418642715,1.3770776029548097,0.0,-0.009263232634727642
1780294789.407160521,1780294789.398202181,-220.97420128155852,-118.93878679858761,1.3748960554025849,0.0,-0.009263232571661277
1780294789.425302029,1780294789.418121815,-220.95968208290296,-118.97270903140706,1.3766567596179509,0.0,-0.023834502176077802
1780294789.449644327,1780294789.438037395,-220.94495464094712,-119.00717918216368,1.3844651847512315,0.0,-0.015876233214671024
1780294789.473895788,1780294789.458010197,-220.9293358977754,-119.04395773587527,1.393809424235329,0.0,-0.013900489109849503
1780294789.494200230,1780294789.484598160,-220.9109603942281,-119.08718714134844,1.3963436177779123,0.0,-0.013900489086739225
1780294789.505268812,1780294789.498003721,-220.89932145416952,-119.11489175642697,1.4061834175867085,0.0,-0.024451557347429702
1780294789.528428078,1780294789.518160343,-220.88285770896564,-119.15396301973313,1.4112986790903173,0.0,-0.02028831871657162
1780294789.554445267,1780294789.539158583,-220.865057608991,-119.19633254694006,1.4140878032160389,0.0,-0.026785745033078994
1780294789.568382502,1780294789.558218241,-220.849125310413,-119.23428120398124,1.4148228678120964,0.0,-0.028679090835890198
1780294789.594789743,1780294789.578432560,-220.83168637699032,-119.27602313394344,1.4149314833352913,0.0,-0.04190592060066916
1780294789.618308544,1780294789.598277330,-220.81499663609407,-119.31608314161979,1.40644841385052,0.0,-0.031521599857989246
1780294789.634562492,1780294789.618263245,-220.80017492214188,-119.3517447173217,1.403212285669417,0.0,-0.03152159979903857
1780294789.664111137,1780294789.638789892,-220.78607179920786,-119.38568725837473,1.395741247923437,0.0,-0.024637894926445428
1780294789.673425913,1780294789.667141438,-220.76842389673112,-119.42811868990059,1.3936674440050467,0.0,-0.02463789484592555
1780294789.685111523,1780294789.677985191,-220.76034757377778,-119.44761438208998,1.403045178004166,0.0,-0.029273194845568288
1780294789.721523762,1780294789.698017120,-220.74544292863047,-119.48356999539163,1.4060582566989104,0.0,-0.017446061218931438
1780294789.739596367,1780294789.727074385,-220.7258957608633,-119.53074172528203,1.4065634785792798,0.0,-0.01744606098560948
1780294789.764956474,1780294789.752777815,-220.70749780970743,-119.5750779573439,1.444606331652878,0.0,-0.019714268889829457
1780294789.777694941,1780294789.767880678,-220.69417606373736,-119.60732515685486,1.450658273751321,0.0,-0.01971426889350963
1780294789.803249359,1780294789.786501169,-220.67988985707734,-119.6419682713682,1.450658273751359,0.0,-0.01971426889350963
1780294789.819671154,1780294789.807342291,-220.6654550499364,-119.67688420103401,1.4540082305097684,0.0,-0.022885423028869617
1780294789.832209826,1780294789.822335720,-220.654368988845,-119.70375343532848,1.4547758914238746,0.0,-0.02288542303470102
1780294789.853205681,1780294789.837990046,-220.64281721399445,-119.73186002251671,1.454865532386931,0.0,-0.013739409873187853
1780294789.872130394,1780294789.858063221,-220.62866625844032,-119.76632062869658,1.4549396878337688,0.0,0.0036398158619690563
1780294789.899456739,1780294789.878135681,-220.6135113087999,-119.80329726734236,1.4567213655689497,0.0,-0.0022714444260250096
1780294789.912975073,1780294789.904288769,-220.59598488717555,-119.84604076277799,1.4574137941714123,0.0,-0.002271444453249955
1780294789.926507235,1780294789.918012619,-220.58408820224133,-119.87509414105752,1.462775094736742,0.0,-0.02170979891573775
1780294789.954144001,1780294789.938006401,-220.56578307708216,-119.9198313892137,1.4735752952554184,0.0,-0.003176855420319362
1780294789.971631050,1780294789.957979441,-220.54743245783658,-119.96467605216836,1.480534676984697,0.0,-0.0012849599140019345
1780294789.991398335,1780294789.978010416,-220.5290878169064,-120.00955229440422,1.4826624007438414,0.0,-0.017113169073047885
1780294790.009877205,1780294789.998008013,-220.50871433535264,-120.05956036940677,1.4870678622247462,0.0,-0.012723296585116468
1780294790.031879902,1780294790.018007278,-220.4875535832911,-120.1117478652679,1.4923523138024404,0.0,-0.0037373791055090224
1780294790.054149151,1780294790.038008690,-220.50330879371901,-120.07602583718152,1.4845290986832063,0.0,-0.01941510459662913
1780294790.072539330,1780294790.058712721,-220.51958379560605,-120.03891752257437,1.4924790178608753,0.0,-0.028138033667032096
1780294790.090742826,1780294790.077996016,-220.53583260098264,-120.00128312993904,1.4957881047176205,0.0,-0.025735834677144322
1780294790.111082315,1780294790.099092484,-220.54640797957813,-119.97701197260564,1.5041244730758472,0.0,0.009739523567535019
1780294790.139891386,1780294790.118065357,-220.55484232764914,-119.95767552586854,1.5160945268081418,0.0,0.004802532784480821
1780294790.152608395,1780294790.140296221,-220.54982338950265,-119.97058688097813,1.51853355661538,0.0,0.004802532770254911
1780294790.202197790,1780294790.167825699,-220.54004304207905,-119.99504995776067,1.5256548251129844,0.0,-0.02679547029734645
1780294790.217682362,1780294790.208101273,-220.52060362348172,-120.04313958995732,1.5280692967276324,0.0,-0.026795470415996864
1780294790.255867243,1780294790.230050325,-220.51047973664942,-120.0682252099302,1.5172645762922579,0.0,0.007216598035376977
1780294790.278546810,1780294790.258605480,-220.49436301890205,-120.1078027520842,1.515846564654003,0.0,0.007216598101677958
1780294790.287586689,1780294790.281244516,-220.48098709257738,-120.14060706070117,1.5495871638595653,0.0,0.0004936632540837255
1780294790.316906929,1780294790.301415682,-220.46711559222928,-120.17442614952023,1.5611971135497156,0.0,0.020404947510740182
1780294790.336958647,1780294790.319616556,-220.45382151538539,-120.20655283894037,1.562820621917249,0.0,0.02040494760085774
1780294790.358929873,1780294790.343322515,-220.43697340291249,-120.24746206068698,1.5958219947154895,0.0,-0.02254718222471495
1780294790.375817537,1780294790.368898392,-220.41854018395026,-120.29220317417621,1.6051940288856292,0.0,-0.022547182332700238
1780294790.392445803,1780294790.382094383,-220.40677764052873,-120.32016976152599,1.6076776805829962,0.0,0.04398351883300229
1780294790.411542416,1780294790.397996664,-220.39326481028925,-120.35229532415158,1.6058447899176727,0.0,0.04754038686349292
1780294790.429862261,1780294790.418027401,-220.37581954318395,-120.39381839717284,1.6037509191737664,0.0,-0.0002974237474681063
1780294790.454197884,1780294790.438012600,-220.3564521324134,-120.43970882629533,1.610564933822513,0.0,-0.0247577632591876
1780294790.472298622,1780294790.458431244,-220.33587283357477,-120.48855008871429,1.623925170776211,0.0,0.018928943806922272
1780294790.542166948,1780294790.478011131,-220.31521132706,-120.53751744152947,1.6320545769001136,0.0,0.025780173053461086
1780294790.566744089,1780294790.546993017,-220.26574219741437,-120.65718962089022,1.6335971679351766,0.0,0.02578017312969981
1780294790.578230619,1780294790.561627865,-220.25067637866854,-120.69280532335682,1.6060827167406655,0.0,0.015949280830774747
1780294790.592787266,1780294790.578488350,-220.23599633563558,-120.72776922713095,1.6041823500218544,0.0,0.0159492808282404
1780294790.612493753,1780294790.598005533,-220.21839203790236,-120.7697966007026,1.6171171966988769,0.0,-0.012798143743173764
1780294790.632054806,1780294790.618135691,-220.19919191196539,-120.81574950437893,1.6400111467761214,0.0,0.0068830651833112315
1780294790.653776169,1780294790.637994289,-220.17790959267526,-120.86652864268311,1.654275304039803,0.0,0.03273928019338975
1780294790.676659584,1780294790.657983303,-220.1566916225596,-120.91717911191805,1.6926312429930015,0.0,0.01493444064926163
1780294790.693451643,1780294790.678299904,-220.13441804757602,-120.97021296728514,1.7108750767564898,0.0,0.009876077059485773
1780294790.709802866,1780294790.698247910,-220.11353124655528,-121.01999213556802,1.7234103156052512,0.0,-0.014405580342982824
1780294790.731656075,1780294790.717975378,-220.09376138241106,-121.06713121198041,1.731170523705891,0.0,0.018847006259021616
1780294790.747831821,1780294790.737998486,-220.07466100076914,-121.11265994945362,1.7303228695944926,0.0,0.028880466061329373
1780294790.774996281,1780294790.758344650,-220.05395443630016,-121.16180391890612,1.7282743477689637,0.0,0.012405613581137547
1780294790.789129019,1780294790.778051138,-220.033812343707,-121.20955891818262,1.7184334218478878,0.0,-0.001455310010521389
1780294790.816515446,1780294790.797985077,-220.01362863429551,-121.25740880145271,1.7113807187173202,0.0,0.0208348299475958
1780294790.837396383,1780294790.819507599,-219.99375781663707,-121.30463943829177,1.710034800209091,0.0,0.020834830054111974
1780294790.862864733,1780294790.842078447,-219.9730229545064,-121.35388532167404,1.7129163994236143,0.0,0.026150476354560075
1780294790.868735075,1780294790.858983994,-219.95688700258975,-121.39218651610135,1.7136815741685578,0.0,0.02615047637366445
1780294790.897016764,1780294790.878316879,-219.93870731689557,-121.43535341531194,1.7300071861934059,0.0,0.007806484764278893
1780294790.917658329,1780294790.904820204,-219.9170253074993,-121.48698067164861,1.7343927624341926,0.0,0.007806484692933821
1780294790.944751978,1780294790.927759409,-219.89598612947964,-121.53682525187473,1.7499228807168765,0.0,0.05524137077683947
1780294790.962688684,1780294790.956311464,-219.87076660404747,-121.59652357127483,1.7534350218866175,0.0,0.05524137084500265
1780294790.978054523,1780294790.968651295,-219.8572212320623,-121.62840541690925,1.7854011569123907,0.0,0.03225718618455496
1780294790.989843845,1780294790.979925632,-219.84431022445105,-121.65874047764342,1.7957482943511662,0.0,0.03225718604945924
1780294791.011895180,1780294790.998004675,-219.8251517563083,-121.70378176298588,1.8047340508297525,0.0,0.03236170735769197
1780294791.026145935,1780294791.018007994,-219.80304213187787,-121.75565145679103,1.7957976469486159,0.0,0.04608691877495091
1780294791.062980890,1780294791.039144516,-219.79852576636395,-121.76418078210645,1.7794106497602158,0.0,0.041797436406883166
1780294791.074297905,1780294791.063140631,-219.79084618681318,-121.7801976063477,1.7751854225566133,0.0,0.04179743630741245
1780294791.104903936,1780294791.078219175,-219.80015330004514,-121.75504164454826,1.7621508497988594,0.0,0.013696154349255685
1780294791.117878199,1780294791.100875854,-219.80137360086275,-121.74932821601666,1.759368530210264,0.0,0.013696154298257516
1780294791.131825447,1780294791.125986099,-219.80483579655242,-121.73776506958798,1.7983598333049273,0.0,0.03914299121015821
1780294791.147291660,1780294791.138274670,-219.81001659739465,-121.72267430352834,1.820335659195672,0.0,0.007191801746579733
1780294791.167405844,1780294791.159041405,-219.80868956605127,-121.7224820790656,1.838367289083726,0.0,0.015070628448790594
1780294791.191395044,1780294791.178378105,-219.80448681367614,-121.72871576287507,1.8532335145225336,0.0,0.034200617945216304
1780294791.213368416,1780294791.198616266,-219.79740454937138,-121.74162160222316,1.8591740993575145,0.0,0.04274870892069632
1780294791.238065004,1780294791.219106436,-219.78650546033762,-121.76376441324457,1.846254028884851,0.0,0.0160948824075238
1780294791.249330759,1780294791.239442587,-219.77378888614885,-121.79087377675879,1.8409038616622064,0.0,0.0160948822867593
1780294791.273510456,1780294791.258342028,-219.7597450375325,-121.82073061744185,1.8271641254729027,0.0,0.020360137893390234
1780294791.309206486,1780294791.279195309,-219.7428150936181,-121.85796287927951,1.8201151126801995,0.0,0.0417318630781173
1780294791.330255270,1780294791.317360878,-219.71324595096698,-121.92436804626809,1.8188420529543694,0.0,0.04173186363330326
1780294791.346785784,1780294791.335959196,-219.6966851632682,-121.96075174496902,1.8255072218585402,0.0,0.014510360772085985
1780294791.375555754,1780294791.348124266,-219.68377536477854,-121.98833359425429,1.826557320078626,0.0,0.014510360745378493
1780294791.384812832,1780294791.378340960,-219.65859634109628,-122.0443637289434,1.828311301381744,0.0,0.050364810532150715
1780294791.410130501,1780294791.398233652,-219.638239688072,-122.08833311347546,1.8325316504305829,0.0,0.03308388112108565
1780294791.441361427,1780294791.417989731,-219.61362944743263,-122.14059407317033,1.8341725455179725,0.0,0.02680744042561369
1780294791.468170881,1780294791.453943491,-219.57894888994937,-122.2158921610024,1.8344351113928852,0.0,0.026807440396179986
1780294791.480526924,1780294791.471034050,-219.5583027809859,-122.25964368729794,1.8289637952729527,0.0,0.03549434558739609
1780294791.497649193,1780294791.482427597,-219.54113952571913,-122.29528556106924,1.8281313086491167,0.0,0.03549434559555823
1780294791.515186071,1780294791.497970343,-219.52197898065953,-122.33594210300895,1.8262349881017952,0.0,0.0173458038470157
1780294791.525073767,1780294791.518556118,-219.5007909231625,-122.38165628743049,1.8237751728284763,0.0,0.020030532140170944
1780294791.550012112,1780294791.541749716,-219.47639676854814,-122.43407932461001,1.8221327095288173,0.0,0.037536929668858625
1780294791.565551043,1780294791.558006525,-219.45536926211878,-122.47874370076278,1.8223861002828596,0.0,0.03279165491393322
1780294791.588290453,1780294791.578015804,-219.4283550338988,-122.53604874844179,1.8227527838065332,0.0,0.008114291702115434
1780294791.607453585,1780294791.598010063,-219.39888283924265,-122.59821752082075,1.8281790633555484,0.0,-0.007107890354347151
1780294791.629782677,1780294791.618122339,-219.36768235295705,-122.66358655890629,1.8314836436006958,0.0,0.02384717413787967
1780294791.655179024,1780294791.638015270,-219.3358650205069,-122.73010788504651,1.8324219178084447,0.0,0.050182196476706166
1780294791.676118612,1780294791.657985687,-219.30681654505565,-122.79076474119952,1.8278750174677632,0.0,0.036973540298160544
1780294791.712750435,1780294791.678899527,-219.27988958777902,-122.84721164710868,1.8211230832276468,0.0,-0.00039125247911279276
1780294791.726502657,1780294791.717912674,-219.24247862472953,-122.92681820517404,1.8192328951490213,0.0,-0.00039125269644559144
1780294791.758077383,1780294791.737998009,-219.22003149700896,-122.9743360244441,1.8021823092096638,0.0,0.017164481960248102
1780294791.766073942,1780294791.757999897,-219.1990657645552,-123.01885358861536,1.7978497961234357,0.0,-0.007884011110415548
1780294791.787756205,1780294791.778058529,-219.17642825576684,-123.06683141834563,1.791973016903083,0.0,0.015659759439675295
1780294791.817282438,1780294791.798803091,-219.15041436518865,-123.12175597674359,1.7898557969426732,0.0,0.023794779710382238
1780294791.843325615,1780294791.819704056,-219.1210285664183,-123.18339628393838,1.786698072440247,0.0,0.046207571483822124
1780294791.871777296,1780294791.839150906,-219.0957706098693,-123.23636731667764,1.785589654670982,0.0,0.04620757157958049
1780294791.888005972,1780294791.873152971,-219.059712129063,-123.31214884322559,1.7917654212575838,0.0,0.03233937255464469
1780294791.902996302,1780294791.887156725,-219.04002460852595,-123.35303954469825,1.7927115535388112,0.0,0.032339372538324425
1780294791.910714388,1780294791.898547888,-219.02566582986913,-123.38287028269384,1.7927115535388116,0.0,0.032339372538324425
1780294791.927234888,1780294791.918004274,-219.00559396188257,-123.42486085989151,1.7935059271966962,0.0,0.03321833877688365
1780294791.958562851,1780294791.938210487,-218.98046118276525,-123.47730502979115,1.7934149165993831,0.0,0.017366327960184908
1780294791.975733757,1780294791.961071014,-218.9548716841523,-123.53076679953801,1.7932932126162482,0.0,0.0173663278306644
1780294791.990311861,1780294791.980494022,-218.93183409752146,-123.57881602239732,1.7901543876805013,0.0,0.029096446230869506
1780294792.012840509,1780294792.001840353,-218.90645817493902,-123.63167936315857,1.7713430076506997,0.0,0.0381593419820844
1780294792.029208183,1780294792.017994881,-218.88620407089857,-123.67384274458107,1.7512064538961192,0.0,0.027696099636265625
1780294792.049757719,1780294792.037964106,-218.88814784211374,-123.66739826134105,1.7348298660527364,0.0,0.018704102595992228
1780294792.076723099,1780294792.057931185,-218.90532269766658,-123.62737493724259,1.7259513614532578,0.0,0.018704102516063977
1780294792.091193914,1780294792.081369638,-218.9269927418863,-123.57748385203865,1.7280331178168002,0.0,0.030369781366679196
1780294792.118630409,1780294792.098351955,-218.96785320411018,-123.48607708465057,1.732449015322693,0.0,0.031096690056751225
1780294792.127484322,1780294792.119246960,-218.98836312389076,-123.43934464706768,1.7331559779235004,0.0,0.03109669005982066
1780294792.148768187,1780294792.138003826,-219.00407549192917,-123.40307041978217,1.7386231459590367,0.0,0.01674391482775264
1780294792.173608780,1780294792.158019066,-219.00974495084105,-123.38872071123967,1.7419040039050924,0.0,0.05372470402758874
1780294792.202588797,1780294792.177996635,-219.00825186881062,-123.38988446632769,1.7421991790807358,0.0,0.052236157999184615
1780294792.210461378,1780294792.203816414,-218.99493384159,-123.41636184568002,1.742108677882505,0.0,0.05223615799486687
1780294792.232120275,1780294792.218399763,-218.98923395989166,-123.42710732981087,1.733331805075253,0.0,0.02549082027827829
1780294792.248333693,1780294792.238007784,-218.97598618829204,-123.45367044575607,1.7243475186944222,0.0,0.04625705192314369
1780294792.286009789,1780294792.276670218,-218.9464037547692,-123.51389852204454,1.7182611211900727,0.0,0.04489742335194295
1780294792.301358461,1780294792.286040545,-218.9381262289297,-123.53037658791355,1.7128860714045278,0.0,0.02624310107395541
1780294792.306477785,1780294792.298069715,-218.92795491845473,-123.55074124822363,1.712119672889352,0.0,0.026243101035356747
1780294792.332090378,1780294792.323528290,-218.907077807531,-123.59271085727117,1.7168569256238047,0.0,0.06170185604477081
1780294792.344586611,1780294792.338230848,-218.89389573393987,-123.61897680738159,1.7180370337803692,0.0,0.061701856231573364
1780294792.367561340,1780294792.358012676,-218.87486497833928,-123.6565600126294,1.7188072565437875,0.0,0.020273501428825787
1780294792.391321898,1780294792.378318310,-218.85434057513285,-123.69690748015891,1.7173397040857739,0.0,0.026384606685581194
1780294792.415664434,1780294792.398508787,-218.83368991906895,-123.73741701175787,1.7073433764986186,0.0,0.04148765613788619
1780294792.431466103,1780294792.419519901,-218.81243774294617,-123.77921500126105,1.7002979056538934,0.0,0.0248482979220775
1780294792.447742224,1780294792.438003302,-218.7934139304914,-123.81660369698297,1.6758267192792198,0.0,-0.006228505894931988
1780294792.471103668,1780294792.458286762,-218.77210868516482,-123.85875421092405,1.6616487652470022,0.0,-0.004189449491305399
1780294792.488604546,1780294792.478256464,-218.75156003753347,-123.89956111565728,1.6569572023083783,0.0,0.0305241091255915
1780294792.510809898,1780294792.497987509,-218.73094753537197,-123.94040331299279,1.6676434194309449,0.0,0.050243815741102794
1780294792.538190842,1780294792.523866177,-218.70453016238756,-123.99265651207845,1.6720779756301263,0.0,0.05024381585580933
1780294792.558188677,1780294792.541584015,-218.68398662204484,-124.03304265235943,1.6981334383950917,0.0,0.015297777898234055
1780294792.568639278,1780294792.558995962,-218.66493909672573,-124.0705042277308,1.70329281770412,0.0,0.015297777780145344
1780294792.587526083,1780294792.578156948,-218.6421974699519,-124.11514634900306,1.7066700298706314,0.0,0.04249780438127154
1780294792.616841078,1780294792.600558043,-218.61597907265772,-124.16652101559094,1.711457757253293,0.0,0.024374900049903957
1780294792.629820824,1780294792.618319988,-218.5955015741575,-124.20663360163798,1.7128302027624904,0.0,0.02437489993539872
1780294792.665080547,1780294792.641133070,-218.57021410409968,-124.25610837008136,1.70495161042342,0.0,0.018217799210270277
1780294792.681822777,1780294792.672582150,-218.53836080291083,-124.3184658349975,1.7027916422380236,0.0,0.01821779919628994
1780294792.691984177,1780294792.681478977,-218.52703198483033,-124.3404013710734,1.6676292844750988,0.0,0.057434878222577104
1780294792.713570833,1780294792.698056459,-218.50806571691706,-124.37743328195903,1.658124286434669,0.0,0.04023246073858648
1780294792.726796865,1780294792.718008041,-218.4854142007443,-124.42157782499334,1.6679346962041464,0.0,0.026237981851241196
1780294792.760944128,1780294792.738226891,-218.4605711962197,-124.47011044052495,1.6848062870697604,0.0,0.04576133488039843
1780294792.775725842,1780294792.759618998,-218.43637897354085,-124.51733177539533,1.6894107963607214,0.0,0.04576133499417018
1780294792.791455030,1780294792.778454781,-218.41197915396322,-124.56490065730405,1.6996284298508322,0.0,0.01428491251191464
1780294792.808663368,1780294792.797988892,-218.3888828362539,-124.60985196638383,1.7044251629489076,0.0,0.012522113998402898
1780294792.833872318,1780294792.818954706,-218.36372511713418,-124.65888398097343,1.694559823245344,0.0,0.040284414880299234
1780294792.848436356,1780294792.838047504,-218.34252029212288,-124.7000873579094,1.6547313748455417,0.0,0.05942948287506044
1780294792.875272989,1780294792.859013796,-218.3179524504099,-124.74776776734124,1.6291274894018053,0.0,0.0413059840409882
1780294792.895164013,1780294792.877971411,-218.29583775557876,-124.79054706400663,1.6218256796655512,0.0,0.016493837638392496
1780294792.913296700,1780294792.898087978,-218.2726528710581,-124.83538447276746,1.637426491157214,0.0,0.019335514227027343
1780294792.929330349,1780294792.918001413,-218.2504253930078,-124.8782330509956,1.6524664259455237,0.0,0.04205924065030341
1780294792.959743738,1780294792.937997103,-218.22791013099857,-124.92164016765706,1.6623064464267638,0.0,0.040286055793762966
1780294792.973257065,1780294792.958160639,-218.20576144127745,-124.96417975867793,1.6821507999013092,0.0,0.030688671516078216
1780294792.988228559,1780294792.978439808,-218.18321081809944,-125.00749357371285,1.6954291446559766,0.0,0.03835524716645048
1780294793.020117044,1780294792.998005867,-218.15823239004794,-125.0554231162066,1.6912702304951646,0.0,0.036771926431952776
1780294793.038123131,1780294793.018067837,-218.1344302486406,-125.1009936313361,1.688699086702166,0.0,0.03677192641409118
1780294793.057199478,1780294793.047716379,-218.1210698595449,-125.12508828535083,1.6561231984222171,0.0,0.03924156825132953
1780294793.074905157,1780294793.062281609,-218.11973024703101,-125.12636436525858,1.6474166592635566,0.0,0.039241568256192856
1780294793.084782124,1780294793.077992201,-218.1334647846132,-125.09796055265923,1.6098284209331526,0.0,0.03576297536345487
1780294793.111378908,1780294793.098005533,-218.15700839862635,-125.04965687783196,1.6025574663498752,0.0,0.03709648664538861
1780294793.137704372,1780294793.127212286,-218.16992013216887,-125.0217950554636,1.6238978442722605,0.0,0.03367148593880801
1780294793.153467178,1780294793.137997627,-218.18644624335636,-124.98811999344515,1.6434912733224747,0.0,0.027984533079183225
1780294793.173005581,1780294793.157961607,-218.190373239644,-124.97876535517815,1.646467068979294,0.0,0.027984533048253626
1780294793.192461729,1780294793.181387663,-218.18609971669642,-124.98523508360684,1.666767546365716,0.0,0.01672946800601717
1780294793.209451675,1780294793.203141689,-218.1768478547332,-125.00176298016243,1.6803145291105848,0.0,0.010184373591799903
1780294793.228513479,1780294793.218151808,-218.1714970701744,-125.01116806309999,1.6683323021327217,0.0,0.013327702623963222
1780294793.249620676,1780294793.237993717,-218.1608438133311,-125.03074951785098,1.6500046160778399,0.0,0.01807347063608774
1780294793.276168585,1780294793.257967949,-218.14959688738685,-125.05147241143685,1.6370438970557273,0.0,0.016640859743448685
1780294793.289474487,1780294793.278120518,-218.13653002923752,-125.07581719130262,1.6343073711349492,0.0,0.016640859738625287
1780294793.334702730,1780294793.313565016,-218.11056580180423,-125.12442377109653,1.6273302789259416,0.0,0.016642658927972936
1780294793.352566481,1780294793.337332487,-218.0916414092287,-125.15986291148798,1.6514952719551808,0.0,0.027195995613087526
1780294793.362783909,1780294793.354403973,-218.07751201119848,-125.1863165295133,1.656859493955797,0.0,0.02719599562607829
1780294793.376827478,1780294793.367460489,-218.06581346951128,-125.20823494281024,1.661129707079426,0.0,0.023585055455083444
1780294793.395268679,1780294793.377943754,-218.05619944413888,-125.22624544212707,1.6665561669283477,0.0,0.022512250205940713
1780294793.423144817,1780294793.397984028,-218.0385384546888,-125.25923990254694,1.6640725277258634,0.0,0.028968156615796034
1780294793.440432072,1780294793.431404829,-218.0108971906182,-125.31076089106969,1.6627319273860974,0.0,0.02896815663531409
1780294793.457960129,1780294793.448804379,-217.9952094646295,-125.34008884625754,1.6263117277033345,0.0,0.03695854321357686
1780294793.466865778,1780294793.461421490,-217.98265301170707,-125.36365948438181,1.619318021562089,0.0,0.03695854323098475
1780294793.486713886,1780294793.477987528,-217.96365593866935,-125.39940521285476,1.6154367796824587,0.0,0.03158929727943624
1780294793.513964653,1780294793.498011589,-217.9394963915169,-125.4448632311135,1.620283101402394,0.0,0.04051673838287924
1780294793.531073093,1780294793.518055916,-217.91507624576008,-125.49079856035263,1.6310080841064851,0.0,0.05223188184408392
1780294793.571068048,1780294793.542019606,-217.88696088901918,-125.54337787376869,1.6371518362410848,0.0,0.05764457412838609
1780294793.615076065,1780294793.587046862,-217.84283496938875,-125.62512980986315,1.6383395685955455,0.0,0.057644574159637314
1780294793.648063421,1780294793.623049021,-217.8085774653024,-125.68816460305574,1.6318285355984223,0.0,0.08022504681478551
1780294793.688698530,1780294793.654772282,-217.7784110639291,-125.74329042614258,1.6310268386002844,0.0,0.08022504683491838
1780294793.709296465,1780294793.695338488,-217.74196726474247,-125.80930438536458,1.637749086197922,0.0,0.049376892609923353
1780294793.716432095,1780294793.710593224,-217.72562927219553,-125.83898721537736,1.6383213268267576,0.0,0.04937689257367426
1780294793.724210501,1780294793.720450401,-217.7150074832175,-125.85825082758332,1.6297461302363352,0.0,0.05824342980714863
1780294793.748123169,1780294793.738008022,-217.6933520815459,-125.89778497428574,1.6141193880472122,0.0,0.02356371556662605
1780294793.770962238,1780294793.758109570,-217.66617583367716,-125.94750787714416,1.6043597159884029,0.0,0.01772909194124516
1780294793.803426743,1780294793.778336525,-217.6381762539578,-125.99873861604692,1.5990505803951116,0.0,0.0451050768627256
1780294793.817013025,1780294793.804054260,-217.608056007723,-126.05339268663198,1.597809637978935,0.0,0.04510507749136777
1780294793.837111235,1780294793.822731972,-217.5823131420349,-126.10024739477271,1.6109870510720452,0.0,0.028738788879669998
1780294793.852054834,1780294793.839985132,-217.5603300348731,-126.14003312461091,1.6140593917674186,0.0,0.028738788832385113
1780294793.867315292,1780294793.858661413,-217.5374814960762,-126.18110622260711,1.6357755346033886,0.0,0.05440629911864035
1780294793.890888453,1780294793.877997637,-217.51081745765202,-126.22922330196448,1.650924313384039,0.0,0.059201550318508336
1780294793.912244081,1780294793.898030043,-217.47997336898806,-126.28491233866126,1.6467630188639613,0.0,0.03241087196775996
1780294793.945695162,1780294793.917992830,-217.44725945904725,-126.34408051199378,1.6407658058457695,0.0,0.01810215563457509
1780294793.964343309,1780294793.948081255,-217.40896154052732,-126.41264345553147,1.6396041527447978,0.0,0.018102155551864587
1780294793.998883009,1780294793.969352722,-217.37993004568602,-126.46478189697858,1.622054415665907,0.0,0.04885360280985222
1780294794.026278019,1780294794.007786274,-217.34081154892183,-126.5338427619313,1.6184555906766933,0.0,0.048853602846326304
1780294794.033603907,1780294794.027310610,-217.3500296822713,-126.5165554517908,1.5971188394204576,0.0,0.04002310847468271
1780294794.066704988,1780294794.042215109,-217.36234034532512,-126.49372294976418,1.5964953352689677,0.0,0.04002310846759336
1780294794.084229469,1780294794.068936825,-217.38056888816828,-126.45978193237792,1.5738351284289192,0.0,0.0400231084671527
1780294794.096643209,1780294794.084613800,-217.39934064744384,-126.42539384438909,1.6041109043143775,0.0,0.01585753119025598
1780294794.123048782,1780294794.106796980,-217.41562511931096,-126.39527850359912,1.6231938888161508,0.0,0.00968949256344978
1780294794.142899990,1780294794.131395102,-217.41821766588356,-126.38974831701367,1.640765806090279,0.0,0.034134902069455506
1780294794.153588772,1780294794.142609835,-217.4269030230089,-126.37405755839016,1.64370208855728,0.0,0.03413490211080272
1780294794.168990850,1780294794.158037663,-217.42603949251665,-126.37518898005631,1.6461680987481517,0.0,0.025096558813004252
1780294794.188195229,1780294794.179414749,-217.4199931508479,-126.3855737779028,1.6411429729853373,0.0,0.01759925680080818
1780294794.216149092,1780294794.198005199,-217.41295888834767,-126.39806910560861,1.6344599538190667,0.0,0.022438762674211632
1780294794.225735426,1780294794.217965841,-217.40174560749998,-126.41802421505209,1.6300454521568137,0.0,0.04107694856779756
1780294794.280827045,1780294794.239603758,-217.38873833387728,-126.44144342721606,1.6324552001246289,0.0,0.03576040751354359
1780294794.326689959,1780294794.282778263,-217.3560010937053,-126.49885826352266,1.6338510508711237,0.0,0.03576040748878081
1780294794.342207670,1780294794.332568645,-217.31542077231626,-126.56958291007955,1.6460675338015842,0.0,0.021686555501477064
1780294794.352475405,1780294794.343716383,-217.30586677647574,-126.58663523955397,1.6469629790978926,0.0,0.021686555487906132
1780294794.368712902,1780294794.357982874,-217.29213497490483,-126.61069542251131,1.647359423074753,0.0,0.024267486828846538
1780294794.397058964,1780294794.377993822,-217.27079758564423,-126.64773160054557,1.6438825005794702,0.0,0.03375941931399149
1780294794.416798592,1780294794.398670912,-217.24814769988367,-126.68709807305869,1.6325766415299692,0.0,0.049058858911207204
1780294794.431213140,1780294794.418340683,-217.22754548353825,-126.72276708609168,1.6287875958960816,0.0,0.049058858999835794
1780294794.445449114,1780294794.437982321,-217.20561476944522,-126.76080232311071,1.6357345493359496,0.0,0.030886265900929112
1780294794.474680662,1780294794.458707333,-217.18245151445365,-126.80095074676585,1.6469657785088916,0.0,0.030231478444257037
1780294794.489761353,1780294794.479041576,-217.15990989708493,-126.83982290371611,1.6539112569585308,0.0,0.044839063539492754
1780294794.517900705,1780294794.498019218,-217.13792075854343,-126.87771458652348,1.6664608827483116,0.0,0.03563469469188118
1780294794.525187731,1780294794.520820856,-217.11311294360158,-126.92032156113387,1.670688927508224,0.0,0.035634694650570654
1780294794.567002058,1780294794.548041105,-217.08043284376947,-126.97631344200222,1.6769433642050189,0.0,0.042356445657950596
1780294794.584396839,1780294794.575239897,-217.04779521855093,-127.03210459690254,1.6780744251843882,0.0,0.04235644572302185
1780294794.617393017,1780294794.596166372,-217.02082278757138,-127.07822974865537,1.6595174818737475,0.0,0.02029466428281546
1780294794.653362989,1780294794.633561611,-216.98173528202435,-127.14457535328107,1.6560536786499034,0.0,0.020294664248253207
1780294794.665449381,1780294794.657744169,-216.95194138189348,-127.19520894504615,1.6629818847928266,0.0,0.047821570632685724
1780294794.676488876,1780294794.669200420,-216.93703633512442,-127.22052345294429,1.663862647232594,0.0,0.04782157065378473
1780294794.697308064,1780294794.685415745,-216.91736436716698,-127.25384323561829,1.6638626472412088,0.0,0.04782157065378473
1780294794.716350794,1780294794.702132702,-216.89881194482732,-127.28516301238282,1.671153419277075,0.0,0.03519095696483743
1780294794.730092287,1780294794.724562168,-216.87312464440265,-127.32851724652872,1.6737041330269928,0.0,0.03519095686573178
1780294794.747141123,1780294794.738005400,-216.85512466166122,-127.35897203938691,1.661989104540646,0.0,0.03535818316667153
1780294794.779397964,1780294794.766733646,-216.8176507978735,-127.42242453130177,1.6566167835371244,0.0,0.027728313254208208
1780294794.797174931,1780294794.788189650,-216.78683354386075,-127.47464258471305,1.6501882348203303,0.0,0.0259986704987507
1780294794.812513828,1780294794.802003145,-216.76356982047514,-127.51417717311287,1.6473813788463016,0.0,0.02786100477188288
1780294794.825830221,1780294794.818051815,-216.7387333536474,-127.55631732475821,1.6469310734767681,0.0,0.027861004779390144
1780294794.852300644,1780294794.838040352,-216.7106016070385,-127.60391245827962,1.659180988493827,0.0,0.02610822475417692
1780294794.877926826,1780294794.858105659,-216.68323128312005,-127.64995831265665,1.6678319186495107,0.0,0.025036249334144306
1780294794.889479160,1780294794.879238367,-216.6551039744358,-127.69725815140066,1.6694364903566004,0.0,0.025036249329165292
1780294794.913571358,1780294794.898252726,-216.62710196137894,-127.74445631659493,1.6865933814987013,0.0,0.002638093529120304
1780294794.928491592,1780294794.918012857,-216.59863231531722,-127.79229907476555,1.6918954583165402,0.0,0.004396390571464522
1780294794.953393221,1780294794.937992811,-216.56810029730553,-127.8435949770718,1.6974411766505608,0.0,0.01337883230462023
1780294794.970273733,1780294794.959100246,-216.5385622926092,-127.8931690440054,1.6916890017688622,0.0,0.009885733264288297
1780294794.992880344,1780294794.977995872,-216.51124068057254,-127.93896860690118,1.6886478237027678,0.0,0.010135697705026314
1780294795.011291027,1780294794.997971535,-216.4831600859201,-127.98591990386174,1.6757600005067261,0.0,0.020016153309274434
1780294795.035401821,1780294795.021031380,-216.4526124516328,-128.036881498535,1.6610223860087736,0.0,0.01988131352612889
1780294795.057920456,1780294795.046724558,-216.45409898433672,-128.03376590226623,1.6488635367622577,0.0,0.019881313525345015
1780294795.071202517,1780294795.065201998,-216.45997525859832,-128.02343050393952,1.64754411728452,0.0,0.007950980888716005
1780294795.088661671,1780294795.078548670,-216.48773104691588,-127.9765098505676,1.6484170071349857,0.0,0.009082454568261787
1780294795.105998516,1780294795.098000765,-216.51578740819693,-127.9291982012878,1.6529670661803217,0.0,0.005754961830597377
1780294795.133711815,1780294795.118273497,-216.55409529921033,-127.86554767568579,1.6649525089248196,0.0,-0.021009755889576674
1780294795.153390169,1780294795.142853260,-216.56561676894268,-127.84687553576526,1.6734158978318154,0.0,-0.01495360348386749
1780294795.173454046,1780294795.157966852,-216.57750418061514,-127.82803390052639,1.6770897967319927,0.0,0.0009102838060308927
1780294795.194064856,1780294795.179006577,-216.57537639395562,-127.83260689234658,1.674746727433187,0.0,0.011567895778576299
1780294795.213973761,1780294795.201263905,-216.56667424173614,-127.84809817053487,1.6718672756349433,0.0,-0.005471634630692
1780294795.235454798,1780294795.218078136,-216.5562570658711,-127.86601630333813,1.6712817360815322,0.0,-0.005471634702125692
1780294795.248270035,1780294795.237964153,-216.541350833712,-127.89152040122374,1.66718646110466,0.0,-0.013780218839589306
1780294795.271559954,1780294795.262557268,-216.5207238229734,-127.92660175376842,1.6650999491955834,0.0,-0.0067404027960841564
1780294795.289074898,1780294795.278322935,-216.50638428840065,-127.95118974012713,1.666432533970266,0.0,-0.020427292376469577
1780294795.315380335,1780294795.297977448,-216.48719011332093,-127.983860553419,1.6673745096455326,0.0,-0.03786577315792374
1780294795.330575228,1780294795.320951223,-216.4655052578927,-128.02070953367837,1.6675514849478796,0.0,-0.03786577337492303
1780294795.352456570,1780294795.337992430,-216.44792621214282,-128.05047840289956,1.6748676774861644,0.0,0.04267496826588092
1780294795.367820978,1780294795.358264446,-216.426940683972,-128.08586709973665,1.678134886248462,0.0,0.016772881555138213
1780294795.392929077,1780294795.377990007,-216.40489330636655,-128.12300541474787,1.6797240628664474,0.0,-0.023848196497444803
1780294795.414813280,1780294795.397972584,-216.3826148164599,-128.16048555228772,1.6774074794619347,0.0,-0.02435607296832273
1780294795.425012589,1780294795.418009043,-216.36084582683222,-128.19714456286812,1.6763612207027276,0.0,-0.02435607297074496
1780294795.449521780,1780294795.437996864,-216.33776690296992,-128.23619290627684,1.6682223441370132,0.0,0.009805535603310305
1780294795.474890709,1780294795.457948923,-216.3133694708613,-128.27740845473045,1.6561952282611156,0.0,-0.02360133221977533
1780294795.488339901,1780294795.477993965,-216.2895910842534,-128.3176976493063,1.6523433994605778,0.0,-0.023484096061872163
1780294795.522845507,1780294795.498015642,-216.26454971606168,-128.36032259065095,1.6522047668668047,0.0,0.0024825407233611922
1780294795.531137705,1780294795.523747683,-216.23559525148005,-128.4095046866807,1.652438538184728,0.0,0.0024825408729844535
1780294795.549807787,1780294795.537997961,-216.215530296642,-128.44369699689784,1.6633040827584493,0.0,-0.010848789975329924
1780294795.567695379,1780294795.558007717,-216.18885192065957,-128.48926555872976,1.6709706411969574,0.0,-0.022451764593750728
1780294795.588239908,1780294795.578549862,-216.15957799764246,-128.5393473674446,1.675752699330698,0.0,-0.018336086885907554
1780294795.607276678,1780294795.598563194,-216.12986437017773,-128.59018612634088,1.6768593878358313,0.0,-0.002370663092978415
1780294795.632761002,1780294795.618002653,-216.10004466233258,-128.64137042853503,1.6751529269703207,0.0,-0.008370108268784612
1780294795.650322437,1780294795.638018608,-216.0696855227568,-128.69369284461058,1.673834115247827,0.0,-0.01595529690893449
1780294795.672731876,1780294795.658060074,-216.04090499673478,-128.74329638551256,1.6742134601777419,0.0,-0.012668854339829904
1780294795.691025496,1780294795.678022623,-216.01436280153297,-128.78898741480972,1.6796243524977192,0.0,0.01154802387090249
1780294795.718846560,1780294795.697982788,-215.98761849431673,-128.8351780931528,1.683563335344123,0.0,0.00721480063513806
1780294795.737906218,1780294795.725789785,-215.95635417659622,-128.88889286963064,1.684315721188986,0.0,0.007214800584690767
1780294795.763666391,1780294795.750790834,-215.92914265731784,-128.9355917460722,1.6697152847988896,0.0,-0.01672448102870607
1780294795.777564764,1780294795.772542477,-215.90530845932204,-128.97655907757303,1.6673254103474457,0.0,-0.016724481053432327
1780294795.788000345,1780294795.780739784,-215.89287207524114,-128.99820712103977,1.663645241970672,0.0,0.009731146078773921
1780294795.809472322,1780294795.798013210,-215.87182314636019,-129.03451566987178,1.6617105960649594,0.0,-0.002879833031211948
1780294795.833204269,1780294795.818153381,-215.84507599465468,-129.08071007544984,1.670207465267438,0.0,-0.02249045478494072
1780294795.860841274,1780294795.841011047,-215.81604884382608,-129.1308636253502,1.6916640567876144,0.0,-0.02077789817863556
1780294795.881642342,1780294795.863677740,-215.78752912301786,-129.1801822483954,1.6984692265210606,0.0,-0.020777898168841694
1780294795.897144794,1780294795.884746790,-215.7606706364705,-129.22667415585977,1.702929970177596,0.0,-0.0027780909323717948
1780294795.915780783,1780294795.900573730,-215.7401553540721,-129.26226521905244,1.7037700751118168,0.0,-0.0027780908759534114
1780294795.935997248,1780294795.924712658,-215.7140796118644,-129.30734448881884,1.7037700751118168,0.0,-0.0027780908759534114
1780294795.955641270,1780294795.941045046,-215.69574630844076,-129.33910814642493,1.7042845072432835,0.0,-0.009203850110855887
1780294795.970607996,1780294795.958711624,-215.67640194130752,-129.37262135452067,1.6840615512375607,0.0,-0.016153534915607316
1780294795.992218733,1780294795.978231907,-215.65399004312184,-129.41156434558582,1.674445107771555,0.0,-0.007553274159782238
1780294796.013201475,1780294795.998325825,-215.6308018846165,-129.45181114858596,1.673328624369599,0.0,-0.005510392132380643
1780294796.025815248,1780294796.017993212,-215.60765883572836,-129.49197881051256,1.6862633624221173,0.0,-0.017375164875070567
1780294796.053169489,1780294796.038006306,-215.63622915919407,-129.44503219860792,1.6807181882003621,0.0,-0.06077751037906567
1780294796.073389053,1780294796.058007479,-215.6663975509954,-129.39540032053324,1.6946369250989073,0.0,-0.0715620016777517
1780294796.092840910,1780294796.078454971,-215.69374983783166,-129.35031635128527,1.7064588264065643,0.0,-0.046747818457655424
1780294796.110964537,1780294796.099593401,-215.70940204739438,-129.32494540645067,1.7087113849844187,0.0,-0.04674781826580708
1780294796.134166241,1780294796.117992163,-215.72574867708903,-129.29831577946229,1.724638302245442,0.0,-0.004454062636871793
1780294796.153858185,1780294796.140888691,-215.71875828048798,-129.3112338850769,1.7290196048509343,0.0,-0.004454062546128533
1780294796.169171333,1780294796.157921076,-215.71349619022953,-129.32101307657217,1.7330741546489072,0.0,-0.0440718070616908
1780294796.195011139,1780294796.177978277,-215.70320985104047,-129.33946885084265,1.7174624843900745,0.0,-0.011831497894439082
1780294796.223228693,1780294796.198714256,-215.6928656115971,-129.35814005563472,1.7103819294453553,0.0,-0.015292432466140864
1780294796.240067482,1780294796.223270655,-215.67512048288157,-129.38954275168342,1.7090501026358005,0.0,-0.017270109425587248
1780294796.254933357,1780294796.239286900,-215.6645097112671,-129.40853361770536,1.6898224918263147,0.0,-0.01240617385918555
1780294796.282100916,1780294796.264569521,-215.64462879218198,-129.44370259943994,1.681726571761212,0.0,-0.0069822053230208635
1780294796.309291124,1780294796.283347368,-215.62906854782892,-129.47135038326567,1.680351647471852,0.0,-0.006982205224921873
1780294796.315002680,1780294796.303422928,-215.6115471514154,-129.50239355902426,1.6867923343985274,0.0,-0.048988335302131876
1780294796.335056782,1780294796.318814993,-215.5967413276111,-129.5291352504753,1.6999081825222109,0.0,-0.036463582220308134
1780294796.354885817,1780294796.338937998,-215.5774822450203,-129.5639773268031,1.7109109687302997,0.0,-0.005226929441698301
1780294796.376164675,1780294796.357988358,-215.55878588385377,-129.59798293160318,1.714040115991912,0.0,-0.006688655385366086
1780294796.389325380,1780294796.377936840,-215.53881918000485,-129.63426606706867,1.7171673402621102,0.0,-0.03480968163616877
1780294796.422998428,1780294796.398125172,-215.5170327615228,-129.6740094415386,1.7185825487110364,0.0,-0.03447635668836009
1780294796.435356617,1780294796.421547174,-215.49366083847693,-129.7162775924139,1.7187098423138845,0.0,-0.034476356685769406
1780294796.453517914,1780294796.437978268,-215.47584832170745,-129.74856368878895,1.7128837569747848,0.0,-0.009903616044340282
1780294796.487650156,1780294796.465860128,-215.44821033286487,-129.79833652396002,1.7037605081787872,0.0,-0.03952431716209132
1780294796.498486996,1780294796.490322351,-215.42312100178543,-129.8437061155061,1.7005989182044425,0.0,-0.03952431741658772
1780294796.510838747,1780294796.503354311,-215.4091578825211,-129.86905782933715,1.6955215507759047,0.0,-0.03428158913702391
1780294796.548784018,1780294796.518190861,-215.39123566913278,-129.90165270723497,1.6920373474734913,0.0,-0.017700816727977457
1780294796.596679449,1780294796.558767557,-215.35333575305518,-129.97010141038433,1.6909256685863718,0.0,-0.017700816426006294
1780294796.623245955,1780294796.599608183,-215.31515733640956,-130.03926036050126,1.6596611609192042,0.0,-0.00516999174414687
1780294796.652019024,1780294796.624294043,-215.29149436509928,-130.08220282083238,1.6566512250101249,0.0,-0.0051699917331817355
1780294796.676501989,1780294796.655565500,-215.2610694506471,-130.13752038067585,1.6342117160109313,0.0,-0.024419938287871513
1780294796.695107698,1780294796.676760674,-215.2410583004526,-130.17397226758132,1.6303902410775017,0.0,-0.024419938310377327
1780294796.737723827,1780294796.717243433,-215.20359611488294,-130.24216090796767,1.639584019840331,0.0,-0.0004914175037891814
1780294796.764700413,1780294796.748093605,-215.17254939124388,-130.29866154415055,1.6694922256832971,0.0,-0.025336197205682177
1780294796.786868572,1780294796.769392729,-215.14944207083386,-130.34084872898453,1.6727848421374534,0.0,-0.02533619722347969
1780294796.834967852,1780294796.818875790,-215.10287738087357,-130.42573619392368,1.6777732593653534,0.0,-0.041002345498132656
1780294796.861460686,1780294796.840475798,-215.07650277015665,-130.47416689600976,1.6783194763570453,0.0,-0.041002345523176054
1780294796.879741907,1780294796.863404274,-215.0511895816042,-130.52067886385495,1.6771434685971305,0.0,-0.026283988094056535
1780294796.897797346,1780294796.881838083,-215.02908491111765,-130.56142853753894,1.6767587640317563,0.0,-0.02628398803551421
1780294796.915003061,1780294796.898401022,-215.00907288552153,-130.59841336263568,1.6616514636636572,0.0,-0.046019847010259254
1780294796.933730364,1780294796.921762705,-214.98336936045976,-130.64588562388437,1.6549202916505268,0.0,-0.058290404316223066
1780294796.944860697,1780294796.938580036,-214.962144219895,-130.68517278129397,1.6537683970277126,0.0,-0.05829040441998015
1780294796.978487492,1780294796.958953142,-214.92959011690894,-130.74571241293077,1.656754282394552,0.0,-0.0012549947543782497
1780294796.992951155,1780294796.982450008,-214.89784335082553,-130.80480745157382,1.6575702908758607,0.0,-0.0012549945947034707
1780294797.014682531,1780294796.997968912,-214.86790873359632,-130.860847287038,1.6553879946996721,0.0,-0.041414475711761635
1780294797.041754246,1780294797.017925024,-214.8352828467573,-130.92204623969414,1.654512667673679,0.0,-0.05481823626611754
1780294797.052819490,1780294797.041653395,-214.80320506774453,-130.98241470109477,1.6543649253450734,0.0,-0.05481823636940103
1780294797.067225218,1780294797.058007956,-214.8112359336391,-130.96977057873954,1.6250036326678343,0.0,-0.021815003986828597
1780294797.092768192,1780294797.078000069,-214.86604662201512,-130.87364224754884,1.6126428665189394,0.0,-0.029280219909700256
1780294797.125129223,1780294797.102805138,-214.90883161113354,-130.7992854825995,1.6055083190247208,0.0,-0.030574456708138294
1780294797.154918671,1780294797.131307602,-214.92841121110573,-130.76684274735655,1.6028704493115213,0.0,-0.030574456718153713
1780294797.173822403,1780294797.158525229,-214.93319767099382,-130.76089784180158,1.6163018471009627,0.0,-0.008308825346362993
1780294797.193254232,1780294797.178563595,-214.9334538321447,-130.76269385094278,1.6281009125373231,0.0,-0.018057937556021877
1780294797.238765001,1780294797.198017359,-214.9243711547739,-130.7810034066875,1.6305970019561185,0.0,-0.018057937586549867
1780294797.251854897,1780294797.247323751,-214.88837454906047,-130.84999691749263,1.6146435408370978,0.0,-0.01520700846045424
1780294797.268185139,1780294797.259898663,-214.87821149146,-130.86992941678676,1.6130089532437177,0.0,-0.015207008458394736
1780294797.288248777,1780294797.278003931,-214.86357264159085,-130.8984192635794,1.594945560995391,0.0,-0.029349663500038342
1780294797.316672087,1780294797.298798084,-214.84597288246746,-130.93254100409635,1.5788624909364175,0.0,-0.02297382809747746
1780294797.344451904,1780294797.323418379,-214.82580972376832,-130.9715911141,1.5754200654068413,0.0,-0.02297382806138248
1780294797.359000206,1780294797.347646475,-214.80520835047778,-131.0113615549619,1.5714805829726486,0.0,0.024174242955197104
1780294797.370592117,1780294797.362184048,-214.79231523068648,-131.03626389802687,1.5697272236114685,0.0,-0.0024766424993839173
1780294797.387404203,1780294797.377989292,-214.77745576085454,-131.06501516513947,1.5836829871430564,0.0,-0.04615183492567331
1780294797.406435251,1780294797.398001432,-214.75841124726696,-131.1017225164263,1.605217742976812,0.0,-0.005393039730097818
1780294797.429071188,1780294797.418361664,-214.73639103146525,-131.144425633116,1.6203700689748148,0.0,0.01753533282909138
1780294797.455852509,1780294797.438477755,-214.71155588965453,-131.19264766930573,1.6287375626586627,0.0,-0.006926240731449821
1780294797.470739841,1780294797.459572077,-214.68644255418826,-131.24152418647614,1.611945790034251,0.0,-0.04257262869903551
1780294797.491406202,1780294797.477985144,-214.66169726303406,-131.2898034748566,1.597481752797419,0.0,-0.025067879358186017
1780294797.534779310,1780294797.510685682,-214.6281584192981,-131.35515581575382,1.577858430856335,0.0,0.003486323058369569
1780294797.553172827,1780294797.536258698,-214.60126854603763,-131.40759833313334,1.571034654825057,0.0,0.003486323253733553
1780294797.566960573,1780294797.550581217,-214.58560498239524,-131.43826515060616,1.559223336976625,0.0,-0.02931517517408124
1780294797.569622278,1780294797.561820507,-214.57197181988005,-131.46495088757658,1.55645744229429,0.0,-0.029315175316395277
1780294797.595560789,1780294797.582810879,-214.55120273796484,-131.50559040958575,1.5698244545795288,0.0,-0.037880356254899855
1780294797.616957188,1780294797.598081112,-214.5341609975485,-131.53897634445633,1.5933733307404285,0.0,-0.011895744997353696
1780294797.634203911,1780294797.618372202,-214.51482738440046,-131.5767664007302,1.599741062436765,0.0,-0.011895744912295442
1780294797.665116549,1780294797.637986183,-214.49478094580616,-131.61600796629915,1.6116373138855895,0.0,-0.03752841590503766
1780294797.674127579,1780294797.658053637,-214.47582932404535,-131.6532155911383,1.6060686920986513,0.0,-0.030632937498564636
1780294797.686413050,1780294797.677965403,-214.45787284944268,-131.68834872424742,1.585272623641692,0.0,-0.019954966941220603
1780294797.714747429,1780294797.698543072,-214.43922220916295,-131.72493551792982,1.5721303864552145,0.0,-0.027038035990896395
1780294797.729836464,1780294797.719289780,-214.41916885321282,-131.7643550944684,1.5652356314730564,0.0,-0.03423897321754968
1780294797.773013830,1780294797.738015413,-214.40019402404766,-131.80182462848086,1.5766561800404875,0.0,-0.031116779002327618
1780294797.797143698,1780294797.776389599,-214.36738780461687,-131.86660419956723,1.5814890741292456,0.0,-0.031116778985501047
1780294797.825026989,1780294797.810798883,-214.33671383152986,-131.92743878542328,1.6140159693177276,0.0,-0.026645611866291292
1780294797.844874382,1780294797.829544544,-214.3187571586255,-131.96316833914292,1.6175715945756648,0.0,-0.02664561186284235
1780294797.873806477,1780294797.855925798,-214.29474684601905,-132.01097473922079,1.6203923259067088,0.0,-0.00825130901793086
1780294797.887305737,1780294797.877582312,-214.27366223481636,-132.05299910272615,1.621017885994974,0.0,-0.008251308985339573
1780294797.913085222,1780294797.900385857,-214.25238323207296,-132.09545552613827,1.5982959763128255,0.0,-0.017648572616418154
1780294797.933195829,1780294797.917999983,-214.23465206210068,-132.13094840258793,1.5828743195978552,0.0,-0.017627845423674134
1780294797.966054440,1780294797.940459967,-214.2112852768739,-132.17767618120905,1.5801552245250299,0.0,-0.006722376156209648
1780294797.990373850,1780294797.972990751,-214.18028439071597,-132.23965866850568,1.5801094602631027,0.0,-0.006722376090979746
1780294798.016936541,1780294797.995627642,-214.15542987226598,-132.28939865872448,1.6028745483397304,0.0,-0.018525873450751643
1780294798.036388397,1780294798.019045830,-214.13051095780776,-132.33935455956038,1.6070162221481519,0.0,-0.01852587346827283
1780294798.058647633,1780294798.042722464,-214.12922028949217,-132.34322720621208,1.5896499318831852,0.0,-0.01785347680923951
1780294798.070990562,1780294798.060684443,-214.14722845407087,-132.30911677000958,1.5832519070940059,0.0,-0.017853476807315572
1780294798.092751741,1780294798.078616619,-214.16010398098595,-132.284844389644,1.576107066774636,0.0,-0.017853476807315572
1780294798.105874062,1780294798.098202705,-214.17574434722184,-132.2548751982587,1.5676779717057823,0.0,0.009071629722984507
1780294798.130277157,1780294798.118275166,-214.19459515231713,-132.21872977721253,1.5643368810266836,0.0,0.01866172138834958
1780294798.174074888,1780294798.138294458,-214.2010342024489,-132.20693461653278,1.5646347033286878,0.0,-0.004406351674326469
1780294798.206095219,1780294798.183493614,-214.18099439998528,-132.24784348651576,1.5647046653329215,0.0,-0.004406351851410828
1780294798.223262787,1780294798.209650755,-214.17150865993483,-132.26735769468013,1.603692704457925,0.0,0.022432489850926635
1780294798.240753889,1780294798.225520372,-214.16574414123662,-132.27934875796785,1.6078287992641296,0.0,0.022432489877465208
1780294798.253545761,1780294798.242848635,-214.15424107762507,-132.30247186545407,1.6078247485651684,0.0,0.022432489877465208
1780294798.264167309,1780294798.257991314,-214.14232388356598,-132.32619449965995,1.606855876955816,0.0,-0.03569197186251939
1780294798.287636757,1780294798.278454542,-214.12597919154373,-132.35884436761017,1.60517935329548,0.0,-0.026814502816953502
1780294798.313001871,1780294798.298074961,-214.10851235949772,-132.39320612071086,1.6038719661888838,0.0,0.022366959199236064
1780294798.328544140,1780294798.318451166,-214.08981308789228,-132.4298129833229,1.6081900535253335,0.0,0.007203002367913446
1780294798.345416546,1780294798.338002205,-214.07013594424797,-132.46815429589694,1.6158600313976752,0.0,-0.024308105344763086
1780294798.371263742,1780294798.358668566,-214.04865738901879,-132.50992651924247,1.6202519551875656,0.0,-0.04772028526653436
1780294798.388657570,1780294798.378010750,-214.02636235160116,-132.5530947028725,1.6242462897893921,0.0,-0.004583730538402601
1780294798.411018610,1780294798.398017645,-214.0027376570487,-132.59917151054165,1.6239218429209945,0.0,0.0180844374149279
1780294798.430865288,1780294798.418823481,-213.97887919666087,-132.64581699077587,1.6227400885291734,0.0,-0.033281702334556726
1780294798.457385540,1780294798.441748619,-213.95318409849367,-132.6961587286554,1.6222767162484593,0.0,-0.057311451477729
1780294798.476503134,1780294798.463350773,-213.92993372900563,-132.74198594622143,1.6221896202219002,0.0,-0.05731145164941894
1780294798.494179964,1780294798.478009462,-213.91273838622513,-132.7758872952621,1.637289541435448,0.0,-0.000523774476127184
1780294798.511337280,1780294798.498118401,-213.89256820995956,-132.81600450563238,1.6468700177573865,0.0,-0.01133926234433886
1780294798.540112257,1780294798.518217325,-213.8719269100373,-132.8571388487568,1.6523328233654078,0.0,-0.06530144004033511
1780294798.551215887,1780294798.542629004,-213.85016964767632,-132.90092948979338,1.6534543390486498,0.0,-0.06530144028798178
1780294798.577111959,1780294798.558375597,-213.8335715719145,-132.93424148736383,1.648308031041959,0.0,-0.0002684596932333444
1780294798.591017008,1780294798.580054760,-213.81360872537056,-132.97448055154211,1.647056309704219,0.0,-0.00026845957253520504
1780294798.613081932,1780294798.597997665,-213.7960763684759,-133.00980136446208,1.647024717567013,0.0,-0.05941365786979724
1780294798.624956846,1780294798.617967129,-213.77735754246504,-133.04762762212505,1.6534942267927246,0.0,-0.05470852054538074
1780294798.649723053,1780294798.638001680,-213.75639058249072,-133.0900365051461,1.6587014896579384,0.0,-0.0011844434916899599
1780294798.671147108,1780294798.658013105,-213.73457132438014,-133.13408088480517,1.683553098636084,0.0,0.0013161228663568997
1780294798.688298941,1780294798.677995443,-213.71170930693876,-133.18022780354227,1.709363194482347,0.0,-0.0307651219218585
1780294798.712560654,1780294798.697994947,-213.6877659693872,-133.22859372460843,1.722115061866198,0.0,-0.03480595508593032
1780294798.731603622,1780294798.717996359,-213.66315294629624,-133.27847613016718,1.7185694902478112,0.0,0.008622467337875556
1780294798.750593424,1780294798.737997770,-213.63716206657404,-133.3310904013695,1.7113592830293893,0.0,0.009311121379301419
1780294798.769513845,1780294798.757995844,-213.6113950611479,-133.38342419828803,1.703096699807127,0.0,-0.0051156675245863335
1780294798.790535688,1780294798.777999401,-213.58496107588843,-133.43711783316965,1.7001234286390736,0.0,-0.031299980489852476
1780294798.811460495,1780294798.798003435,-213.5576331850186,-133.49275881625113,1.699431065418202,0.0,-0.007278915815502128
1780294798.832643986,1780294798.819548845,-213.52947733966792,-133.5501170282242,1.7081083131958168,0.0,0.004422797229412342
1780294798.848475933,1780294798.838002443,-213.50587426683964,-133.5983423321212,1.717840508360174,0.0,-0.010316830838167514
1780294798.869955301,1780294798.857995272,-213.48120560165947,-133.64881040070898,1.7222114080936324,0.0,-0.030543581723926756
1780294798.889580250,1780294798.877993822,-213.45654103122146,-133.6993026713354,1.730575656373953,0.0,-0.020018771494704782
1780294798.912836313,1780294798.898002863,-213.4325874328577,-133.7484335626198,1.7413035566632424,0.0,0.005123124478850563
1780294798.928795815,1780294798.918068409,-213.40942372291036,-133.7959758635035,1.7472955652348714,0.0,0.002358452442069642
1780294798.953505278,1780294798.938505650,-213.3848266228281,-133.84647858283003,1.7531734755954218,0.0,-0.02664976019359393
1780294798.973347187,1780294798.958178759,-213.3616403610017,-133.89413083805178,1.760889727487713,0.0,-0.021462900699602792
1780294798.991683245,1780294798.977967501,-213.33916340127968,-133.94043319718014,1.7652773299173632,0.0,-0.007007364890015442
1780294799.008198738,1780294798.997993231,-213.31727508846876,-133.9855592956943,1.764289576238997,0.0,-0.007343608619074355
1780294799.032421589,1780294799.020062685,-213.29128214757262,-134.03909973905672,1.769135783784108,0.0,-0.006071853402375881
1780294799.055867434,1780294799.038005829,-213.28810811735116,-134.04601094376912,1.7683367633651068,0.0,0.017006931855645634
1780294799.068797827,1780294799.057982922,-213.31066039953146,-134.00029354436901,1.779615413230696,0.0,-0.012936247208316872
1780294799.096628666,1780294799.078122616,-213.33481075164195,-133.95103534334606,1.7852294471206247,0.0,-0.01516620699959218
1780294799.118071318,1780294799.100933790,-213.35427750351516,-133.91128983046931,1.7983180626858246,0.0,-0.03396536461776879
1780294799.132432938,1780294799.120474100,-213.36780209558947,-133.88360051251124,1.8031079047621636,0.0,-0.03396536467373954
1780294799.146047115,1780294799.138130903,-213.3745811524874,-133.86965104330483,1.818708682075177,0.0,-0.02530486851563843
1780294799.167271852,1780294799.158009291,-213.37287525833523,-133.87313869912447,1.8145391474615997,0.0,-0.05007014361989211
1780294799.197080612,1780294799.185567379,-213.36421890854942,-133.89118408516842,1.809475655938932,0.0,-0.05040195988218527
1780294799.217024803,1780294799.202672005,-213.35986052710987,-133.90023685966742,1.8047301344492395,0.0,-0.029942718806840414
1780294799.239500999,1780294799.221725464,-213.35236963265547,-133.91571107196157,1.8037701564689452,0.0,-0.029942718743769355
1780294799.257705212,1780294799.241867304,-213.34118888081292,-133.93889720869385,1.8195199170256775,0.0,-0.031830854366841715
1780294799.269679785,1780294799.260605335,-213.32847079869615,-133.96537618802137,1.8242398099487893,0.0,-0.031830854373522406
1780294799.287506342,1780294799.279688835,-213.3134604771742,-133.9967578550569,1.835958863805981,0.0,-0.05227576638940229
1780294799.306479692,1780294799.297974586,-213.2974346065991,-134.03011804153175,1.8418179091511195,0.0,-0.02056002073833462
1780294799.326460361,1780294799.318198919,-213.27850328017922,-134.06935934879309,1.8458359800220359,0.0,-0.016565069579189122
1780294799.359129429,1780294799.338778973,-213.25822506316086,-134.11118367501453,1.8483793691597108,0.0,-0.03339475257436814
1780294799.374667645,1780294799.359508514,-213.23848487359652,-134.1520735328466,1.8488799009594397,0.0,-0.03339475295615582
1780294799.392405033,1780294799.378635406,-213.21951045037005,-134.19126650539434,1.8489494492399852,0.0,-0.02729452516177477
1780294799.424404144,1780294799.397998095,-213.20046630678462,-134.2307580177126,1.8489824434939062,0.0,-0.0032347783399266986
1780294799.432392359,1780294799.424439669,-213.1769927531619,-134.27998952827292,1.8489879058160534,0.0,-0.0032347781873697723
1780294799.448223114,1780294799.438006401,-213.1624835055529,-134.31005220966847,1.8514881830690417,0.0,-0.04099331605329233
1780294799.470591545,1780294799.458009243,-213.1408626207626,-134.35487710288055,1.8547054305273738,0.0,-0.009810887801443655
1780294799.490614414,1780294799.477994919,-213.11805562541036,-134.40215642808067,1.8572479918470157,0.0,0.02460164366182052
1780294799.512091160,1780294799.498000860,-213.09405298179803,-134.45168643115434,1.8641148687566949,0.0,0.024611034720448913
1780294799.537008524,1780294799.518373966,-213.0683051934904,-134.50477494749734,1.8645232027462195,0.0,-0.028776628326692894
1780294799.549995899,1780294799.538241148,-213.04531655401894,-134.5524647549939,1.8639700088917368,0.0,-0.02877662847859185
1780294799.585386515,1780294799.557970524,-213.02323605594273,-134.59840402836602,1.8598314969740066,0.0,-0.0011039055563732483
1780294799.596622705,1780294799.586241961,-212.99625748567937,-134.65499299643275,1.8583061412222845,0.0,-0.0011039053937411567
1780294799.612871170,1780294799.600305557,-212.98125682201288,-134.68633095696163,1.8394614105439906,0.0,-0.0035468646214370228
1780294799.629067183,1780294799.617999554,-212.9638858260058,-134.7228063764079,1.8301576453223822,0.0,-0.03753145210450739
1780294799.645539284,1780294799.638008595,-212.94346980029974,-134.7657041704133,1.8255112289676363,0.0,-0.008766673928866535
1780294799.666636944,1780294799.657940149,-212.92159914424505,-134.81171397249324,1.8169135701090675,0.0,0.039147846197872246
1780294799.691187620,1780294799.678011894,-212.89589292070735,-134.86559645578927,1.8153715991757335,0.0,0.037986214272166335
1780294799.717182875,1780294799.697969198,-212.87062667664668,-134.91852895765422,1.8162482453290938,0.0,-0.015023873910048904
1780294799.730275393,1780294799.721264601,-212.84446507477955,-134.97349217345243,1.8164691737110228,0.0,-0.015023874149773186
1780294799.757442474,1780294799.738821030,-212.82258624679446,-135.0193728174701,1.832854289068185,0.0,0.018548946349483696
1780294799.770360708,1780294799.761734486,-212.79892850153365,-135.06919386639166,1.8370127684487436,0.0,0.018548946432247967
1780294799.792592764,1780294799.777965784,-212.7821992396209,-135.10442250596012,1.845207371006875,0.0,-0.024392692811519765
1780294799.809270620,1780294799.797997475,-212.7621641693145,-135.14669212297787,1.8488497663005885,0.0,-0.0252783710549885
1780294799.847841978,1780294799.818061590,-212.73785521545705,-135.1979598818041,1.8483811509147263,0.0,0.010379976374582451
1780294799.869623899,1780294799.848928928,-212.70664939124893,-135.2640159685955,1.8479576148357866,0.0,0.010379976580724001
1780294799.886708260,1780294799.863209486,-212.68743585515566,-135.30451080741122,1.834650592108626,0.0,0.016378553423411824
1780294799.894623041,1780294799.881540298,-212.6665732172912,-135.34859092365042,1.8319901056296302,0.0,0.016378553437100502
1780294799.913478613,1780294799.897985935,-212.64582993525175,-135.39235915471244,1.8174893910525816,0.0,-0.052853846447969505
1780294799.926238298,1780294799.917971134,-212.62325511061817,-135.44013677414145,1.809291327097925,0.0,-0.0129421120775155
1780294799.947690010,1780294799.937991142,-212.59741095376143,-135.49472962567873,1.8149176673093002,0.0,-0.020154201498013405
1780294799.969660521,1780294799.959705591,-212.56861488832453,-135.55545277299566,1.819617316554368,0.0,-0.03947722833080482
1780294799.988624811,1780294799.978011131,-212.53849399593844,-135.61888858548235,1.8211322139124388,0.0,-0.032737182587154676
1780294800.021884680,1780294800.003806114,-212.50305410363183,-135.69383202194987,1.8216614820594677,0.0,-0.0217570105259509
1780294800.036623001,1780294800.025344133,-212.49217973891655,-135.71647622724328,1.7906627295652509,0.0,-0.02175701045000518
1780294800.057368755,1780294800.050113201,-212.48119836322516,-135.73960668747296,1.798023522461779,0.0,0.0035786686200436103
1780294800.068076372,1780294800.060364485,-212.49609807211314,-135.70729242320118,1.7956893912718814,0.0,0.0035786686874890268
1780294800.084836721,1780294800.077982903,-212.52600654137018,-135.64306228120103,1.793576604261134,0.0,-0.012549883356285981
1780294800.105990410,1780294800.098004341,-212.56007102096467,-135.56913339805183,1.796921652208693,0.0,-0.00940055608115897
1780294800.136501789,1780294800.117996454,-212.5822103981493,-135.5203342975,1.7986967114550934,0.0,0.006353257921630936
1780294800.155852556,1780294800.138667583,-212.59104752369655,-135.5000271615265,1.7988036514247367,0.0,0.00635325801279487
1780294800.170485497,1780294800.160619020,-212.5906306744117,-135.49973782058882,1.7907331464999923,0.0,-0.023425420347933237
1780294800.195767879,1780294800.177969694,-212.5876124099343,-135.50501704642102,1.7838566012361867,0.0,-0.042840425477072466
1780294800.209310293,1780294800.198576689,-212.57666557686633,-135.52794594252327,1.782238212239423,0.0,-0.04284042555184349
1780294800.228903294,1780294800.217992067,-212.5638498830476,-135.55493622343027,1.773252195933888,0.0,0.0066925583590639395
1780294800.258953571,1780294800.238004684,-212.5500845195771,-135.58376977577186,1.7690067459510164,0.0,0.01875020443793445
1780294800.274569988,1780294800.261002779,-212.53349280166017,-135.61876970157635,1.7683803801848543,0.0,0.018750204734733635
1780294800.289977312,1780294800.278001308,-212.52022333856246,-135.6467014322457,1.7726655197142016,0.0,-0.019679882762440794
1780294800.313457966,1780294800.300512552,-212.50229459293422,-135.68466165614905,1.7743038365671644,0.0,-0.018712879813218154
1780294800.332108259,1780294800.319700241,-212.48585338251073,-135.71948609300455,1.7816814318765997,0.0,-0.001959557749362472
1780294800.349030733,1780294800.337990761,-212.4686946564004,-135.75592394661163,1.790116387745808,0.0,-0.01444770930463182
1780294800.371528625,1780294800.358007193,-212.4486939334141,-135.7982992241159,1.7926608355189548,0.0,-0.020783173567127847
1780294800.411833048,1780294800.378713131,-212.42710990153589,-135.84414405032123,1.7922558177051116,0.0,-0.03829088582618487
1780294800.425323963,1780294800.413193941,-212.39617587533118,-135.91032924891664,1.791887930127714,0.0,-0.038290885888935464
1780294800.436020851,1780294800.425274611,-212.38204754100929,-135.94040459997782,1.7870777677908298,0.0,-0.0216977868163419
1780294800.450709105,1780294800.438008547,-212.36797634011734,-135.9703755253606,1.7611827548123817,0.0,-0.03102318988602863
1780294800.470866680,1780294800.458223581,-212.34779889923232,-136.0135037071261,1.7324525203269299,0.0,-0.022612313666747635
1780294800.490811586,1780294800.478113174,-212.32837386361564,-136.05514015026452,1.7117236416597423,0.0,-0.010607263083917134
1780294800.527358055,1780294800.498006821,-212.30675445613036,-136.10130093032703,1.7096555397105897,0.0,-0.015285306778887937
1780294800.562448263,1780294800.533225298,-212.27550392991188,-136.16853337550148,1.7106822191617106,0.0,-0.015285306800832793
1780294800.598258734,1780294800.570182323,-212.2421457966076,-136.24043579370056,1.7410773316370394,0.0,-0.016481072130317433
1780294800.626883984,1780294800.608846903,-212.20958168061458,-136.31101589887535,1.74640590649468,0.0,-0.016481072132012827
1780294800.641341925,1780294800.629645824,-212.18925267529815,-136.35482340870809,1.7612724697434317,0.0,-0.02458108410354709
1780294800.664114952,1780294800.643865108,-212.1758762601264,-136.38373802048386,1.7629286050630442,0.0,-0.024581084116683034
1780294800.691601753,1780294800.671140909,-212.1516960320875,-136.43622716736698,1.734920476618351,0.0,-0.011159236896967925
1780294800.709236145,1780294800.696498394,-212.1303400455428,-136.48271526288738,1.7296710502949848,0.0,-0.011159236878902452
1780294800.718680620,1780294800.715061188,-212.11195702340748,-136.52259104765406,1.7317394249317983,0.0,-0.009912062974829472
1780294800.723383427,1780294800.719844580,-212.10506644589546,-136.53748608589308,1.732222517077489,0.0,-0.00991206297248592
1780294800.747096777,1780294800.738001347,-212.08300245397976,-136.58531445483385,1.7350745517851405,0.0,-0.018453143645656044
1780294800.775449514,1780294800.759105444,-212.05709891336724,-136.64148802524142,1.7395569775978907,0.0,-0.0186297382413374
1780294800.800525904,1780294800.778690815,-212.03311136521555,-136.6935445625691,1.7404180778389255,0.0,-0.01862973824168976
1780294800.830122948,1780294800.809599638,-212.0013544122902,-136.76270182790563,1.728086312105787,0.0,-0.028974165860194148
1780294800.837229729,1780294800.826633930,-211.98029233142785,-136.80839471212934,1.725645488412092,0.0,-0.02897416593188062
1780294800.850411892,1780294800.842291594,-211.96281364127708,-136.8463827912414,1.7256454884121215,0.0,-0.02897416593188062
1780294800.867157936,1780294800.858011484,-211.94689404026448,-136.88113289424177,1.6994640898110853,0.0,-0.044279758236036
1780294800.898900509,1780294800.878711700,-211.92409243502863,-136.93086673662455,1.690683244499884,0.0,-0.030579792237725605
1780294800.921937227,1780294800.906136751,-211.89838322752533,-136.98736907713013,1.6904902106306245,0.0,-0.03057979215199192
1780294800.936808109,1780294800.926670551,-211.87551515751503,-137.03738230348057,1.7131047421900747,0.0,-0.006902811772280203
1780294800.948514700,1780294800.938577890,-211.8605967093033,-137.06994295597835,1.7171642487095993,0.0,-0.006902811744857302
1780294800.989645004,1780294800.958003521,-211.83639091827493,-137.12271005395522,1.7204340854619113,0.0,0.006075549469656597
1780294800.995455027,1780294800.980281115,-211.81350832058922,-137.17288214671498,1.7219374858698724,0.0,0.006075549681987078
1780294801.014410973,1780294801.002317190,-211.78919099741043,-137.22610647903784,1.7283168089901264,0.0,-0.0122188682691395
1780294801.048933506,1780294801.018157005,-211.7693839208995,-137.26938916492566,1.730508111843603,0.0,-0.0015109077383050895
1780294801.078792334,1780294801.056719780,-211.7339529863113,-137.34758882347325,1.730670538947613,0.0,-0.0015109076871520604
1780294801.099499464,1780294801.087426662,-211.72868384287148,-137.35946623653828,1.6954928823845465,0.0,0.006644119660834758
1780294801.108098984,1780294801.102107286,-211.73251831154653,-137.35094151524945,1.689829941386731,0.0,0.006644119669542335
1780294801.129895687,1780294801.118286371,-211.76899813812426,-137.2701823922349,1.6589666642253282,0.0,-0.013344523348340744
1780294801.154430389,1780294801.137979031,-211.79429880673538,-137.2136782766017,1.6526520671561205,0.0,-0.008439166745467401
1780294801.176985741,1780294801.162522554,-211.8065106884338,-137.18579316126159,1.66895522543685,0.0,0.0035391683079704136
1780294801.185844898,1780294801.178345919,-211.81369677786935,-137.16895272751125,1.6758448509959067,0.0,0.0035391683652903766
1780294801.234503031,1780294801.198058605,-211.81635826746378,-137.16135350459882,1.7038133336441244,0.0,-0.010267365225137054
1780294801.247621298,1780294801.236502409,-211.79586097795553,-137.2056993170508,1.7086591823869106,0.0,-0.010267365372915154
1780294801.260315418,1780294801.251328468,-211.78911617726695,-137.219532894539,1.7045640100450739,0.0,-0.0030977566428183516
1780294801.271606207,1780294801.262506723,-211.78335200297437,-137.23142332981806,1.703907142269052,0.0,-0.0030977566339080026
1780294801.286381721,1780294801.278076172,-211.77349729516084,-137.25236558196846,1.683724142364564,0.0,-0.01242343116333237
1780294801.331307411,1780294801.320798874,-211.74370396689156,-137.31824038697926,1.6700456152064065,0.0,-0.02711299192118919
1780294801.352184057,1780294801.338533163,-211.7300072462839,-137.34833443977877,1.6713892968884343,0.0,0.006460905650746553
1780294801.370358229,1780294801.358086824,-211.7142741587576,-137.38322669790992,1.6724826819595828,0.0,0.00832215933753494
1780294801.402525663,1780294801.390186787,-211.68779981827828,-137.44192301345342,1.6785265515438348,0.0,-0.00685421964739457
1780294801.412295818,1780294801.401823044,-211.67480131895334,-137.47069006019493,1.687072113576897,0.0,-0.03674354722296766
1780294801.447766542,1780294801.418397427,-211.6577715031808,-137.508362807867,1.6894302131876031,0.0,-0.0381988280171278
1780294801.449090719,1780294801.440979719,-211.63780379576525,-137.55274320342355,1.6898412943138097,0.0,-0.0381988280420587
1780294801.475011110,1780294801.459403276,-211.61914880329863,-137.59407412879003,1.6982409051985319,0.0,0.03541781049604994
1780294801.493534565,1780294801.478988647,-211.6002174785952,-137.6360409379586,1.7025578131815602,0.0,-0.010074039987337045
1780294801.516249418,1780294801.501173735,-211.57939153329755,-137.68227638622417,1.7049276184293576,0.0,-0.05941588909292879
1780294801.535446405,1780294801.518748999,-211.56169733619606,-137.72177688091,1.7062504380905317,0.0,-0.03964037866492149
1780294801.569758415,1780294801.538936853,-211.54152065487037,-137.76687207409648,1.6975682194740596,0.0,0.004335670337216657
1780294801.576991796,1780294801.569871902,-211.51599224009223,-137.8241260803309,1.6938805567116864,0.0,0.00433567055738189
1780294801.609325171,1780294801.578721046,-211.50607624745837,-137.84621453284257,1.6213048369250365,0.0,-0.0582124301177951
1780294801.617264032,1780294801.610428333,-211.48211071266175,-137.9000696423647,1.6067842730321906,0.0,-0.058212430202860675
1780294801.631732225,1780294801.620575428,-211.47180767832126,-137.9231700332453,1.5897237637555874,0.0,0.009462149985191994
1780294801.648681402,1780294801.642949104,-211.45171265937128,-137.96833771719278,1.5839136277569519,0.0,0.01925613486421005
1780294801.667984724,1780294801.657993078,-211.43478403714602,-138.00624828845554,1.6133839368269323,0.0,-0.03433470748552886
1780294801.698938131,1780294801.678468227,-211.41252798549925,-138.0561938487364,1.6419203382335463,0.0,-0.04322036872825355
1780294801.716547489,1780294801.703672647,-211.38792108333044,-138.11161711028458,1.649861699353312,0.0,-0.043220368849685276
1780294801.728361607,1780294801.718434095,-211.37013142206212,-138.15160384051282,1.6788084161310046,0.0,0.01788939489674362
1780294801.792327166,1780294801.739173889,-211.34659323922995,-138.20442873178357,1.6886011254836573,0.0,-0.029410718606637295
1780294801.817283869,1780294801.792329788,-211.30290648134016,-138.30335066388085,1.689846618164738,0.0,-0.02941071911018216
1780294801.834611416,1780294801.825397253,-211.27496886428435,-138.36671097273955,1.5963472961079825,0.0,-0.007647402606224967
1780294801.848542690,1780294801.837975979,-211.25887042620369,-138.40285926714512,1.5888307584681787,0.0,-0.007647402583009237
1780294801.885528326,1780294801.863097191,-211.2329240865914,-138.46139009013652,1.5853275044796804,0.0,0.006922518437521375
1780294801.895756721,1780294801.887271881,-211.20958999215364,-138.5141841977687,1.5838143297542788,0.0,0.006922518651128921
1780294801.915955544,1780294801.907356977,-211.18859453097306,-138.56165706132504,1.6369668980697125,0.0,0.007876702849334257
1780294801.926688910,1780294801.919063807,-211.1732899544553,-138.59609311161043,1.6464325215332485,0.0,0.007876702850428042
1780294801.955914974,1780294801.938346624,-211.14977320956748,-138.64939792648605,1.6606252812524942,0.0,-0.022472278340633367
1780294801.981509686,1780294801.957968712,-211.12922112136866,-138.69617318373895,1.6671821904207413,0.0,-0.022472278751569666
1780294801.991879225,1780294801.985043287,-211.10373086661411,-138.75430376901627,1.6742133207260212,0.0,-0.004814993116635052
1780294802.021814585,1780294801.998235703,-211.08687361695303,-138.79260240988037,1.629111685888137,0.0,-0.01067424823263752
1780294802.031690836,1780294802.020798445,-211.06568776782188,-138.8409923659531,1.6157960442540755,0.0,-0.010674248251179156
1780294802.045139313,1780294802.038449287,-211.0909698115553,-138.7836283489077,1.5641617864476554,0.0,-0.02660348428368864
1780294802.066991568,1780294802.057997942,-211.1407058656817,-138.67027307534568,1.5641328251752142,0.0,-0.017785602713060712
1780294802.085889578,1780294802.078008413,-211.17821214889548,-138.5843575495771,1.5795181024208031,0.0,0.004300562902881493
1780294802.114109278,1780294802.097998619,-211.20393907270028,-138.52488554832675,1.61214234547761,0.0,-0.0005808381765336898
1780294802.134612799,1780294802.117987156,-211.21656459086634,-138.49492425479755,1.6430969210143689,0.0,-0.0061727764116149405
1780294802.182280540,1780294802.155268669,-211.2048133584723,-138.5208108502234,1.6584101042169543,0.0,-0.006955545223754897
1780294802.202849865,1780294802.183562994,-211.1920895828212,-138.54911339134895,1.6463362778491797,0.0,-0.0021031545566548033
1780294802.222927809,1780294802.207268000,-211.17944396659882,-138.57746309051876,1.6433869675977275,0.0,-0.0021031545512558035
1780294802.239346504,1780294802.226518631,-211.16865915348072,-138.60171857669565,1.5761720187631334,0.0,0.001229375327664867
1780294802.244404316,1780294802.238149643,-211.1609733581651,-138.61907666938797,1.5652188541184988,0.0,0.0012293753312332678
1780294802.265541553,1780294802.257968903,-211.14676043482658,-138.65133056813696,1.5595867837173403,0.0,-0.0009405819803723994
1780294802.289276600,1780294802.278276443,-211.13152822851242,-138.6859885337242,1.5812013266109695,0.0,-0.007734549414702399
1780294802.311134577,1780294802.298298359,-211.11536370896647,-138.7225830038467,1.6007824955809242,0.0,-0.010659797174292532
1780294802.335884571,1780294802.318023920,-211.0974858452541,-138.7634705043979,1.6217848036878006,0.0,0.0016220777773075373
1780294802.354097366,1780294802.337954044,-211.07949730608786,-138.8047412806802,1.6472479633104948,0.0,0.009091424024512237
1780294802.370776176,1780294802.357959270,-211.06181988236943,-138.8454848226633,1.6618743398641442,0.0,-0.008318948138668281
1780294802.388397694,1780294802.377967119,-211.04420183409562,-138.88619882801115,1.6666151756539498,0.0,-0.020144456615349533
1780294802.409482956,1780294802.397998810,-211.0264436544506,-138.9275672596815,1.6439343978394887,0.0,-0.01468606209129359
1780294802.435601950,1780294802.418087959,-211.00805806773036,-138.97013156057955,1.626041297038784,0.0,-0.0007041555342906236
1780294802.458503246,1780294802.438225269,-210.98985038231226,-139.01224925477595,1.6084374281123373,0.0,-0.00875338426197596
1780294802.477022648,1780294802.460633278,-210.9711535655482,-139.05551934207384,1.6030370198655346,0.0,-0.008753384298988524
1780294802.491121054,1780294802.481071711,-210.95366455650884,-139.09592152002884,1.598879007378251,0.0,-0.004755444289006111
1780294802.516271830,1780294802.498044968,-210.93860139336599,-139.1306563383971,1.611112744628935,0.0,0.008202621570225235
1780294802.527145147,1780294802.518022299,-210.9206603461339,-139.17215154597793,1.622007272928075,0.0,0.003739242640912948
1780294802.548490286,1780294802.537997246,-210.9017825020396,-139.21575879529837,1.6274186189427597,0.0,0.0008663661023561526
1780294802.566223383,1780294802.557998896,-210.8814952444194,-139.2626500135146,1.6358638651171193,0.0,0.0032238608340033658
1780294802.590802908,1780294802.578008175,-210.8597626551477,-139.31295963512852,1.6415058539725356,0.0,0.00017071805700858908
1780294802.616425514,1780294802.597986460,-210.83697535959172,-139.36566368295487,1.6418761634300114,0.0,-0.002446268786881668
1780294802.630377531,1780294802.617995739,-210.8153240019606,-139.4156940870406,1.6332906641660923,0.0,0.0016046970052618998
1780294802.656655073,1780294802.637989998,-210.79406375954073,-139.46486417084336,1.6269308922731662,0.0,0.008182697086901681
1780294802.670619249,1780294802.657967091,-210.7738646901519,-139.51151022541492,1.6139771924847288,0.0,-7.303119116642241e-05
1780294802.690955400,1780294802.677978039,-210.75355325358805,-139.55841914843273,1.6015948117230816,0.0,-0.005099858777525893
1780294802.713150263,1780294802.698001862,-210.73317244324483,-139.60554589134486,1.5965008428666077,0.0,-0.003969980634117627
1780294802.768230677,1780294802.738359928,-210.70057142101678,-139.68087266346686,1.6050971881499176,0.0,-0.002036404466353078
1780294802.790913343,1780294802.772358656,-210.67203809467,-139.74678149693554,1.6580359512903042,0.0,-0.005129127903858723
1780294802.820240498,1780294802.790522337,-210.65468709616033,-139.78691163202586,1.6637592517236264,0.0,-0.005129127905919762
1780294802.839545012,1780294802.826553106,-210.62653528930642,-139.85199770438578,1.6689173169283382,0.0,0.00639170739434218
1780294802.853890657,1780294802.842427254,-210.61268142694925,-139.88395958186481,1.6633838607454323,0.0,0.0038225244895471453
1780294802.870172977,1780294802.858049154,-210.59873846743392,-139.91612725408035,1.6557107596686795,0.0,0.0062479890241923484
1780294802.891847372,1780294802.878196001,-210.57971358094122,-139.9600615125718,1.6426181057315057,0.0,0.0281972586947857
1780294802.913258791,1780294802.898036718,-210.5591622650538,-140.00743522414223,1.6320028210650375,0.0,0.02685208681829721
1780294802.937719822,1780294802.917985201,-210.53855552962568,-140.05486651655468,1.6277160652778613,0.0,-0.0012728049881769211
1780294802.948989630,1780294802.939718008,-210.51798557255225,-140.10226189702215,1.6268821158417923,0.0,-0.0012728052091540265
1780294802.993131876,1780294802.958536625,-210.4978596738705,-140.1486555519425,1.644708994465062,0.0,-0.024803421441329878
1780294803.009949446,1780294802.994554043,-210.46930503627283,-140.2145770106805,1.6476526445882758,0.0,-0.02480342145183187
1780294803.036324501,1780294803.024752378,-210.45981532798467,-140.2366840575836,1.6344865704114702,0.0,-0.007737481681011307
1780294803.056645155,1780294803.038438797,-210.46098065701082,-140.23412945665538,1.6325021876078722,0.0,-0.007737481640322593
1780294803.071028233,1780294803.059712172,-210.46550852346857,-140.22387604252847,1.6453470333417137,0.0,0.01719485903289763
1780294803.104271650,1780294803.078160048,-210.48371180315092,-140.1816697309572,1.6532415924436137,0.0,0.023964037727464672
1780294803.116399765,1780294803.105277538,-210.48850405898725,-140.17041286974722,1.6543656876545232,0.0,0.023964037755222864
1780294803.131264210,1780294803.118416071,-210.49589907547463,-140.15291732982234,1.6425822497439484,0.0,-0.02023160560666397
1780294803.156333923,1780294803.138047934,-210.49811157089312,-140.14727596588045,1.638333174737025,0.0,0.01095306467706091
1780294803.169025421,1780294803.158219576,-210.49406563721203,-140.15606763940747,1.637597559914988,0.0,0.010953065012314588
1780294803.192190170,1780294803.178002834,-210.48712919312652,-140.17156423647944,1.6210098689259989,0.0,0.01988769720431132
1780294803.218908787,1780294803.205762625,-210.4746880637163,-140.19955417006582,1.6124967519448932,0.0,0.0003695583454217666
1780294803.238007069,1780294803.224160194,-210.46601587601447,-140.21881050593467,1.6267374129315435,0.0,0.001610597333081085
1780294803.253731489,1780294803.241876602,-210.45611894375605,-140.24105399748262,1.6311422461381992,0.0,0.0016105973360697205
1780294803.271389008,1780294803.258612394,-210.44571688494585,-140.2642936042442,1.6451097680029774,0.0,0.006076854298586596
1780294803.291027546,1780294803.278004885,-210.43185389687926,-140.29570383879627,1.6639987085615182,0.0,-0.02015793639114917
1780294803.316014528,1780294803.301207066,-210.41436010230316,-140.33539514806935,1.676558672667325,0.0,-0.02822916569449254
1780294803.340039492,1780294803.318448067,-210.40044767516378,-140.3667144394455,1.6791070714209826,0.0,-0.028229165727683508
1780294803.358212948,1780294803.344505548,-210.3810088449258,-140.41084662062414,1.679107165515272,0.0,-0.028229165727683508
1780294803.370849133,1780294803.364374399,-210.36577757321643,-140.44516546501572,1.656361892395453,0.0,-0.008839949264396914
1780294803.392503262,1780294803.378007889,-210.35417459079937,-140.47086767335767,1.6331195971914596,0.0,-0.0016756764266658841
1780294803.407133341,1780294803.398016930,-210.33728591195725,-140.50854658142777,1.6194395608616923,0.0,0.007686532214124891
1780294803.435258150,1780294803.418786049,-210.31872482814552,-140.54995328976588,1.6122011352119006,0.0,0.005202517353708974
1780294803.450083494,1780294803.438043118,-210.3004515625636,-140.5904901783784,1.6190232667146918,0.0,0.005409697982079417
1780294803.472521782,1780294803.457982779,-210.28071627973037,-140.6343247141215,1.6330181455729367,0.0,0.011493733489149848
1780294803.491528034,1780294803.477986097,-210.26011882757564,-140.6799376920759,1.6415993409128042,0.0,-0.005263801733659151
1780294803.510278940,1780294803.500280857,-210.23860453106178,-140.72785337516754,1.662809184133942,0.0,-0.0200845739943121
1780294803.528645992,1780294803.518001556,-210.2197024197573,-140.7698078158745,1.6783382876575756,0.0,-0.02420388353306767
1780294803.554510355,1780294803.537995100,-210.19853844559003,-140.8168890292086,1.684850807033654,0.0,0.007540953944886367
1780294803.577091932,1780294803.561644316,-210.1747722828173,-140.86982767850378,1.6857625123217896,0.0,0.0313824136815877
1780294803.594613791,1780294803.577975750,-210.1568235273049,-140.90956505902167,1.6852634410036955,0.0,0.02207049514803646
1780294803.614662886,1780294803.598048687,-210.13658033934166,-140.954559570728,1.680702384669114,0.0,0.006308730741926043
1780294803.645581007,1780294803.618174553,-210.117213542893,-140.99771002387837,1.6678511591699563,0.0,0.011059695480094956
1780294803.662067413,1780294803.648033619,-210.09306539752066,-141.05206635327806,1.663610977983371,0.0,0.011059695507447351
1780294803.676314831,1780294803.667089939,-210.07654493953484,-141.08910644852114,1.6596596451595533,0.0,-0.01421393921525487
1780294803.692561150,1780294803.678091526,-210.0663177057995,-141.11196023587385,1.6589738448923204,0.0,-0.014213939262351928
1780294803.709376097,1780294803.698360920,-210.0496077483455,-141.14966379628495,1.6589738448926141,0.0,-0.014213939262351928
1780294803.734601498,1780294803.718002796,-210.03037674975857,-141.1928445021822,1.6626189124408026,0.0,0.04515702692844253
1780294803.753265381,1780294803.738306284,-210.00964762892727,-141.2392744359216,1.6665861860152837,0.0,0.12717163446589788
1780294803.766774654,1780294803.758473873,-209.9889333446405,-141.28549902445354,1.668712453318959,0.0,-0.06211357883115101
1780294803.796425343,1780294803.784196377,-209.96226847191602,-141.34523419383459,1.6771719801210205,0.0,-0.0770053293152258
1780294803.817258596,1780294803.799340010,-209.9430510681543,-141.388302695764,1.68383044873368,0.0,0.01842078210978544
1780294803.824838877,1780294803.818209410,-209.9246338946913,-141.42987549054095,1.6849313817766605,0.0,0.01842078277890381
1780294803.858920336,1780294803.838004351,-209.90295910692555,-141.47860930195264,1.6809428822391288,0.0,0.023528271677739583
1780294803.867415667,1780294803.858775139,-209.88209418657232,-141.52559790720434,1.67921470367964,0.0,0.023528271396061454
1780294803.889589548,1780294803.878144979,-209.86212679666502,-141.57052298387214,1.6557242416360316,0.0,-0.05889560221851173
1780294803.910830736,1780294803.898053408,-209.83945739558206,-141.6214191633362,1.6408048268065007,0.0,-0.040704776489993426
1780294803.941150665,1780294803.918038607,-209.81504053769726,-141.67608563301977,1.6258790920487776,0.0,0.05578122206980617
1780294803.954638004,1780294803.947088242,-209.7881926171041,-141.73642283694957,1.6221105242554885,0.0,0.05578122243207707
1780294803.985986710,1780294803.962969542,-209.76839606915902,-141.78053171220597,1.6507522069031044,0.0,-0.03016484502782036
1780294803.997540712,1780294803.989927530,-209.743622382887,-141.83610951421136,1.6561319552717353,0.0,-0.030164845294444815
1780294804.009857416,1780294804.000437498,-209.73120383972207,-141.86386408220983,1.6804784262175283,0.0,0.05221609068524519
1780294804.046165466,1780294804.018161535,-209.7111281359936,-141.90885735813217,1.694794568000138,0.0,0.03438368672362109
1780294804.056196451,1780294804.047952890,-209.68319158728445,-141.97159205995507,1.6985970636995964,0.0,0.034383686349138534
1780294804.088470221,1780294804.069616318,-209.67756289541572,-141.98302489060134,1.6932643136637895,0.0,0.008480451868706992
1780294804.095995903,1780294804.090419292,-209.68850702823468,-141.9566892446449,1.6780747219979744,0.0,0.04470818256849138
1780294804.117868185,1780294804.098653078,-209.71266232961082,-141.90019543490155,1.6737475121686545,0.0,0.044708182609896334
1780294804.131057024,1780294804.118427515,-209.72269012311685,-141.87577186786413,1.6727261025302353,0.0,0.044708182609896334
1780294804.165598154,1780294804.148137808,-209.7311771627324,-141.85408987878512,1.661045039646107,0.0,-0.02109443897431431
1780294804.193734884,1780294804.173096180,-209.7309021747452,-141.85305785224904,1.6688117412749095,0.0,0.04311784633078017
1780294804.206250429,1780294804.196726561,-209.72669615793018,-141.86109281545794,1.6709173973729028,0.0,0.04311784639360821
1780294804.213962317,1780294804.207035780,-209.72665936266168,-141.86014579060554,1.6717928521574006,0.0,0.03598717287201663
1780294804.231979370,1780294804.218010902,-209.72606553118868,-141.860190692433,1.6819018987412004,0.0,-0.007891240306276661
1780294804.244827271,1780294804.238004208,-209.71485731744858,-141.88452322841155,1.6895966917259393,0.0,0.019454092021027068
1780294804.281659603,1780294804.258184433,-209.7038240679397,-141.90734640161836,1.6919212341254104,0.0,0.019454092442319222
1780294804.307132244,1780294804.284682989,-209.68698077777978,-141.94345332864063,1.6919195296752878,0.0,0.019454092442319222
1780294804.329390049,1780294804.310731411,-209.66975839880448,-141.9800004155775,1.684490765289151,0.0,0.014417739215137908
1780294804.345315933,1780294804.330951452,-209.6559112132476,-142.0093403850279,1.6834241497851181,0.0,0.014417739208017488
1780294804.352257967,1780294804.344959021,-209.6452701001842,-142.0314322186946,1.683424195501062,0.0,0.014417739208017488
1780294804.370165586,1780294804.358038425,-209.63358376290606,-142.05587669954875,1.6723495483626922,0.0,-0.004185122704436061
1780294804.384918451,1780294804.378040314,-209.61508760316357,-142.09450225080792,1.6665117169178032,0.0,-0.006293204184977727
1780294804.415913343,1780294804.398008585,-209.59500057002404,-142.13591346156667,1.6625769730129374,0.0,0.014934643045014018
1780294804.429832458,1780294804.417974710,-209.5750861051773,-142.17687925225212,1.6603856526103409,0.0,0.026966831694314783
1780294804.455497980,1780294804.438009501,-209.55478952694992,-142.21850330796357,1.6595311023631623,0.0,0.01860033395008887
1780294804.473853827,1780294804.457921743,-209.53460165063234,-142.2600573488254,1.6587552469262963,0.0,0.01157094167839516
1780294804.491304636,1780294804.478888273,-209.5145905335394,-142.30177848039597,1.6582890698517516,0.0,0.015929351311945474
1780294804.551397324,1780294804.517776012,-209.48236867040833,-142.3709229283948,1.6525665071983398,0.0,0.03100336946127507
1780294804.565526009,1780294804.555683851,-209.4507508754774,-142.43853467173395,1.6446486403713851,0.0,-0.003079442262186448
1780294804.575601339,1780294804.566853523,-209.4377248389976,-142.4657797505312,1.6435689852119872,0.0,-0.0030794422970401667
1780294804.588356495,1780294804.577985525,-209.42615627443251,-142.49032851754023,1.6435689854389244,0.0,-0.0030794422970401667
1780294804.606586218,1780294804.598015308,-209.40740358350126,-142.53033300260776,1.630283196541302,0.0,0.025213413972781144
1780294804.630254507,1780294804.618013859,-209.38689422669643,-142.57385768527325,1.6218174737698612,0.0,-0.0020766745863030588
1780294804.652330875,1780294804.638723612,-209.364962061727,-142.62033445708923,1.6169536397118116,0.0,-0.014365405987695272
1780294804.675775766,1780294804.659216166,-209.3433654955944,-142.66608060994366,1.6167107631815054,0.0,-0.01263902818100713
1780294804.696603537,1780294804.680508375,-209.32077902783715,-142.71386506580103,1.614870239959217,0.0,0.02538731232943567
1780294804.713366270,1780294804.698696852,-209.30233736638368,-142.7529146813878,1.6140156208892698,0.0,0.02538731253101299
1780294804.737085104,1780294804.720182896,-209.28305660940015,-142.79401691962127,1.6112017660990532,0.0,-0.008766053436880281
1780294804.745327950,1780294804.740123272,-209.26541786785938,-142.83173221805436,1.610410459514318,0.0,-0.008766053537909504
1780294804.778331757,1780294804.758340836,-209.24762234229294,-142.86961636230657,1.6049321684391098,0.0,0.004584920701449051
1780294804.790569305,1780294804.782064438,-209.22721019872313,-142.913316726383,1.6039748911526959,0.0,0.004584920798714458
1780294804.825992346,1780294804.798445940,-209.20944462576014,-142.95100712045502,1.5998710395499738,0.0,0.006100434050105354
1780294804.837290525,1780294804.828037024,-209.1841016260981,-143.00524722763788,1.5988075333543792,0.0,0.006100434057964001
1780294804.850211382,1780294804.842216253,-209.1688410744047,-143.03765288450649,1.5918593132914673,0.0,0.007659260005347576
1780294804.865570307,1780294804.858012915,-209.15164078239357,-143.07419985715433,1.5894301032125917,0.0,0.009251826655304139
1780294804.889023066,1780294804.881399155,-209.12672320802278,-143.1271941485229,1.5886452729917482,0.0,0.006915385892987132
1780294804.923025608,1780294804.898003101,-209.104453266931,-143.17432070486885,1.5867751142781723,0.0,0.0035442452253483824
1780294804.944447994,1780294804.932001829,-209.07144569570545,-143.24461463205333,1.586192582030337,0.0,0.0035442452062841258
1780294804.964926481,1780294804.946833372,-209.0515506094312,-143.28652026124885,1.5860617477763368,0.0,-0.009979432683533768
1780294805.011621475,1780294804.991762161,-209.01433582415237,-143.36609999265838,1.5860367572038183,0.0,-0.009979432705446907
1780294805.030827045,1780294805.022849321,-208.98729697963634,-143.42386841560239,1.5803005157573402,0.0,-0.007126046309675414
1780294805.050431490,1780294805.042585373,-208.99216001293905,-143.41196222509635,1.569459814760262,0.0,-0.007126046308059232
1780294805.071865797,1780294805.058511257,-209.0127255783355,-143.3653670737462,1.5634843719381557,0.0,0.002426995768895877
1780294805.095553637,1780294805.087085009,-209.01967488829578,-143.34863255567623,1.5625289746644269,0.0,0.0024269958144095844
1780294805.126233816,1780294805.102810144,-209.03986770256876,-143.302936709991,1.5701292771170101,0.0,-0.0033893399770173914
1780294805.140844107,1780294805.136144876,-209.04208686750437,-143.29648660955755,1.5714849767624395,0.0,0.005989038225026973
1780294805.152080059,1780294805.144049883,-209.05478636962192,-143.26761158889374,1.57086965959511,0.0,0.005989038237838294
1780294805.164000034,1780294805.158260345,-209.05884103238816,-143.25749721385625,1.5704122423787998,0.0,0.005989038237838294
1780294805.195447206,1780294805.178133011,-209.06102142332915,-143.25092304715815,1.5728966598384897,0.0,-0.0005811429564593221
1780294805.217010975,1780294805.203489542,-209.0539743815561,-143.26456928952996,1.5753133282963023,0.0,0.004468319893945247
1780294805.235905170,1780294805.219252348,-209.05107508346913,-143.26946249067433,1.572217361976382,0.0,0.011012078333612138
1780294805.256799698,1780294805.238486767,-209.0428587126885,-143.2860044182389,1.5698730047295775,0.0,0.004072066497893216
1780294805.268707514,1780294805.258870125,-209.03168204759606,-143.30908067763178,1.5687674005649435,0.0,-0.0024496983367177276
1780294805.286782503,1780294805.278009176,-209.01943766044178,-143.3348978230434,1.5637939114115704,0.0,-0.002289337547072231
1780294805.316438913,1780294805.298398972,-209.00403557229686,-143.36706968206155,1.5602595158299237,0.0,0.00608654978580425
1780294805.344667196,1780294805.318094730,-208.98874206135778,-143.398943355668,1.5557050048782888,0.0,0.00616164458615704
1780294805.366332769,1780294805.342874050,-208.97044834985994,-143.43750417735524,1.5542418958323543,0.0,0.006161644586492236
1780294805.386492014,1780294805.364807129,-208.95402416746506,-143.47221967844598,1.5096153848785612,0.0,0.0014884799110475543
1780294805.397871971,1780294805.378958702,-208.94204674308017,-143.49733266548455,1.501241802452745,0.0,0.0014884798964280483
1780294805.405820370,1780294805.398473501,-208.9276907255168,-143.52795910944718,1.5012418185734897,0.0,0.0014884798964280483
1780294805.427555323,1780294805.418179035,-208.91287812126356,-143.55960290730025,1.494740472247331,0.0,-0.011835496132028858
1780294805.454974890,1780294805.446970463,-208.89248617561805,-143.60325776631376,1.4927492995003473,0.0,-0.01183549617458014
1780294805.467973948,1780294805.458938360,-208.88186842018965,-143.62587717662842,1.5131053660087774,0.0,-0.013135197465414816
1780294805.486435652,1780294805.478016615,-208.86516891484453,-143.66165632891014,1.5198072230667774,0.0,-0.007492272350204104
1780294805.514328718,1780294805.498020649,-208.8445886771483,-143.70583023098058,1.526408752380537,0.0,0.006012185701244579
1780294805.536864281,1780294805.518000841,-208.82317885555233,-143.75169886523875,1.5310213802532342,0.0,0.02099219308922756
1780294805.557764530,1780294805.540503979,-208.80124726148932,-143.7986771141581,1.5319359601341187,0.0,0.020992193262903247
1780294805.581355572,1780294805.565237045,-208.7787003517089,-143.8469793412811,1.5089636038415506,0.0,0.009917823573115384
1780294805.595553160,1780294805.582543135,-208.76162191799983,-143.8835218831104,1.5030399882404122,0.0,0.00991782355042185
1780294805.608874321,1780294805.598263979,-208.74699265940077,-143.91468369124337,1.4891789091334853,0.0,-0.003007714990934083
1780294805.650235653,1780294805.618012667,-208.72920533353485,-143.95280643361716,1.4842148519514016,0.0,0.0028234647639596394
1780294805.664944172,1780294805.642487049,-208.70877717589917,-143.9965998655973,1.483574865535377,0.0,0.0028234648077444737
1780294805.677240610,1780294805.667360783,-208.68777640710556,-144.04164662042584,1.4943236690896748,0.0,-0.0015915374217419461
1780294805.689146042,1780294805.678232431,-208.6755195662965,-144.0678794083215,1.4962440736461253,0.0,-0.00159153743023562
1780294805.732500792,1780294805.698487759,-208.65479368316008,-144.11233589366566,1.4972315657410178,0.0,0.002886582799067671
1780294805.759687424,1780294805.733596563,-208.62687795158422,-144.17217405013918,1.4976980619478961,0.0,0.002886582869377234
1780294805.792913675,1780294805.765084982,-208.5993102184708,-144.23122619840458,1.527947113801917,0.0,0.0036089286200640127
1780294805.819285393,1780294805.792924881,-208.57549792132377,-144.2822092924871,1.5333153304028915,0.0,0.0036089286210839316
1780294805.837282181,1780294805.823275328,-208.5502857159591,-144.33615567244127,1.503414634034608,0.0,0.005543652121215001
1780294805.845535517,1780294805.837941170,-208.5361760706618,-144.36634664247413,1.4986220904323477,0.0,0.005543652123755476
1780294805.872644186,1780294805.859212875,-208.5148132129158,-144.41201207182593,1.4838524123869796,0.0,-0.007631078320853404
1780294805.893069029,1780294805.878627300,-208.494460128873,-144.4555491368757,1.4870242556399158,0.0,0.005895831935543365
1780294805.908712864,1780294805.897980690,-208.4727513042908,-144.50199031352875,1.502585728061647,0.0,0.016034459649432994
1780294805.935822725,1780294805.917993546,-208.4508723253359,-144.54891541974862,1.5146827765250184,0.0,0.0006636286469447646
1780294805.945996046,1780294805.938405991,-208.42890486334107,-144.59592248550123,1.519870635254201,0.0,-0.0002450092279461082
1780294805.998341322,1780294805.962154865,-208.40282896225162,-144.65189934420687,1.5357950652598968,0.0,0.001279881598683213
1780294806.026735306,1780294806.015958071,-208.35719417284417,-144.74979801904374,1.5414935499230762,0.0,0.0012798816089435478
1780294806.037290096,1780294806.028430462,-208.34071872567495,-144.78522931953933,1.5213580855618318,0.0,0.00499438676158023
1780294806.049308062,1780294806.039701939,-208.34852374360233,-144.7684429272445,1.5049074639967372,0.0,0.0049943867647029
1780294806.066941261,1780294806.058013678,-208.3822827942218,-144.6957729051319,1.4814198404217012,0.0,0.006352254389828047
1780294806.087658644,1780294806.078012943,-208.42191729507942,-144.61026184291765,1.4810090192234024,0.0,0.006340921101362785
1780294806.110257864,1780294806.098005295,-208.45652007485788,-144.53545742712686,1.48794956740631,0.0,0.004086158209736807
1780294806.130914927,1780294806.118003368,-208.4755162966426,-144.49414498580632,1.505940574056689,0.0,0.009001584807473144
1780294806.173408270,1780294806.153087378,-208.47176632825756,-144.50163383785397,1.5181714602894956,0.0,0.013900118416202164
1780294806.193817854,1780294806.171641588,-208.4692689943337,-144.5065770127962,1.5403005425759597,0.0,0.006513771602523227
1780294806.203977585,1780294806.192351103,-208.46073943757582,-144.52458001995166,1.5445044574455649,0.0,0.006513771546842555
1780294806.219528198,1780294806.204214334,-208.45467311933848,-144.53743641268838,1.5482466387474032,0.0,0.00888720422477227
1780294806.238662958,1780294806.225199699,-208.44134856153192,-144.56587442449919,1.5492530706523857,0.0,0.00888720422951967
1780294806.248036385,1780294806.243628025,-208.42878424675152,-144.5926808106087,1.528241584368675,0.0,0.024129669660645954
1780294806.287422895,1780294806.258605957,-208.4173400712901,-144.6169009127387,1.5161532668219762,0.0,0.013215164252944113
1780294806.306309700,1780294806.287116528,-208.3972602049224,-144.65954992957055,1.513987843548119,0.0,0.013215164178390387
1780294806.310883045,1780294806.306911469,-208.38228728947738,-144.69123232439333,1.5065572064603967,0.0,0.018280495182688983
1780294806.348510742,1780294806.317996740,-208.3713706660086,-144.71411233520283,1.5051222674815152,0.0,0.018280495189266888
1780294806.361801863,1780294806.354133368,-208.3451656238542,-144.76956821002784,1.505122418830744,0.0,0.018280495189266888
1780294806.381784678,1780294806.369519234,-208.33187813590334,-144.79762299987095,1.5285667315698912,0.0,0.01383582057007687
1780294806.390623331,1780294806.381114721,-208.321335580908,-144.81984416126485,1.5324933996806653,0.0,0.013835820563886216
1780294806.418291569,1780294806.397999763,-208.30595823903172,-144.85224328825413,1.537106061492861,0.0,0.021234115201853015
1780294806.425286531,1780294806.419276476,-208.289128977697,-144.88782261234488,1.5392330288017981,0.0,0.02123411530396413
1780294806.445217133,1780294806.438007355,-208.27073777440717,-144.92649067790012,1.5412812633426076,0.0,0.0014397156295811384
1780294806.469396353,1780294806.458011627,-208.25071278121436,-144.96871543604234,1.5331050517347162,0.0,0.013725970806425706
1780294806.487683296,1780294806.477983952,-208.22937016985048,-145.01364956949655,1.525341781041327,0.0,0.023310243643262
1780294806.513422966,1780294806.497997761,-208.20707654297252,-145.06053038033548,1.5195843419282882,0.0,0.017920744845539818
1780294806.533602476,1780294806.518064260,-208.18505547273315,-145.10680000184232,1.5086597095843293,0.0,-0.012821987316531324
1780294806.554099798,1780294806.538480282,-208.1647389618514,-145.14966875441496,1.5015847292727713,0.0,-0.013187749389620092
1780294806.567520142,1780294806.557999849,-208.14590959015428,-145.18945388099888,1.4969252306497776,0.0,-0.003750480784153541
1780294806.586190462,1780294806.578004122,-208.1265901467847,-145.23034981810184,1.4945108371740492,0.0,-0.01546239490571448
1780294806.608398676,1780294806.598005533,-208.10769763851562,-145.27053043865402,1.5007218198123804,0.0,-0.0390012678788524
1780294806.630571127,1780294806.618013620,-208.0888900152649,-145.31067382912724,1.5058354255045923,0.0,-0.04589319431605294
1780294806.650421619,1780294806.637997627,-208.07024550582764,-145.35062336965444,1.5077913496558877,0.0,-0.0367024915840246
1780294806.676038504,1780294806.660696507,-208.05002665076583,-145.3939668782669,1.5063032264177092,0.0,-0.03811448542679013
1780294806.692940712,1780294806.682089329,-208.03139453290572,-145.4340693403414,1.5055917269170898,0.0,-0.03811448543499178
1780294806.711533308,1780294806.698226929,-208.01671094502785,-145.46581723599252,1.5088581555840948,0.0,-0.07205467336088628
1780294806.728927851,1780294806.717993498,-207.9986386349709,-145.50497357376753,1.5077405760526066,0.0,-0.07063972838665417
1780294806.753038168,1780294806.738014698,-207.9795077916381,-145.54651412316693,1.4990764074271878,0.0,-0.06531542718799732
1780294806.766530752,1780294806.758019924,-207.9605398837849,-145.58785216849682,1.492879448906843,0.0,-0.06687669905368789
1780294806.790096998,1780294806.777986288,-207.93970338787807,-145.63346470402595,1.4904829711611522,0.0,-0.08149638014726979
1780294806.819267273,1780294806.798008680,-207.91920880913807,-145.67846585512095,1.489566981749109,0.0,-0.0866591651695588
1780294806.831571341,1780294806.819204092,-207.90006601823293,-145.72067002654046,1.4893919046547122,0.0,-0.08665916519959975
1780294806.848442554,1780294806.838013887,-207.8824862956447,-145.75970190147711,1.4775989456133318,0.0,-0.08525424997460831
1780294806.878452539,1780294806.859079838,-207.862757451284,-145.80368749315727,1.4720122406948306,0.0,-0.09398139337294766
1780294806.889338970,1780294806.881811380,-207.84464919205686,-145.84424577791575,1.471081552681269,0.0,-0.09398139343016604
1780294806.915329218,1780294806.898008585,-207.83046855296905,-145.87620616518194,1.4698294273513661,0.0,-0.0978863366210409
1780294806.953105927,1780294806.921914577,-207.81083314355715,-145.92060647485928,1.469304002133018,0.0,-0.09063127636483093
1780294806.967240810,1780294806.956969023,-207.7853086475314,-145.97865512099878,1.469215143640724,0.0,-0.09063127630068146
1780294806.995291710,1780294806.977550745,-207.77032739974183,-146.01300418777572,1.4584908356816897,0.0,-0.10166486980679793
1780294807.013330221,1780294807.003549099,-207.7511336931488,-146.0572316173383,1.45698974409122,0.0,-0.101664869822143
1780294807.024676800,1780294807.017975569,-207.7374204196935,-146.089053621292,1.4457870663402757,0.0,-0.09804464745737522
1780294807.050738811,1780294807.038110733,-207.7627801248875,-146.03672256560964,1.416438365529496,0.0,-0.11734358672491485
1780294807.071511269,1780294807.058185339,-207.79561157293102,-145.96834735439057,1.414308469543221,0.0,-0.1294751429843072
1780294807.097678185,1780294807.078008413,-207.8230959449702,-145.91198917896284,1.4201591797344824,0.0,-0.12129180404569427
1780294807.113757610,1780294807.098091125,-207.8399057357027,-145.878953329181,1.4265036968883917,0.0,-0.12447643133228425
1780294807.134930849,1780294807.118131638,-207.8497830968548,-145.86100240685386,1.4293454081022867,0.0,-0.1309747357684103
1780294807.149123192,1780294807.138000965,-207.84922713750652,-145.86594318191007,1.4303086274937937,0.0,-0.14740105493403394
1780294807.170400143,1780294807.158102751,-207.8454189094375,-145.8787705991403,1.428486225779432,0.0,-0.1504012858896147
1780294807.196893692,1780294807.177987337,-207.8394947130685,-145.89684752173312,1.419765819196161,0.0,-0.15103715556953404
1780294807.224095821,1780294807.200263977,-207.83085409686032,-145.92119600011156,1.4167385480282442,0.0,-0.15103715557245426
1780294807.241805315,1780294807.230772257,-207.8170419491813,-145.95858903211962,1.4061074648108887,0.0,-0.1593800369705091
1780294807.276108742,1780294807.240097523,-207.81360851355038,-145.9693677294834,1.404386067171578,0.0,-0.15938003698112857
1780294807.314429998,1780294807.285527229,-207.79063981593217,-146.02993746481224,1.4043861844560894,0.0,-0.15938003698112857
1780294807.338718891,1780294807.321354866,-207.77178202800147,-146.0804567476768,1.4189165863274575,0.0,-0.15338935599575435
1780294807.355543852,1780294807.343070745,-207.75960005554836,-146.1140325020138,1.4203105825502647,0.0,-0.15338935599251735
1780294807.370925188,1780294807.358063698,-207.75106440067367,-146.13782964142618,1.4176013549450701,0.0,-0.1402598680462593
1780294807.398597240,1780294807.379911423,-207.73876617100032,-146.17236110363694,1.4118592653269226,0.0,-0.1500157839941382
1780294807.418649912,1780294807.403158426,-207.72625321089154,-146.20773417034735,1.4096858432065844,0.0,-0.1500157840948132
1780294807.438387871,1780294807.424781561,-207.71437874643135,-146.24156268343742,1.3901555439089677,0.0,-0.16689827369475307
1780294807.452733755,1780294807.446246147,-207.70322294727524,-146.27360435672304,1.3864470418612784,0.0,-0.16689827380021893
1780294807.473921061,1780294807.457983971,-207.69573985170555,-146.2955565685613,1.3911776344312716,0.0,-0.16479395055609497
1780294807.493982315,1780294807.478654623,-207.68395026994477,-146.3300962626386,1.393854736952731,0.0,-0.177995615876059
1780294807.524106979,1780294807.500642061,-207.6718330067978,-146.36603967958254,1.3943928853307193,0.0,-0.17799561605387507
1780294807.534497738,1780294807.525197506,-207.65855975758083,-146.40602744105564,1.3924200814499026,0.0,-0.18460040883869352
1780294807.547007322,1780294807.538001299,-207.64978052955647,-146.43303715363925,1.3914233096515156,0.0,-0.1790657659888154
1780294807.569849253,1780294807.558037758,-207.6378702532838,-146.47006553090355,1.3897580064021888,0.0,-0.183516065957631
1780294807.592718601,1780294807.578145266,-207.62601224622838,-146.50753263087265,1.3881537955565373,0.0,-0.19075355834037733
1780294807.612940311,1780294807.598057032,-207.6137471404427,-146.54698114729277,1.3838711623676676,0.0,-0.20459451154033056
1780294807.629552603,1780294807.618984699,-207.6013037430193,-146.58764061053492,1.3781911493528745,0.0,-0.20031804610330164
1780294807.653989553,1780294807.638114691,-207.58979158970075,-146.62599723397838,1.3749347576016202,0.0,-0.20341663727618103
1780294807.666599512,1780294807.658026695,-207.57728198309692,-146.668374908461,1.3737468275347144,0.0,-0.2056562492471234
1780294807.713674068,1780294807.678514719,-207.5648403688665,-146.7112785475936,1.3768427340219314,0.0,-0.2133581009738049
1780294807.719228029,1780294807.711628437,-207.54783908564303,-146.77083585597705,1.3781214327478621,0.0,-0.21335810106392586
1780294807.742816687,1780294807.727981329,-207.53822882107323,-146.80555693094837,1.3945320312416891,0.0,-0.21472503514807909
1780294807.767116547,1780294807.746892691,-207.52773665416402,-146.84398214262688,1.397233629764667,0.0,-0.21472503515518987
1780294807.778024912,1780294807.771525621,-207.5166490260561,-146.8851356482199,1.3972336297648984,0.0,-0.21472503515518987
1780294807.787436962,1780294807.778004885,-207.51199729703717,-146.90263490042318,1.4001829730338649,0.0,-0.22523391634934076
1780294807.830211401,1780294807.798014402,-207.5017049052537,-146.94204480739518,1.4012176211309,0.0,-0.23116614687819537
1780294807.856942177,1780294807.836691141,-207.48530379392545,-147.00628713507382,1.4013995461818798,0.0,-0.2311661472059934
1780294807.875192404,1780294807.867978811,-207.47192416662986,-147.0609034947466,1.3963258935568366,0.0,-0.23417229463368272
1780294807.892923594,1780294807.879154205,-207.46553625852806,-147.08773852226116,1.3957395523779756,0.0,-0.23417229463853342
1780294807.928455591,1780294807.898023129,-207.45669356225747,-147.1257346984409,1.4003292105446392,0.0,-0.23450349616327276
1780294807.936155081,1780294807.927188873,-207.44611057582992,-147.1723050541918,1.4024185910407896,0.0,-0.23450349616942445
1780294807.953843832,1780294807.939822674,-207.43992657342542,-147.20001644532246,1.4072735628818567,0.0,-0.24178864820951604
1780294807.970015526,1780294807.958523035,-207.43188612697656,-147.23676683209192,1.4126648806205,0.0,-0.246575909050131
1780294807.992659092,1780294807.978005886,-207.42132575238637,-147.2857419050721,1.4168671469903125,0.0,-0.2461975572010982
1780294808.008660316,1780294807.997965574,-207.411003233544,-147.3349559942762,1.4191810687853061,0.0,-0.24794893512215566
1780294808.038956404,1780294808.018121004,-207.39980635664696,-147.3902536289038,1.4180723459543185,0.0,-0.25670461311228804
1780294808.049269438,1780294808.040786982,-207.38936821180545,-147.4442598792531,1.4174344743973337,0.0,-0.2567046131530731
1780294808.087492466,1780294808.061070442,-207.40486032749166,-147.41657835364126,1.4110169495122455,0.0,-0.2664400947843913
1780294808.101333141,1780294808.091002464,-207.4218278549284,-147.38763742945812,1.4091397179504583,0.0,-0.2664400948089388
1780294808.118136883,1780294808.102621555,-207.4368377415477,-147.35189344671528,1.4149041562206033,0.0,-0.2807619592664174
1780294808.131578684,1780294808.123324394,-207.4491495474015,-147.32852543212712,1.4158596226347568,0.0,-0.2807619592918295
1780294808.154725790,1780294808.138140202,-207.46002129692312,-147.30604530857843,1.4208579914950652,0.0,-0.2871352033577658
1780294808.173261642,1780294808.158231735,-207.46276294779761,-147.31375980142678,1.4261038845083114,0.0,-0.29640912901111915
1780294808.189754009,1780294808.178666830,-207.46434018884003,-147.32702086960407,1.429121246476495,0.0,-0.30741311935343807
1780294808.216991425,1780294808.197972059,-207.46554955493616,-147.34181422229463,1.4302713323994118,0.0,-0.31518579080542847
1780294808.235812664,1780294808.220096111,-207.46447014248017,-147.3663437325668,1.4304931949299025,0.0,-0.3151857908629972
1780294808.253672361,1780294808.240645647,-207.4628572589286,-147.3930052674773,1.4412533227308488,0.0,-0.3224600961101841
1780294808.276612997,1780294808.257989883,-207.46125865281982,-147.41825230224117,1.4464158228740573,0.0,-0.33245940040348776
1780294808.290693045,1780294808.283369303,-207.45771448367643,-147.45656448077366,1.4472450977599896,0.0,-0.3324594004584159
1780294808.321184635,1780294808.310488701,-207.453907951358,-147.50016426176194,1.4675955086825598,0.0,-0.33647482323587685
1780294808.328202724,1780294808.320707321,-207.45275754070016,-147.51887035708918,1.471078548911082,0.0,-0.336474823246963
1780294808.358422756,1780294808.346081972,-207.44963648964014,-147.56305860420224,1.4714037920079777,0.0,-0.34294696992089285
1780294808.374150515,1780294808.361612320,-207.44792960868716,-147.59382016344506,1.4717867395062831,0.0,-0.3487508640096667
1780294808.405706406,1780294808.383862019,-207.44583538285644,-147.63831253290098,1.4699598139918184,0.0,-0.3450319726860633
1780294808.443466187,1780294808.407757044,-207.4439488076762,-147.6851262555677,1.4696663840705724,0.0,-0.3477340358322719
1780294808.458125591,1780294808.448549271,-207.44145190750152,-147.7552752056196,1.4697937540445216,0.0,-0.3477340358381517
1780294808.466346502,1780294808.459604025,-207.44113200449726,-147.7819224092848,1.4820295582932759,0.0,-0.3567304602872954
1780294808.517717600,1780294808.504404545,-207.4395174050251,-147.85939485680848,1.4851478685612733,0.0,-0.34507666801465653
1780294808.527531862,1780294808.518198013,-207.439312842907,-147.8910553178028,1.4969311456038612,0.0,-0.37425758888867877
1780294808.551639318,1780294808.538924217,-207.43911054959423,-147.937800706834,1.4995886228300033,0.0,-0.3950539788721423
1780294808.587498903,1780294808.558105230,-207.43937100665264,-147.99123906656578,1.5022501477263388,0.0,-0.3843175691067575
1780294808.614830256,1780294808.587847233,-207.4405249226625,-148.05574185916169,1.503104945423269,0.0,-0.3843175690681061
1780294808.671937704,1780294808.630882740,-207.44325094822756,-148.14056296706005,1.5232046877251417,0.0,-0.36418615873719407
1780294808.697283506,1780294808.679824591,-207.44800699263897,-148.2347918302454,1.5253468129669836,0.0,-0.364186158729673
1780294808.716905594,1780294808.703143358,-207.4513858403667,-148.28377641361982,1.5165551459345874,0.0,-0.35543330120084493
1780294808.728955030,1780294808.720831633,-207.4542637767486,-148.3212229775529,1.5154396920521391,0.0,-0.35543330116693866
1780294808.757314682,1780294808.737981319,-207.45761585347663,-148.3613732166018,1.5103659444656996,0.0,-0.36202229453524
1780294808.777340174,1780294808.764951944,-207.4628235678695,-148.41710677703,1.508205979527577,0.0,-0.35054978289301547
1780294808.789911032,1780294808.782462120,-207.46695861806904,-148.46001565329584,1.5078455161699764,0.0,-0.3505497828206269
1780294808.818661213,1780294808.799077749,-207.4715429214495,-148.5058349020931,1.514081497701116,0.0,-0.3682066538931175
1780294808.833136559,1780294808.822655916,-207.47745532895942,-148.55762363116906,1.515572348577238,0.0,-0.3682066539248063
1780294808.846976995,1780294808.838111639,-207.48223820808903,-148.5988579284213,1.53636337994983,0.0,-0.35112197635116105
1780294808.871026993,1780294808.858040333,-207.48877219209047,-148.65242481911798,1.545471631095941,0.0,-0.3446461938719189
1780294808.889866114,1780294808.878362417,-207.49593207833405,-148.70572042633782,1.545712766373585,0.0,-0.35536653888823677
1780294808.907345295,1780294808.898005486,-207.50342630772934,-148.7572329568778,1.5369874892121824,0.0,-0.35566783684847514
1780294808.934621334,1780294808.918005943,-207.5131919329198,-148.82081757540877,1.5308388235052677,0.0,-0.3481326445525965
1780294808.950657845,1780294808.938262701,-207.52365636947678,-148.88231186097,1.5293661987364497,0.0,-0.3431875871577955
1780294808.974174500,1780294808.958001375,-207.53401288282421,-148.9380947301322,1.5313941638530948,0.0,-0.3608960212790412
1780294808.994721889,1780294808.977969170,-207.545024990643,-148.99294911396862,1.5330011392054752,0.0,-0.3717606200650341
1780294809.020632505,1780294808.998189449,-207.55669521852616,-149.04705419509037,1.5354017495435828,0.0,-0.3735098177035408
1780294809.035996437,1780294809.021817923,-207.56805466754835,-149.09592694258907,1.5362034141274366,0.0,-0.3735098177171098
1780294809.051119804,1780294809.038103342,-207.5754811550572,-149.0855138383552,1.5398147485823783,0.0,-0.36706080894874354
1780294809.071582556,1780294809.058011770,-207.5819297416182,-149.01832323080353,1.5422024907740488,0.0,-0.37565084155612094
1780294809.106274605,1780294809.085207701,-207.59077280271484,-148.98638491818912,1.5419935180256517,0.0,-0.37565084161622847
1780294809.128130913,1780294809.109539509,-207.59767553058833,-148.9526331602677,1.533921320945479,0.0,-0.3739432277837094
1780294809.153687000,1780294809.129465580,-207.60327745708972,-148.9310575283406,1.5327062901882382,0.0,-0.3739432277814171
1780294809.168464899,1780294809.159338236,-207.6138481502451,-148.94056271949336,1.5322358479748064,0.0,-0.3739432277814171
1780294809.195402622,1780294809.178750277,-207.6210825098425,-148.94895605697056,1.5251839290904017,0.0,-0.3903144196295423
1780294809.216427803,1780294809.198531628,-207.62864095052845,-148.95718998691902,1.5229489392487787,0.0,-0.38851155951709954
1780294809.238624334,1780294809.218461752,-207.63692978720573,-148.9734679502877,1.527249201376073,0.0,-0.3810889717684184
1780294809.255323648,1780294809.239112854,-207.6458856182573,-148.9936014919091,1.5290130965494095,0.0,-0.38108897172441597
1780294809.273194790,1780294809.259484768,-207.65557777432227,-149.01823453488274,1.5404499235305933,0.0,-0.37512232574038645
1780294809.297162056,1780294809.278848171,-207.66564947320379,-149.04601719193437,1.5493938312553814,0.0,-0.36973892371123707
1780294809.308249950,1780294809.298902988,-207.67631516816783,-149.0765777929704,1.5515027090992108,0.0,-0.3697389236871648
1780294809.331179857,1780294809.321750879,-207.68963659972633,-149.11438829287297,1.5495294032476739,0.0,-0.37597725862352727
1780294809.348892689,1780294809.338030100,-207.7002172401003,-149.1435324298163,1.5429508103192198,0.0,-0.37948656150265236
1780294809.368151903,1780294809.357984543,-207.7137801347247,-149.18033278231445,1.5393762699034284,0.0,-0.3784597076560541
1780294809.390470743,1780294809.377998590,-207.72905652573408,-149.2209366035955,1.5313632826096963,0.0,-0.3721209016946441
1780294809.411332369,1780294809.398004770,-207.74601883339514,-149.26474810182947,1.5273875579944707,0.0,-0.37966519574027313
1780294809.437309980,1780294809.418037415,-207.76384887162774,-149.3097281240837,1.5265304298568854,0.0,-0.3851355433722869
1780294809.453900576,1780294809.438659906,-207.78184713503668,-149.35356703177047,1.5302317597228294,0.0,-0.3855511829704191
1780294809.474291563,1780294809.457996368,-207.79889400885745,-149.39379921771587,1.5396056850931805,0.0,-0.37516103320208455
1780294809.490626574,1780294809.477993488,-207.81589418839275,-149.43295771266696,1.545379031114916,0.0,-0.3827308908165592
1780294809.508296251,1780294809.498005629,-207.8330874547031,-149.47208023984092,1.5462675339624796,0.0,-0.3854835036966639
1780294809.529994249,1780294809.517979145,-207.85052590500052,-149.51103034893214,1.5461022867524576,0.0,-0.38738231259633665
1780294809.548145771,1780294809.537987471,-207.86831648631377,-149.54993679835127,1.5460391014937767,0.0,-0.37486250616288147
1780294809.568815470,1780294809.557990551,-207.8871811661763,-149.59072786536302,1.543331223046461,0.0,-0.37247446950798574
1780294809.591562033,1780294809.577977180,-207.90704446626825,-149.63297587748124,1.5412721975478534,0.0,-0.3713643391061458
1780294809.616473675,1780294809.598005295,-207.9275023862593,-149.67535180523353,1.53825099029055,0.0,-0.37837683998666843
1780294809.630595684,1780294809.618886948,-207.94832359493023,-149.7172056628074,1.5405573650460165,0.0,-0.3724834992843155
1780294809.649388552,1780294809.637984991,-207.968210875007,-149.75629788459207,1.5418643475069125,0.0,-0.3729080442091485
1780294809.669073343,1780294809.658022881,-207.9885095980512,-149.79500196437246,1.541662304554332,0.0,-0.36978798079761155
1780294809.697747707,1780294809.678052187,-208.0095036232141,-149.83418312557447,1.5377397014520988,0.0,-0.3835957633894183
1780294809.717335939,1780294809.706968307,-208.0359393834868,-149.8816571914073,1.5362900556679482,0.0,-0.3835957634957804
1780294809.735861540,1780294809.721899271,-208.05214719486577,-149.91046783006226,1.5302567852122224,0.0,-0.38912238870186117
1780294809.751575470,1780294809.741698027,-208.07142147858914,-149.94368963582662,1.5289744721264285,0.0,-0.389122388743306
1780294809.769309998,1780294809.758419037,-208.08899653909796,-149.9741383995669,1.526300477297161,0.0,-0.38434605101851815
1780294809.790402889,1780294809.778156996,-208.108900802614,-150.0082365592511,1.527760779890364,0.0,-0.39256728738624397
1780294809.814041615,1780294809.798022270,-208.1307003576106,-150.04553834812626,1.5297096204163725,0.0,-0.3962364742711981
1780294809.834830046,1780294809.822841167,-208.15568360618315,-150.08678200078293,1.5301024915897947,0.0,-0.3962364743148927
1780294809.847426653,1780294809.838071108,-208.17461766539262,-150.1188695676103,1.5361453659023363,0.0,-0.38607887840394023
1780294809.869020700,1780294809.857997894,-208.19973487746657,-150.16058310271836,1.5385659924442379,0.0,-0.38963032843490547
1780294809.900020838,1780294809.881737471,-208.22858307026505,-150.20688965967537,1.5385477204806954,0.0,-0.3890464443167757
1780294809.917176723,1780294809.902124405,-208.2549356941455,-150.2486939313329,1.53838062472359,0.0,-0.38904644431222773
1780294809.941585064,1780294809.918047667,-208.27892512072467,-150.2870395691573,1.5321045308413004,0.0,-0.3820597188978031
1780294809.947844744,1780294809.937903166,-208.30486394251287,-150.32642329859286,1.5305579816653423,0.0,-0.3820597188812517
1780294809.970346928,1780294809.958161592,-208.33403253677002,-150.37033838108908,1.531883145490717,0.0,-0.3911270632692718
1780294809.998844862,1780294809.978017807,-208.36311978730083,-150.41318542019374,1.5326117533822519,0.0,-0.402972773619293
1780294810.015850306,1780294810.000121117,-208.39270257094412,-150.4548791282883,1.5327347550833998,0.0,-0.4029727737532014
1780294810.030534744,1780294810.022291422,-208.42355344587403,-150.4981545667059,1.5469745259685919,0.0,-0.3900988812293662
1780294810.047923565,1780294810.038011074,-208.43154931121447,-150.5007207189543,1.5449955470698578,0.0,-0.38719317273501896
1780294810.070549965,1780294810.057984829,-208.42662339873633,-150.47706444788147,1.5462747586314802,0.0,-0.38726149387519254
1780294810.088659048,1780294810.077996969,-208.41427183874816,-150.44022660871119,1.5502514514886814,0.0,-0.37798658604591384
1780294810.107366323,1780294810.098011494,-208.39286023738507,-150.3882596404998,1.554540389433313,0.0,-0.3804859237802091
1780294810.130069971,1780294810.118165731,-208.37372686631184,-150.34296157284217,1.5529573760739388,0.0,-0.37428146875219687
1780294810.156818628,1780294810.138796329,-208.36324149931735,-150.31545765894407,1.550984515319507,0.0,-0.3813153098040821
1780294810.220272303,1780294810.160597324,-208.3661054858398,-150.31082148662838,1.550621916482013,0.0,-0.3813153098308612
1780294810.264202118,1780294810.239359140,-208.43335139443025,-150.38321542046597,1.5266086907061862,0.0,-0.375554160056597
1780294810.280468702,1780294810.269633293,-208.4574986014101,-150.40724697383536,1.52537069912344,0.0,-0.3755541600540888
1780294810.298301220,1780294810.280352592,-208.46555670683034,-150.4155580660918,1.528851272249254,0.0,-0.375676454627496
1780294810.313575745,1780294810.301852226,-208.48847308578664,-150.44017617582335,1.5296723092793088,0.0,-0.3756764546278055
1780294810.332092285,1780294810.324730635,-208.5137336747309,-150.46763558543492,1.5356149178363252,0.0,-0.38323387317808055
1780294810.371846676,1780294810.338014126,-208.53007876549609,-150.48689513948446,1.5327379051008936,0.0,-0.38280919897935406
1780294810.378787756,1780294810.371001959,-208.56756981404484,-150.52691973442535,1.531159523345418,0.0,-0.3828091989768446
1780294810.392474890,1780294810.385944843,-208.5862526703184,-150.548128709393,1.5207476871461796,0.0,-0.3949987535670427
1780294810.411198139,1780294810.398039818,-208.60278328673465,-150.56765728133917,1.5188146163832061,0.0,-0.39499875358224557
1780294810.427214861,1780294810.420018435,-208.63179809620323,-150.59977847370175,1.5177702090755854,0.0,-0.3946016296837488
1780294810.455753803,1780294810.438010693,-208.65789386500478,-150.62903638690088,1.5227535328583344,0.0,-0.3873212597901992
1780294810.473017216,1780294810.458166838,-208.6872704295049,-150.6613051047394,1.529044824380103,0.0,-0.3864435927370457
1780294810.490105391,1780294810.477970362,-208.71639900778916,-150.69261932513757,1.532673712799713,0.0,-0.3890515020706241
1780294810.513354301,1780294810.498016834,-208.7485990591056,-150.72740225410345,1.5367688655216398,0.0,-0.38472215428385464
1780294810.538554430,1780294810.519799948,-208.78314317195643,-150.76341335604565,1.5362487785145518,0.0,-0.3749568687271881
1780294810.558140278,1780294810.543825865,-208.81823240879456,-150.79775067472562,1.5355536296195982,0.0,-0.37495686861444943
1780294810.568234921,1780294810.558774471,-208.84286762195646,-150.82248217881752,1.5314977770878506,0.0,-0.38012467431659464
1780294810.596812248,1780294810.578016996,-208.8739883221156,-150.85278211182197,1.5299285893021708,0.0,-0.3803790911074793
1780294810.610868931,1780294810.598427773,-208.90358601501546,-150.87978231424185,1.5296641565477418,0.0,-0.3803790911095921
1780294810.629058838,1780294810.618017435,-208.93374739310389,-150.90690830669848,1.5354434900306024,0.0,-0.3722249895817181
1780294810.653022051,1780294810.638908863,-208.96687352242535,-150.9363813715829,1.5384102516913223,0.0,-0.3875821882825846
1780294810.670045614,1780294810.658014059,-208.9983017378687,-150.96398774226355,1.5440326705578693,0.0,-0.3970302710327984
1780294810.688583136,1780294810.678005457,-209.0319205590233,-150.99292186076931,1.548132703482715,0.0,-0.39424542861978423
1780294810.715894938,1780294810.697987556,-209.06844831396015,-151.0244776004718,1.5498924082433547,0.0,-0.390836825399433
1780294810.737521410,1780294810.719210625,-209.10367359086732,-151.05349377253512,1.5502337083374151,0.0,-0.3908368253836057
1780294810.752734661,1780294810.742863178,-209.14277535518636,-151.08486999473163,1.5682801388814354,0.0,-0.38577313085281184
1780294810.773107290,1780294810.759949446,-209.1739543203882,-151.11000751731171,1.5717917016498564,0.0,-0.38577313083614034
1780294810.787326336,1780294810.778008938,-209.20729744700475,-151.13639730695456,1.5705793442794982,0.0,-0.3757585966621172
1780294810.811841488,1780294810.798012495,-209.2440567968958,-151.16481632178446,1.5696437741394127,0.0,-0.3746586543933197
1780294810.838947296,1780294810.817984104,-209.28337536622922,-151.19536581309552,1.5427050744878945,0.0,-0.37538222192632414
1780294810.857710361,1780294810.846720934,-209.33162554501757,-151.2305097258953,1.5323661265119002,0.0,-0.3753822219296799
1780294810.867765903,1780294810.858030558,-209.35717937418266,-151.25023532119204,1.5042826806083718,0.0,-0.3772481607499536
1780294810.889732838,1780294810.878021479,-209.39424432375696,-151.2769720832719,1.4924806459566085,0.0,-0.38424944960422563
1780294810.908575296,1780294810.898008823,-209.4320879732138,-151.30362948581163,1.4937847210564223,0.0,-0.3818327093629795
1780294810.941830158,1780294810.923215866,-209.4775159030661,-151.33443250394367,1.4954802087985306,0.0,-0.38270520253918183
1780294810.958551884,1780294810.943167448,-209.5178867949326,-151.3619651865191,1.4957973083083653,0.0,-0.3832037700723505
1780294810.974581957,1780294810.960919857,-209.55418170121152,-151.38605639501438,1.5253226700470015,0.0,-0.36769044018241
1780294810.998359680,1780294810.979302168,-209.59009987844402,-151.40919635758914,1.5380480323570584,0.0,-0.3600263885980273
1780294811.007251263,1780294810.998325586,-209.62329898997396,-151.42963153446973,1.5401543899803545,0.0,-0.36002638854161495
1780294811.028805971,1780294811.018011570,-209.66053193660443,-151.45267264302407,1.5303363360563038,0.0,-0.36873166948752456
1780294811.053913116,1780294811.038254499,-209.58285812429358,-151.3775444110733,1.5014760868024157,0.0,-0.36637288780553645
1780294811.073169470,1780294811.058311701,-209.5017732189818,-151.30557848156676,1.4948250580472886,0.0,-0.3642145755076518
1780294811.091871738,1780294811.077975512,-209.44035182518112,-151.25655305364128,1.4955776901197073,0.0,-0.3825997013207346
1780294811.118226290,1780294811.097975969,-209.4081012553072,-151.23374577910909,1.4966957733579835,0.0,-0.3823860503836747
1780294811.136018038,1780294811.119324684,-209.39558942512372,-151.22655535660644,1.4968433040718097,0.0,-0.38223344254029423
1780294811.152307749,1780294811.138217688,-209.40153178352816,-151.23160277163225,1.503578870987183,0.0,-0.35312571878047133
1780294811.171164036,1780294811.158023596,-209.41489391737778,-151.2424092581621,1.5146284049822074,0.0,-0.37532162112547107
1780294811.187533140,1780294811.178008080,-209.43530328615458,-151.25680806319238,1.5265049624552598,0.0,-0.41069536480360863
1780294811.214298487,1780294811.199508190,-209.46031870811515,-151.27349677524057,1.5329749864789335,0.0,-0.42535060895043914
1780294811.230285168,1780294811.218143225,-209.48227127462096,-151.28880471093316,1.5331747917274707,0.0,-0.3852071761207402
1780294811.253352880,1780294811.238250256,-209.50876051655936,-151.3069186048495,1.5327993720945383,0.0,-0.3852071759595799
1780294811.266238213,1780294811.257986784,-209.53792228431928,-151.32572665774265,1.5228792125557704,0.0,-0.3856849801756057
1780294811.289978266,1780294811.278009892,-209.56762184124983,-151.34432285958252,1.5007990440054448,0.0,-0.3908249807139594
1780294811.311203480,1780294811.297924519,-209.59922026404365,-151.36477264060932,1.4866148150875151,0.0,-0.3906182900686655
1780294811.348178387,1780294811.318303108,-209.63322987946378,-151.38700107290913,1.4839450399089247,0.0,-0.390618290068134
1780294811.360367537,1780294811.348824024,-209.6787447065088,-151.41277384015655,1.4674507518848345,0.0,-0.3560301156913267
1780294811.368671656,1780294811.360532761,-209.69910365915436,-151.42600238630317,1.4629312237267258,0.0,-0.35603011561226694
1780294811.393726587,1780294811.378004789,-209.72861593943125,-151.44359913602676,1.461715597517563,0.0,-0.3930393880940794
1780294811.409154654,1780294811.398077488,-209.76113066187077,-151.4613174159414,1.46515761624189,0.0,-0.3672453130378857
1780294811.431785345,1780294811.418334484,-209.7962022479191,-151.47996631689833,1.468131175084969,0.0,-0.35863575908046313
1780294811.450670958,1780294811.439037323,-209.8354600201841,-151.50123871858813,1.4774091419474054,0.0,-0.3702094008992752
1780294811.478457451,1780294811.458430767,-209.8729345897618,-151.5210659132269,1.4918412616189716,0.0,-0.3752016573198116
1780294811.494875193,1780294811.480584621,-209.91196933782365,-151.54013419556946,1.4959776678250252,0.0,-0.3752016573558364
1780294811.510353088,1780294811.501956701,-209.95058984534134,-151.5584732568181,1.517214173775409,0.0,-0.35342241492598914
1780294811.538310528,1780294811.518004417,-209.98032447111055,-151.572186492578,1.5215149288428458,0.0,-0.3534224148496537
1780294811.544294834,1780294811.537931442,-210.01432414462744,-151.5866124617417,1.5242310286389387,0.0,-0.3702511291322771
1780294811.572799206,1780294811.558100939,-210.05264590924125,-151.60304759148914,1.5212153868758438,0.0,-0.38832928592749455
1780294811.592445135,1780294811.578006268,-210.0917670295292,-151.6196574666121,1.5179930327084685,0.0,-0.4044708405923203
1780294811.618924618,1780294811.598744869,-210.13184957093256,-151.63612103797954,1.5051651040370926,0.0,-0.4144080629166509
1780294811.633243322,1780294811.621484041,-210.17303639355472,-151.6521229424814,1.500487389216692,0.0,-0.41440806297482813
1780294811.656687498,1780294811.637979507,-210.20553282248952,-151.66475319108292,1.4930102161461363,0.0,-0.44624813442902544
1780294811.672869921,1780294811.658113003,-210.23901193513515,-151.67641736186087,1.4911337885508686,0.0,-0.4462481345070057
1780294811.687547445,1780294811.677980185,-210.27329917361118,-151.68804461983018,1.5015068355041041,0.0,-0.44996896172795076
1780294811.711197853,1780294811.698038340,-210.30858167437017,-151.69967117893643,1.5070348129091757,0.0,-0.43911522888668486
1780294811.732273579,1780294811.718013287,-210.34648543245908,-151.71213402404467,1.5201263279955828,0.0,-0.43276762101927385
1780294811.754189968,1780294811.738008499,-210.38545102626998,-151.7245826929158,1.5320120164492266,0.0,-0.42922389566204666
1780294811.770372868,1780294811.758002281,-210.42682254771776,-151.73767853297002,1.537566419852264,0.0,-0.42728917126786337
1780294811.788322926,1780294811.778005600,-210.4710132967226,-151.75157973675243,1.5307460070505396,0.0,-0.42282399350087474
1780294811.810899734,1780294811.798218012,-210.51814794220604,-151.766247409289,1.5247226986302214,0.0,-0.4186182912836336
1780294811.836798906,1780294811.817983627,-210.56655570822542,-151.78102193930923,1.5098006481194814,0.0,-0.4022539452829742
1780294811.853646040,1780294811.838917971,-210.61596951595365,-151.79537816732054,1.5021034937401498,0.0,-0.40034733982142867
1780294811.875323534,1780294811.858027458,-210.66231805766165,-151.80843926570233,1.5001582916679645,0.0,-0.40112450678497336
1780294811.890650749,1780294811.877997398,-210.70783498419271,-151.8203620935383,1.504239765673067,0.0,-0.4045968593659305
1780294811.914098740,1780294811.898938894,-210.75540420799325,-151.8320787598823,1.5086634891952244,0.0,-0.3954683689076764
1780294811.939893723,1780294811.918013096,-210.79832577717477,-151.8421400073872,1.5107560561315516,0.0,-0.3927819051306492
1780294811.960864782,1780294811.941876173,-210.8457743153808,-151.85213658251737,1.5111487044909755,0.0,-0.3927819050738091
1780294811.971416473,1780294811.962925434,-210.8897203318611,-151.86109399017596,1.5182255633640966,0.0,-0.394224422862311
1780294811.994273901,1780294811.978260994,-210.92548706831786,-151.86844170481146,1.5214492785707248,0.0,-0.38865597499654786
1780294812.012498140,1780294811.999753952,-210.9658346462612,-151.8754453678132,1.5219531031821418,0.0,-0.3886559749771124
1780294812.026140451,1780294812.019059658,-211.00376406431712,-151.8817473662496,1.5306936722619842,0.0,-0.39020203427674766
1780294812.046605825,1780294812.039253235,-210.98982927541036,-151.87225630770595,1.5064297798663866,0.0,-0.3902020342804175
1780294812.075284958,1780294812.058001995,-210.92536381160352,-151.84945229322213,1.4994207727322464,0.0,-0.40578375696929686
1780294812.089810610,1780294812.077973843,-210.8781082576598,-151.83276452190043,1.5141888080541577,0.0,-0.4118366561196908
1780294812.109938622,1780294812.098234415,-210.84537899313588,-151.8215422623082,1.5192579613150654,0.0,-0.4163080535964567
1780294812.139797926,1780294812.118594408,-210.8262755876452,-151.81494541010593,1.5214621020636652,0.0,-0.42071502486383877
1780294812.152200699,1780294812.141701698,-210.83458105085353,-151.81416926035737,1.5220408323220638,0.0,-0.4207150248970435
1780294812.167594433,1780294812.158011675,-210.84763269481314,-151.81532776279812,1.5279580958871462,0.0,-0.4128659945887885
1780294812.189668417,1780294812.178014517,-210.86709878429474,-151.81794043417477,1.5333909512469763,0.0,-0.4090544019737348
1780294812.210208654,1780294812.198002100,-210.89011189739117,-151.82110748904122,1.5367787907421426,0.0,-0.4107833226751522
1780294812.242811203,1780294812.223912001,-210.9248669355913,-151.82568560119628,1.5363590312477948,0.0,-0.41886547055618406
1780294812.255773544,1780294812.241033554,-210.94730031385538,-151.82944076024643,1.5359380564329819,0.0,-0.41886547060311197
1780294812.269062757,1780294812.258899212,-210.97238814171385,-151.83285400105873,1.5347705058254155,0.0,-0.4090675679376856
1780294812.285811424,1780294812.277992964,-211.00252787492383,-151.8361203349129,1.5347075661805079,0.0,-0.4106268752748513
1780294812.310502052,1780294812.297974825,-211.0352657630052,-151.83935272757608,1.5348843419528233,0.0,-0.417970981232159
1780294812.327457428,1780294812.319658756,-211.0733450873889,-151.84282150651825,1.541360534602785,0.0,-0.42342567903985445
1780294812.344177723,1780294812.338001966,-211.1071468292828,-151.84593252562132,1.5438547182814935,0.0,-0.422794377511062
1780294812.372840405,1780294812.358005047,-211.14609577471612,-151.8497086173137,1.544964287767513,0.0,-0.41335490442770145
1780294812.391595840,1780294812.378882408,-211.1850095752662,-151.8526086680399,1.5452535199328308,0.0,-0.4133549043782515
1780294812.411137104,1780294812.398026705,-211.22178129630024,-151.85521446109138,1.5416906210995334,0.0,-0.4350140804527614
1780294812.432349920,1780294812.421338797,-211.26476667397836,-151.85713284279888,1.5399412496061695,0.0,-0.44898692095025566
1780294812.447578430,1780294812.438098669,-211.29824989598922,-151.85882617446896,1.5333558699925287,0.0,-0.44263194636262054
1780294812.465880394,1780294812.457987785,-211.33835236061333,-151.86030910391975,1.5315510387701294,0.0,-0.4401041637781779
1780294812.489758015,1780294812.477990627,-211.38452470562862,-151.86254848341702,1.5318601106807723,0.0,-0.4491923506853981
1780294812.512316465,1780294812.497997284,-211.43448032161245,-151.8649330709111,1.536961626348486,0.0,-0.4500088113997351
1780294812.534346104,1780294812.519881725,-211.4864086060781,-151.86639653575736,1.5494872315664516,0.0,-0.44314161551759745
1780294812.550151110,1780294812.537988424,-211.5315042707861,-151.8674377587265,1.557952744575526,0.0,-0.43593351033934763
1780294812.572690725,1780294812.558005571,-211.581713723761,-151.86790411461058,1.5669260420856743,0.0,-0.4385581819878982
1780294812.591817856,1780294812.578005314,-211.6285031565842,-151.8673460495527,1.5730591917284238,0.0,-0.45211678439591135
1780294812.607509375,1780294812.597990513,-211.67445267946286,-151.86608154523853,1.5795099565069048,0.0,-0.44960797032231986
1780294812.654932261,1780294812.618006945,-211.72406441972348,-151.86465473058465,1.5815138804164117,0.0,-0.4496079703077703
1780294812.675829172,1780294812.656888485,-211.80024296304254,-151.85910598230714,1.5815138804200806,0.0,-0.4496079703077703
1780294812.697795868,1780294812.681647539,-211.8516936667456,-151.85488438750627,1.587978832800695,0.0,-0.42664950219865183
1780294812.741709948,1780294812.703069687,-211.89791664403722,-151.85076905503928,1.588852812696947,0.0,-0.4266495021679365
1780294812.753015041,1780294812.743921757,-211.97105568201462,-151.84126222115052,1.5889468994460654,0.0,-0.43296776301375006
1780294812.769353151,1780294812.757997036,-211.99994457953784,-151.83753902674752,1.58896760237159,0.0,-0.43296776303198087
1780294812.787179708,1780294812.778012276,-212.0403751831111,-151.8320112187046,1.58240825654891,0.0,-0.4199542319557934
1780294812.810804844,1780294812.798152208,-212.08710692534498,-151.82599955610868,1.580572361212939,0.0,-0.4145883407542399
1780294812.839426994,1780294812.818010569,-212.1360279172347,-151.8195419220704,1.5786409441765148,0.0,-0.41526933210981215
1780294812.857935667,1780294812.843078852,-212.19177394980034,-151.81097849557474,1.577653339240724,0.0,-0.4157557545164469
1780294812.878491163,1780294812.860895395,-212.23550687679494,-151.80433478373908,1.56409304739314,0.0,-0.4107527413021975
1780294812.891500950,1780294812.882025003,-212.2839995461336,-151.79607430720057,1.5606881165591113,0.0,-0.4107527412908505
1780294812.905967236,1780294812.898019314,-212.32024393007492,-151.78941525821475,1.5534471271807002,0.0,-0.3980628204536912
1780294812.935559273,1780294812.918192625,-212.3638033695818,-151.78076359833815,1.5500604505333728,0.0,-0.3913311814006002
1780294812.947364092,1780294812.938285351,-212.4092892428235,-151.77165689139474,1.5372807466740692,0.0,-0.3898171492736333
1780294812.983144045,1780294812.960542917,-212.46044612976192,-151.7611450944949,1.5193276765490853,0.0,-0.4100710733873838
1780294812.999103069,1780294812.985709667,-212.51567303698502,-151.7488802515445,1.514275190418225,0.0,-0.41007107348048577
1780294813.018148661,1780294813.005147457,-212.55951860671297,-151.73878370678193,1.5147335564042417,0.0,-0.42227225282799213
1780294813.047216177,1780294813.026643515,-212.5624063636475,-151.73284077103312,1.4823330692410657,0.0,-0.4222722528543358
1780294813.064626694,1780294813.053925991,-212.57502579000024,-151.72359218047362,1.5064226735097854,0.0,-0.4270528545113903
1780294813.071633816,1780294813.067490578,-212.54074120907845,-151.7240460871384,1.5078262054025569,0.0,-0.4270528545201925
1780294813.089900970,1780294813.079279423,-212.49359744303732,-151.72683552609715,1.5536297264549879,0.0,-0.43891097310771027
1780294813.115196466,1780294813.099783421,-212.44965836205736,-151.72738540016672,1.593553712026477,0.0,-0.428109369526158
1780294813.136106253,1780294813.118740559,-212.4296527625889,-151.72554361464066,1.6117972080290135,0.0,-0.42683175779696636
1780294813.158163786,1780294813.139671564,-212.42059518599137,-151.72205524267244,1.6177918434044936,0.0,-0.4337646750789988
1780294813.183618069,1780294813.160310030,-212.42715868650043,-151.71604273195052,1.618967196016053,0.0,-0.43376467512375055
1780294813.195769548,1780294813.182870865,-212.4425655182793,-151.7082865423547,1.576018302171207,0.0,-0.4295064304073676
1780294813.216450930,1780294813.202559471,-212.46258979817173,-151.700201793292,1.5547898087111403,0.0,-0.42284023865725157
1780294813.230075359,1780294813.219518423,-212.48222761460406,-151.69273494631327,1.5499348617732451,0.0,-0.43236384235734376
1780294813.246339798,1780294813.238786697,-212.50809300851404,-151.68318099291318,1.5560189555415787,0.0,-0.4494488294977643
1780294813.268709898,1780294813.258006573,-212.5355486172265,-151.67350201600263,1.561930179196952,0.0,-0.43409630001072735
1780294813.290791512,1780294813.278011560,-212.56651313547988,-151.66249579749433,1.5812469726015344,0.0,-0.42231529638392556
1780294813.315613031,1780294813.298352718,-212.6022225103394,-151.6503810775925,1.5957984049043699,0.0,-0.4316454013948653
1780294813.341195107,1780294813.320289135,-212.64240045374885,-151.6365339593822,1.6078410318404792,0.0,-0.45714177809126627
1780294813.356815100,1780294813.345855951,-212.68830643623704,-151.61963059363123,1.6113153991456894,0.0,-0.4571417782342097
1780294813.367895603,1780294813.358308792,-212.7149198951824,-151.6107478316223,1.6117492328331562,0.0,-0.44836665433635703
1780294813.390732288,1780294813.377984047,-212.75380497496297,-151.59645957932074,1.5928379734606262,0.0,-0.45163741220543674
1780294813.407841206,1780294813.398012877,-212.79359880263132,-151.5812310579179,1.5814943531554915,0.0,-0.45669043317361807
1780294813.427353144,1780294813.418009281,-212.836191413299,-151.56484281535197,1.573251919741494,0.0,-0.4875470832839378
1780294813.453228951,1780294813.438006401,-212.88112387785722,-151.5473872016787,1.565327342952344,0.0,-0.46367979779402996
1780294813.472509861,1780294813.457985878,-212.9242760431847,-151.52983562856696,1.5594737260073321,0.0,-0.4400265273665574
1780294813.496456385,1780294813.478812695,-212.96651825720056,-151.5116417365281,1.5567110729895206,0.0,-0.4216950295865057
1780294813.518252373,1780294813.504382849,-213.0138836837111,-151.4897460394166,1.564374282821456,0.0,-0.43949181406124804
1780294813.537903070,1780294813.528191090,-213.0566712765109,-151.46898375256416,1.5709074484539616,0.0,-0.4367350319288874
1780294813.554259539,1780294813.546822071,-213.08834450385987,-151.45285002241698,1.5719800575231748,0.0,-0.436735031909326
1780294813.565124989,1780294813.557965517,-213.11047931836583,-151.44196909818848,1.5791712879459008,0.0,-0.42768442045320537
1780294813.588295937,1780294813.578253984,-213.1476430813584,-151.4227588984856,1.5820247726961445,0.0,-0.440653123449994
1780294813.608555555,1780294813.598019123,-213.18626720529292,-151.40269678662014,1.584042968865446,0.0,-0.43647985117014965
1780294813.629591703,1780294813.617998600,-213.22907983988884,-151.38051101176208,1.5846367472531002,0.0,-0.43647985114663107
1780294813.674776793,1780294813.638006449,-213.27257594409744,-151.3575614153097,1.585404857451795,0.0,-0.4069809867935053
1780294813.688474655,1780294813.675754070,-213.33681165453655,-151.32013183956565,1.585619328692064,0.0,-0.40698098673574773
1780294813.702623606,1780294813.695024490,-213.37487905788618,-151.29808997376202,1.5982276199808454,0.0,-0.4199737118149293
1780294813.715265036,1780294813.704201698,-213.39799683193533,-151.28527057678852,1.6002340926100527,0.0,-0.419973711831442
1780294813.739024639,1780294813.731773615,-213.44261277170685,-151.25686852124446,1.600234092610231,0.0,-0.419973711831442
1780294813.749827385,1780294813.742204905,-213.46462116690233,-151.24352251975736,1.5934808229818622,0.0,-0.4189737947426212
1780294813.768595934,1780294813.758181095,-213.49581691797056,-151.223943120561,1.5913674445104096,0.0,-0.41990323237295063
1780294813.804141760,1780294813.778078794,-213.53665111555247,-151.19821918679924,1.5811284810308934,0.0,-0.39730218029128445
1780294813.821475267,1780294813.809816360,-213.58959041384398,-151.16239171638702,1.576539592722491,0.0,-0.3973021800858794
1780294813.835638285,1780294813.823795080,-213.61958475363025,-151.14288741579375,1.5587823878615934,0.0,-0.40221657760185375
1780294813.856229782,1780294813.840269089,-213.65026781508402,-151.12197666079496,1.555261787100632,0.0,-0.40221657760997803
1780294813.876698732,1780294813.861929655,-213.68725754341781,-151.09581017020193,1.5481871049415252,0.0,-0.4117239111650195
1780294813.891564369,1780294813.881371260,-213.71783789810075,-151.07320189248924,1.5458040282375927,0.0,-0.41172391120281643
1780294813.912943363,1780294813.897980690,-213.75052900504525,-151.04969479593902,1.5744771660026433,0.0,-0.4182296276025967
1780294813.933129311,1780294813.918002844,-213.7896853306886,-151.0209408305442,1.5837174658302153,0.0,-0.4196171811616326
1780294813.953221798,1780294813.941269875,-213.83445525667503,-150.98733216218687,1.588108942115556,0.0,-0.4382920388702111
1780294814.015282393,1780294813.959012508,-213.87472052493754,-150.95750686581988,1.5906087699178024,0.0,-0.4384050169833193
1780294814.041441441,1780294814.020052910,-213.96324607569065,-150.88351421189682,1.59106805980814,0.0,-0.43840501698428747
1780294814.064386606,1780294814.046158552,-213.97092564128494,-150.87092033025147,1.5691991932497487,0.0,-0.4640733425162188
1780294814.078475952,1780294814.071626663,-213.97643477639218,-150.85929613987352,1.5681638696057822,0.0,-0.4640733425280064
1780294814.095181465,1780294814.086696148,-213.94932172395028,-150.87281316258174,1.604119021587806,0.0,-0.4530469302081831
1780294814.108842850,1780294814.098211765,-213.90719431082783,-150.89822659356918,1.6099877528363384,0.0,-0.45304693019504283
1780294814.134727955,1780294814.118010521,-213.85875033456819,-150.92652107089862,1.6135815402157823,0.0,-0.4330088939147865
1780294814.165813923,1780294814.144925117,-213.84667986453002,-150.92763168060222,1.6202477631529069,0.0,-0.4309842434687817
1780294814.173404455,1780294814.161363363,-213.83301607741905,-150.93403330579602,1.6216658730892288,0.0,-0.4309842434568005
1780294814.211642981,1780294814.184263945,-213.83962064122565,-150.92340651913005,1.6139030882588317,0.0,-0.4442523032840278
1780294814.246896744,1780294814.207591057,-213.85359328998214,-150.90695585478107,1.6104858268697664,0.0,-0.4410649024092523
1780294814.263588190,1780294814.246157408,-213.89307317980672,-150.86480299716072,1.6099825101469813,0.0,-0.4410649023979736
1780294814.272387981,1780294814.264733315,-213.9136863839315,-150.84315291627266,1.619978042836518,0.0,-0.4654279238572262
1780294814.287576675,1780294814.278020382,-213.9292464464956,-150.82676068960888,1.6212907045529312,0.0,-0.4654279238889328
1780294814.310673237,1780294814.297971010,-213.95450121252952,-150.8009029123452,1.6219674026352289,0.0,-0.47016343258972404
1780294814.328960657,1780294814.320568323,-213.9839170070179,-150.77042971347495,1.6230232741650321,0.0,-0.4754458259646926
1780294814.349282503,1780294814.338040590,-214.01093150807188,-150.7440826979303,1.6255921423618325,0.0,-0.4709962720142195
1780294814.371960402,1780294814.358005285,-214.04045626751653,-150.71428194583083,1.6270511491582653,0.0,-0.4640834829473147
1780294814.392868519,1780294814.378530502,-214.0710400327029,-150.68309705706312,1.630717944954446,0.0,-0.45394400719640177
1780294814.408126116,1780294814.398014545,-214.09997261910135,-150.65278870809786,1.637015309525853,0.0,-0.45575592758283084
1780294814.428446054,1780294814.418050051,-214.1330518105886,-150.61872794987954,1.640697419483563,0.0,-0.4545397673697836
1780294814.459113359,1780294814.441262722,-214.169241878279,-150.57997730584478,1.6389883414445678,0.0,-0.44168013266470485
1780294814.465977669,1780294814.459303379,-214.19914168404168,-150.5480196141918,1.6380655668446582,0.0,-0.4416801326052544
1780294814.485906601,1780294814.478012800,-214.23062263542596,-150.5138219285427,1.632873612389093,0.0,-0.43103280448269077
1780294814.514186621,1780294814.498024940,-214.2656330992178,-150.47530014127423,1.6260445716326348,0.0,-0.4429999017596786
1780294814.532324553,1780294814.522312880,-214.30117576223606,-150.43300866625802,1.6211418423847,0.0,-0.45122317075993906
1780294814.549045324,1780294814.538173914,-214.32851543912847,-150.40109763417593,1.617020277005133,0.0,-0.44985804113384736
1780294814.575320005,1780294814.558071136,-214.3601727684192,-150.36269600848166,1.614024776798056,0.0,-0.4363087099834593
1780294814.594671726,1780294814.578016281,-214.3897970898963,-150.32530016785927,1.6122195735178078,0.0,-0.43427669120968343
1780294814.615546942,1780294814.605738163,-214.4220658921653,-150.28067813947476,1.611848342960053,0.0,-0.4342766912001585
1780294814.648586273,1780294814.622679472,-214.4453929502445,-150.24907530649745,1.6304464793528457,0.0,-0.46095395189033483
1780294814.669968605,1780294814.652979851,-214.47966432095663,-150.19897983732687,1.6345569952791164,0.0,-0.4609539519433939
1780294814.676841259,1780294814.673050880,-214.50203228995528,-150.16525861968148,1.6405163661159008,0.0,-0.4310298085241454
1780294814.687891245,1780294814.682352781,-214.5159027775221,-150.1456108776489,1.6415440388227422,0.0,-0.4310298084953658
1780294814.712467909,1780294814.698009491,-214.53909171004116,-150.1123792911632,1.6420433486312576,0.0,-0.44529602799841844
1780294814.728422403,1780294814.718728065,-214.56621864185772,-150.07164285639814,1.639306491653953,0.0,-0.4464480963273141
1780294814.749509335,1780294814.738013029,-214.5916757881054,-150.0328549333254,1.6339428325226382,0.0,-0.4514600180855669
1780294814.774758816,1780294814.757976770,-214.62094755301527,-149.9884794657107,1.6309298267374528,0.0,-0.46379655173292883
1780294814.798216581,1780294814.777981281,-214.65140457706272,-149.9416154864516,1.632860856607055,0.0,-0.4729347396509047
1780294814.816659451,1780294814.802495956,-214.6807377300233,-149.89269378838392,1.6338275777003899,0.0,-0.4729347397040915
1780294814.832951307,1780294814.823100805,-214.70690825712964,-149.84830867680103,1.6684397612505069,0.0,-0.4852118706085425
1780294814.851374626,1780294814.840572596,-214.73039010923463,-149.80813354328424,1.6751214312233096,0.0,-0.4852118706884446
1780294814.875120401,1780294814.858214855,-214.7522311309251,-149.7693179938735,1.6751214312233162,0.0,-0.4852118706884446
1780294814.883450747,1780294814.878054380,-214.7743796228592,-149.7278778104243,1.6874768357999081,0.0,-0.48765684404488485
1780294814.909306049,1780294814.899148464,-214.8028160599315,-149.67612137300065,1.6892613759431065,0.0,-0.48301715975817433
1780294814.939935684,1780294814.925585270,-214.83374956882514,-149.61643618414274,1.6878298302240435,0.0,-0.49222638173066746
1780294814.957999229,1780294814.942102432,-214.85691469331329,-149.57242530117537,1.681822310579296,0.0,-0.4883092852667192
1780294814.970404625,1780294814.957968235,-214.88067415803613,-149.5269223377928,1.6735228925115817,0.0,-0.47704298217992447
1780294814.989542484,1780294814.978000402,-214.90596267550134,-149.475465930584,1.6682094666067215,0.0,-0.47135850633833404
1780294815.010071039,1780294814.998010159,-214.92947862626875,-149.4253297674263,1.6727097818939598,0.0,-0.4794789614411659
1780294815.027840137,1780294815.018802643,-214.95090980831168,-149.37686679248463,1.674925866883542,0.0,-0.4794789615037536
1780294815.061169147,1780294815.041675091,-214.97123521877532,-149.32770983277982,1.680747202236368,0.0,-0.46327391510288973
1780294815.090883017,1780294815.071435928,-214.9917458595817,-149.2724491886338,1.681852694564267,0.0,-0.4632739149741296
1780294815.106711388,1780294815.094825029,-215.00658215659388,-149.23009496348223,1.6731526706575848,0.0,-0.4792035795829463
1780294815.118797779,1780294815.111789227,-215.01492082585432,-149.20303250034078,1.6718181208644998,0.0,-0.47920357959806026
1780294815.131747246,1780294815.126597643,-215.02206709107563,-149.1791623383136,1.6770504775767934,0.0,-0.4730390386527783
1780294815.142212629,1780294815.137995243,-215.02743924105184,-149.16074465235363,1.678730600600693,0.0,-0.47303903861517677
1780294815.162713289,1780294815.158018827,-215.0367558144252,-149.12815674971978,1.6845011332950128,0.0,-0.49254899538668656
1780294815.187723637,1780294815.178697824,-215.04611578575927,-149.09415823762396,1.6936541664194382,0.0,-0.4945090326929512
1780294815.208157539,1780294815.199849606,-215.05532857521897,-149.05929421855794,1.6988171265744552,0.0,-0.48365273998877906
1780294815.222568750,1780294815.218658209,-215.06315806382278,-149.02837849877488,1.6961734085198719,0.0,-0.4632899871914671
1780294815.253385544,1780294815.241592169,-215.07231716908652,-148.99083499854174,1.6897314401656964,0.0,-0.47346698068994186
1780294815.263945580,1780294815.260520697,-215.07951854310633,-148.95985828837638,1.6853997902691311,0.0,-0.4908815075785805
1780294815.285201788,1780294815.278022766,-215.085895227686,-148.9312267377877,1.6804100767705916,0.0,-0.47877033339499814
1780294815.304692745,1780294815.298631907,-215.09311227507754,-148.89749392292026,1.6772314248985012,0.0,-0.48103422540392954
1780294815.328286409,1780294815.318008900,-215.09957084068128,-148.86577268924538,1.673617821275755,0.0,-0.49230840432298156
1780294815.346717358,1780294815.337993860,-215.10592453739633,-148.8329716291084,1.673153892934672,0.0,-0.5119442238121044
1780294815.376643181,1780294815.358005762,-215.11195991228783,-148.8000145681336,1.6736738879881772,0.0,-0.4820478425925697
1780294815.381481647,1780294815.378931046,-215.1179366681895,-148.76550099797382,1.6737744267869634,0.0,-0.4820478424536586
1780294815.406926394,1780294815.401817322,-215.12408298210548,-148.7279705182551,1.6681549075789235,0.0,-0.4090194759493048
1780294815.424594641,1780294815.418129206,-215.12821557621555,-148.70116757249028,1.6665556454615293,0.0,-0.4248255834166248
1780294815.446686029,1780294815.438006639,-215.13303989672676,-148.66838059752075,1.667020968157539,0.0,-0.4649849202437892
1780294815.475688457,1780294815.468278885,-215.13991565900923,-148.6184497091265,1.6654172550324662,0.0,-0.4683767711456399
1780294815.482292891,1780294815.478143454,-215.14191818343647,-148.6022011673666,1.6636861776838197,0.0,-0.4479849735526746
1780294815.503152609,1780294815.498010635,-215.14580741479568,-148.5694610528564,1.6613061963336526,0.0,-0.44685894452309044
1780294815.553557158,1780294815.545630932,-215.15444973222952,-148.49075856956085,1.6725554983190878,0.0,-0.45632679279409644
1780294815.563879728,1780294815.558000326,-215.15627221497303,-148.47011338021534,1.6740664997705197,0.0,-0.45632679281059474
1780294815.584031105,1780294815.578947067,-215.1591603514819,-148.4351376978673,1.6748137444527034,0.0,-0.4467601857931773
1780294815.613144636,1780294815.604647160,-215.16231601800703,-148.39201700710993,1.679606162415149,0.0,-0.47866392297054366
1780294815.626973391,1780294815.618445158,-215.16372890457677,-148.3687968768013,1.6812870479826043,0.0,-0.47866392313921413
1780294815.647125244,1780294815.638000488,-215.16551571268147,-148.3356056425783,1.6903846959126834,0.0,-0.5178774219619366
1780294815.667582512,1780294815.658020258,-215.16700321433967,-148.30154661186054,1.6956446710306805,0.0,-0.5107777512612497
1780294815.686418295,1780294815.678262711,-215.16814982384415,-148.2671921423011,1.6963848399383479,0.0,-0.4981138654666687
1780294815.710970640,1780294815.702482700,-215.1691052457648,-148.22612376139753,1.6962655731871084,0.0,-0.4981138654178046
1780294815.728110552,1780294815.724617004,-215.16952636609284,-148.1886890730501,1.6936692898895525,0.0,-0.4904524059184729
1780294815.743327618,1780294815.737998009,-215.1695341832081,-148.16616379139697,1.6895351497597086,0.0,-0.5073617725420383
1780294815.761938334,1780294815.758086920,-215.16931766231295,-148.13231338613429,1.6875168562591771,0.0,-0.5127384033801503
1780294815.782290459,1780294815.778013229,-215.16875721921053,-148.0987168242645,1.68706647942841,0.0,-0.4795310288903464
1780294815.803902864,1780294815.798012733,-215.16787243936443,-148.0649892920887,1.6870257845741226,0.0,-0.44881895924501736
1780294815.829760551,1780294815.818016291,-215.16668727780817,-148.0313513127272,1.684329295120141,0.0,-0.46006776173685776
1780294815.844726562,1780294815.841734409,-215.16492878260127,-147.99182624540535,1.6742224963435182,0.0,-0.47754130063489086
1780294815.861120939,1780294815.858019590,-215.1634233005159,-147.96489122423904,1.6668537933186096,0.0,-0.4800700390569852
1780294815.880530119,1780294815.878015518,-215.16131505307987,-147.9317776672591,1.6629395512096614,0.0,-0.46978598966987745
1780294815.900833368,1780294815.898056269,-215.15887367646164,-147.89835641637612,1.6693744209355197,0.0,-0.48203126565935417
1780294815.921135664,1780294815.918025017,-215.15610457718225,-147.8648856295842,1.6753017140575506,0.0,-0.5002682013697727
1780294815.940985918,1780294815.938027620,-215.15297555074153,-147.831163627946,1.6856256402961742,0.0,-0.507336254559709
1780294815.962325096,1780294815.959007025,-215.14929547668098,-147.79543165784298,1.7002554355969843,0.0,-0.485801203600042
1780294815.981217861,1780294815.978008270,-215.1456174649331,-147.7629745668439,1.7088915225159003,0.0,-0.4768935870487016
1780294816.003110409,1780294815.998029470,-215.14141902636234,-147.72871366434384,1.717233327678391,0.0,-0.48284465335288496
1780294816.020190477,1780294816.018027067,-215.13688265027585,-147.69444409929423,1.7226112258562407,0.0,-0.48623543172674727
1780294816.041188955,1780294816.038001299,-215.13202232184264,-147.66029200758365,1.7247035074292338,0.0,-0.4774492890283043
1780294816.060807467,1780294816.058013916,-215.12682802317045,-147.62613495657584,1.725504271502465,0.0,-0.474276698455509
1780294816.081445456,1780294816.079262257,-215.12096970876385,-147.5899282004472,1.725810605977178,0.0,-0.4715832438857681
1780294816.100440741,1780294816.098023176,-215.1154796436079,-147.5580288508409,1.7254639300709322,0.0,-0.4807361455494173
1780294816.125333548,1780294816.118013620,-215.10933229653554,-147.52414342679145,1.72388653935981,0.0,-0.4982884465720401
1780294816.142181396,1780294816.138056278,-215.10283567560734,-147.4902584105616,1.7227320120176317,0.0,-0.49069833232900734
1780294816.177237511,1780294816.171765566,-215.09134609344525,-147.43336012108958,1.7222799509746636,0.0,-0.48421905103191876
1780294816.187502146,1780294816.183495998,-215.07800214271577,-147.45936909283552,1.7187832390267765,0.0,-0.478342762768039
1780294816.214584112,1780294816.201638699,-215.05541585845168,-147.52681077850397,1.7180685580227215,0.0,-0.47834276274663856
1780294816.231797934,1780294816.217963219,-215.0387836353371,-147.60716868997446,1.7140121972650848,0.0,-0.47929558516017273
1780294816.256370306,1780294816.238607168,-215.02950475077785,-147.64441711809297,1.704853469739637,0.0,-0.4741285866759053
1780294816.269805670,1780294816.263168335,-215.0217957434427,-147.64478659945138,1.7015212517515124,0.0,-0.4741285866399237
1780294816.288101673,1780294816.278009176,-215.01823303877967,-147.6440758994082,1.690212593083956,0.0,-0.45896347774796753
1780294816.313118458,1780294816.298627853,-215.01220612307094,-147.62192444122053,1.6857068328755171,0.0,-0.45734969305508677
1780294816.337032795,1780294816.318710566,-215.00559531388146,-147.59167719920327,1.683170757855562,0.0,-0.4602798115617569
1780294816.351395130,1780294816.338300228,-214.99843727734776,-147.55895557854484,1.683620777137012,0.0,-0.45753332690434656
1780294816.370905876,1780294816.360261440,-214.98988040537677,-147.5197360513638,1.6844679469424235,0.0,-0.4528880693313975
1780294816.406683207,1780294816.378701687,-214.98219595347055,-147.48569928701906,1.6846308039772708,0.0,-0.4528880693126777
1780294816.417907476,1780294816.406300068,-214.9697720367081,-147.43725080879562,1.68463080795019,0.0,-0.4528880693126777
1780294816.431538820,1780294816.420989752,-214.9625045438144,-147.40847196508295,1.6883661484785961,0.0,-0.4298236739506555
1780294816.459861755,1780294816.439099312,-214.9527084183065,-147.3699408248147,1.687402641250362,0.0,-0.42889117361439505
1780294816.490501642,1780294816.468120337,-214.9369664273606,-147.3145291879635,1.6843628154953394,0.0,-0.42835336487628883
1780294816.510063171,1780294816.491911650,-214.92301487548275,-147.26688117150704,1.6833831153340821,0.0,-0.42835336486868075
1780294816.554774284,1780294816.512933016,-214.9102002625626,-147.22458416940174,1.6844701206899972,0.0,-0.4100413061387713
1780294816.563156843,1780294816.548932791,-214.88840765194007,-147.15800150668778,1.6823961765305422,0.0,-0.4218515897080124
1780294816.574028492,1780294816.562603235,-214.8793234728754,-147.13089114628443,1.6816099569547611,0.0,-0.4218515898320067
1780294816.585264206,1780294816.577990770,-214.86880645973514,-147.1002153246573,1.6784489361255068,0.0,-0.3854379304983798
1780294816.623728275,1780294816.598281384,-214.8537603911909,-147.05596442012092,1.675853958120107,0.0,-0.3838703288771482
1780294816.636976242,1780294816.623311281,-214.8356120023327,-147.00531783866865,1.675020192799694,0.0,-0.3838703288648618
1780294816.658527613,1780294816.645987511,-214.8182714242055,-146.95813980348746,1.6754577052908233,0.0,-0.3825042537260879
1780294816.687054634,1780294816.660085917,-214.80628945987792,-146.92514084188966,1.675625106094038,0.0,-0.3825042537199304
1780294816.697754622,1780294816.689864397,-214.783270349509,-146.8670887520037,1.683851550713762,0.0,-0.33426584781461893
1780294816.711244822,1780294816.704951525,-214.77134655121165,-146.83835012265516,1.6855080814378005,0.0,-0.33426584773107987
1780294816.726217508,1780294816.717993021,-214.75973913542398,-146.80974825586594,1.6890331709416453,0.0,-0.33003294452798043
1780294816.750996590,1780294816.738508940,-214.74154537671566,-146.76612934852275,1.6868655515169035,0.0,-0.3167487227300838
1780294816.769291878,1780294816.758030653,-214.7219140903346,-146.71856318636276,1.6839643849621444,0.0,-0.31497725434979923
1780294816.791190386,1780294816.778036356,-214.70168876533495,-146.67082280267707,1.6792466887184636,0.0,-0.3207043155619006
1780294816.818066120,1780294816.798035860,-214.68041597108035,-146.62140556932607,1.6760187082856772,0.0,-0.3095794596318211
1780294816.869620085,1780294816.824166775,-214.6554007888829,-146.56657087955128,1.6753959184497473,0.0,-0.30957945958883415
1780294816.888145208,1780294816.875937223,-214.61067447462997,-146.47511014061908,1.697575036036795,0.0,-0.2676004374905721
1780294816.894878387,1780294816.885349751,-214.59983610790346,-146.45239462194633,1.6995868401036485,0.0,-0.26760043746986967
1780294816.916086912,1780294816.898129702,-214.5858689740018,-146.42391481340945,1.7009661620019247,0.0,-0.2628020613298537
1780294816.924180508,1780294816.920659304,-214.56496654009786,-146.3836600409633,1.7016885875233287,0.0,-0.25937464983101505
1780294816.952154160,1780294816.937979221,-214.54377642707823,-146.3404917159975,1.700266489327415,0.0,-0.22146107392619252
1780294816.980080605,1780294816.958804131,-214.51964103488623,-146.29260985987972,1.690005990835564,0.0,-0.22884711247775907
1780294816.994942904,1780294816.984040260,-214.49192796453187,-146.23938129820974,1.6859306045066942,0.0,-0.22884711255391307
1780294817.010842562,1780294816.997928143,-214.47352067430677,-146.20302790526907,1.672960928463046,0.0,-0.19055711805217798
1780294817.031544685,1780294817.020261765,-214.44686926828354,-146.1523734766408,1.6530468656976505,0.0,-0.18748100380154356
1780294817.052597523,1780294817.038053274,-214.44773419143058,-146.1615859424426,1.629648264335013,0.0,-0.19061285776451223
1780294817.069824696,1780294817.058015823,-214.4755191584927,-146.22873014844524,1.600857091126286,0.0,-0.16296311106142528
1780294817.092766047,1780294817.079553366,-214.50855909001285,-146.30216561680973,1.583745895475215,0.0,-0.1245078461711576
1780294817.125274181,1780294817.103912592,-214.5296740889112,-146.34601455140887,1.5655960600014627,0.0,-0.11167826131667132
1780294817.152416706,1780294817.133215666,-214.53955719991404,-146.36323763318308,1.5598403133141368,0.0,-0.11167826126534441
1780294817.161979914,1780294817.153671741,-214.5456222991109,-146.3686736903546,1.6099979632373465,0.0,-0.051708158213670745
1780294817.177530050,1780294817.164441824,-214.55092269090673,-146.37076956695367,1.6179549030748264,0.0,-0.05170815816408935
1780294817.187671423,1780294817.179923534,-214.54758610902178,-146.35755914400696,1.6081938336982113,0.0,-0.04077061435952818
1780294817.209160805,1780294817.198532581,-214.5413114435407,-146.3367293245674,1.5990605910839493,0.0,-0.04347193428816579
1780294817.231330872,1780294817.218221426,-214.53274732937763,-146.3116905104016,1.5755736484850213,0.0,-0.03944415917699137
1780294817.250876665,1780294817.237987518,-214.52361351264298,-146.285589069828,1.5191886823160423,0.0,-0.01590875695161529
1780294817.274940014,1780294817.259702682,-214.51238999051074,-146.25584027003765,1.4817574002026852,0.0,-0.0011583381975361386
1780294817.291350126,1780294817.278078318,-214.5030292985425,-146.22944422942612,1.4463682423486968,0.0,-0.008839866689892718
1780294817.321140289,1780294817.298069239,-214.49148483922394,-146.19980297444786,1.427221242693012,0.0,-0.012132078289479022
1780294817.334808350,1780294817.321261883,-214.47713174287378,-146.1666668146362,1.423568638884056,0.0,-0.012132078304556797
1780294817.358706474,1780294817.338023901,-214.4683366892346,-146.14278151373946,1.347035474778691,0.0,0.02238239664405733
1780294817.393632889,1780294817.360976696,-214.45514794119384,-146.11237216891587,1.3276185827756704,0.0,0.022382396729455134
1780294817.404817343,1780294817.396742344,-214.43578268890636,-146.06933025211075,1.2402083647995124,0.0,0.02232834816922022
1780294817.422696114,1780294817.415207386,-214.42620395441125,-146.04655497845962,1.2169966670413155,0.0,0.022328348168909804
1780294817.446022272,1780294817.429862261,-214.41879480897765,-146.02524334879692,1.190484186969935,0.0,0.03046313181240526
1780294817.460715771,1780294817.451222658,-214.40830081899267,-146.00047970211153,1.100099371065107,0.0,0.025637099579863362
1780294817.471500158,1780294817.466068983,-214.40117913302927,-145.97940439715137,1.0804540929906217,0.0,0.025637099568801048
1780294817.490621090,1780294817.482314110,-214.39324742794736,-145.95927805486434,1.0717195225177094,0.0,0.025621860888146157
1780294817.521256208,1780294817.497990608,-214.38623356125456,-145.9383363950495,1.0271591575779886,0.0,0.029792613802346445
1780294817.535673141,1780294817.522464991,-214.3749087773791,-145.91163208450408,1.0121817236419182,0.0,0.029792613818374097
1780294817.547272921,1780294817.537966490,-214.36820076604582,-145.89128506912294,0.9658757944558305,0.0,0.02706017132261757
1780294817.576892853,1780294817.557988644,-214.35984905310866,-145.86520793110898,0.9144917243868428,0.0,0.02735419315956046
1780294817.590195417,1780294817.582197905,-214.3498609442274,-145.83625194033903,0.8977820131910046,0.0,0.027354193161831127
1780294817.610196114,1780294817.598015070,-214.34384075267363,-145.81510246398034,0.8460486510547365,0.0,0.02825493000114559
1780294817.629691362,1780294817.618005991,-214.33666699712208,-145.78977242078452,0.7976536703803078,0.0,0.020343341871678362
1780294817.648031712,1780294817.638783932,-214.32937407662155,-145.76439947237589,0.7665045900711718,0.0,0.01832602364943633
1780294817.669122458,1780294817.657997370,-214.32252898507855,-145.73999005275263,0.7417951594441353,0.0,0.020538172300709298
1780294817.692931414,1780294817.678062201,-214.31601307559836,-145.71458584741643,0.6917232874100492,0.0,0.015816277867032866
1780294817.716547012,1780294817.698060751,-214.3098969828335,-145.69045310840107,0.6574588543026247,0.0,0.010551010631307853
1780294817.734587908,1780294817.727237225,-214.30117126381492,-145.6632677259519,0.650833169828062,0.0,0.01055101060097023
1780294817.747907400,1780294817.738007307,-214.29877437814756,-145.64917516857537,0.5642388119229054,0.0,0.017110695396817317
1780294817.774422407,1780294817.758612633,-214.29383598870942,-145.63203509795153,0.5361804507809302,0.0,0.013894681358059198
1780294817.788599491,1780294817.778225660,-214.28964176168822,-145.6165032969495,0.48579194943916215,0.0,0.006850580822924652
1780294817.817155838,1780294817.803497791,-214.28449655314188,-145.5955438499753,0.450435378507557,0.0,0.007575791230966454
1780294817.841166973,1780294817.827244997,-214.2800177365777,-145.574714206281,0.3968365501354272,0.0,0.01346534450729233
1780294817.860661030,1780294817.842236757,-214.27725421118913,-145.55794493094666,0.3867156174559761,0.0,0.013465344516380552
1780294817.880465984,1780294817.859998226,-214.2740925234799,-145.54225322851576,0.3867156174559782,0.0,0.013465344516380552
1780294817.895907879,1780294817.882966042,-214.27047397724752,-145.52588158462837,0.36879511345612015,0.0,0.008397156239729853
1780294817.907463074,1780294817.898615122,-214.2683484640307,-145.51575549691236,0.3375402671565934,0.0,0.00955351993332029
1780294817.928206444,1780294817.918304443,-214.2656256737942,-145.5044973871427,0.3223860380831975,0.0,0.01185987223536292
1780294817.959948540,1780294817.938132048,-214.2629693606226,-145.49202324677728,0.3071297078171807,0.0,0.011473886833653205
1780294817.976479292,1780294817.965012074,-214.25946631214543,-145.47793141980478,0.30225209877560466,0.0,0.011473886830573696
1780294818.013502836,1780294817.991361141,-214.2565289446373,-145.4652190331696,0.256023871445352,0.0,0.01649191462191224
1780294818.014790535,1780294818.000082016,-214.25553236594703,-145.45686642973808,0.24848215389460696,0.0,0.016491914634774826
1780294818.027305603,1780294818.018433571,-214.253694104925,-145.446873493351,0.2354259915646424,0.0,0.01589437077543178
1780294818.051650047,1780294818.040094852,-214.29571112319263,-145.51981078245655,0.19742015216203757,0.0,0.015306342228153622
1780294818.071184397,1780294818.063514233,-214.33598202923073,-145.58859622642913,0.19279492787076213,0.0,0.014424904256591634
1780294818.094463348,1780294818.079709530,-214.37177668966834,-145.65158466053882,0.19135838861799115,0.0,0.014424904252573348
1780294818.109668016,1780294818.101166964,-214.4012417564429,-145.70181324631804,0.1924631212359492,0.0,0.014254955561895221
1780294818.128402472,1780294818.118015766,-214.4283597292019,-145.74642257479425,0.19860355825009327,0.0,0.009449123036906308
1780294818.153604031,1780294818.138976336,-214.4463813683552,-145.77421524209797,0.20215799943586713,0.0,0.005413088379169958
1780294818.168715715,1780294818.158435583,-214.45948800770537,-145.79330913897473,0.20700918729631618,0.0,0.0047284044357765375
1780294818.236730337,1780294818.206931353,-214.4678509692637,-145.80205294292,0.22105602512423478,0.0,0.005038606248322938
1780294818.273384571,1780294818.245472908,-214.4737284276315,-145.80662173022137,0.2512063823528,0.0,0.0029751733094913217
1780294818.292544127,1780294818.275000572,-214.47703995104706,-145.80807645227287,0.25765696427672485,0.0,0.006076084807441715
1780294818.311218977,1780294818.298328638,-214.47878951540778,-145.80762291191272,0.2582079612378687,0.0,0.006076084811315629
1780294818.337154865,1780294818.318212271,-214.48271517711376,-145.80977049899295,0.2354410357295583,0.0,0.014659124547552537
1780294818.351392031,1780294818.338470936,-214.48568917943916,-145.81055768237016,0.21783182746676533,0.0,0.015862760618008686
1780294818.380644798,1780294818.358009577,-214.48905801519447,-145.81136436717648,0.21348907294331881,0.0,0.016059797305511797
1780294818.397781134,1780294818.386022568,-214.49116876724145,-145.80971012916547,0.21364881783405718,0.0,0.016059797306402727
1780294818.418286562,1780294818.403707027,-214.49341955516357,-145.80883773999963,0.22985052905839756,0.0,0.014064467257195606
1780294818.428633213,1780294818.421502113,-214.49381489772688,-145.80644434025794,0.23341795673793103,0.0,0.014064467249259716
1780294818.453722000,1780294818.438166618,-214.49424831632044,-145.80341558926543,0.25186238858376603,0.0,0.013025368025737507
1780294818.471562862,1780294818.457967281,-214.49428671317725,-145.79944769806707,0.2561937411964121,0.0,0.013179463435999609
1780294818.492472649,1780294818.480535507,-214.49461386779078,-145.7947380995342,0.2653766295955603,0.0,0.013197265736596157
1780294818.512722015,1780294818.499494314,-214.49497997336235,-145.7904492009982,0.272825179564452,0.0,0.014249466245022244
1780294818.531921864,1780294818.517992735,-214.49541559061277,-145.78595442534177,0.28371610231374356,0.0,0.013370729393289968
1780294818.548151970,1780294818.537977219,-214.4950906640789,-145.78053697145003,0.2910632523169871,0.0,0.015244508802335867
1780294818.572546721,1780294818.558043480,-214.49409232371056,-145.77426991368674,0.31224280487129685,0.0,0.015145227427134618
1780294818.592121124,1780294818.579395294,-214.49239310163702,-145.7670129609319,0.3288684125540162,0.0,0.016056848001927988
1780294818.612346411,1780294818.598007917,-214.49093751306958,-145.76039818756337,0.3359079457842026,0.0,0.018385651132805148
1780294818.641430378,1780294818.619286537,-214.48906813308108,-145.75281015407404,0.3388376958270258,0.0,0.021249751205850174
1780294818.663236141,1780294818.657233477,-214.48492241120988,-145.7401148339625,0.3394869910410091,0.0,0.021249751244206572
1780294818.682455063,1780294818.666995525,-214.48393021979382,-145.7353482781402,0.3696769245493237,0.0,0.02210389715835421
1780294818.700604677,1780294818.692760944,-214.48067834002308,-145.7254756240033,0.37444441654230987,0.0,0.022103897159191657
1780294818.710551739,1780294818.700466156,-214.47963433667573,-145.72120175457908,0.3869144110701059,0.0,0.02293950082374896
1780294818.730235338,1780294818.718018293,-214.47711380058888,-145.71206887469393,0.40210079742848376,0.0,0.024316907868638323
1780294818.749021053,1780294818.738072872,-214.47431954844566,-145.70062455741112,0.41466345562760265,0.0,0.025197543935307064
1780294818.769900560,1780294818.758002996,-214.4713411522652,-145.6883713271075,0.43213134445090146,0.0,0.02456958929824696
1780294818.792679787,1780294818.778004885,-214.46830468151558,-145.674746307301,0.44252770656808155,0.0,0.023572496973342936
1780294818.821333885,1780294818.799654007,-214.46494816536068,-145.66050859350483,0.4541239229583329,0.0,0.021728208023503275
1780294818.832384348,1780294818.821833372,-214.461420323232,-145.64731499492675,0.45779277159763143,0.0,0.02172820798072894
1780294818.851839066,1780294818.838040113,-214.45840718252416,-145.63611285492462,0.48077610123586956,0.0,0.019810597554455387
1780294818.871865511,1780294818.858003855,-214.45469175685392,-145.6231134414266,0.48649423414597137,0.0,0.019810597550750837
1780294818.891023159,1780294818.878006697,-214.45074512597418,-145.60985670099288,0.5009635158039865,0.0,0.020576935860989038
1780294818.921614647,1780294818.899416208,-214.4462332716336,-145.59444861211267,0.5157049294826955,0.0,0.019985845225485292
1780294818.935534000,1780294818.923400879,-214.44140419320382,-145.57823353527965,0.5195811040008409,0.0,0.019985845211777833
1780294818.953965902,1780294818.940124989,-214.437711753692,-145.5654107418697,0.5383331915556897,0.0,0.018416017677402568
1780294818.971194267,1780294818.961839676,-214.4330064553274,-145.55019939291003,0.5513202087985581,0.0,0.024640283922069017
1780294818.991423607,1780294818.978240490,-214.42901037818467,-145.53695262125822,0.5718029064603138,0.0,0.02188400499652767
1780294819.014950037,1780294818.999246359,-214.42400051686542,-145.52117086341676,0.5831128257729729,0.0,0.022636704553624626
1780294819.034571409,1780294819.017996788,-214.41929347327905,-145.50586631904915,0.5961139957911842,0.0,0.027619074869232853
1780294819.054150820,1780294819.038613081,-214.41670765880016,-145.49554955932274,0.6125115515907388,0.0,0.028840651386382008
1780294819.068726063,1780294819.061957359,-214.41356502443637,-145.4840807577483,0.61747566997406,0.0,0.028840651394441932
1780294819.087866306,1780294819.078333855,-214.41346132866826,-145.48076537071336,0.6342741658885989,0.0,0.024513136547700293
1780294819.114790678,1780294819.098011494,-214.41526769680462,-145.4812641449214,0.6539740434594852,0.0,0.027415426271406924
1780294819.138972998,1780294819.118337631,-214.4165672683761,-145.4800292501625,0.667137262656678,0.0,0.030197138191784656
1780294819.148072243,1780294819.138006210,-214.4158765995215,-145.47395449636608,0.6793469845399149,0.0,0.030880466447442606
1780294819.181334496,1780294819.160850286,-214.41397760387483,-145.46380318424897,0.6865158971123205,0.0,0.027917992552139656
1780294819.192541122,1780294819.179478407,-214.41199219162945,-145.4542267951691,0.6878888505245491,0.0,0.027917992516612162
1780294819.210969687,1780294819.197992325,-214.40834980872845,-145.44116149144088,0.7234612506560569,0.0,0.03398710770642282
1780294819.231560469,1780294819.218110561,-214.40359943261763,-145.42546232027777,0.7400144192219639,0.0,0.03809562002627048
1780294819.250362158,1780294819.238008499,-214.3985693264784,-145.40899021967556,0.7540872284200971,0.0,0.03831458742249566
1780294819.268463135,1780294819.259071827,-214.39261243768402,-145.3903910314908,0.7738231077230927,0.0,0.03713086476226613
1780294819.287478924,1780294819.279936552,-214.38661536807834,-145.371262318925,0.7797365855283642,0.0,0.03713086475671784
1780294819.314432621,1780294819.298073530,-214.3812833237209,-145.35438561376353,0.7970947159632,0.0,0.03787184356665463
1780294819.345742941,1780294819.318128109,-214.3748398916681,-145.33390348062548,0.809949626815532,0.0,0.03795950205925277
1780294819.362946272,1780294819.349347353,-214.3656638995098,-145.30568444656836,0.8156013906230208,0.0,0.03802211527387371
1780294819.377941608,1780294819.366370916,-214.3598590223753,-145.287228785696,0.8402358487712532,0.0,0.03686002501734543
1780294819.402262688,1780294819.382499456,-214.3545593610842,-145.27052887730557,0.8453047257115557,0.0,0.03686002501538752
1780294819.416098833,1780294819.406491518,-214.34653836525015,-145.24536319343653,0.8747038725910039,0.0,0.03959091925936421
1780294819.431413412,1780294819.417983055,-214.34196715664436,-145.2308002640525,0.8810837310070995,0.0,0.03959091926258033
1780294819.454434395,1780294819.438014269,-214.33460898139307,-145.20753309306815,0.8846293802086663,0.0,0.037700086358886165
1780294819.465172768,1780294819.460315466,-214.3270416614279,-145.18388489791272,0.8863072940190034,0.0,0.037700086332314434
1780294819.491321087,1780294819.478022099,-214.31932005727336,-145.15905587425252,0.927960564544056,0.0,0.041519804412184384
1780294819.521878719,1780294819.499853849,-214.31035505968057,-145.13039356514196,0.9472006715996476,0.0,0.0415011137647511
1780294819.532745361,1780294819.525828838,-214.300672789428,-145.09965745105322,0.9768417742027412,0.0,0.043900428403612295
1780294819.545937300,1780294819.538001776,-214.29495816496657,-145.08095852297242,0.9827296078643664,0.0,0.04390042840683505
1780294819.569398165,1780294819.558691263,-214.28558359617503,-145.05026896773657,0.9861089729943266,0.0,0.047397694874553475
1780294819.595410347,1780294819.578257561,-214.27682838953254,-145.02166490496836,0.9931655103189259,0.0,0.049838847767808635
1780294819.617933273,1780294819.598561049,-214.26848288135946,-144.99443772229552,0.9952706702369924,0.0,0.049838847778391794
1780294819.634552240,1780294819.619441986,-214.25931661092537,-144.96416816677615,1.0149124553557325,0.0,0.05177752973338954
1780294819.653879642,1780294819.639698505,-214.25030972489998,-144.934163565591,1.0301740966197295,0.0,0.05064799437036494
1780294819.676208973,1780294819.660429955,-214.2415516246072,-144.90516831131248,1.0370016387598697,0.0,0.050042691137673546
1780294819.694421530,1780294819.682541847,-214.23233158620462,-144.87456206330614,1.038252138903284,0.0,0.05004269113493597
1780294819.723772049,1780294819.698035002,-214.22447245806188,-144.84778238115018,1.0636310657920036,0.0,0.049907804798045526
1780294819.734472275,1780294819.725185633,-214.21362906497126,-144.81153958867358,1.0701014185774291,0.0,0.04990780479759143
1780294819.754433870,1780294819.738848209,-214.20680844461515,-144.78813177834894,1.0933900384513886,0.0,0.051823826783677286
1780294819.772933245,1780294819.757920504,-214.198118884284,-144.75856181211327,1.1061971106490978,0.0,0.055413413961012216
1780294819.796978712,1780294819.781190872,-214.18667428828044,-144.7192471345146,1.1130583573526525,0.0,0.05972246812537045
1780294819.821351051,1780294819.801009893,-214.1752073325984,-144.67889250886768,1.1226527104442108,0.0,0.057326954821299854
1780294819.838085413,1780294819.824957132,-214.16305939203176,-144.63577446818005,1.1254103164337819,0.0,0.057326954800776625
1780294819.860577583,1780294819.848885536,-214.15101830027487,-144.59263282660604,1.1562964975693346,0.0,0.057736351298520706
1780294819.870848179,1780294819.864011288,-214.14273556549455,-144.56213997781924,1.1619042209800416,0.0,0.057736351298932134
1780294819.887672663,1780294819.877977848,-214.13559824438278,-144.53608645775594,1.1758869012948772,0.0,0.06229255766204523
1780294819.909394979,1780294819.898932934,-214.1268622176359,-144.50515281472082,1.1867056948095323,0.0,0.057137231698441614
1780294819.924492359,1780294819.918617487,-214.11871458507403,-144.47603669304794,1.1891071062123575,0.0,0.05713723164939615
1780294819.952725410,1780294819.941125631,-214.10881883255524,-144.44033845130113,1.197501153285657,0.0,0.05939469025388396
1780294819.968538284,1780294819.958088875,-214.09948402064614,-144.40571352268543,1.21587128835145,0.0,0.06197302860365106
1780294819.987310410,1780294819.977979898,-214.08919708496003,-144.36746209265348,1.230957971037637,0.0,0.053452155400834714
1780294820.012020588,1780294819.998008966,-214.0777331715232,-144.32404248921074,1.239416867481177,0.0,0.05505946346803518
1780294820.027513027,1780294820.019391775,-214.06509271099185,-144.2752168487562,1.2544644662171447,0.0,0.0553208733432929
1780294820.052062511,1780294820.038351297,-214.06651383175029,-144.26862511568132,1.2712763442561585,0.0,0.05799919590903299
1780294820.076339960,1780294820.058022499,-214.07558616396065,-144.2843239651,1.2826161810877763,0.0,0.05429479544717303
1780294820.089343786,1780294820.079019547,-214.08149297425874,-144.2925982828881,1.284724321337334,0.0,0.0542947954152988
1780294820.107260942,1780294820.098021269,-214.08870980715682,-144.30419494742142,1.3152451250800166,0.0,0.060356730128462134
1780294820.132316828,1780294820.118031025,-214.0940767801891,-144.30794425774448,1.3304760689180464,0.0,0.05753961030280866
1780294820.152589321,1780294820.138321161,-214.09416234871148,-144.29638602396548,1.3410723950938168,0.0,0.05267791411013986
1780294820.167845011,1780294820.159381628,-214.0910084155432,-144.27537100792327,1.3630358359103887,0.0,0.04986188957367977
1780294820.202780724,1780294820.178007603,-214.0883352772773,-144.25548988928367,1.3775173485963375,0.0,0.056748234198997216
1780294820.225125074,1780294820.207607985,-214.08042148883763,-144.2180880011957,1.3802040254271626,0.0,0.05674823423501276
1780294820.243975878,1780294820.228450537,-214.0741303803386,-144.18857232558443,1.4040275489060814,0.0,0.057753005208519816
1780294820.255064011,1780294820.248262167,-214.06783279177017,-144.16009724866942,1.4081509943061574,0.0,0.05775300520964475
1780294820.271891117,1780294820.264008045,-214.06234827832586,-144.13510819788942,1.4142521522849758,0.0,0.05741882551941558
1780294820.287434340,1780294820.278196335,-214.05725586172431,-144.11272465780016,1.4164247831712216,0.0,0.05741882551744052
1780294820.325762987,1780294820.300199032,-214.0482847780634,-144.07256036355582,1.4307671829895656,0.0,0.06011440429385175
1780294820.344264746,1780294820.330897808,-214.03666083287288,-144.02203363596922,1.4359504975715365,0.0,0.06011440432168915
1780294820.362715483,1780294820.347560406,-214.0293790871813,-143.98834103019624,1.4679404421251299,0.0,0.06589987629387442
1780294820.376845121,1780294820.368041992,-214.02116076704303,-143.95132495236163,1.4733633393030634,0.0,0.06589987630017449
1780294820.389796734,1780294820.381191254,-214.01498545494812,-143.92196558940782,1.4930490537274628,0.0,0.06650574295227979
1780294820.407492161,1780294820.398010492,-214.00767753534305,-143.88917147835886,1.504849932972827,0.0,0.06541062243478456
1780294820.427999496,1780294820.417989254,-213.9979065852866,-143.84374496071553,1.5101857084274184,0.0,0.06121171840231855
1780294820.458587646,1780294820.437997103,-213.9878181920076,-143.79598854376357,1.5130345027995442,0.0,0.0691535633332581
1780294820.478018999,1780294820.461685419,-213.9771266512055,-143.74487784625512,1.5136317069974699,0.0,0.06915356337018193
1780294820.526161671,1780294820.492290735,-213.9641408185991,-143.68308368317372,1.548115956604215,0.0,0.07200914980484341
1780294820.546929121,1780294820.531838179,-213.94819973279672,-143.60711205973354,1.5535439665316213,0.0,0.07200914980949646
1780294820.555002928,1780294820.547016859,-213.9412506014033,-143.57316683355282,1.603835974923711,0.0,0.062175584951706185
1780294820.566276312,1780294820.557983637,-213.93582055368995,-143.5466777105862,1.6176978076910447,0.0,0.07310200410142893
1780294820.595709801,1780294820.586098909,-213.92344646712561,-143.48675229694706,1.6257070139617145,0.0,0.07523805492639621
1780294820.621028185,1780294820.598425865,-213.91639288563266,-143.45124729168904,1.6459751711382706,0.0,0.06950393639711493
1780294820.633177519,1780294820.621762276,-213.90634852633153,-143.40152245574532,1.6509523338844678,0.0,0.06950393638365315
1780294820.647914648,1780294820.638555050,-213.89749104945258,-143.35601040537264,1.6603400564668207,0.0,0.07723876147642608
1780294820.673862934,1780294820.658004522,-213.88667512701272,-143.29976954319156,1.6651072190250835,0.0,0.07843852553587377
1780294820.698754072,1780294820.680323124,-213.8755658977438,-143.24182719215258,1.6776841227533967,0.0,0.07500582081995769
1780294820.716112614,1780294820.702751875,-213.86467618761273,-143.18412704109568,1.6823171886345758,0.0,0.07500582080311768
1780294820.733101606,1780294820.719649792,-213.85600139344325,-143.13674819558642,1.6961185778983772,0.0,0.08387282212757552
1780294820.750921249,1780294820.738637209,-213.84697569337033,-143.0876753332276,1.7115629681165805,0.0,0.09868844830045066
1780294820.767750502,1780294820.759565353,-213.83798261329747,-143.0390369548054,1.7312402198987662,0.0,0.09323298679000641
1780294820.793505669,1780294820.779523373,-213.8286111591888,-142.98746494982427,1.7435090400252697,0.0,0.07275136616377247
1780294820.816310883,1780294820.798670769,-213.81955910078565,-142.93702404833144,1.7504074902671622,0.0,0.05834147656086096
1780294820.829825878,1780294820.818836212,-213.80978118646993,-142.88165847593598,1.7655420965631392,0.0,0.08771425876082205
1780294820.851784706,1780294820.838538885,-213.79974688035009,-142.82347103774364,1.776279487119934,0.0,0.09761788754492577
1780294820.901137114,1780294820.866873980,-213.78673148471938,-142.74711296699024,1.7874977215590313,0.0,0.08585645508352777
1780294820.919698954,1780294820.909565210,-213.7699385032541,-142.64756185547014,1.84340480318838,0.0,0.11665653832714665
1780294820.944881678,1780294820.925521135,-213.76220618967264,-142.59930999286996,1.8498099974425644,0.0,0.11665653834891754
1780294820.958269119,1780294820.947019339,-213.75288338302008,-142.54056766663177,1.8498099974425646,0.0,0.11665653834891754
1780294820.979783535,1780294820.965024948,-213.74547642980278,-142.4935073218905,1.8745016756355888,0.0,0.07315315264751765
1780294820.994630098,1780294820.981991053,-213.73869045341667,-142.45025363327653,1.8812303657207854,0.0,0.07315315245979398
1780294821.006219625,1780294820.998013496,-213.73273893123772,-142.4120409137688,1.8922435245155937,0.0,0.09637335742362083
1780294821.025921822,1780294821.018157482,-213.72373941227178,-142.35337308794033,1.8941735598704839,0.0,0.1180679793810862
1780294821.051167488,1780294821.038001299,-213.73797331818315,-142.3995786434468,1.877602507127088,0.0,0.09924610715024285
1780294821.111593485,1780294821.068346977,-213.75575339216843,-142.45320561381268,1.8805719186565943,0.0,0.06722107008102268
1780294821.124764442,1780294821.114374638,-213.76135264586065,-142.4412783497007,1.9454002423247998,0.0,0.10857426552566493
1780294821.138317585,1780294821.127080917,-213.7709149544571,-142.46801582882603,1.9520026509176245,0.0,0.10857426555091379
1780294821.151917458,1780294821.141191483,-213.77629971266623,-142.47853577379715,1.954636520977657,0.0,0.10491037230805825
1780294821.170531511,1780294821.158240080,-213.77640212637803,-142.46169297929885,1.9580796320675515,0.0,0.09939744110543126
1780294821.193560600,1780294821.177983284,-213.77305174958488,-142.4267953958894,1.9546051341150885,0.0,0.12346004911994107
1780294821.213595390,1780294821.198132515,-213.76908689348681,-142.3885583460614,1.9480634206694287,0.0,0.1315779060218413
1780294821.229895115,1780294821.218385696,-213.7645656802584,-142.34651166578138,1.9443346656227551,0.0,0.13310059559837728
1780294821.257512093,1780294821.238649845,-213.75966436885724,-142.30039458991834,1.9455930949638376,0.0,0.13941865605051543
1780294821.272499800,1780294821.259067774,-213.75448462646088,-142.2543127191674,1.9463420833581933,0.0,0.13941865607433523
1780294821.295250893,1780294821.278372765,-213.74934770230092,-142.20949425718302,1.9467198347974384,0.0,0.11194790831551739
1780294821.310501814,1780294821.298291683,-213.7442257755393,-142.16474812595598,1.9468221526236262,0.0,0.1119479082128443
1780294821.329657793,1780294821.317987680,-213.73813812143305,-142.11449811137595,1.957186580098236,0.0,0.08532226243964044
1780294821.357307196,1780294821.338498354,-213.73116461054158,-142.0587632597589,1.9623075992703034,0.0,0.07825012368579061
1780294821.370803595,1780294821.359925985,-213.72437367933014,-142.0030711079633,1.9631546852447337,0.0,0.07825012362940506
1780294821.395104885,1780294821.379434347,-213.71800332952552,-141.95063322525942,1.9706796441177479,0.0,0.06669807359961125
1780294821.407299519,1780294821.398863077,-213.71194521311764,-141.8997490033684,1.9741816988409215,0.0,0.06776916153270349
1780294821.424910545,1780294821.417967796,-213.70609592495614,-141.8493838275894,1.9709008694504402,0.0,0.07442514173154814
1780294821.449208021,1780294821.438389540,-213.69960266943474,-141.7933407890655,1.967931593949568,0.0,0.09947026283760169
1780294821.469099283,1780294821.458016157,-213.69287432584593,-141.73479413224155,1.9456392819933255,0.0,0.09760876360189774
1780294821.493538857,1780294821.484248877,-213.6848166917846,-141.66196635047027,1.9328212803761056,0.0,0.09800643346715814
1780294821.517645836,1780294821.497966290,-213.67897583674483,-141.6100966527652,1.9211848821167183,0.0,0.11017098311933785
1780294821.537584305,1780294821.519824266,-213.67215812558308,-141.54580048383022,1.9206601889319248,0.0,0.12186906297194088
1780294821.566271305,1780294821.538638830,-213.66698656041916,-141.49427005868293,1.9215540998283012,0.0,0.12186906311615558
1780294821.585552692,1780294821.570351362,-213.65971971024751,-141.41785213329837,1.965761547641426,0.0,0.11765149203900252
1780294821.592141867,1780294821.584359407,-213.65617441204822,-141.3800208183495,1.972974470669436,0.0,0.1176514920319032
1780294821.613510609,1780294821.600080013,-213.65197021818489,-141.33553589301977,1.984952596636013,0.0,0.12202219908087347
1780294821.634725809,1780294821.618805885,-213.64767756130186,-141.28776566841054,1.9900991538377242,0.0,0.12202219913254189
1780294821.652163029,1780294821.637991667,-213.64300760339069,-141.23553250135498,1.9946205410953946,0.0,0.13283384865592385
1780294821.676642895,1780294821.658476830,-213.63826959056962,-141.18078682313444,1.97554836080259,0.0,0.12925373644605156
1780294821.686756134,1780294821.678128242,-213.6334775786213,-141.1246042825915,1.9672707206426563,0.0,0.11375670553596053
1780294821.714715004,1780294821.699214697,-213.62859692775234,-141.06465115587503,1.9498844230739245,0.0,0.0979048227848242
1780294821.742131710,1780294821.731881618,-213.62244004966786,-140.9833029679283,1.9432379783024392,0.0,0.09790482264092971
1780294821.760720968,1780294821.753008366,-213.61806366078218,-140.92432972146648,1.9231939095732398,0.0,0.17548701162921646
1780294821.771638632,1780294821.763599396,-213.6154714698693,-140.8892958500376,1.9194545601205866,0.0,0.1754870117482601
1780294821.798289299,1780294821.778023958,-213.6124862316578,-140.84631854799161,1.9165914346276738,0.0,0.13678247753199554
1780294821.807408810,1780294821.803415537,-213.60908378907436,-140.7894440164894,1.9156994154750109,0.0,0.13678247744013566
1780294821.829716921,1780294821.818033457,-213.6061662733827,-140.74361039981986,1.9334282629312238,0.0,0.1804832426008201
1780294821.852675200,1780294821.838077307,-213.60255268986324,-140.68251253842126,1.9411527436314817,0.0,0.14551404586376193
1780294821.872250557,1780294821.858029604,-213.59885202600023,-140.61800264768615,1.9466749582112322,0.0,0.11982955023681567
1780294821.895652294,1780294821.886322260,-213.59472377803013,-140.53772583381328,1.9446039575582803,0.0,0.14037278317355062
1780294821.910179377,1780294821.897993326,-213.59184301585296,-140.4866597908352,1.9413798584443804,0.0,0.1683644537877861
1780294821.931566000,1780294821.918000460,-213.58886015658655,-140.42353395620478,1.9353535821236523,0.0,0.15714651582294553
1780294821.955735207,1780294821.947513342,-213.58608108958651,-140.35025881522122,1.933550171438223,0.0,0.15714651579522906
1780294821.988497257,1780294821.972277880,-213.5830936676909,-140.28114291991724,1.8899078573715828,0.0,0.16218969040923414
1780294821.999648571,1780294821.992740154,-213.5808165136892,-140.22506827734526,1.8818025803061371,0.0,0.16218969041553946
1780294822.029805183,1780294822.017212868,-213.57788085145214,-140.15545546503594,1.868764516410665,0.0,0.14554120857612113
1780294822.038044214,1780294822.031715393,-213.57571293293697,-140.10941798162307,1.865772999909804,0.0,0.14554120854576075
1780294822.053520203,1780294822.041669130,-213.5772503147797,-140.11923218291116,1.85743447563383,0.0,0.14030351582406989
1780294822.074035168,1780294822.058019638,-213.5818363939684,-140.15727224518972,1.8538012523301355,0.0,0.1351950282792191
1780294822.092429876,1780294822.081182003,-213.5879039077862,-140.20530461867676,1.851749619845977,0.0,0.149937272457611
1780294822.113299847,1780294822.101423264,-213.59355328651574,-140.25574261249312,1.8493776652589164,0.0,0.1499372725855304
1780294822.134307384,1780294822.127139330,-213.59743398073047,-140.27318888551147,1.8461791362379063,0.0,0.13282732691903454
1780294822.147220850,1780294822.138107538,-213.60014240655246,-140.29854204759113,1.8456456867689464,0.0,0.13282732688611434
1780294822.168733597,1780294822.161958456,-213.6021553869532,-140.29280712014415,1.8411436902927887,0.0,0.1427876123649
1780294822.197510242,1780294822.189289570,-213.60365438782955,-140.2737769376377,1.8365639882760834,0.0,0.15674735143769641
1780294822.210263491,1780294822.199975967,-213.60441001861375,-140.2735833920562,1.8252483738826666,0.0,0.14440282705319016
1780294822.243137598,1780294822.225829124,-213.60518194170047,-140.24202038948278,1.817182245691537,0.0,0.13022962531322074
1780294822.255508661,1780294822.243252754,-213.60560346392865,-140.2194500875677,1.8146314190971626,0.0,0.13022962502532404
1780294822.273452044,1780294822.259900808,-213.60598667029342,-140.19196365871272,1.8172276025060343,0.0,0.15210575842673082
1780294822.284010887,1780294822.277981281,-213.60646712791342,-140.15710361531652,1.8183534849660206,0.0,0.13700521940615476
1780294822.315133810,1780294822.308215380,-213.60736162819202,-140.09822331301018,1.8319486304655368,0.0,0.1291555357567745
1780294822.335683107,1780294822.320277452,-213.60765979688856,-140.07102092353134,1.8378017667689708,0.0,0.13384853395717605
1780294822.348479033,1780294822.341711998,-213.60842961276072,-140.02765481050903,1.8378753240590464,0.0,0.1338485339809946
1780294822.382159948,1780294822.360728502,-213.60903601991774,-139.98653995755058,1.809329699044194,0.0,0.13240484687648243
1780294822.403481483,1780294822.391636848,-213.61024249962733,-139.92284563458114,1.8005570570220844,0.0,0.13240484686910114
1780294822.414706945,1780294822.402649879,-213.61055085498165,-139.8973379903794,1.7510769609008117,0.0,0.12675119729046574
1780294822.429029465,1780294822.421761274,-213.61111847761947,-139.85102969727848,1.7417204110635853,0.0,0.12675119725399128
1780294822.452999353,1780294822.439358473,-213.61145240532613,-139.80129663488475,1.7339797952552032,0.0,0.139432332965964
1780294822.471308708,1780294822.458707333,-213.6121633348429,-139.75340705204277,1.7286032318879676,0.0,0.11898121359537933
1780294822.488609552,1780294822.478620529,-213.61318236146928,-139.70684482047255,1.7437247036363994,0.0,0.10749991948717465
1780294822.507941961,1780294822.499413729,-213.61441662767598,-139.6593788973027,1.756733045388201,0.0,0.11902877230598055
1780294822.533087969,1780294822.521844149,-213.61611718109583,-139.61442254554322,1.7619007574005243,0.0,0.1352767453365722
1780294822.543769598,1780294822.537983656,-213.61754410187115,-139.58629420845685,1.7512853396941777,0.0,0.13048408190863237
1780294822.562530041,1780294822.558398247,-213.6194145646407,-139.55089686828916,1.744005130454496,0.0,0.1271127862980157
1780294822.584164619,1780294822.580852509,-213.62153228264756,-139.51271540261766,1.7182594913733984,0.0,0.13713131478046361
1780294822.606367111,1780294822.600209713,-213.62341787981066,-139.48053176067242,1.6920193250412154,0.0,0.1409225958273229
1780294822.624009848,1780294822.618510246,-213.62528435554978,-139.45007830768384,1.6807654831436496,0.0,0.13895078033102232
1780294822.644393444,1780294822.638976097,-213.6274571360672,-139.41603465278789,1.6733538630139104,0.0,0.1342345717405814
1780294822.663331270,1780294822.658234358,-213.62960102703613,-139.3838278206414,1.6765023627631563,0.0,0.12462901590418234
1780294822.686288834,1780294822.681794167,-213.63233112958423,-139.3442422872756,1.6804749229332847,0.0,0.11749567638434885
1780294822.704439163,1780294822.698047161,-213.6343113640995,-139.31663707012487,1.693106879775286,0.0,0.11445461682506149
1780294822.727020025,1780294822.718008041,-213.6368023984674,-139.2828003337382,1.6954458498189637,0.0,0.11853376371769783
1780294822.751734734,1780294822.746933937,-213.64051604468602,-139.23394259910737,1.6947485573646193,0.0,0.11853376386098284
1780294822.806107998,1780294822.793642521,-213.6466831827123,-139.15639010458403,1.673575913971999,0.0,0.1230465015444637
1780294822.813468456,1780294822.808789492,-213.6487461602302,-139.13224717467918,1.6364448675649665,0.0,0.12522048989259446
1780294822.825172901,1780294822.818003178,-213.6500436570556,-139.1173722706213,1.631943826513711,0.0,0.12522048989567644
1780294822.853360176,1780294822.841565847,-213.653416225825,-139.07918548780032,1.6292589904247181,0.0,0.11833260054822331
1780294822.864271879,1780294822.858029842,-213.6558367784019,-139.05262623934726,1.6251144445538699,0.0,0.11672677259725836
1780294822.883655310,1780294822.879596472,-213.6590727529424,-139.0178563343009,1.622033640132737,0.0,0.12048430748654548
1780294822.903469563,1780294822.898970604,-213.66205851726744,-138.98665346104045,1.6201580380646985,0.0,0.12134995281813335
1780294822.925872803,1780294822.918284178,-213.66510659772925,-138.95556944466776,1.6185620599599795,0.0,0.11691174084866547
1780294822.943055391,1780294822.938005447,-213.66829080761522,-138.92383462576737,1.6180477452943538,0.0,0.1111751320559849
1780294822.964501619,1780294822.958155870,-213.67161683607046,-138.89140179740411,1.618018602029793,0.0,0.1208330768365605
1780294822.984664440,1780294822.978021860,-213.67495152392138,-138.85964962261178,1.6112775895857887,0.0,0.13131117244050824
1780294823.004853249,1780294822.998086452,-213.6783845860631,-138.8277637423337,1.604833059462903,0.0,0.13402012477092098
1780294823.022802830,1780294823.018178701,-213.68190833841976,-138.79584001769317,1.6018460157103898,0.0,0.12734381513531676
1780294823.043902636,1780294823.038124561,-213.68545731881406,-138.76442758891113,1.5917283667905124,0.0,0.12116052473202842
1780294823.062829494,1780294823.060000181,-213.6894133288211,-138.73015540470607,1.5844800999077038,0.0,0.12296923173014002
1780294823.089899302,1780294823.078123331,-213.69276398199816,-138.70179579201405,1.5801973135223149,0.0,0.12516797283163264
1780294823.105888128,1780294823.099872828,-213.69686353442506,-138.66775835487255,1.5782504283202667,0.0,0.12880882915843272
1780294823.125581503,1780294823.119712830,-213.70069073518746,-138.63671435988758,1.5774653388650628,0.0,0.1260327741707211
1780294823.145630121,1780294823.140227556,-213.7047181280724,-138.60470648221713,1.5744859337064026,0.0,0.12637611094852041
1780294823.169650078,1780294823.158704996,-213.7084178434562,-138.57590585595847,1.5734072110127213,0.0,0.1263761109501391
1780294823.189024687,1780294823.179250002,-213.71257664667996,-138.54415722493886,1.5659263545690172,0.0,0.1400846540962753
1780294823.205193758,1780294823.201003551,-213.7170338514035,-138.51087858918717,1.5545018522262743,0.0,0.14274738898306238
1780294823.222568750,1780294823.218031168,-213.7205723500353,-138.4850707586862,1.5434481939836844,0.0,0.14300714249312546
1780294823.241260290,1780294823.238006830,-213.72480391716286,-138.45475039201392,1.538394608201373,0.0,0.1524497112178315
1780294823.260928869,1780294823.258013010,-213.72910408192095,-138.4246104353122,1.5288583734086196,0.0,0.1534122901276174
1780294823.280162811,1780294823.278018475,-213.7334678500668,-138.39468297509055,1.5203875181101687,0.0,0.1486466591868387
1780294823.300359249,1780294823.298022747,-213.73792063503686,-138.36476542752558,1.5164415079188605,0.0,0.1402840588104754
1780294823.320074558,1780294823.317988873,-213.74244563043513,-138.33493650716323,1.5135907122810224,0.0,0.14283580919847083
1780294823.340252161,1780294823.338001251,-213.7470636661157,-138.30506847809272,1.511990458895685,0.0,0.1428778610040554
1780294823.365635633,1780294823.361808538,-213.7526361409748,-138.26969828316143,1.5069051008744798,0.0,0.13530278025325754
1780294823.393967152,1780294823.385246515,-213.75820573718076,-138.23507364543357,1.5010048318303328,0.0,0.13643333156082357
1780294823.402412176,1780294823.398300648,-213.76136383490007,-138.21583318053186,1.498316628387698,0.0,0.15484753160788428
1780294823.423949718,1780294823.420198441,-213.76671671696516,-138.18362737815596,1.4940215148971323,0.0,0.1822970753667401
1780294823.442771912,1780294823.439765453,-213.77157889761793,-138.15508188574697,1.486547268819845,0.0,0.17616853983632216
1780294823.466453314,1780294823.458735704,-213.77638134755156,-138.12746119889306,1.4824939055415334,0.0,0.1613616514006794
1780294823.483051538,1780294823.478508711,-213.78145575978692,-138.09879627849227,1.4766761781329996,0.0,0.16672188786936928
1780294823.505802870,1780294823.498734951,-213.78674601855332,-138.06947445053765,1.4756960211955212,0.0,0.17190334156919468
1780294823.523523331,1780294823.519044638,-213.79217588574684,-138.0399642665235,1.476502217811355,0.0,0.1559071470827917
1780294823.547302723,1780294823.538019180,-213.79738925184986,-138.01212330754163,1.48631058460792,0.0,0.14345462277400942
1780294823.563463688,1780294823.559185266,-213.8033212976145,-137.98091401759166,1.4934306718479262,0.0,0.1479441975534477
1780294823.586668730,1780294823.578549862,-213.80885250678634,-137.95230324878892,1.4995267654805435,0.0,0.14045372910329726
1780294823.604328632,1780294823.599557400,-213.8149019101483,-137.92146544118145,1.4963068010939322,0.0,0.12325404410031386
1780294823.626864433,1780294823.619547367,-213.82070332000998,-137.8922936924698,1.4923586342674169,0.0,0.12811511010020504
1780294823.648499727,1780294823.638319969,-213.82620684060632,-137.86498530541806,1.4877451969377256,0.0,0.14303941487552063
1780294823.664763212,1780294823.658493042,-213.83217092081333,-137.8357971851253,1.481869646617367,0.0,0.14070583262368552
1780294823.685237646,1780294823.681974173,-213.83920001769124,-137.80188713930644,1.4782713260278415,0.0,0.12757100154446768
1780294823.709521532,1780294823.706128359,-213.84652312177536,-137.76708303066388,1.4747872851216153,0.0,0.12485805175194192
1780294823.725327492,1780294823.717980385,-213.85015270505224,-137.75008814901432,1.4713558602846064,0.0,0.13919291315720297
1780294823.753722668,1780294823.744343281,-213.8583033950722,-137.71222750169753,1.4700259299199325,0.0,0.14620907919701367
1780294823.771994829,1780294823.765966654,-213.86510940090122,-137.68119477035384,1.4697655089198056,0.0,0.14620907928970503
1780294823.798529148,1780294823.787225962,-213.8718518272276,-137.65092050695864,1.4642380034974456,0.0,0.1507715869630791
1780294823.804733038,1780294823.799840450,-213.87590988216317,-137.63297056763642,1.4629857673881825,0.0,0.15077158697521725
1780294823.832542658,1780294823.823962688,-213.8836316291908,-137.59913481345558,1.4502053871162752,0.0,0.1803553547279333
1780294823.856774092,1780294823.841281652,-213.8892439404584,-137.57502689723557,1.4400413552975122,0.0,0.18308953778612566
1780294823.864162922,1780294823.860189915,-213.89532157968492,-137.549293225283,1.416714895816793,0.0,0.17578632635725394
1780294823.894297123,1780294823.880471945,-213.90185030091664,-137.5220549696119,1.3999301284860974,0.0,0.16575853610991684
1780294823.913842916,1780294823.899912357,-213.90821545575454,-137.49588216067343,1.3932312804770173,0.0,0.17687093172455404
1780294823.926772356,1780294823.920611858,-213.9151791869732,-137.467665539585,1.4007322889740486,0.0,0.1940460403351491
1780294823.942412376,1780294823.939355612,-213.9216827771333,-137.4417569508361,1.413225496812783,0.0,0.19611529588423682
1780294823.970227480,1780294823.959985971,-213.92895477752091,-137.41323420903393,1.419779858154296,0.0,0.19867032846105576
1780294823.995078564,1780294823.978610992,-213.93573777665895,-137.38707469291256,1.43783431751335,0.0,0.18893698664475486
1780294824.013084173,1780294824.000438690,-213.9439072992124,-137.356017348337,1.4556123870833084,0.0,0.18401085572238468
1780294824.023698568,1780294824.019330502,-213.9511138419537,-137.32906305949675,1.4653104330842304,0.0,0.19055432836583017
1780294824.052513123,1780294824.045212507,-213.96115634135242,-137.29203968723994,1.475757427641502,0.0,0.2188698848425224
1780294824.066891909,1780294824.062281132,-213.9679384786849,-137.26758402077724,1.4791601895602389,0.0,0.21886988502656318
1780294824.086742401,1780294824.078974247,-213.97432282331198,-137.24490046536292,1.4490305298980608,0.0,0.20921108689107468
1780294824.104084015,1780294824.098008394,-213.98164017950782,-137.2192427125171,1.4291234817430938,0.0,0.18826719771212946
1780294824.123534918,1780294824.118154049,-213.98950040343937,-137.19204426984885,1.4188972769146957,0.0,0.1774116535586163
1780294824.146208525,1780294824.138005257,-213.997527947984,-137.1646243918382,1.4325373953508331,0.0,0.18536648221373117
1780294824.166296721,1780294824.161386728,-214.00729138511394,-137.13172013602167,1.4520936386353156,0.0,0.19086901413701265
1780294824.184982300,1780294824.178393602,-214.01454921874546,-137.10765456181133,1.4631237386541909,0.0,0.1754988880056363
1780294824.207510233,1780294824.201216459,-214.0243428673457,-137.07553394780516,1.4675031550647817,0.0,0.1747519253231018
1780294824.224384546,1780294824.218206882,-214.03157142892067,-137.05216549752996,1.4498378718675118,0.0,0.174565000534286
1780294824.256282568,1780294824.243173361,-214.04220561807736,-137.01814457949604,1.4379166563017967,0.0,0.20228232525443607
1780294824.278938770,1780294824.275900126,-214.05642119671109,-136.97345587537416,1.4356250609873962,0.0,0.2022823254326166
1780294824.288542509,1780294824.284945011,-214.0599311117431,-136.96269395081418,1.3765420862161886,0.0,0.19132126060671314
1780294824.306997538,1780294824.298010826,-214.06539532563775,-136.94599874659818,1.3663813440663324,0.0,0.19132126058670454
1780294824.326418400,1780294824.319826365,-214.07517511785684,-136.91633953162582,1.3965940811107247,0.0,0.19105689190076064
1780294824.348699093,1780294824.338365078,-214.08378814939405,-136.89057515402195,1.4226050169795743,0.0,0.20533189708727495
1780294824.365203619,1780294824.360635519,-214.09439673984815,-136.85924841830138,1.4577340928752736,0.0,0.19737022055430972
1780294824.386327505,1780294824.381352663,-214.10466972360723,-136.8293432826988,1.4919440990980883,0.0,0.19036495941926637
1780294824.420590639,1780294824.400355577,-214.11419860196506,-136.80196383124778,1.5072584054387868,0.0,0.1853819537138482
1780294824.425939322,1780294824.418230772,-214.12319069942006,-136.77642188633075,1.5100228224485042,0.0,0.18538195365998503
1780294824.442341328,1780294824.438261271,-214.13244579945393,-136.75044324652148,1.4437702186285006,0.0,0.19667379151835268
1780294824.467250347,1780294824.459764242,-214.14234286879645,-136.72300184696974,1.4069284866454987,0.0,0.19677108684025862
1780294824.494103432,1780294824.479506731,-214.1514777773932,-136.69799730230517,1.376756836725486,0.0,0.19102366907503063
1780294824.504405260,1780294824.498273373,-214.16038107146113,-136.673900785428,1.3774831375953496,0.0,0.19590377512287008
1780294824.524989605,1780294824.518244982,-214.17011267591724,-136.64785110306585,1.3844489702369087,0.0,0.1969764914345339
1780294824.558515787,1780294824.538522243,-214.18047101146843,-136.6204472201477,1.420969200986708,0.0,0.19445268196518908
1780294824.578228235,1780294824.564418554,-214.1940883607011,-136.58484683944008,1.4482586825373047,0.0,0.17961603108345406
1780294824.587386370,1780294824.582414865,-214.20361985397744,-136.56027527056517,1.4534620668428426,0.0,0.17961603099975057
1780294824.607199192,1780294824.598636389,-214.21240322667066,-136.53784676882913,1.4671751188196218,0.0,0.18001237170031653
1780294824.623949528,1780294824.618374586,-214.2231456529256,-136.51065252446318,1.4727861851893682,0.0,0.18678608020404094
1780294824.644392490,1780294824.638008356,-214.23361320805472,-136.48444529765112,1.4519384244869706,0.0,0.18401310714172797
1780294824.666513205,1780294824.658214331,-214.24421897440152,-136.45817170516608,1.4273893739164836,0.0,0.1866561846158755
1780294824.687772751,1780294824.678566694,-214.25498723405636,-136.43177878680515,1.4147954346070355,0.0,0.19962355276399754
1780294824.706223488,1780294824.698247433,-214.26560279188283,-136.40605529633552,1.4158302627504213,0.0,0.21071891018441102
1780294824.724730968,1780294824.718233347,-214.27666842000903,-136.37954967178075,1.4281517681390232,0.0,0.20599250687487985
1780294824.743250847,1780294824.739752769,-214.28877104055152,-136.35089259656812,1.4366879147172527,0.0,0.1960218232062335
1780294824.769618273,1780294824.761028528,-214.30094980170313,-136.32239154670197,1.4485177397371305,0.0,0.20296150485604436
1780294824.789331913,1780294824.778723240,-214.3112673901945,-136.29853094445266,1.4582065576704022,0.0,0.1979795018021147
1780294824.818057775,1780294824.798521280,-214.3228875915673,-136.2719164635824,1.46229836803355,0.0,0.1940364781916238
1780294824.847149849,1780294824.829527617,-214.34113226150328,-136.2305660914602,1.4517253022582586,0.0,0.19038422972230423
1780294824.847190380,1780294824.838569641,-214.34646829225196,-136.21866677577557,1.448457160492478,0.0,0.19108966210005812
1780294824.868996620,1780294824.859338522,-214.3586867741211,-136.19154645599798,1.4398532373682311,0.0,0.20364787576216478
1780294824.888384104,1780294824.879405737,-214.3704097488691,-136.16581985387234,1.4239577741186953,0.0,0.20323415436894365
1780294824.903241873,1780294824.900242329,-214.38266354150136,-136.13921383558164,1.4148324467129636,0.0,0.1939860296250219
1780294824.926315546,1780294824.919583082,-214.3942368012822,-136.11434764220547,1.4180758291162372,0.0,0.2043240278523316
1780294824.944387674,1780294824.938536167,-214.40577199551308,-136.08981543659098,1.4243568604671113,0.0,0.2135516980647778
1780294824.968639612,1780294824.958704472,-214.41816291151213,-136.0637385900678,1.427764267557746,0.0,0.21056168817708712
1780294824.984669209,1780294824.979302645,-214.43101181492847,-136.03699101049733,1.4353970718580364,0.0,0.1931661455965213
1780294825.003882885,1780294825.000739336,-214.44453510919308,-136.00912428933063,1.4398556179524362,0.0,0.18888194932566182
1780294825.025469542,1780294825.018306971,-214.45569502736572,-135.9863636214456,1.4412200243448456,0.0,0.19913534544584308
1780294825.066811562,1780294825.042313576,-214.47104175624693,-135.9553394959186,1.4414695126005401,0.0,0.19913534549760178
1780294825.070824146,1780294825.059108973,-214.48176043099596,-135.9339329875563,1.4353267662201954,0.0,0.19158919135068786
1780294825.084780693,1780294825.078839779,-214.49430527225525,-135.90907971902962,1.422281676848762,0.0,0.18886978200560647
1780294825.116863251,1780294825.109564304,-214.5137886265044,-135.87083421101102,1.4066702564098765,0.0,0.20273145760954667
1780294825.132227182,1780294825.121879578,-214.52158802610447,-135.8557594692019,1.3968297022399385,0.0,0.20526623779709038
1780294825.143111467,1780294825.140139341,-214.53331921790183,-135.83321974693888,1.3941728281401684,0.0,0.19792924581459748
1780294825.168384075,1780294825.160417557,-214.54649957792043,-135.80811662424617,1.3970033901830075,0.0,0.18462118021416746
1780294825.183595181,1780294825.178577900,-214.55843361358077,-135.7855919438233,1.4000274529079562,0.0,0.1930324468570116
1780294825.208890676,1780294825.201868534,-214.57387539461075,-135.7566922865691,1.4041375375680363,0.0,0.2050244859101887
1780294825.226162910,1780294825.218300819,-214.58494207843398,-135.73621563423143,1.410222275191333,0.0,0.2042593132653364
1780294825.246331453,1780294825.239535332,-214.59932677922512,-135.709813058217,1.4130815302606587,0.0,0.1912368059656402
1780294825.270731688,1780294825.258365154,-214.61212122579218,-135.68655554712424,1.4105846350257547,0.0,0.18324948986366038
1780294825.283141375,1780294825.278023958,-214.62552705442218,-135.66238489959522,1.4083972432203369,0.0,0.18974238046264508
1780294825.314062595,1780294825.305746555,-214.64443337599405,-135.62859516722563,1.4005140216918255,0.0,0.1857886166779959
1780294825.329465151,1780294825.318528175,-214.65312627311388,-135.6132468629335,1.3927991791709784,0.0,0.162379474221617
1780294825.352381945,1780294825.341121912,-214.6686435273881,-135.58597781890063,1.390559823037467,0.0,0.15042905813741098
1780294825.368286371,1780294825.361226320,-214.6825469668976,-135.56173655581568,1.390551681406643,0.0,0.14559743538005304
1780294825.384769440,1780294825.379206419,-214.6950549974071,-135.5400752504147,1.390833600088755,0.0,0.1495381896565648
1780294825.411173582,1780294825.400897980,-214.7102138731357,-135.51398552200277,1.3909332549758642,0.0,0.15433976779882858
1780294825.435726166,1780294825.421514273,-214.7246964087658,-135.489250905565,1.3905061820566273,0.0,0.15623148332747835
1780294825.459541559,1780294825.444489479,-214.7409444044309,-135.46170479170942,1.3915650196688827,0.0,0.15470020457345696
1780294825.473578453,1780294825.466284513,-214.75646719677968,-135.43560049315903,1.3925021386986558,0.0,0.12026296520537602
1780294825.482502699,1780294825.478759289,-214.76528920357168,-135.4208537667752,1.3846614043698506,0.0,0.09777926923541547
1780294825.512114048,1780294825.498094082,-214.7789443711141,-135.39809063602155,1.3788269201750478,0.0,0.10116802449207668
1780294825.523352861,1780294825.518830538,-214.79362730180125,-135.37372209306946,1.3755221825814592,0.0,0.12338356288930269
1780294825.558591604,1780294825.547106981,-214.81358564880753,-135.34078936563932,1.3662443730379155,0.0,0.11029453575158427
1780294825.569069624,1780294825.565288782,-214.8264296761952,-135.3197445994726,1.3630435915287482,0.0,0.11029453571123592
1780294825.589683533,1780294825.578129292,-214.83536734696045,-135.30514863536882,1.3516212500566045,0.0,0.06755914102543153
1780294825.607276201,1780294825.598531485,-214.8496727756679,-135.28183082861656,1.3471714881319836,0.0,0.08313374679766372
1780294825.625470877,1780294825.618378639,-214.86364657311444,-135.25913971505503,1.3452896138908133,0.0,0.09268643937872038
1780294825.655432463,1780294825.638390303,-214.87767115004007,-135.236460029933,1.3378358637891796,0.0,0.07190889336881466
1780294825.671905041,1780294825.664567709,-214.8959917932407,-135.206927911391,1.3323839933235468,0.0,0.04780528135480843
1780294825.690248489,1780294825.678097248,-214.9054691135527,-135.19169334357525,1.3300800199607137,0.0,0.05651596458672628
1780294825.709298134,1780294825.698250532,-214.91966566750918,-135.168911211851,1.3312775894887703,0.0,0.07156137780964159
1780294825.728195429,1780294825.718451500,-214.9339871121098,-135.14600214990762,1.3346259455852416,0.0,0.05783709280640565
1780294825.746647835,1780294825.739170790,-214.94871982814922,-135.12249641413837,1.336705708889815,0.0,0.043140133703862237
1780294825.763928652,1780294825.758308172,-214.96244109750154,-135.1006477279719,1.3434753116565394,0.0,0.028573752540903843
1780294825.789327145,1780294825.778135538,-214.97671578003764,-135.077945472706,1.347652772736114,0.0,0.04192605926311359
1780294825.808409452,1780294825.799436092,-214.99204940263857,-135.05360417125362,1.3490891515500436,0.0,0.03153924431466113
1780294825.825470209,1780294825.819949865,-215.00684531910937,-135.03015142371348,1.3505959587378975,0.0,0.015175740423008403
1780294825.853122711,1780294825.840564013,-215.0217282284155,-135.0065770761628,1.351480785415263,0.0,-0.008488425580301981
1780294825.867215633,1780294825.858224630,-215.03444403767057,-134.98642760483034,1.3499748085613472,0.0,0.002404777504974252
1780294825.883763313,1780294825.880596638,-215.05054615584046,-134.96091458861872,1.349354437913792,0.0,0.0024047776239044536
1780294825.911940098,1780294825.898150682,-215.06288336696764,-134.94137467024728,1.3362831404499722,0.0,-0.0012301321594775493
1780294825.924934626,1780294825.919547558,-215.07797084395625,-134.91747750795955,1.3296689818698098,0.0,-0.02128606770217553
1780294825.947597980,1780294825.938600540,-215.0913239815693,-134.89630587084463,1.321044509452478,0.0,-0.019123792283112437
1780294825.967021704,1780294825.957915306,-215.10481902024807,-134.8748919598747,1.3161033435012484,0.0,-0.009129274460876647
1780294825.983160496,1780294825.978228569,-215.11914798600012,-134.85214602852884,1.3211801960555407,0.0,-0.004365912885000007
1780294826.022449493,1780294826.000614166,-215.1351079070485,-134.8268061562699,1.3305058192793113,0.0,-0.020068744720936265
1780294826.028166056,1780294826.020935774,-215.1495842155245,-134.8037989557121,1.3331427725403893,0.0,-0.020068744791559234
1780294826.048916578,1780294826.040257692,-215.1634424878556,-134.78175465251803,1.3401663479929968,0.0,-0.019108208341107415
1780294826.074741602,1780294826.058259249,-215.17632180438068,-134.76125070817145,1.3415245217465115,0.0,-0.016280158806104485
1780294826.090088844,1780294826.079807520,-215.1916857106307,-134.73677525850223,1.3413602046695203,0.0,-0.01628015877096079
1780294826.103032112,1780294826.098268747,-215.2044023507203,-134.7164914588601,1.3202525857247414,0.0,-0.03878423755542795
1780294826.130526781,1780294826.121662140,-215.22038868325393,-134.6909517816775,1.3049668443575468,0.0,-0.039265451201659717
1780294826.149765253,1780294826.139512062,-215.23254796459796,-134.67148659411458,1.2971752148774374,0.0,-0.03751030683794611
1780294826.175781727,1780294826.158860207,-215.24599649868264,-134.6499262937754,1.307274916168086,0.0,-0.03559705702957281
1780294826.206143141,1780294826.181244135,-215.26169284634977,-134.6247238963301,1.3167342870536238,0.0,-0.04553402987787906
1780294826.217197895,1780294826.206414938,-215.27924612483574,-134.5964754743635,1.3186286181337854,0.0,-0.04553402992713904
1780294826.234677315,1780294826.222210169,-215.29052035939762,-134.57828751518707,1.3346743253831486,0.0,-0.042696588319370794
1780294826.248607874,1780294826.238276243,-215.30194788783112,-134.55982402576765,1.3406381177454292,0.0,-0.04061161824325786
1780294826.265139103,1780294826.258058310,-215.31594373721074,-134.53717742339447,1.3429049928717527,0.0,-0.04503811602835731
1780294826.283148766,1780294826.278279781,-215.33020506346776,-134.51405508697476,1.342840009257381,0.0,-0.047055866725506955
1780294826.318324089,1780294826.302917719,-215.34753354483624,-134.48589986859213,1.3423231666000324,0.0,-0.05469198902653392
1780294826.346316576,1780294826.336683273,-215.37123442822826,-134.4472743383568,1.3422230960435644,0.0,-0.05469198906985374
1780294826.351937294,1780294826.347828865,-215.37938151875724,-134.43394334208512,1.3641905236884095,0.0,-0.0555696140752739
1780294826.375653744,1780294826.368574858,-215.39422095995698,-134.40962493819927,1.3678595815522054,0.0,-0.05556961407993479
1780294826.387917995,1780294826.378144026,-215.40111455515722,-134.3983000220367,1.3731935761497664,0.0,-0.045844886115496
1780294826.406187057,1780294826.397990942,-215.41534136807422,-134.37490414305535,1.3758414693926009,0.0,-0.05259017106496699
1780294826.425036669,1780294826.418196440,-215.42977734170563,-134.3511081918275,1.3763581313009674,0.0,-0.05259017123583842
1780294826.453855753,1780294826.440221548,-215.44557944704042,-134.32500356916069,1.381093674929107,0.0,-0.04312514558356579
1780294826.475525379,1780294826.468962908,-215.46613199984307,-134.29097812891126,1.381887137378553,0.0,-0.04312514558096998
1780294826.493420839,1780294826.480505705,-215.4745648149251,-134.27697289112643,1.3955843743321845,0.0,-0.0613809664285974
1780294826.514091969,1780294826.499560356,-215.48849442672122,-134.25380076533932,1.4062197118091122,0.0,-0.05598274791808129
1780294826.534794569,1780294826.521899939,-215.50484654802426,-134.22653267827036,1.4140977166048279,0.0,-0.03170256028593087
1780294826.554497719,1780294826.546311378,-215.5226885515929,-134.19673168917632,1.4187879283998965,0.0,-0.031839777267673584
1780294826.571185589,1780294826.559545040,-215.5324251036122,-134.1804403909866,1.4261160024118187,0.0,-0.05277621945435215
1780294826.584579706,1780294826.578935623,-215.5466640492328,-134.1565775951774,1.4295122708258887,0.0,-0.06616283214527284
1780294826.618441343,1780294826.604993343,-215.56598652711855,-134.1241012024574,1.4432202239462977,0.0,-0.049073401193704916
1780294826.633959055,1780294826.629479170,-215.58432880043028,-134.09318279963614,1.4619231400859032,0.0,-0.047719497368557164
1780294826.654631138,1780294826.652640581,-215.6016329056796,-134.06393472701785,1.4647230411463426,0.0,-0.047719497366592055
1780294826.661147356,1780294826.658114672,-215.60572095702895,-134.05700750963015,1.46589800860103,0.0,-0.05311599213668421
1780294826.705098152,1780294826.678017616,-215.62055368304667,-134.03185647684143,1.4664724402272589,0.0,-0.045152855212690204
1780294826.710543156,1780294826.706978321,-215.6420989892664,-133.99524810201314,1.466585977297301,0.0,-0.04515285471952567
1780294826.724852085,1780294826.720804930,-215.65275105410893,-133.97710273609252,1.4917132077884505,0.0,-0.02714752841735861
1780294826.744615793,1780294826.738316298,-215.6661631171053,-133.9542351519902,1.5006418618576816,0.0,-0.03277585835439228
1780294826.763684511,1780294826.758273840,-215.68143350940076,-133.9281645225144,1.5072573282294883,0.0,-0.041261711120144394
1780294826.786246300,1780294826.778242826,-215.69676220907232,-133.9019449104865,1.5140889457144981,0.0,-0.045232897567246945
1780294826.805344820,1780294826.798248053,-215.71210377727755,-133.87564866853953,1.5177224587277707,0.0,-0.040143005513706836
1780294826.824061632,1780294826.818247080,-215.7275394965022,-133.84914228220538,1.5271756450425624,0.0,-0.0476737615595032
1780294826.845657110,1780294826.838223934,-215.74305292615287,-133.82244412777376,1.5365477839150588,0.0,-0.05218913134587536
1780294826.863024235,1780294826.858309984,-215.75862886020755,-133.79557374510122,1.5411515997156526,0.0,-0.040060964405049394
1780294826.882485628,1780294826.878181458,-215.7741987588126,-133.7686640946013,1.5550230247161547,0.0,-0.026424374069878725
1780294826.902505159,1780294826.898134708,-215.7899323113939,-133.74143855914357,1.5648830227510255,0.0,-0.03107005567647038
1780294826.921818495,1780294826.918022871,-215.8056323294196,-133.71423193920361,1.572672688493069,0.0,-0.04531107162850623
1780294826.941164732,1780294826.938007832,-215.8214916203752,-133.68669215630345,1.582088902724856,0.0,-0.04585440741813921
1780294826.961620092,1780294826.958012819,-215.83737675806788,-133.65904887006786,1.5875887991917625,0.0,-0.04262925092965756
1780294826.982241154,1780294826.978015423,-215.85320528684593,-133.63144939066348,1.5888021482750632,0.0,-0.040358553455191265
1780294827.002091169,1780294826.998021364,-215.86896278690003,-133.60392212483262,1.586688158928606,0.0,-0.041147445792272516
1780294827.020972490,1780294827.018015862,-215.88466620651184,-133.57643684850723,1.585026572480514,0.0,-0.04939576992139164
1780294827.040963650,1780294827.038017750,-215.9003962052179,-133.54884197099148,1.5870750308253185,0.0,-0.0361816896738434
1780294827.060580492,1780294827.058017254,-215.91610427187132,-133.5212391473076,1.5870938102875474,0.0,0.008904575288389789
1780294827.080490112,1780294827.078027248,-215.93180216420618,-133.49366556923349,1.58641777579296,0.0,0.00396156336751423
1780294827.100654840,1780294827.098030567,-215.947642510054,-133.46584691720597,1.5951067861444517,0.0,-0.12865737583712114
1780294827.121642113,1780294827.117978334,-215.9635563876864,-133.43773228729592,1.6081021816734802,0.0,-0.11684170834300443
1780294827.141274214,1780294827.138128519,-215.97960565065264,-133.40922357359065,1.6154492097021678,0.0,0.006471913019339526
1780294827.163923740,1780294827.158355951,-215.9959704061372,-133.38016280630487,1.6353446114617312,0.0,0.0457250720658243
1780294827.186774731,1780294827.178189754,-216.01220330216196,-133.35139751217568,1.6494185537815511,0.0,-0.029851581729529682
1780294827.204731464,1780294827.198010445,-216.02844120213922,-133.3225839715586,1.659616541898952,0.0,-0.09768888509436122
1780294827.222901106,1780294827.217979431,-216.0445923095473,-133.29379404283716,1.6538425610640277,0.0,-0.06102945928813449
1780294827.243327856,1780294827.238035202,-216.06064699311452,-133.26509352370323,1.647157103920446,0.0,-0.003704360678246539
1780294827.289313555,1780294827.257984400,-216.0764149808909,-133.2369008190051,1.6307008606672937,0.0,-0.02753561998014719
1780294827.300357342,1780294827.292942286,-216.104024511904,-133.18747242592187,1.6249155459084141,0.0,-0.02753562025501463
1780294827.317963362,1780294827.306644678,-216.11447559021528,-133.1686970252383,1.5990712086012138,0.0,-0.08332351819471048
1780294827.333616495,1780294827.326110125,-216.1294746785159,-133.14168051880978,1.5945121371645439,0.0,-0.08332351835447517
1780294827.345048666,1780294827.342051268,-216.14239832428697,-133.11833902532092,1.627526230962212,0.0,-0.020730700968151772
1780294827.365473747,1780294827.363646269,-216.15970640083904,-133.08705143063963,1.6377150121046888,0.0,-0.020730700711918924
1780294827.382464647,1780294827.378260374,-216.1717400575261,-133.065211181497,1.6635342459769293,0.0,-0.0846983503936949
1780294827.406447887,1780294827.399604082,-216.18908029838914,-133.03364318561873,1.6743201299224018,0.0,-0.037219959362419335
1780294827.423326015,1780294827.418180704,-216.20407816999804,-133.0062866943714,1.6757554654020461,0.0,-0.004081425619162103
1780294827.445679903,1780294827.438079834,-216.21982228662466,-132.97756312163395,1.6577980186119605,0.0,-0.021308004120644288
1780294827.472244740,1780294827.469753027,-216.24482111081207,-132.93190965424165,1.650679131302501,0.0,-0.02130800419784387
1780294827.481321335,1780294827.478438854,-216.2514423476415,-132.91979433224353,1.6300649809494534,0.0,-0.034398320298213964
1780294827.505612850,1780294827.499576092,-216.26788143559745,-132.88969501967898,1.627549616982523,0.0,-0.013828289752888936
1780294827.531347036,1780294827.524390936,-216.28722727473155,-132.85421780490645,1.6280415617666348,0.0,-0.013828289661518747
1780294827.551859379,1780294827.537997484,-216.29794221397214,-132.83455245130247,1.6369586485581848,0.0,-0.06695679373741685
1780294827.564533949,1780294827.558063745,-216.31396309688716,-132.805085711283,1.6551795007553125,0.0,-0.06668379259579746
1780294827.583194017,1780294827.578203201,-216.33017352440967,-132.775175610393,1.6709092521875877,0.0,-0.037034493375655675
1780294827.605375290,1780294827.599020481,-216.34702670455601,-132.74402342588525,1.68802671471731,0.0,-0.01741520289794347
1780294827.625013590,1780294827.618278503,-216.3627156967893,-132.71499771632398,1.70004434431698,0.0,-0.03426230330183864
1780294827.648313284,1780294827.642552376,-216.38242207864903,-132.67848159548868,1.704935565246528,0.0,-0.02995411935270871
1780294827.666978121,1780294827.660403728,-216.3967502083384,-132.651884850852,1.6962447886334326,0.0,-0.019653391717107817
1780294827.687035561,1780294827.678075552,-216.41085122862754,-132.62568763047807,1.690526428164986,0.0,-0.02369574531467843
1780294827.710495710,1780294827.698109627,-216.42674662764668,-132.59612713097263,1.6819449787247132,0.0,-0.04121174621149793
1780294827.728854179,1780294827.718828678,-216.44292558804855,-132.5659792030828,1.6647389509315107,0.0,-0.04888635716386682
1780294827.743634701,1780294827.738077879,-216.45783300685162,-132.53813287552768,1.653675960394608,0.0,-0.04213151351263626
1780294827.763314486,1780294827.758197784,-216.47345801705163,-132.50888973536146,1.6513267937111942,0.0,-0.04872652451545666
1780294827.781126499,1780294827.778148651,-216.48912815788307,-132.4794934720629,1.6627628753700368,0.0,-0.05584716532279209
1780294827.800263643,1780294827.798015833,-216.50480941554224,-132.449997490208,1.6715564828194505,0.0,-0.058714690773527166
1780294827.821699619,1780294827.818012238,-216.52074151935594,-132.41994538315768,1.6887092392201317,0.0,-0.05282803408968915
1780294827.842569113,1780294827.838013172,-216.53682039225262,-132.38953905522757,1.7041905624280491,0.0,-0.04860716853605442
1780294827.860427141,1780294827.858023405,-216.5528762075499,-132.35910417714052,1.7114877167076927,0.0,-0.05180715103469462
1780294827.882587910,1780294827.878034115,-216.56886630826287,-132.32871718663267,1.7133821441760857,0.0,-0.05955192783950375
1780294827.900447369,1780294827.898009777,-216.58477595901851,-132.2983953042768,1.7137640957455529,0.0,-0.050511226821740834
1780294827.923444748,1780294827.918007851,-216.60060449151007,-132.2681536723369,1.7094411407761094,0.0,-0.04107685380923638
1780294827.941876173,1780294827.938010931,-216.61632314474932,-132.23806166128392,1.7029491926601088,0.0,-0.0542433117028292
1780294827.962878466,1780294827.958280563,-216.63219923854305,-132.20758779228012,1.6992723961928509,0.0,-0.0682251062632642
1780294827.982033730,1780294827.978347778,-216.6479321376777,-132.1772869159603,1.7010208341712358,0.0,-0.051188332084615124
1780294828.001706600,1780294827.998178482,-216.66359467471463,-132.14704613315965,1.710498832038444,0.0,-0.023745425587819995
1780294828.023673773,1780294828.018602133,-216.6797737828451,-132.11577173614847,1.7169763669682228,0.0,-0.047299846357168204
1780294828.042721987,1780294828.038372278,-216.6954367386686,-132.08542320130107,1.7226510825005392,0.0,-0.06509348346106214
1780294828.061302662,1780294828.058293581,-216.71126601423657,-132.05465553361614,1.7304019309663987,0.0,-0.061802492142416295
1780294828.082289934,1780294828.078050137,-216.7269586128999,-132.02406092339712,1.7350842172188647,0.0,-0.03672289017362471
1780294828.101423740,1780294828.098292828,-216.74295388397533,-131.99281997328254,1.7337742359209118,0.0,-0.04501815168440123
1780294828.120874882,1780294828.118074417,-216.75847063010744,-131.96244517318522,1.728453773382008,0.0,-0.0675986776262959
1780294828.143085003,1780294828.138572216,-216.77450573776477,-131.93095182492496,1.7267603365274873,0.0,-0.06759867775412473
1780294828.165383816,1780294828.160414457,-216.79154823764426,-131.89734860907018,1.7265222693626803,0.0,-0.06335759712047068
1780294828.186481714,1780294828.178092003,-216.8053195907393,-131.87010186879579,1.7273017007730072,0.0,-0.05378215246925059
1780294828.205750227,1780294828.199204922,-216.82181180021,-131.83739505242227,1.731886727175923,0.0,-0.0705655136216953
1780294828.222594976,1780294828.218024731,-216.83667899226498,-131.80780220850667,1.747622680025978,0.0,-0.07970943074064708
1780294828.242195845,1780294828.239339113,-216.85354497818022,-131.77410476396142,1.7576172895207989,0.0,-0.05550948809739366
1780294828.264711142,1780294828.257983685,-216.86828863121764,-131.74455990781186,1.76440369668842,0.0,-0.04409741861265861
1780294828.284194708,1780294828.278312683,-216.8843869302429,-131.71223376885857,1.770823863814346,0.0,-0.04384808714309071
1780294828.301748514,1780294828.298205614,-216.90013380591486,-131.68054242680392,1.774621507841472,0.0,-0.046904969517925506
1780294828.321766138,1780294828.318020821,-216.91577284073114,-131.64899408578873,1.7756449637064604,0.0,-0.031314093136144104
1780294828.340258598,1780294828.338012218,-216.93155508077572,-131.61710714772317,1.7780845330911637,0.0,-0.015643296900937857
1780294828.360357046,1780294828.358008146,-216.94735026912977,-131.5851689105954,1.779882921091025,0.0,-0.008960219922407048
1780294828.380760193,1780294828.378025055,-216.96331817637991,-131.55286696774857,1.792196811111403,0.0,-0.016352781414484145
1780294828.402312756,1780294828.398399830,-216.9796624184931,-131.51977652509785,1.801347559676634,0.0,-0.0339230040769925
1780294828.420013189,1780294828.417979002,-216.99545202699534,-131.4877534155067,1.81392318162739,0.0,-0.028973467034409273
1780294828.466998100,1780294828.438404083,-217.01206615094182,-131.45400998880376,1.8285990677052293,0.0,-0.015582003990199506
1780294828.479060650,1780294828.470093966,-217.03776371021794,-131.4017754543974,1.8327043157550604,0.0,-0.01558200388215115
1780294828.481447220,1780294828.478390932,-217.04452870053214,-131.38799631673905,1.8383093068721945,0.0,-0.050237534055828606
1780294828.519457102,1780294828.499236822,-217.0613250130467,-131.35374812919645,1.8340082236650708,0.0,-0.04655614220813137
1780294828.526844025,1780294828.520201921,-217.07814664416006,-131.31936377438015,1.831286009292565,0.0,-0.046556141711928484
1780294828.555379868,1780294828.538225651,-217.09239752088342,-131.2901816430963,1.8173791260737087,0.0,-0.020689297107278033
1780294828.574162960,1780294828.561736584,-217.11092320215758,-131.252210261469,1.8076827000185423,0.0,-0.014052874330318512
1780294828.589811802,1780294828.581485748,-217.12650394001344,-131.22024851469797,1.805353453342254,0.0,-0.014052874306623955
1780294828.615635633,1780294828.598443031,-217.14007648620571,-131.1923787801505,1.8152922149313262,0.0,-0.024319406985929416
1780294828.628486395,1780294828.620201588,-217.15764622387331,-131.1562635868792,1.8301533501461023,0.0,-0.07013232746024972
1780294828.650866985,1780294828.640483379,-217.17405172366398,-131.12241094250757,1.840733291430444,0.0,-0.09710958177013768
1780294828.664555550,1780294828.658599854,-217.18876801549268,-131.09189138183297,1.856501791035764,0.0,-0.05062963772825998
1780294828.687347651,1780294828.678121805,-217.20466069753775,-131.05885409654502,1.8664177590393791,0.0,0.0017379853598518055
1780294828.704371929,1780294828.698063850,-217.22077740086502,-131.02535295255458,1.8638485425005433,0.0,-0.011780355133155944
1780294828.722541332,1780294828.718146801,-217.23660583426093,-130.99243075052422,1.8371424128176699,0.0,-0.05455950467228804
1780294828.742587090,1780294828.738007307,-217.2520281485794,-130.96026219988633,1.8178975272603808,0.0,-0.05970736825434099
1780294828.761788845,1780294828.758048773,-217.2675621849765,-130.92776232956464,1.8074416627636618,0.0,-0.029004895480268453
1780294828.782130480,1780294828.779365778,-217.28422190111291,-130.8928561172028,1.8134157954889958,0.0,-0.03631254947383379
1780294828.803405285,1780294828.800967455,-217.3011943597436,-130.8572240690754,1.8201049544819246,0.0,-0.052423226412018034
1780294828.827749014,1780294828.818047762,-217.31472692496703,-130.82873107609842,1.8349325906667175,0.0,-0.0355090193764403
1780294828.847482204,1780294828.837998390,-217.33063765369752,-130.79517821028998,1.8484158403839202,0.0,-0.0030032131320143
1780294828.866223574,1780294828.861798763,-217.3496348509085,-130.75510966762033,1.8559943714670255,0.0,-0.004802754820907068
1780294828.881996155,1780294828.878213644,-217.3625204174117,-130.72792339355735,1.8406475030530771,0.0,-0.03312209289437604
1780294828.902421474,1780294828.898009539,-217.37793267839618,-130.69536028619558,1.8306239804899722,0.0,-0.024968486823769967
1780294828.923490047,1780294828.918802977,-217.39404012425422,-130.6612848940738,1.8205406826162995,0.0,-0.0037356661971225426
1780294828.948785782,1780294828.938332558,-217.40916424166244,-130.62928349486396,1.8176393211228936,0.0,0.01315883754535859
1780294828.961713791,1780294828.958475351,-217.42482099098333,-130.59617720429654,1.817861826439045,0.0,-0.004791515063409805
1780294828.990376234,1780294828.986879826,-217.4469483553894,-130.5493770793478,1.8210872111260847,0.0,-0.02192005837888339
1780294829.008155823,1780294828.998522520,-217.45611222015162,-130.52996413203758,1.8317955994563948,0.0,-0.007908651991211746
1780294829.024887562,1780294829.018029213,-217.47143100218756,-130.49750444032514,1.836001962874497,0.0,0.016594382572964535
1780294829.046641588,1780294829.039115906,-217.4880149811326,-130.46239321894657,1.838985469340589,0.0,0.018288486718397553
1780294829.068398476,1780294829.058666706,-217.503433996531,-130.42978096471595,1.8422380195187307,0.0,0.0006360613052819007
1780294829.090856552,1780294829.080432415,-217.52060540058147,-130.3934635095687,1.8439452132700185,0.0,-0.006844280253446828
1780294829.104149818,1780294829.100086212,-217.53611609941942,-130.36064580824083,1.8455615869005835,0.0,0.0032759848244676157
1780294829.123145580,1780294829.119830608,-217.55169907132478,-130.3276806785869,1.8460131293923734,0.0,0.011669688679375562
1780294829.144433022,1780294829.138002872,-217.56604234688092,-130.29735616192082,1.8460050307205276,0.0,-0.0026227432160896395
1780294829.180377960,1780294829.170222282,-217.59130064078093,-130.24394856950903,1.8372126179296497,0.0,-0.005786389648976711
1780294829.194004536,1780294829.179899931,-217.598773433376,-130.22813995362824,1.8283206390453268,0.0,0.005990844593005151
1780294829.203312159,1780294829.198037624,-217.61288213526265,-130.19829777179223,1.823715435618899,0.0,0.020007389615801813
1780294829.226837635,1780294829.218007565,-217.62840121605413,-130.16550327897622,1.820433174699099,0.0,0.010239154934908911
1780294829.254676580,1780294829.249581814,-217.65296498192578,-130.11362317642335,1.8189761941923785,0.0,-0.0010235372562340354
1780294829.272248507,1780294829.263120890,-217.66351490864912,-130.09133924435002,1.8206980539837225,0.0,0.0008089639460144695
1780294829.292780876,1780294829.278170586,-217.6753538577702,-130.06633329183063,1.8298084068310614,0.0,0.01714873233706942
1780294829.312234163,1780294829.298196316,-217.69117761591275,-130.03293291766755,1.837386106383923,0.0,0.009119714053004485
1780294829.328201532,1780294829.320151091,-217.70857158477963,-129.99623553922294,1.8442737252088721,0.0,0.0009096419388344365
1780294829.346764326,1780294829.338417768,-217.72303884601283,-129.96571448464886,1.8456863495524547,0.0,0.0030632875958889606
1780294829.363627195,1780294829.360438347,-217.74044161605576,-129.92900582469574,1.8452675709043371,0.0,0.014778206473940287
1780294829.385465860,1780294829.380541801,-217.75619894301613,-129.89579601969356,1.8346508810270568,0.0,0.007344125034258566
1780294829.405797482,1780294829.398115396,-217.76989944768252,-129.86693214828517,1.8273233201971972,0.0,-0.0020400404048160955
1780294829.421108007,1780294829.417995691,-217.78538805829882,-129.8342980186929,1.8189205148043779,0.0,0.013626159425276969
1780294829.451407194,1780294829.438272476,-217.80112634199637,-129.80114672064147,1.814273370369171,0.0,0.014500824585880014
1780294829.468358278,1780294829.466125965,-217.8227794682886,-129.75557353063903,1.8141712796334821,0.0,-0.008876174698409867
1780294829.494057178,1780294829.478248358,-217.83222506073815,-129.735702953102,1.814491074597064,0.0,-0.008876174886036862
1780294829.518144369,1780294829.505731821,-217.85381647951255,-129.6902687189799,1.8237476746026606,0.0,0.0007146730409317292
1780294829.533106327,1780294829.524461269,-217.8686820518986,-129.65898907458956,1.8346051291762346,0.0,0.017178263506478546
1780294829.543547153,1780294829.539521694,-217.88064196302926,-129.63384423129042,1.841149550360575,0.0,0.0028449544754349416
1780294829.570255280,1780294829.558180332,-217.8954246320575,-129.60276827210174,1.842221950562738,0.0,-0.004900349571710387
1780294829.587108135,1780294829.579057217,-217.9119296938486,-129.56806335922857,1.8415224330083382,0.0,0.003600953002815423
1780294829.604215145,1780294829.598312140,-217.92705206015265,-129.53627199586919,1.833452874070066,0.0,0.020740569844917928
1780294829.624915838,1780294829.618114710,-217.9425510139673,-129.50372257375264,1.8272179714982584,0.0,0.0025248175186936665
1780294829.648244381,1780294829.642530441,-217.96168083792915,-129.46355298537398,1.8246357030172067,0.0,-0.0026119208972774557
1780294829.675167084,1780294829.668500900,-217.98202105570164,-129.42083471490005,1.8220824292372024,0.0,0.016970850548506576
1780294829.682950735,1780294829.680608749,-217.99150261049667,-129.4009304336198,1.821654190721341,0.0,0.016970850584258436
1780294829.704120159,1780294829.699796200,-218.00655618821702,-129.36934570608946,1.8225142426528183,0.0,0.008415447711015588
1780294829.735653400,1780294829.722477436,-218.02444116596837,-129.33183580499835,1.828007056930009,0.0,0.022883253749628053
1780294829.754640579,1780294829.749565125,-218.04587387420213,-129.2869452139677,1.8324635690925761,0.0,0.022969891710878744
1780294829.764315605,1780294829.759955883,-218.05411436988126,-129.26971314512744,1.8342384081885625,0.0,0.027635693214898907
1780294829.792467833,1780294829.778517962,-218.06888546741754,-129.2388474378723,1.839285407859377,0.0,0.017540664606824158
1780294829.810068846,1780294829.800950050,-218.08679834245595,-129.20144793770686,1.8458336026933377,0.0,0.02904407659987687
1780294829.828469276,1780294829.820880890,-218.10274796890454,-129.168191397188,1.848312565669556,0.0,0.030799328292733675
1780294829.846489191,1780294829.840883255,-218.11872003213247,-129.13494412701527,1.8449108422863885,0.0,0.03924820215108106
1780294829.872201920,1780294829.858516693,-218.1327699447557,-129.10575612888306,1.8413315763419933,0.0,0.02161240220605089
1780294829.894526005,1780294829.879841089,-218.14979796350852,-129.07041552637185,1.8406166288311452,0.0,0.02161240212425041
1780294829.904351234,1780294829.899760485,-218.16557858134323,-129.0376958342463,1.831898704772452,0.0,0.012289830467205751
1780294829.925272942,1780294829.920664310,-218.1820359951923,-129.00359423676613,1.8218592958867155,0.0,0.013355580040046437
1780294829.940516472,1780294829.938029289,-218.1956714837038,-128.9753600887729,1.8148694933864773,0.0,0.004739632818817473
1780294829.971888781,1780294829.959280014,-218.21239058817957,-128.94074797943512,1.811965818305251,0.0,0.0012643587682800187
1780294829.987844944,1780294829.977976084,-218.22712276529705,-128.9102512873289,1.81213460490423,0.0,0.0060378594839646535
1780294830.015074015,1780294830.004925966,-218.24847131248964,-128.8660709191979,1.81781435448995,0.0,0.011647162807807324
1780294830.024534464,1780294830.018655777,-218.25941579165482,-128.84343960647092,1.8227235060688898,0.0,0.013125293934435909
1780294830.063163519,1780294830.055191278,-218.28850975341507,-128.78330612239932,1.8266696923697858,0.0,0.013786317633526713
1780294830.075480938,1780294830.067020655,-218.29802359276127,-128.76366732741673,1.834635513601977,0.0,0.009560535983246982
1780294830.088390112,1780294830.082313299,-218.31028758531798,-128.73835905039869,1.8367108764084545,0.0,0.015706385680844565
1780294830.104084492,1780294830.098696470,-218.32340392183073,-128.7113084518459,1.8356006074310658,0.0,0.02508392312730745
1780294830.122570038,1780294830.117998362,-218.33878654091032,-128.67961725537896,1.8296991169476533,0.0,0.026782692764463954
1780294830.143007278,1780294830.138023853,-218.35471144954627,-128.64685202946447,1.8246400301675652,0.0,0.021817202639118814
1780294830.163807631,1780294830.158309460,-218.3707837485085,-128.61382026795948,1.8166444913006183,0.0,0.023542023818091905
1780294830.187305927,1780294830.178557873,-218.38679440707364,-128.58095510164028,1.8112850939313938,0.0,0.029479262800682964
1780294830.205040216,1780294830.198035479,-218.4021515519,-128.54947917067716,1.8038226526394108,0.0,0.02680393501123478
1780294830.226864100,1780294830.218034983,-218.41797363445198,-128.5170930708662,1.8042970413496995,0.0,0.01093873967268388
1780294830.249889612,1780294830.240684032,-218.43596500495497,-128.48028693558572,1.806575571788923,0.0,0.012518442734063195
1780294830.267875195,1780294830.258320808,-218.4500873212793,-128.45141665502484,1.8157756065869872,0.0,0.022056848692075
1780294830.287730455,1780294830.278651714,-218.46659188297122,-128.4177093616514,1.8326551552257941,0.0,0.01651435839982351
1780294830.320092440,1780294830.311024666,-218.4929853087006,-128.3638520449003,1.8444642812378729,0.0,0.00278651647833752
1780294830.329235792,1780294830.322635412,-218.50246873038174,-128.34450505401082,1.8467952938181171,0.0,0.002786516324257234
1780294830.349514723,1780294830.339113474,-218.51595648930203,-128.31699733196533,1.8526982489022,0.0,0.011444722091704117
1780294830.365366459,1780294830.359614134,-218.5327304493526,-128.28280389914937,1.8548372435525293,0.0,0.03341150782124122
1780294830.387308359,1780294830.378129005,-218.54779333902948,-128.25215176218165,1.848783372993103,0.0,0.03223324327433562
1780294830.406400204,1780294830.399055958,-218.56478552579222,-128.21762575863826,1.8440834572955465,0.0,0.033522717960268365
1780294830.425268412,1780294830.418885708,-218.58082882284276,-128.18508549224148,1.8357574181256746,0.0,0.03592365546830412
1780294830.447306156,1780294830.441410542,-218.59908755273207,-128.14811798714493,1.8338955579018918,0.0,0.03230022512848549
1780294830.466059208,1780294830.459806442,-218.6140623670274,-128.11785452836685,1.8346069307081962,0.0,0.024729148948937674
1780294830.484161377,1780294830.478470325,-218.629356558432,-128.08698082799415,1.8412760487120816,0.0,0.021659843816650922
1780294830.508111000,1780294830.498720884,-218.64619480637282,-128.05302445555864,1.858346062049923,0.0,0.01653190920573072
1780294830.526368380,1780294830.519979239,-218.66399061494417,-128.0171673198669,1.8703743386616676,0.0,0.0093323666905087
1780294830.552521467,1780294830.541627884,-218.68211375681378,-127.98066908992017,1.8765883598232258,0.0,-0.00042394702706823745
1780294830.563041449,1780294830.558614969,-218.69624946216075,-127.95220061026437,1.8722984662584297,0.0,0.006641734686107127
1780294830.583780289,1780294830.578459024,-218.71270732394638,-127.91906485399676,1.8685382361423777,0.0,0.014553442995742853
1780294830.604773521,1780294830.599331141,-218.72998470980914,-127.88430432416212,1.8635062203863444,0.0,0.014866241272055235
1780294830.628163338,1780294830.619436264,-218.74667814012085,-127.85074474602312,1.8651218147129753,0.0,-0.00032463768305209494
1780294830.647848845,1780294830.640002012,-218.76380724942013,-127.81630870253363,1.8675397501566808,0.0,-0.006342066176127938
1780294830.663612604,1780294830.657995701,-218.77884707420768,-127.78606305443172,1.8730157626071482,0.0,0.0020385308942201166
1780294830.682856560,1780294830.678532124,-218.7960428459193,-127.75148488290155,1.8766082091661633,0.0,0.01162054815040014
1780294830.703949213,1780294830.698006392,-218.81241439975787,-127.71858374186954,1.8825855183380527,0.0,0.004794942370234177
1780294830.725471258,1780294830.718420982,-218.8296652659812,-127.68392359843313,1.890041587403158,0.0,-0.0006371809174895091
1780294830.751745701,1780294830.741548300,-218.8491945814641,-127.6446844073517,1.8921669392541118,0.0,-0.000637180944070503
1780294830.762952805,1780294830.758315325,-218.8634035161776,-127.61615184389593,1.8962612972860686,0.0,0.023939598265507112
1780294830.785539865,1780294830.778010368,-218.88000224667863,-127.5828540855718,1.892118598410321,0.0,0.015675696142285214
1780294830.804416895,1780294830.798258781,-218.89701609970172,-127.54875001769938,1.8878135033215298,0.0,0.005952974245798711
1780294830.821743488,1780294830.818090916,-218.9136270104516,-127.51546362335924,1.8811290045134175,0.0,0.010363212931129153
1780294830.841996908,1780294830.838278532,-218.9304672284237,-127.48173509076538,1.8740589962077203,0.0,0.019410973161982314
1780294830.863247156,1780294830.858002901,-218.94692131684567,-127.44881220308599,1.8703071758941194,0.0,0.01927714578444046
1780294830.892023325,1780294830.880400181,-218.96566879751347,-127.41133601146774,1.8711027095771229,0.0,0.01200759101398226
1780294830.904596090,1780294830.898007393,-218.98042958599655,-127.381849009103,1.871685524986519,0.0,0.01200759095618885
1780294830.926161289,1780294830.918304920,-218.99758555714442,-127.34760095882065,1.8800829041677283,0.0,0.02969604370227109
1780294830.952033043,1780294830.939866781,-219.01590133374623,-127.3110925466474,1.8883805861597158,0.0,0.03698601221652355
1780294830.965597391,1780294830.960735798,-219.0336589145557,-127.2757671135021,1.8907350165335428,0.0,0.03698601225756949
1780294830.985989332,1780294830.979512215,-219.04985783932517,-127.24360348068967,1.9038545660868547,0.0,0.03670816813655229
1780294831.015087128,1780294830.998105526,-219.0659329408985,-127.21174055553783,1.9098232241035893,0.0,0.04320846001084888
1780294831.025577545,1780294831.018479824,-219.08352790845476,-127.17693501975424,1.9117401876724174,0.0,0.04517750276470189
1780294831.047292948,1780294831.037997246,-219.10036122394206,-127.14371236215733,1.9093652619302988,0.0,0.042975885014686674
1780294831.066241980,1780294831.057993174,-219.11752096580318,-127.10991611218437,1.9015764843441534,0.0,0.04268407327961771
1780294831.082377672,1780294831.078016758,-219.13468624436294,-127.07618030559831,1.8962983349608058,0.0,0.041597302442999584
1780294831.102273941,1780294831.098152161,-219.15197071994484,-127.04227994069295,1.892918088764739,0.0,0.039550860942981395
1780294831.122938395,1780294831.118164778,-219.16931498983072,-127.00832871689703,1.9009950457771068,0.0,0.03687606683841017
1780294831.151339769,1780294831.138012409,-219.1866354232638,-126.97448564399875,1.9078062960742765,0.0,0.0373242257744574
1780294831.162235975,1780294831.158791065,-219.20483337896079,-126.93899294978547,1.9143967727959919,0.0,0.034870070504604465
1780294831.181200504,1780294831.177997112,-219.2217112613559,-126.9061335726717,1.9185266444935762,0.0,0.03229106322367095
1780294831.209858894,1780294831.204883814,-219.24528635800044,-126.86030575923593,1.9169874679202283,0.0,0.03139267223497921
1780294831.225788593,1780294831.218095303,-219.2568105288076,-126.83795047043985,1.910565672606354,0.0,0.033933481431538064
1780294831.245044947,1780294831.238147736,-219.27433098957957,-126.80400034568926,1.9078776646567535,0.0,0.028514493375657566
1780294831.261654139,1780294831.258004189,-219.29170241861974,-126.77038612400948,1.9067781511247268,0.0,0.022147323805437203
1780294831.281147480,1780294831.278047800,-219.30942470919481,-126.73612964123475,1.9178245903177842,0.0,0.023320245582099247
1780294831.308475733,1780294831.299248457,-219.32829848446667,-126.69968904675973,1.9265711109769685,0.0,0.024670332367147278
1780294831.320471048,1780294831.318016768,-219.34510816836922,-126.66727523660624,1.9369774935023063,0.0,0.023535588230542793
1780294831.340083599,1780294831.338029146,-219.36312054320155,-126.63257983984677,1.9452654700690386,0.0,0.012560921819277905
1780294831.360915422,1780294831.358016491,-219.38112469371632,-126.59792174845938,1.9493884913255894,0.0,0.012247736255417703
1780294831.380700827,1780294831.378353119,-219.3994135944448,-126.56273666647726,1.9492132379876115,0.0,0.020587212102458754
1780294831.401290178,1780294831.398032427,-219.41710469142993,-126.52873649625657,1.9484593040032872,0.0,0.027999476613469437
1780294831.423891544,1780294831.418536425,-219.43543090188234,-126.49356322467669,1.9397580435711987,0.0,0.021553791101957653
1780294831.443724871,1780294831.438154697,-219.45287298750858,-126.46012301173727,1.9312508888137718,0.0,0.013383836958020172
1780294831.467843533,1780294831.462256670,-219.4743272423086,-126.41901670154847,1.9273965203246293,0.0,0.021790113544398474
1780294831.483988523,1780294831.478153944,-219.48858457595048,-126.3917344798429,1.9334385418563056,0.0,0.03343731430585028
1780294831.503961086,1780294831.498135090,-219.5066879355854,-126.35713724262895,1.9448719929304554,0.0,0.03848564757815667
1780294831.527183771,1780294831.518897295,-219.52560597899944,-126.3210505415503,1.9533172128237946,0.0,0.03433671998071138
1780294831.545572996,1780294831.541662455,-219.54642846619504,-126.28139999855374,1.9614346637411484,0.0,0.027958696285090345
1780294831.563584805,1780294831.558699846,-219.56202362021475,-126.25174939090961,1.962432325312501,0.0,0.029404452269576664
1780294831.581485510,1780294831.578969002,-219.58054067826657,-126.21658643277475,1.96156808035223,0.0,0.030841409404730704
1780294831.606366634,1780294831.600559950,-219.6002418394152,-126.17923164020547,1.958104255795891,0.0,0.03551041690647821
1780294831.623451471,1780294831.619578123,-219.61744723842833,-126.14666985082084,1.9456068324250706,0.0,0.04380491655174586
1780294831.643117428,1780294831.638440132,-219.63447010085997,-126.11451844066762,1.937834858712118,0.0,0.04355745071877128
1780294831.667294264,1780294831.659012079,-219.65307411665165,-126.0794501035505,1.9336421551014666,0.0,0.041787598342892814
1780294831.682801723,1780294831.678267002,-219.67050698195013,-126.04665742677778,1.9313946759463336,0.0,0.042522168054471655
1780294831.704550266,1780294831.698270798,-219.68873347152,-126.01243921221692,1.935781158825406,0.0,0.04074063843479813
1780294831.735452175,1780294831.718337297,-219.70709248565123,-125.97803969921883,1.939155067931519,0.0,0.03865111634339863
1780294831.745681524,1780294831.738224983,-219.72529973004526,-125.94398832041644,1.9402955815878593,0.0,0.04198587812695131
1780294831.762521267,1780294831.758528948,-219.7439686978795,-125.90914334472136,1.944295220598708,0.0,0.03579841053325516
1780294831.780669212,1780294831.778006077,-219.76192138955173,-125.87569370559999,1.9463120668574025,0.0,0.024846718845777483
1780294831.800248146,1780294831.798100948,-219.78044220993084,-125.84122569210507,1.946734569918799,0.0,0.020163341300926237
1780294831.822565556,1780294831.818005800,-219.79866388888047,-125.80734751527869,1.9379463862330832,0.0,0.03385056133120573
1780294831.850453615,1780294831.838583708,-219.81723140304067,-125.77288250931944,1.9178162765899305,0.0,0.033269310410440116
1780294831.862286329,1780294831.858801126,-219.83538149945701,-125.7392474948819,1.9048347292732997,0.0,0.024677124320125428
1780294831.885936737,1780294831.878178835,-219.8527615902572,-125.70707753154464,1.895432715230672,0.0,0.01736230775630973
1780294831.905539989,1780294831.898198366,-219.87070511543297,-125.67389122022307,1.8902622063764096,0.0,0.017214137200955222
1780294831.923355341,1780294831.918286085,-219.88881850615445,-125.64041812755767,1.8936105320255705,0.0,0.02199843760105095
1780294831.949612379,1780294831.938022137,-219.90681600200813,-125.60719406330776,1.9054642260188481,0.0,0.021552505905577585
1780294831.963867188,1780294831.958981752,-219.9260127554759,-125.57179211102783,1.9131822975000625,0.0,0.013147438911946103
1780294831.983925104,1780294831.978110790,-219.94370485911875,-125.53918641619215,1.928195533107632,0.0,0.011327610649679418
1780294832.003602266,1780294831.998089552,-219.96227979276176,-125.50497145387571,1.9379002283949014,0.0,0.016935173931312945
1780294832.023791075,1780294832.018641472,-219.98137072421602,-125.46983448970788,1.9416435106624357,0.0,0.026223949362253945
1780294832.044649601,1780294832.038066626,-219.99936260510825,-125.43676294470723,1.9390137499391482,0.0,0.005925731890999382
1780294832.065034389,1780294832.058136702,-220.01777016075695,-125.40293672360276,1.9273131120859723,0.0,-0.010533504856051762
1780294832.092035770,1780294832.088452339,-220.04548033599855,-125.35198987151688,1.9191122958861826,0.0,0.021519147082585892
1780294832.110898972,1780294832.104322910,-220.05990363692715,-125.32551312129715,1.9089128841826575,0.0,0.03671578357013808
1780294832.124327421,1780294832.119182110,-220.07341360832842,-125.30074729311636,1.904385291813067,0.0,0.017342618902277944
1780294832.145371199,1780294832.138094187,-220.0906332055251,-125.26920036556972,1.9025367102191555,0.0,0.004036672627926261
1780294832.163113594,1780294832.158512592,-220.10926934686353,-125.23506440726868,1.9041554561785177,0.0,0.023778202198092485
1780294832.184909105,1780294832.178061008,-220.12715630319954,-125.20233848398958,1.905893154818474,0.0,0.04353850979958147
1780294832.202240467,1780294832.199277401,-220.14673603789814,-125.16658756717317,1.9153841905461602,0.0,0.03428087428505282
1780294832.222095251,1780294832.218238592,-220.16439096112043,-125.13440655974436,1.9254734853847273,0.0,0.010777475112376016
1780294832.247899532,1780294832.238012314,-220.18280387985993,-125.1008604980124,1.9300916585875187,0.0,0.022893389600157184
1780294832.267113924,1780294832.259531736,-220.20290059625717,-125.06428605218478,1.9354020242503192,0.0,0.04718371251291542
1780294832.284387589,1780294832.278301001,-220.2205107175986,-125.03231384235085,1.939879612353868,0.0,0.053564326296267915
1780294832.306048632,1780294832.302610159,-220.24334596914508,-124.99095373378924,1.9417934618171873,0.0,0.03422914330443385
1780294832.323653698,1780294832.320017338,-220.2596330110529,-124.96151216546176,1.9359587716117983,0.0,0.026614039231280823
1780294832.347224236,1780294832.342258453,-220.28040873016792,-124.92399758029747,1.9318818661757216,0.0,0.035024204436032554
1780294832.376480818,1780294832.358393431,-220.29549715903286,-124.89680247983212,1.9300629465667358,0.0,0.057485374163425695
1780294832.386611462,1780294832.379245520,-220.3150469320511,-124.86164314900084,1.9297195689375892,0.0,0.05748537426875446
1780294832.409414053,1780294832.399644852,-220.33423802623298,-124.82721700489238,1.9309596702355383,0.0,0.04327719707953259
1780294832.431655645,1780294832.418300152,-220.3519385699628,-124.79553014480409,1.9386290897052876,0.0,0.029379849091618768
1780294832.441747665,1780294832.438316345,-220.371044002458,-124.76137230202103,1.9467488255877736,0.0,0.03762343667461941
1780294832.462814569,1780294832.458472967,-220.39031979970366,-124.72697088339895,1.9511839234431256,0.0,0.039321988844264404
1780294832.480535507,1780294832.478032827,-220.40900972190647,-124.69367720455146,1.9511295553143144,0.0,0.012290388486088072
1780294832.501441240,1780294832.498034000,-220.42798710800957,-124.65989069105406,1.942942480921895,0.0,0.004274370142633594
1780294832.521554232,1780294832.518141508,-220.44699462649282,-124.62605724274587,1.9368209828703746,0.0,0.013876983598787316
1780294832.542420626,1780294832.539706945,-220.46717361159006,-124.5901621249432,1.9200974177481769,0.0,0.02710614996384545
1780294832.561635494,1780294832.558022499,-220.48414028972817,-124.56002273048665,1.9051435590608832,0.0,0.01992148143723991
1780294832.585692167,1780294832.578732014,-220.5033776538981,-124.52587852592539,1.898963381987219,0.0,0.006345212177265512
1780294832.601185560,1780294832.598111153,-220.52145161514548,-124.49380892694104,1.9001549725307887,0.0,0.014260363257863805
1780294832.621112585,1780294832.618077278,-220.5402011479733,-124.46056201420014,1.9067301728872237,0.0,0.026087769059860072
1780294832.641456604,1780294832.638108253,-220.55907300657543,-124.4271388387226,1.9111982400093663,0.0,0.028803269438049017
1780294832.661189556,1780294832.658013582,-220.5778400685555,-124.39394607211943,1.9133763690830063,0.0,0.010968366870663774
1780294832.686654329,1780294832.678066969,-220.59675289179734,-124.36051259277114,1.9143783133086003,0.0,0.0062655124906812925
1780294832.702200174,1780294832.698489904,-220.61605140362798,-124.3264073060788,1.9170016583814222,0.0,0.019660033240152787
1780294832.720903397,1780294832.718243122,-220.63474483070857,-124.29340226511191,1.9184150131036168,0.0,0.027379113163397334
1780294832.743263006,1780294832.738017321,-220.65346554617608,-124.26039071726903,1.9187764468899302,0.0,0.019240380713432037
1780294832.760872364,1780294832.758075237,-220.67238819562877,-124.22705274108036,1.9140370492087906,0.0,0.008136517598201005
1780294832.782521248,1780294832.778692007,-220.69172119921595,-124.19300478470753,1.9058354555407777,0.0,0.020309268939226795
1780294832.800866127,1780294832.798027277,-220.70982891976624,-124.16114580562578,1.9009410478189848,0.0,0.03136682330141171
1780294832.824898005,1780294832.818013191,-220.7285278188909,-124.1282931047038,1.895626082569372,0.0,0.02828698825284347
1780294832.841824770,1780294832.838070869,-220.747403126191,-124.09517386225161,1.8997449771657278,0.0,0.011869003476798118
1780294832.860947847,1780294832.858008146,-220.7662590530896,-124.06210683908213,1.9042292227993736,0.0,0.008404224939635746
1780294832.880712509,1780294832.878008842,-220.78521687823934,-124.02887411885871,1.9090649599412062,0.0,0.024994709019038587
1780294832.900690556,1780294832.898246765,-220.80444181631702,-123.9952122365292,1.9121134953935235,0.0,0.037936804349985837
1780294832.921013594,1780294832.918020964,-220.82332206077854,-123.96221266119024,1.9182431507579216,0.0,0.029528318475119105
1780294832.940915346,1780294832.938121080,-220.8425338729136,-123.92867906423862,1.9197461833977163,0.0,0.01758467896417126
1780294832.961144924,1780294832.958063364,-220.8615673813803,-123.89548402846509,1.9192850399473282,0.0,0.02482159065503374
1780294832.981300354,1780294832.978114128,-220.88047740328847,-123.86254243879081,1.9039281462728856,0.0,0.030381964660757387
1780294833.002791643,1780294832.999530077,-220.9004226463253,-123.82784676774038,1.8850585468250247,0.0,0.025093143958464424
1780294833.020887375,1780294833.018031120,-220.91761185595468,-123.7979823514108,1.8748911908420414,0.0,0.020311488990302693
1780294833.041977644,1780294833.038010359,-220.93623467627742,-123.76565497532157,1.871295743775193,0.0,0.018901535430666583
1780294833.061430693,1780294833.058028698,-220.95514580884304,-123.73285545547945,1.884101412331944,0.0,0.027780150384816803
1780294833.081206083,1780294833.078008175,-220.9741868185564,-123.69987289293039,1.8945286141966564,0.0,0.04083869078243128
1780294833.102452517,1780294833.098110199,-220.993448390263,-123.6665710522805,1.9052293705251562,0.0,0.03097527008665226
1780294833.121689081,1780294833.118011475,-221.01273885604772,-123.6332669624938,1.9208706997263998,0.0,0.01629190932338627
1780294833.140191317,1780294833.138056278,-221.03224693763335,-123.59961258060035,1.9302136961180947,0.0,0.012175067179290757
1780294833.160955191,1780294833.158995152,-221.05257202538132,-123.5645687086646,1.9319990246285714,0.0,0.022084159588958156
1780294833.179971218,1780294833.178005457,-221.07101360549115,-123.53280622666085,1.9319996630067162,0.0,0.021947816780633105
1780294833.200047016,1780294833.198013783,-221.0901442178267,-123.49988894455018,1.914195815561988,0.0,0.008197106863131699
1780294833.220325947,1780294833.218248367,-221.1091683078361,-123.4671673625238,1.8915059312444726,0.0,0.006372609417443684
1780294833.239972353,1780294833.238363028,-221.12813635239536,-123.43455161445813,1.8854949286453222,0.0,0.006372609403347829
1780294833.265177965,1780294833.259497881,-221.1480187166341,-123.40040061799716,1.879212096913257,0.0,0.030933030835103563
1780294833.282725334,1780294833.278483152,-221.16598327867064,-123.3695899053721,1.8809400802567533,0.0,0.025371774389720637
1780294833.307367325,1780294833.298411608,-221.18491913643632,-123.33714907202535,1.8828183273841534,0.0,0.014634509596999348
1780294833.324187040,1780294833.318505764,-221.20406018818105,-123.30437866898113,1.8862073567263273,0.0,0.027377887272443724
1780294833.342546940,1780294833.338516474,-221.22312849516436,-123.2717740309655,1.8863098749144052,0.0,0.037078686341492514
1780294833.364926815,1780294833.358359337,-221.2420313643339,-123.239507310651,1.8854996962827302,0.0,0.033762619608196154
1780294833.384649038,1780294833.379025698,-221.26170660800602,-123.20597373106703,1.8829673333562416,0.0,0.01633289524947311
1780294833.402752876,1780294833.398462534,-221.2801990500395,-123.17448041605832,1.8811150790332918,0.0,0.0060005925064374015
1780294833.424799442,1780294833.420916557,-221.3014970554956,-123.13821879501243,1.876027900297252,0.0,0.015407854235817559
1780294833.442361593,1780294833.439728498,-221.3192331108879,-123.10804568514789,1.8678115089481904,0.0,0.0245782201808432
1780294833.481173754,1780294833.471718311,-221.3494201379737,-123.05674481120238,1.8635967491582104,0.0,0.014293494028370428
1780294833.491812706,1780294833.483838797,-221.36082658685365,-123.03738059778375,1.8591008177424169,0.0,0.03172373484427011
1780294833.514991999,1780294833.505738974,-221.3814865127615,-123.00233574049894,1.8582822133894628,0.0,0.0317237349133711
1780294833.522393942,1780294833.518001795,-221.39306380655947,-122.98272865855495,1.8576445917657263,0.0,0.04388642383367543
1780294833.544627905,1780294833.538400650,-221.41253382632146,-122.94979470536886,1.8672054760059476,0.0,0.029111217907095872
1780294833.564579964,1780294833.559249878,-221.43274820514364,-122.91564755206288,1.8859706164828294,0.0,0.00821207008016913
1780294833.583834887,1780294833.579392910,-221.4523501666198,-122.88254832160302,1.8972065047261661,0.0,0.018562157276531037
1780294833.601284981,1780294833.598220587,-221.47066640703432,-122.85164662526527,1.9023454039220709,0.0,0.03981134561156617
1780294833.622205257,1780294833.618519783,-221.49023310953396,-122.81869191310435,1.8929579697642536,0.0,0.04457159780189286
1780294833.642736435,1780294833.638358116,-221.50924921970505,-122.78673072908754,1.8843763098919095,0.0,0.026822324236033646
1780294833.662237644,1780294833.658377647,-221.5283729075885,-122.75462744825711,1.874383071507601,0.0,0.013767944953758372
1780294833.682151079,1780294833.679211140,-221.54822504420244,-122.72132205164017,1.8679720562271407,0.0,0.021701172618238534
1780294833.706173182,1780294833.699785471,-221.56780126607788,-122.68851323899594,1.8618030259305727,0.0,0.03193502445632448
1780294833.732842445,1780294833.723096609,-221.589995060008,-122.65137295208784,1.8590709100090255,0.0,0.024763833069048398
1780294833.744994164,1780294833.739076376,-221.60523448475115,-122.62590382288077,1.8583685839975634,0.0,0.0191195647169003
1780294833.762838840,1780294833.758256674,-221.6236746891217,-122.59510652860499,1.8660407411020623,0.0,0.029858022163036554
1780294833.783383846,1780294833.778434515,-221.6432116270187,-122.56251977302762,1.8743581171531807,0.0,0.05531197646639358
1780294833.801392317,1780294833.798108339,-221.66229634416848,-122.53076773911229,1.8784239186542586,0.0,0.04205093407577731
1780294833.820509434,1780294833.818043470,-221.68159679583934,-122.49871712576335,1.8769115798144747,0.0,0.02106064780097764
1780294833.839947462,1780294833.838047743,-221.70096993915067,-122.46657636624407,1.876901436095336,0.0,0.0029937175959418583
1780294833.862391949,1780294833.858006716,-221.7203252883301,-122.43446943162606,1.8775797522069106,0.0,0.029725690262865406
1780294833.881920815,1780294833.878015757,-221.73977602928392,-122.40224748327262,1.8796254980281388,0.0,0.03976141995912316
1780294833.900805712,1780294833.898015499,-221.75926081100775,-122.3700270826633,1.881092664615308,0.0,0.03696462417609251
1780294833.921474934,1780294833.918023825,-221.77877344265477,-122.33781447420967,1.8816534202967412,0.0,0.007355394532849242
1780294833.941230297,1780294833.938000917,-221.7982357521154,-122.30569564957477,1.8805255911612233,0.0,0.017189810588179578
1780294833.962537527,1780294833.958031654,-221.81774703516362,-122.27352094713346,1.8795829918279152,0.0,0.04108473033009778
1780294833.981986523,1780294833.978014231,-221.83708316637444,-122.2416944057372,1.869822229779791,0.0,0.03235449760635058
1780294833.999916077,1780294833.998013735,-221.85626959782869,-122.21016044167526,1.857151886478848,0.0,0.014426019093755366
1780294834.020601511,1780294834.018020391,-221.87543959918676,-122.17867368589759,1.8502605130849505,0.0,0.01854140550961596
1780294834.040890694,1780294834.038013697,-221.89466069371795,-122.1471291999272,1.8494163733145519,0.0,0.03678834415673079
1780294834.060692787,1780294834.058013201,-221.91399832966147,-122.11544577818046,1.8533540795853107,0.0,0.04376891770556958
1780294834.082557440,1780294834.078020573,-221.93340752645733,-122.08370756264797,1.8562252688629175,0.0,0.024427177549609134
1780294834.100795269,1780294834.098048925,-221.9528658754122,-122.0519239609735,1.8586641951648895,0.0,0.015399312898699976
1780294834.120865345,1780294834.118043184,-221.97216796697268,-122.02041758799402,1.851603015651609,0.0,0.03605481827211369
1780294834.141439676,1780294834.138017893,-221.99138023766383,-121.98910867390899,1.8456670309395324,0.0,0.05170961335020451
1780294834.160767078,1780294834.158000469,-222.01061462980897,-121.95783617618272,1.839132844625504,0.0,0.029397809877341512
1780294834.181541920,1780294834.178028584,-222.02988949787346,-121.9265508654091,1.8369375710298321,0.0,0.024050744711198207
1780294834.200639248,1780294834.198125601,-222.04935260113598,-121.89498445896093,1.8425447735645488,0.0,0.00454057223377894
1780294834.221834421,1780294834.218027353,-222.06875028762957,-121.86353288732654,1.8529078159460872,0.0,0.017772119712312937
1780294834.240517855,1780294834.238037586,-222.08828806941085,-121.83187073169898,1.8561371063852423,0.0,0.01873094244475033
1780294834.264942884,1780294834.257913351,-222.10781142895357,-121.8002602003604,1.863904769676998,0.0,0.019631796650499283
1780294834.280358315,1780294834.278014898,-222.12768937310946,-121.76810310475395,1.8726513939103664,0.0,0.011918812017343064
1780294834.300496101,1780294834.298031807,-222.1475063337175,-121.73606193195783,1.8771828220930333,0.0,0.014785267472378918
1780294834.320178032,1780294834.317919016,-222.16714594009116,-121.70432859490234,1.8762396758352324,0.0,0.029003015984082864
1780294834.340546131,1780294834.338011980,-222.1867259202921,-121.67273264723214,1.8508661763125582,0.0,0.020544652385466402
1780294834.360448599,1780294834.358014107,-222.20603070744224,-121.64161304114077,1.8408427131650744,0.0,0.01710619867262499
1780294834.380960226,1780294834.378047705,-222.22519078817436,-121.61074484090534,1.8252904823676064,0.0,0.01276303463839902
1780294834.400945663,1780294834.398010492,-222.2441599463288,-121.5802029864051,1.8135935242806387,0.0,0.03146612854646122
1780294834.423076868,1780294834.418444395,-222.263581676094,-121.54897621847087,1.8062393115860071,0.0,0.04006640834719971
1780294834.441303492,1780294834.438766241,-222.28294464305256,-121.51790061175004,1.8046256373768337,0.0,0.031203210156960197
1780294834.460866213,1780294834.458553314,-222.30185285529222,-121.48759753760216,1.8048591096623166,0.0,-0.019740757978543355
1780294834.482467890,1780294834.478323460,-222.32091407904227,-121.45702266294016,1.815621751937378,0.0,-0.0043121918426816085
1780294834.502374411,1780294834.498954296,-222.34094617846068,-121.42488440122096,1.8256190065107385,0.0,0.056666137798271767
1780294834.521578312,1780294834.519037247,-222.3604799237075,-121.3936268779678,1.8302195253043547,0.0,0.05194040192531068
1780294834.541327000,1780294834.538310528,-222.3792462394122,-121.36366706300876,1.8327249862933235,0.0,-0.012382750702801572
1780294834.564024925,1780294834.558364630,-222.39882112167342,-121.33243982074526,1.8352513307493872,0.0,-0.014257570510428365
1780294834.582525015,1780294834.578050375,-222.41806992448397,-121.30171073696674,1.8383444307225676,0.0,0.01931906021735329
1780294834.601357698,1780294834.598288536,-222.43785291196676,-121.27015621931001,1.8390699536473902,0.0,0.03724073802624411
1780294834.621476173,1780294834.618542671,-222.45755392345876,-121.2387851656887,1.8327344605824303,0.0,0.025698640009594383
1780294834.642217875,1780294834.638519049,-222.47693312951193,-121.20796221926614,1.8279273416330726,0.0,-0.020976678733243593
1780294834.667245388,1780294834.659141302,-222.4969112113323,-121.17615699343551,1.8243245404210875,0.0,-0.01198972934298578
1780294834.689287186,1780294834.678833246,-222.515965703774,-121.14580545462398,1.822247751732502,0.0,0.01740952072377575
1780294834.708618879,1780294834.698431730,-222.53495405681286,-121.11558231224505,1.821856531642124,0.0,0.01740952104449495
1780294834.728058338,1780294834.718266010,-222.55413965809862,-121.08506302288382,1.8196926460925495,0.0,0.00941952390687685
1780294834.751878738,1780294834.738415956,-222.57363080642713,-121.05407053730615,1.8185856967711662,0.0,-0.0011484052398367372
1780294834.767480135,1780294834.758285284,-222.59286593016546,-121.02348356174363,1.8186714465164648,0.0,0.028166391697784145
1780294834.787180185,1780294834.779554605,-222.61339154610891,-120.99088505863726,1.8139705899176373,0.0,0.040101736163227236
1780294834.803853512,1780294834.798466682,-222.63161121978524,-120.96200360152969,1.8102037968173725,0.0,0.02110293535966482
1780294834.822271347,1780294834.819348574,-222.65166730911992,-120.93023915168804,1.8036498826883776,0.0,-0.0061474267869274825
1780294834.873303652,1780294834.868544579,-222.6990578856019,-120.8551611729227,1.805310629348832,0.0,0.005931267714763942
1780294834.886310577,1780294834.878079414,-222.708420383828,-120.8403382189295,1.820802873518262,0.0,0.021462734960186424
1780294834.918903351,1780294834.910391569,-222.73991550129858,-120.79049724288322,1.8234683673258936,0.0,0.01160763323956051
1780294834.924323320,1780294834.918085814,-222.7475006341618,-120.77850367568321,1.833104783811282,0.0,0.011853417797272987
1780294834.942404270,1780294834.938142776,-222.7672013003506,-120.7473595601992,1.8355452536763082,0.0,0.02575481425549501
1780294834.966987848,1780294834.958181858,-222.7868863009286,-120.71627577785739,1.8358008111160045,0.0,0.01673078063986474
1780294834.980526209,1780294834.978179455,-222.806451301699,-120.68540445183088,1.830587472091363,0.0,0.006225674603934856
1780294835.002343178,1780294834.998258591,-222.82604814253213,-120.65449138812534,1.8269695288484566,0.0,0.0007565180200679589
1780294835.021764278,1780294835.018007517,-222.8453394531844,-120.62406126297664,1.825750981671787,0.0,0.010530389424994898
1780294835.043411493,1780294835.038309336,-222.8650495180483,-120.59298493144047,1.817748245330726,0.0,0.018985252823953816
1780294835.064630270,1780294835.058870554,-222.88488546670752,-120.56173686370875,1.808546361666311,0.0,0.01380344164205831
1780294835.083226442,1780294835.078957796,-222.90425636713422,-120.53124046931646,1.8038268484159738,0.0,0.012256388937936843
1780294835.102932692,1780294835.098008394,-222.92264926348747,-120.50229947626637,1.8020678431491735,0.0,0.021520883674746173
1780294835.123260260,1780294835.118006945,-222.9419847737115,-120.47190280558094,1.8018506451778356,0.0,0.0310717930256504
1780294835.144002914,1780294835.137998343,-222.96133930235908,-120.44151793235372,1.801942196935433,0.0,0.02556790929602068
1780294835.163443565,1780294835.158080816,-222.98086728301516,-120.41089523463864,1.805998841783135,0.0,0.018459140852463213
1780294835.185256958,1780294835.180977583,-223.0031892683121,-120.37591974118897,1.8090932749289577,0.0,0.017285189723985833
1780294835.203811646,1780294835.198366642,-223.02029463449364,-120.34914126111967,1.8196604415509625,0.0,0.002515786774187021
1780294835.223199368,1780294835.218965054,-223.04063899014938,-120.31729531267081,1.8271813004029402,0.0,-0.008207884152134914
1780294835.250141382,1780294835.238931894,-223.0603564223643,-120.28641929995837,1.8307434816587835,0.0,-0.007687195887792954
1780294835.263412952,1780294835.258827209,-223.0800489656644,-120.25557184077708,1.8357195402766575,0.0,0.01562762596653027
1780294835.286991358,1780294835.280812740,-223.10187857847666,-120.22140012354252,1.8403143276961285,0.0,0.01944329344059574
1780294835.302721500,1780294835.298220873,-223.1191876040482,-120.19433035330447,1.8426668727161526,0.0,0.0060206346788095055
1780294835.327367544,1780294835.320683479,-223.14150109646485,-120.15944215939177,1.843097471254564,0.0,0.006020634592919612
1780294835.354870319,1780294835.342518091,-223.1628942095741,-120.1260196866333,1.8293310672776493,0.0,0.032351224024121494
1780294835.363371849,1780294835.359370708,-223.1793598863548,-120.10033544773327,1.8223554054905293,0.0,0.041262334237516754
1780294835.395811796,1780294835.380491972,-223.20008962425914,-120.06804892881836,1.8195256367518968,0.0,0.03052120782743955
1780294835.407734156,1780294835.398104191,-223.2173859818086,-120.04114801543321,1.8179728236242005,0.0,0.010173055380084482
1780294835.425290823,1780294835.418109417,-223.2371443283286,-120.01042992453281,1.8227541450931763,0.0,0.007322714222374543
1780294835.449137688,1780294835.438040733,-223.25690299854895,-119.97972121575775,1.8271378178726,0.0,0.026231781129243886
1780294835.462518215,1780294835.458226919,-223.27691687561833,-119.94865160461342,1.828899267185493,0.0,0.026580363123569675
1780294835.491593599,1780294835.486804485,-223.30521292957098,-119.90477652972565,1.8273320483924718,0.0,0.016885792332149714
1780294835.502383471,1780294835.498021841,-223.31633212434107,-119.88755367530955,1.828545144285197,0.0,0.017581817306082007
1780294835.523836851,1780294835.518674374,-223.33683921946513,-119.85580332158182,1.8293910768870167,0.0,0.03485916051389448
1780294835.545383930,1780294835.538007736,-223.35620466942964,-119.82586767063647,1.8385622037986984,0.0,0.03954895003794085
1780294835.563822746,1780294835.558718920,-223.37717283710887,-119.79350852831566,1.8511913960236548,0.0,0.04266130238442037
1780294835.586767912,1780294835.578011036,-223.3967856863077,-119.76329953393378,1.858530553775422,0.0,0.03972091648303644
1780294835.605700970,1780294835.599233150,-223.4185307452095,-119.72986250768002,1.8709057003199003,0.0,0.0352105546931529
1780294835.621419907,1780294835.618112087,-223.43804005913682,-119.69991222514795,1.8816087328650846,0.0,0.039307739249929814
1780294835.646075010,1780294835.640586853,-223.46125814440276,-119.66432645000172,1.8861368654666795,0.0,0.036063251470295106
1780294835.662354946,1780294835.658010960,-223.4792862319786,-119.63674419405287,1.8884491436686184,0.0,0.026068419895731828
1780294835.686372757,1780294835.678077936,-223.50005520509112,-119.6050000744002,1.889386583110794,0.0,0.024874033183609798
1780294835.703961134,1780294835.699959278,-223.5227245732249,-119.57038905285866,1.8902015475019647,0.0,0.02053177317572337
1780294835.724267006,1780294835.719850063,-223.5433015085739,-119.53900352797052,1.8878583070836645,0.0,0.015200685206200486
1780294835.762082100,1780294835.738194942,-223.56225895861525,-119.51010723937608,1.8860665125090466,0.0,0.011395579454829774
1780294835.773245573,1780294835.767017841,-223.59207718364448,-119.46467683952865,1.8857357514006885,0.0,0.011395579436982085
1780294835.785244942,1780294835.779449940,-223.6044715927932,-119.44580841904856,1.8565156702520944,0.0,0.015598288846730753
1780294835.812012911,1780294835.798056126,-223.62319248015208,-119.41732054026608,1.846365880821607,0.0,0.00998334663969818
1780294835.825376987,1780294835.819157362,-223.64446863633722,-119.38495718862343,1.8410839495524296,0.0,0.0007847143962857531
1780294835.842178345,1780294835.838010550,-223.6635660695008,-119.3559088738363,1.8439146951775653,0.0,-0.0017709311184399687
1780294835.862048149,1780294835.858048916,-223.6839352449268,-119.32492390517322,1.8470184506738216,0.0,-0.004985679077163288
1780294835.884459734,1780294835.880661488,-223.7070158396877,-119.28980678667762,1.8540235212287304,0.0,-0.000837492412845026
1780294835.901679993,1780294835.898489237,-223.72528361960684,-119.26201121625088,1.8591662516872096,0.0,0.010416440860643124
1780294835.925467253,1780294835.918372393,-223.7455323744223,-119.23121392988892,1.855432760904357,0.0,0.016012998011453637
1780294835.948637486,1780294835.938468456,-223.76582520944802,-119.20037110132145,1.8453516494284135,0.0,0.0027713843428680846
1780294835.970252991,1780294835.963776588,-223.79133001621236,-119.16161127076163,1.8389657116397917,0.0,-0.0031714531030411185
1780294835.983931780,1780294835.978865623,-223.80646630661434,-119.13860449090294,1.8320897789433868,0.0,-0.0005482146394547968
1780294836.005873680,1780294836.000729561,-223.82846415090785,-119.1051677230145,1.831750750892153,0.0,0.015657324326745888
1780294836.025862694,1780294836.018172503,-223.8460644733372,-119.07843511386493,1.833135171389182,0.0,0.009565378521771296
1780294836.042376518,1780294836.038013697,-223.86600764756002,-119.0481550624994,1.8295399614468655,0.0,-0.010935494311378559
1780294836.062816381,1780294836.058011770,-223.88599321681937,-119.01779626105255,1.8231257488779062,0.0,-0.0140840453116605
1780294836.085273981,1780294836.078102589,-223.90603741015377,-118.98732969872484,1.819357763776673,0.0,0.004696817316468727
1780294836.102943182,1780294836.098021507,-223.92580572821515,-118.95728867483238,1.8111729520018545,0.0,0.009752766661974926
1780294836.124980688,1780294836.118017435,-223.94562772270103,-118.92717885952628,1.8077383253011892,0.0,-0.01707419574764963
1780294836.142726183,1780294836.138032913,-223.9655023395716,-118.89696661808048,1.8072823576574324,0.0,-0.02498476652021927
1780294836.163462877,1780294836.158169270,-223.9855472932341,-118.86646227661535,1.8106871955197774,0.0,-0.012902747732741655
1780294836.185729742,1780294836.178297520,-224.0056166896372,-118.83590345039302,1.8133592138564958,0.0,-0.002780019581535729
1780294836.202303410,1780294836.198137522,-224.02557845324336,-118.80550482050118,1.8251642863908901,0.0,-0.011542165281454375
1780294836.230289459,1780294836.218409061,-224.046103554938,-118.77423276068413,1.8350386276661212,0.0,-0.022178771246292382
1780294836.242598295,1780294836.238501549,-224.06642157083883,-118.7432458363908,1.8393556032501015,0.0,-0.016083355384242742
1780294836.265154362,1780294836.259426117,-224.08748867171187,-118.71109371949164,1.8374027248705145,0.0,0.0014929216517705277
1780294836.284485817,1780294836.278770924,-224.10684158854585,-118.68155973778947,1.8306485348562715,0.0,0.0009419545501283011
1780294836.304591656,1780294836.299559355,-224.12760361061203,-118.64987664322818,1.8265504281213372,0.0,-0.014896195384548137
1780294836.326783419,1780294836.320290804,-224.14811341047852,-118.61855719839399,1.8139652925726713,0.0,-0.018673877062346172
1780294836.342427492,1780294836.338344574,-224.16580373320676,-118.59152027110596,1.8024138688726101,0.0,-0.015009657912708472
1780294836.364426851,1780294836.358406782,-224.18547711975486,-118.56143488666228,1.7973460924099884,0.0,-0.016308677427526456
1780294836.384753704,1780294836.380006313,-224.2068537352297,-118.52872167002428,1.8055229584797245,0.0,-0.030133764887250405
1780294836.415983915,1780294836.399057627,-224.22581625420364,-118.49966170693796,1.812796188780202,0.0,-0.04294302823014212
1780294836.423981190,1780294836.419140100,-224.24572338132276,-118.46909935504942,1.814142383044391,0.0,-0.042943028357520396
1780294836.448417187,1780294836.438917875,-224.2653966371638,-118.43883231767593,1.8196727939201098,0.0,-0.053933245089535474
1780294836.466655970,1780294836.461879253,-224.28818260762873,-118.4036942945466,1.8212279790041952,0.0,-0.053933245122806096
1780294836.487125397,1780294836.479527473,-224.30521553699967,-118.37732718537998,1.8024544467852373,0.0,-0.10177975653041368
1780294836.523488760,1780294836.519040346,-224.34336021761925,-118.31791238917333,1.793679625553612,0.0,-0.10586072102208667
1780294836.542488575,1780294836.538065195,-224.36184993937198,-118.28891257852538,1.8016581075350981,0.0,-0.12321906958286293
1780294836.566823244,1780294836.558180809,-224.38146063688046,-118.257995052116,1.8125657378909634,0.0,-0.1332402389999405
1780294836.584705114,1780294836.580975533,-224.40366735582737,-118.22277655016326,1.8195700852032923,0.0,-0.1369693657714244
1780294836.603479385,1780294836.598339081,-224.4206227768963,-118.19569968795223,1.8307538287261012,0.0,-0.1356839980649134
1780294836.622740030,1780294836.618205070,-224.43998881930844,-118.16461007642889,1.836965822683626,0.0,-0.11981890408586034
1780294836.647888899,1780294836.638283491,-224.4594695070601,-118.13316924775577,1.8394020542089258,0.0,-0.11771371829657723
1780294836.666349888,1780294836.657982349,-224.47840480558446,-118.10244592182794,1.83457101457266,0.0,-0.14207877116160053
1780294836.682631493,1780294836.678140879,-224.4976305889874,-118.07105454750122,1.8305304116462542,0.0,-0.15126549042214757
1780294836.704613447,1780294836.699217319,-224.5172863883702,-118.03873839107227,1.8083138795588565,0.0,-0.14398845152160522
1780294836.723252058,1780294836.719566584,-224.53586817454493,-118.00797669922596,1.787098368354426,0.0,-0.1359204715809339
1780294836.753458500,1780294836.745622873,-224.55959921176995,-117.96844710801678,1.777622362579981,0.0,-0.15014571988996134
1780294836.766896486,1780294836.761132002,-224.57372805843644,-117.94470326147068,1.7818477503442582,0.0,-0.15764327309094817
1780294836.782388926,1780294836.779196501,-224.59024027912457,-117.9168001741651,1.788515121197055,0.0,-0.16435580381826587
1780294836.804085970,1780294836.798150301,-224.60750775675535,-117.88742201515697,1.7928239318384898,0.0,-0.17669116982915556
1780294836.830412149,1780294836.820654869,-224.62802812761586,-117.852240789966,1.8032029411195103,0.0,-0.17846939672775194
1780294836.846618414,1780294836.838353872,-224.64412606069936,-117.82438575029062,1.8089389327074525,0.0,-0.18332998331727304
1780294836.870627880,1780294836.860017300,-224.66365019714655,-117.79034575798373,1.8101900885736033,0.0,-0.19164162692460807
1780294836.904364347,1780294836.885261297,-224.68618156834162,-117.75068144402849,1.8078857383490181,0.0,-0.2071341104422196
1780294836.910321236,1780294836.906633615,-224.70504765135254,-117.71706096227366,1.805928884390013,0.0,-0.22085541540888615
1780294836.931689024,1780294836.925658226,-224.72156220409343,-117.68730148062927,1.7957545232724246,0.0,-0.23977882948520055
1780294836.942481041,1780294836.939038515,-224.73301006546572,-117.66644767887983,1.7890969116715068,0.0,-0.20246067948044227
1780294836.966279745,1780294836.958703041,-224.74981390129065,-117.63564243720992,1.7868661443794032,0.0,-0.19278691965020617
1780294836.985056639,1780294836.979079962,-224.7671005605771,-117.603664546128,1.7853717180943411,0.0,-0.22412988717746418
1780294837.003186703,1780294836.998007059,-224.7829261221947,-117.57406614047113,1.7782327137140932,0.0,-0.2611462295992262
1780294837.024147272,1780294837.018203497,-224.7996048866887,-117.54249742083377,1.7732301032289306,0.0,-0.2296784146105245
1780294837.045689344,1780294837.038455248,-224.81593061120094,-117.51124438562856,1.753779313442597,0.0,-0.21234346478306249
1780294837.066622257,1780294837.058187723,-224.83149515290663,-117.48113218546085,1.7360258425135147,0.0,-0.22383286702755922
1780294837.085691214,1780294837.077930927,-224.8469458905882,-117.4509165317137,1.7279934578412315,0.0,-0.2617502411616943
1780294837.103822231,1780294837.100929499,-224.86487282029847,-117.41541008465038,1.7297977513329745,0.0,-0.2546274331001093
1780294837.120675325,1780294837.118022442,-224.87816159432177,-117.38870494771639,1.7379308013399792,0.0,-0.22358704933883639
1780294837.140640974,1780294837.138013363,-224.893598670899,-117.3573817287328,1.742204327916649,0.0,-0.21853811183983135
1780294837.160468817,1780294837.158034086,-224.90901895570894,-117.32574538818483,1.751397059725101,0.0,-0.27648204585526803
1780294837.181374073,1780294837.178019285,-224.9243002869772,-117.29394902585246,1.757929907115297,0.0,-0.2945822003460149
1780294837.200495720,1780294837.198014259,-224.93937795584043,-117.26209573155946,1.7599970407361,0.0,-0.2578102082171441
1780294837.220584154,1780294837.218014956,-224.95429100199667,-117.23016492696118,1.7610638221883768,0.0,-0.2236164872351214
1780294837.243072271,1780294837.238896847,-224.96971384326812,-117.19675347649701,1.7616423544868058,0.0,-0.26818491718512344
1780294837.260786772,1780294837.258049011,-224.9836503475569,-117.16611137605845,1.7591028337002175,0.0,-0.3101380067573934
1780294837.280833483,1780294837.278135300,-224.998067013019,-117.13390725539205,1.7581242983244423,0.0,-0.31013800720375473
1780294837.301080942,1780294837.298003435,-225.0120144532127,-117.1022419078644,1.7509410949974866,0.0,-0.27117274967566085
1780294837.320429564,1780294837.318084002,-225.02584337898728,-117.07038098425777,1.7394945350311224,0.0,-0.23845220308655168
1780294837.339974880,1780294837.338078499,-225.0393754532667,-117.03879123989567,1.7290823288001083,0.0,-0.35048898380051885
1780294837.362065315,1780294837.358870983,-225.05321713166825,-117.00584432105569,1.7240848805060998,0.0,-0.3903848932183858
1780294837.381482124,1780294837.378006697,-225.06574026887506,-116.97534702528446,1.723989718682041,0.0,-0.2996528663260427
1780294837.411195993,1780294837.398352623,-225.07888809777072,-116.94279962786743,1.7246094232234792,0.0,-0.25964086854292895
1780294837.423981905,1780294837.418057442,-225.09149123594798,-116.91112047146783,1.7280065327580958,0.0,-0.31241777222835954
1780294837.447410583,1780294837.438091516,-225.1041810120245,-116.87864464413622,1.7348998727354918,0.0,-0.36059870065196986
1780294837.463728666,1780294837.459187269,-225.11732256645027,-116.8442822176151,1.739280207078219,0.0,-0.38326654341863176
1780294837.488029003,1780294837.479796886,-225.12989179591528,-116.81060134262162,1.7419201795112365,0.0,-0.28400682205765176
1780294837.505042553,1780294837.498533010,-225.14128992504155,-116.77950839594429,1.7569958798663468,0.0,-0.3138736982856522
1780294837.524371386,1780294837.518278122,-225.1531858027051,-116.74645785998746,1.76735206299649,0.0,-0.4055482128100999
1780294837.543001175,1780294837.538245678,-225.16498876504528,-116.71282148354301,1.7771278330535074,0.0,-0.3735877710554016
1780294837.561636686,1780294837.558259010,-225.1765736741754,-116.6789991382296,1.7809732460017424,0.0,-0.3171957349523069
1780294837.583237410,1780294837.578769922,-225.1881986061525,-116.6443401546953,1.781607380378653,0.0,-0.3168863413425905
1780294837.602455854,1780294837.598019838,-225.1987246990541,-116.61225992935567,1.7645618481253287,0.0,-0.38872396593617364
1780294837.621564865,1780294837.618012428,-225.2092868645486,-116.5792332371193,1.7497728852034398,0.0,-0.42771974009298575
1780294837.641901255,1780294837.638042927,-225.21959556502384,-116.54602847218345,1.7431566122690074,0.0,-0.39350042627613047
1780294837.660359859,1780294837.658027649,-225.22972509604926,-116.51247852835736,1.7504325518968422,0.0,-0.36400898811049237
1780294837.680791140,1780294837.678031683,-225.23968080313696,-116.47861933876649,1.756962784423925,0.0,-0.3858744637602659
1780294837.711310625,1780294837.698008776,-225.24939408256589,-116.44461576336172,1.7643775235606882,0.0,-0.449601161848863
1780294837.723285437,1780294837.718744993,-225.25927692830726,-116.40881032813009,1.7798115727207338,0.0,-0.44020207822849966
1780294837.742871523,1780294837.738374710,-225.26837447223056,-116.37463733338137,1.7899401150300605,0.0,-0.42151501713505224
1780294837.763100386,1780294837.758238554,-225.27724488192015,-116.34016199744202,1.7901407992472222,0.0,-0.3830987514721628
1780294837.783379793,1780294837.778691292,-225.28596832782495,-116.30514285015043,1.7745986798080677,0.0,-0.41072176506228947
1780294837.805523872,1780294837.799062729,-225.29429537679,-116.27047247365637,1.7630331853961425,0.0,-0.41717923467590534
1780294837.834282875,1780294837.820231676,-225.30262331303442,-116.23445938610332,1.7536505429681757,0.0,-0.3824366897053275
1780294837.858606100,1780294837.840056658,-225.31015127617317,-116.20066531764077,1.7509502539520332,0.0,-0.3824366895111289
1780294837.868886948,1780294837.861756802,-225.31806888887726,-116.16377515615947,1.744632894246116,0.0,-0.3985712731154192
1780294837.891420364,1780294837.880884409,-225.3247904301184,-116.13108766390339,1.7458983393782366,0.0,-0.4217850440658022
1780294837.920020819,1780294837.898687840,-225.33082243164725,-116.1005103607234,1.7478327822334265,0.0,-0.4157924907566552
1780294837.926457882,1780294837.919076681,-225.33746340347068,-116.06547886271578,1.7481893711820882,0.0,-0.4157924907186608
1780294837.941454649,1780294837.938357353,-225.34361252457745,-116.031489558579,1.7695283463743854,0.0,-0.4231716423048433
1780294837.964167356,1780294837.958347559,-225.34971848599167,-115.99608517431746,1.7808039309798644,0.0,-0.4441717589054329
1780294837.988081455,1780294837.979258537,-225.35579098665755,-115.95889409207435,1.792247716813962,0.0,-0.44646205797166133
1780294838.012654781,1780294838.003794670,-225.36249778611233,-115.91524740537903,1.7950136821009306,0.0,-0.4347073733297259
1780294838.035238743,1780294838.019582272,-225.36649772514892,-115.88721879081696,1.7943354751103862,0.0,-0.4507348201645637
1780294838.049957991,1780294838.038991451,-225.37116057636504,-115.85279377352265,1.7917655587592092,0.0,-0.47108946834895515
1780294838.072148085,1780294838.062900782,-225.3764786318367,-115.81062644944356,1.7830916603413554,0.0,-0.4706344482405208
1780294838.087056160,1780294838.078012705,-225.37951973240405,-115.78410277983417,1.7765023426736541,0.0,-0.4514698697458012
1780294838.106717110,1780294838.098205328,-225.38336517780994,-115.74844311212775,1.7767346474762549,0.0,-0.4573878094248073
1780294838.125621557,1780294838.118164539,-225.38685350089264,-115.71303901618191,1.779844151828816,0.0,-0.4947358446972902
1780294838.147110701,1780294838.138054848,-225.38998379112394,-115.67769446391989,1.7817851459582488,0.0,-0.5096141693511427
1780294838.167299986,1780294838.159469604,-225.39297417550574,-115.63953235629306,1.785205605641138,0.0,-0.4688152211819264
1780294838.184185028,1780294838.179978132,-225.3954748641515,-115.60290248992864,1.7876045531673328,0.0,-0.4523120310127992
1780294838.202245235,1780294838.198005199,-224.4957296089817,-114.9698275906737,1.7880293794652977,0.0,-0.48338076374153616
1780294838.225517511,1780294838.218007803,-224.40756996018527,-114.74068632756946,1.7951305097253374,0.0,-0.5073316004779518
1780294838.249952793,1780294838.240549803,-224.39987147168526,-114.63750304496722,1.801125091472104,0.0,-0.4834164234140115
1780294838.272742510,1780294838.259583473,-224.39789728718443,-114.5709431844666,1.801191783646532,0.0,-0.46865078178245984
1780294838.329033375,1780294838.278930664,-224.39642765551056,-114.51411989918607,1.7890617890933778,0.0,-0.4871922637436324
1780294838.346371174,1780294838.335855484,-224.39096956677008,-114.39254240328972,1.7844738386169332,0.0,-0.4871922638386088
1780294838.371196270,1780294838.356641531,-224.3875686049969,-114.34254245682793,1.7899743883706267,0.0,-0.4797605131845525
1780294838.381071568,1780294838.371704102,-224.38418265498913,-114.29961354049844,1.7904434716464843,0.0,-0.4797605131802925
1780294838.390369654,1780294838.380922556,-224.38170042781388,-114.27057474823884,1.7959531951137058,0.0,-0.480620605245143
1780294838.415592670,1780294838.399901152,-224.37637995768435,-114.21544258309348,1.8023701548773878,0.0,-0.49331151717854455
1780294838.424982786,1780294838.418003798,-224.37088420758312,-114.16232179108978,1.80312111256528,0.0,-0.4672990005415038
1780294838.463197231,1780294838.438025951,-224.36306921327437,-114.09393347591174,1.7941843487525713,0.0,-0.4461226251959889
1780294838.476648331,1780294838.471561909,-224.35273486916682,-114.01122011785229,1.79061756898438,0.0,-0.446122624996125
1780294838.485818148,1780294838.478345633,-224.34819567915196,-113.97590731043172,1.7868039588479,0.0,-0.4817587784426886
1780294838.524549723,1780294838.498224020,-224.3396300888891,-113.91668439549177,1.7963619703419886,0.0,-0.491000385126308
1780294838.540884733,1780294838.532022715,-224.32730113289364,-113.83869498229795,1.7989551987109418,0.0,-0.4910003848404549
1780294838.575645447,1780294838.550876141,-224.31897089598962,-113.79115707686151,1.808608858552919,0.0,-0.4726365074409006
1780294838.588437080,1780294838.578518391,-224.30748216763357,-113.72931767068857,1.810397594989018,0.0,-0.472636507384019
1780294838.604100227,1780294838.598013401,-224.29699157591796,-113.67734526376493,1.7940202607956999,0.0,-0.4985712408831074
1780294838.623922825,1780294838.618012667,-224.28432128018878,-113.61823005934242,1.784314295222954,0.0,-0.48931781062532137
1780294838.647660255,1780294838.638010979,-224.2690308308926,-113.55023406234761,1.7803900818470904,0.0,-0.47966336335344195
1780294838.671733141,1780294838.658216476,-224.25185441932072,-113.47776382079331,1.7981493985178336,0.0,-0.49397891368538993
1780294838.692698240,1780294838.678015232,-224.23390839958344,-113.40602884776614,1.8123227999000076,0.0,-0.5123668147326417
1780294838.722799301,1780294838.698168039,-224.21576543339253,-113.33775271595945,1.8265692671377345,0.0,-0.4859121492899524
1780294838.744608402,1780294838.723387003,-224.19695292049298,-113.27070572273085,1.8310105813715498,0.0,-0.485912149133402
1780294838.782501459,1780294838.746980906,-224.17938449098173,-113.21117882693933,1.837173239379138,0.0,-0.4758026009002399
1780294838.789055586,1780294838.782736778,-224.15652749335584,-113.13720558558057,1.8386332889838886,0.0,-0.47580260087023574
1780294838.815601110,1780294838.798568487,-224.14458804186665,-113.10048147138134,1.8097831244998257,0.0,-0.5012270978442581
1780294838.835455418,1780294838.823607206,-224.12619489322202,-113.04564684663264,1.8047151721100867,0.0,-0.4897199708442366
1780294838.848191261,1780294838.837996006,-224.11246500398266,-113.00586482589371,1.8219044240694526,0.0,-0.46908000569846836
1780294838.870258093,1780294838.858801603,-224.09205478959132,-112.94827049873399,1.831382468689157,0.0,-0.4347750739625736
1780294838.892937899,1780294838.878063917,-224.0703270098002,-112.88881706912403,1.8420781275544917,0.0,-0.48512029107655963
1780294838.921257257,1780294838.897993803,-224.0479253462016,-112.82980234104048,1.848749198047945,0.0,-0.48726853010184384
1780294838.931147099,1780294838.918585539,-224.02565260827828,-112.77315458937024,1.8513558478263668,0.0,-0.4266423398156239
1780294838.957385063,1780294838.945108175,-223.998962944589,-112.70753244702917,1.8432635360634222,0.0,-0.4304905948781432
1780294838.972462893,1780294838.962981462,-223.98089479001297,-112.66466598999958,1.840049818082644,0.0,-0.4304905948949855
1780294838.994528294,1780294838.986967087,-223.95914742741533,-112.61454449675371,1.8002309790361124,0.0,-0.473699313719975
1780294839.004670620,1780294838.998423100,-223.94735403871775,-112.5878596392434,1.7931480086415397,0.0,-0.47369931380359426
1780294839.027582645,1780294839.022655487,-223.92685161552768,-112.54308801649726,1.7894427315219756,0.0,-0.4743898626610088
1780294839.052406311,1780294839.039404869,-223.92725938700244,-112.60077119573626,1.7727901834084414,0.0,-0.5077303955454376
1780294839.065288305,1780294839.057988882,-223.9348529165187,-112.70238750195583,1.7963743006506299,0.0,-0.540723282126282
1780294839.095845222,1780294839.078949690,-223.93838199606878,-112.79587099880645,1.821492259781015,0.0,-0.5397042346243623
1780294839.115731716,1780294839.103762627,-223.93156021811,-112.84920180160704,1.8501708377580919,0.0,-0.48878906246350395
1780294839.126980305,1780294839.119222403,-223.92748284837563,-112.89270742874282,1.8582851645165914,0.0,-0.48878906224844354
1780294839.159486294,1780294839.137984514,-223.9143682980243,-112.89992030460016,1.8933007859472308,0.0,-0.49614555571366226
1780294839.175145626,1780294839.161733389,-223.89373233383196,-112.88042114794709,1.8993098297403515,0.0,-0.4961455560054042
1780294839.187935829,1780294839.180430889,-223.87575992137033,-112.86010668271773,1.8985313812566933,0.0,-0.4676314734367041
1780294839.207429886,1780294839.198072672,-223.85661296245343,-112.84022073282125,1.8870163663026198,0.0,-0.458901304173617
1780294839.226706028,1780294839.218050241,-223.83407199225732,-112.81485955149947,1.8565120676612874,0.0,-0.49120834376092504
1780294839.247326851,1780294839.238015175,-223.81080209641118,-112.78715490113555,1.8338510138871387,0.0,-0.5148180925656762
1780294839.269394636,1780294839.258081198,-223.7849154799114,-112.75782970826641,1.8233725185279066,0.0,-0.49550394020949196
1780294839.288939476,1780294839.278534412,-223.75647769762512,-112.72449130238128,1.8327033326992743,0.0,-0.4923988371029734
1780294839.309503317,1780294839.298274994,-223.72764272085047,-112.68860833960593,1.8416116843373411,0.0,-0.5307386225703581
1780294839.337397575,1780294839.318197489,-223.69813861141964,-112.65105124238686,1.856047947645678,0.0,-0.5328080854655387
1780294839.366157532,1780294839.340268373,-223.66731504233044,-112.61172397581053,1.8609550232887748,0.0,-0.5328080854819639
1780294839.383349657,1780294839.368155241,-223.63015227673318,-112.56315969480298,1.889169006416288,0.0,-0.49509034262560747
1780294839.394187212,1780294839.384138584,-223.60764339735195,-112.53449382360978,1.8940592097522804,0.0,-0.4950903425729545
1780294839.415621281,1780294839.399316072,-223.58656232654528,-112.50750081285553,1.8969941866216364,0.0,-0.5091329576640397
1780294839.426213741,1780294839.419609308,-223.55959995679382,-112.47317537722566,1.8907337367765042,0.0,-0.5008969744560898
1780294839.445791960,1780294839.438489437,-223.5320377741072,-112.43878408029413,1.8594748688223242,0.0,-0.4809197041245828
1780294839.469070435,1780294839.459270239,-223.49901085799044,-112.39841376169379,1.838073942757896,0.0,-0.47592681519869523
1780294839.489993095,1780294839.479250431,-223.46564954791012,-112.35869702750469,1.8252446967853206,0.0,-0.48029311191680046
1780294839.524087191,1780294839.501184940,-223.42952036363235,-112.31670065002662,1.82515643665085,0.0,-0.4973883036423956
1780294839.538302660,1780294839.524823189,-223.392371785403,-112.27471397938523,1.8263460780354763,0.0,-0.49738830370861853
1780294839.561060905,1780294839.544259787,-223.36034463562808,-112.23932693109977,1.8384679349428519,0.0,-0.4746914940712796
1780294839.566263914,1780294839.562307596,-223.33339890395823,-112.21007665722276,1.8413412621356935,0.0,-0.4746914940206495
1780294839.585273981,1780294839.579750299,-223.30449540539337,-112.179062210029,1.8511893459754172,0.0,-0.46722587948755945
1780294839.611839294,1780294839.600146770,-223.26745277519385,-112.13988759205212,1.8569649141848552,0.0,-0.458432554479408
1780294839.629944324,1780294839.619915962,-223.22955078666735,-112.10068508803384,1.8594422334595622,0.0,-0.44585692468354793
1780294839.656507730,1780294839.639796734,-223.19124082641645,-112.06205198397697,1.8604027389964508,0.0,-0.4409787025664541
1780294839.666992426,1780294839.660469532,-223.15012829767986,-112.02159493069965,1.8605863940606964,0.0,-0.44097870254329097
1780294839.690608501,1780294839.678670168,-223.1137607589494,-111.98666531913011,1.8511010042094045,0.0,-0.4494577180256772
1780294839.710192919,1780294839.698058128,-223.0765722714927,-111.9517346412333,1.837352546585948,0.0,-0.4516024892686889
1780294839.733747721,1780294839.718165636,-223.03606553788683,-111.91435280683855,1.8177179406894632,0.0,-0.4394701234456421
1780294839.754236221,1780294839.738163948,-222.99549161865477,-111.87771474012642,1.8055876762294498,0.0,-0.4677149953611657
1780294839.773684740,1780294839.757992744,-222.9547418759025,-111.84177288215537,1.8035814030280883,0.0,-0.46802319659186825
1780294839.830113649,1780294839.797015667,-222.8862286514842,-111.78355283999987,1.8220677360684672,0.0,-0.441286591204659
1780294839.832613707,1780294839.818992853,-222.84163901689928,-111.74668895507256,1.8524513159601153,0.0,-0.4429177268018215
1780294839.859587669,1780294839.839337826,-222.80052425915935,-111.71352981652649,1.8684431015938239,0.0,-0.4657101575274895
1780294839.878978252,1780294839.862269640,-222.75484317076035,-111.67767290798778,1.8723100880680448,0.0,-0.4657101577464246
1780294839.895260572,1780294839.879073143,-222.71792029384676,-111.64919657006935,1.8661086767627644,0.0,-0.41647867942658195
1780294839.923228979,1780294839.901057005,-222.6725819880556,-111.61516530704128,1.8645655311489182,0.0,-0.4164786792645568
1780294839.942246914,1780294839.923567533,-222.62613669555859,-111.58116886654464,1.8545303097866113,0.0,-0.43334514399134894
1780294839.954825640,1780294839.944159746,-222.58476708420696,-111.55176962669441,1.8517924023789465,0.0,-0.4333451440322293
1780294839.975145817,1780294839.965796232,-222.54145679023247,-111.5214653139547,1.8368108758243196,0.0,-0.4064523604322609
1780294839.989561081,1780294839.977996111,-222.5174275941824,-111.50493162866535,1.833058820084013,0.0,-0.4113110035845796
1780294840.003881216,1780294839.998373508,-222.48589160739965,-111.48436868937274,1.84050484307663,0.0,-0.4142966845497441
1780294840.027223110,1780294840.018105984,-222.45196256529388,-111.46217838963149,1.8488977814242729,0.0,-0.3919634092873186
1780294840.061388731,1780294840.042271852,-222.4515415747281,-111.47671400036899,1.84952187633057,0.0,-0.3652509865513991
1780294840.064905405,1780294840.057998180,-222.4882580309412,-111.52260487550683,1.8668719755308871,0.0,-0.35423983889688454
1780294840.090016842,1780294840.078010559,-222.51127543568055,-111.5565489639646,1.8773478999157538,0.0,-0.3518513606237925
1780294840.110937595,1780294840.098830938,-222.52359016841064,-111.5797219456075,1.88479204901678,0.0,-0.3434495923147142
1780294840.173553705,1780294840.119652748,-222.5273306898654,-111.59395221401621,1.889086045142636,0.0,-0.3543786476126986
1780294840.188816786,1780294840.175263882,-222.4560801860856,-111.55748426073119,1.8899246005023396,0.0,-0.35437864767118277
1780294840.214543104,1780294840.192303419,-222.43805135815154,-111.54995173493023,1.8536677227945826,0.0,-0.3191997462451164
1780294840.222892284,1780294840.217617035,-222.40194979975237,-111.53089256047787,1.8501980366680029,0.0,-0.31919974619883107
1780294840.233779907,1780294840.225166798,-222.3916271778309,-111.52561749901024,1.8550959141339858,0.0,-0.2688135832956865
1780294840.248266697,1780294840.238011837,-222.37002871661926,-111.51330377654732,1.8562163005008505,0.0,-0.26881358317740034
1780294840.271741867,1780294840.257950306,-222.33567777528424,-111.49303461367825,1.8602264903266645,0.0,-0.24114423893326012
1780294840.296507359,1780294840.280008793,-222.29650267465328,-111.46989174124398,1.8681169533100594,0.0,-0.26377773788830494
1780294840.319799900,1780294840.307006359,-222.2481141036043,-111.44165846500465,1.8705044577482808,0.0,-0.26377773806439553
1780294840.324948788,1780294840.320842981,-222.22188937046138,-111.42569479666774,1.8714701226192536,0.0,-0.2445439547742207
1780294840.349838257,1780294840.338595390,-222.18538536104398,-111.40277936497384,1.8663830633690655,0.0,-0.21515634465733052
1780294840.375502586,1780294840.358627319,-222.1432759678479,-111.3769802018947,1.8616124469218671,0.0,-0.21973893512121356
1780294840.396954060,1780294840.379319191,-222.0986079564053,-111.3497443586358,1.858117869350127,0.0,-0.2257185674137292
1780294840.425636053,1780294840.410737991,-222.03644095285534,-111.314304397797,1.8571639304680594,0.0,-0.22571856744138222
1780294840.440324783,1780294840.429884672,-221.99381258451146,-111.28893263707866,1.8631266182088762,0.0,-0.15662575269772877
1780294840.453566074,1780294840.441897154,-221.96615728647006,-111.27257964960359,1.8779139527709023,0.0,-0.17707004544397426
1780294840.469010115,1780294840.458567142,-221.93087233085495,-111.25288444101967,1.8823347424876982,0.0,-0.17707004556774333
1780294840.485924721,1780294840.478879690,-221.88746546046752,-111.22904110912654,1.8878909762330816,0.0,-0.1677677462224634
1780294840.518259525,1780294840.510385513,-221.82432162560693,-111.19591196063925,1.8902350052007397,0.0,-0.1677677461448127
1780294840.529306173,1780294840.520672321,-221.7969309999689,-111.18007516352478,1.89343542571192,0.0,-0.11814223204286814
1780294840.563357353,1780294840.538926363,-221.75222934737383,-111.15515925413678,1.8884715827615175,0.0,-0.12482957039835574
1780294840.623618364,1780294840.583522797,-221.66498990388715,-111.11129861391257,1.8857674583625603,0.0,-0.12482957054495342
1780294840.633653164,1780294840.614771366,-221.60201747424878,-111.07957488625063,1.8476905669921488,0.0,-0.14549051168563135
1780294840.646728039,1780294840.632628441,-221.5638450576481,-111.0600652682046,1.8437903634905384,0.0,-0.14549051171469105
1780294840.665580034,1780294840.652218580,-221.5209767013554,-111.03849665069377,1.8695725267741161,0.0,-0.1526661911927828
1780294840.684216022,1780294840.667756557,-221.48871144685128,-111.02282549634172,1.8766280371009838,0.0,-0.15266619121647237
1780294840.700910807,1780294840.692724466,-221.43678801504666,-110.99789117074693,1.89930076316759,0.0,-0.1286189328006463
1780294840.713640928,1780294840.707522631,-221.40488634119828,-110.98263647378084,1.9051316365782975,0.0,-0.12861893273614464
1780294840.729283333,1780294840.719725847,-221.37380358351282,-110.96709876214743,1.9211581653635936,0.0,-0.13288911300814113
1780294840.751658201,1780294840.739150286,-221.3256102581711,-110.94336145348144,1.933843202830998,0.0,-0.12251646708492946
1780294840.775863647,1780294840.764982700,-221.26305101843454,-110.9130219846319,1.9418684986281038,0.0,-0.09269403918703555
1780294840.793357372,1780294840.781664371,-221.21735266532383,-110.89005786135688,1.9201290896954473,0.0,-0.07051904030387672
1780294840.819067001,1780294840.799229383,-221.1677567165149,-110.86503851262906,1.9071503340830274,0.0,-0.07631744067067174
1780294840.838785410,1780294840.820595741,-221.1120458788654,-110.83775302777099,1.8895381145736485,0.0,-0.0698902685718487
1780294840.851487875,1780294840.841504097,-221.05975401121862,-110.8127018693004,1.8830589820704215,0.0,-0.06989026853318982
1780294840.872059822,1780294840.858303308,-221.01487121492968,-110.7909444422116,1.8637483788054872,0.0,-0.05763723581325952
1780294840.893983603,1780294840.878009796,-220.96472325573905,-110.7672164241178,1.8617472793837002,0.0,-0.06856704531998228
1780294840.922398567,1780294840.900469065,-220.909474757032,-110.74159518664068,1.8643171917142343,0.0,-0.0706864518939192
1780294840.931262732,1780294840.918742180,-220.86051829337288,-110.7186463936883,1.8779611216664072,0.0,-0.06666682244988592
1780294840.947066307,1780294840.938675165,-220.8078767369692,-110.69429758553848,1.8916866499710001,0.0,-0.06444157638287895
1780294840.969685793,1780294840.958990574,-220.75401474459923,-110.66952557148635,1.8991921793531976,0.0,-0.0635212929637566
1780294840.993780136,1780294840.979101896,-220.69989350813591,-110.64471770398991,1.9089438627950082,0.0,-0.07000402722013405
1780294841.011056662,1780294840.998704672,-220.6461946181568,-110.62022970142442,1.9120715849049101,0.0,-0.07000402725657075
1780294841.026345253,1780294841.018528938,-220.59205938447298,-110.5957347931568,1.9142897267518613,0.0,-0.044280965548804396
1780294841.055842876,1780294841.038016319,-220.67405663429852,-110.62888366979026,1.884418467155868,0.0,-0.027565498304844775
1780294841.069046021,1780294841.057981491,-220.74947796456388,-110.6571497555127,1.8747261238052468,0.0,-0.06057614438973588
1780294841.092541218,1780294841.078731775,-220.8215328191458,-110.6802396742621,1.8715037624904975,0.0,-0.08813502476656242
1780294841.124149084,1780294841.098795414,-220.86708774499795,-110.69049199552106,1.871400042287995,0.0,-0.06995460043093674
1780294841.139661312,1780294841.124001026,-220.87935241040248,-110.68727404773398,1.871177986464312,0.0,-0.06995460003915
1780294841.166630030,1780294841.141875744,-220.87366524099284,-110.67842091681706,1.882696369262864,0.0,-0.039641292174511726
1780294841.187927961,1780294841.172323942,-220.83680310129142,-110.65784628920517,1.8854435146261121,0.0,-0.039641292084176
1780294841.195228338,1780294841.191288233,-220.8116729492059,-110.64320814017793,1.8696133633328933,0.0,-0.03739159533906027
1780294841.210772991,1780294841.205109596,-220.79211236901935,-110.63057798958384,1.8668751795333014,0.0,-0.037391595335811316
1780294841.226604939,1780294841.218815327,-220.77324354742464,-110.61692892970804,1.8448155459012103,0.0,-0.03951321712721234
1780294841.250084639,1780294841.238999605,-220.7409021680421,-110.5975542783954,1.826973205090315,0.0,-0.04397123917106317
1780294841.267310143,1780294841.258630037,-220.70888396189466,-110.57730630075898,1.8112583748506659,0.0,-0.058091535983067474
1780294841.290281057,1780294841.278116465,-220.67389969963986,-110.55466699413338,1.815591242631083,0.0,-0.053510825210228555
1780294841.319782972,1780294841.307625294,-220.62051482306475,-110.52452357752922,1.8225471684658512,0.0,-0.04903694821909021
1780294841.335820913,1780294841.322418928,-220.59027367191246,-110.50473920685222,1.8420062205371484,0.0,-0.04581716258344758
1780294841.352385283,1780294841.338044643,-220.55729665726818,-110.48404341990393,1.866410725196257,0.0,-0.060527220987243266
1780294841.370818853,1780294841.358081818,-220.51414773531883,-110.45802544919793,1.883134187848218,0.0,-0.0641303959892069
1780294841.393729925,1780294841.378070116,-220.4711064427173,-110.43332351483971,1.895205693258766,0.0,-0.055403547366152446
1780294841.425765514,1780294841.404441595,-220.41662658637674,-110.40373167196226,1.9018292334482985,0.0,-0.07769839564372177
1780294841.439253092,1780294841.430161238,-220.36340685221074,-110.37485402210234,1.873683681094495,0.0,-0.07012378113748588
1780294841.451392651,1780294841.440314531,-220.3366222327773,-110.35773900426378,1.8678076738406006,0.0,-0.07012378112712693
1780294841.468112469,1780294841.458029747,-220.29730489791987,-110.33607179153417,1.8647602804671788,0.0,-0.04606657739079488
1780294841.506279469,1780294841.479098082,-220.24758976600273,-110.30810428480615,1.8537207204899782,0.0,-0.041752403698055454
1780294841.526612997,1780294841.510762930,-220.18256121479575,-110.27442736026012,1.849562333786071,0.0,-0.041752403672544985
1780294841.540332079,1780294841.528809786,-220.1402735411094,-110.25098443066429,1.8491819316598415,0.0,-0.05742663763239393
1780294841.551643610,1780294841.543132782,-220.10666502296985,-110.23238176971333,1.849108513266671,0.0,-0.05742663766590815
1780294841.587708950,1780294841.558146238,-220.0703218180275,-110.21256598499961,1.8789930995223227,0.0,-0.0007501336833023869
1780294841.603293657,1780294841.592317581,-220.00632253691924,-110.18262812080197,1.888528426177536,0.0,-0.0007501326926237683
1780294841.612035275,1780294841.606634378,-219.97348787352246,-110.16568923812532,1.9133735295508134,0.0,-0.046742815766072546
1780294841.634613276,1780294841.624626875,-219.93368110835488,-110.14554520241808,1.9177506981393058,0.0,-0.04674281579945345
1780294841.647204399,1780294841.643375874,-219.88988389049115,-110.12285579798882,1.9177506981516714,0.0,-0.04674281579945345
1780294841.670605659,1780294841.659574270,-219.85015430276343,-110.10196953924307,1.9156625843276294,0.0,-0.018119674713776717
1780294841.712434530,1780294841.690783739,-219.78138801220456,-110.06736177005527,1.9150680089181873,0.0,-0.018119674517117004
1780294841.725696087,1780294841.714352369,-219.73029433014335,-110.04144375988963,1.872419120959122,0.0,-0.01553169604364277
1780294841.736541748,1780294841.731104136,-219.68990305782765,-110.02027475140538,1.8655347272978426,0.0,-0.015531696040292513
1780294841.754851580,1780294841.742680073,-219.66121830309018,-110.00513033441628,1.8627179404540162,0.0,-0.023017032702542354
1780294841.765616894,1780294841.760039806,-219.62178689184265,-109.98509962817359,1.8611858955015992,0.0,-0.0272943679372681
1780294841.786698103,1780294841.780591249,-219.5751068744643,-109.9618244359537,1.8870073181460592,0.0,-0.03008369715206047
1780294841.822044849,1780294841.809870243,-219.50984905209614,-109.92944230136102,1.9019751167003895,0.0,-0.03132479263753981
1780294841.831177473,1780294841.822883368,-219.4726808714552,-109.90961631280386,1.917014171610196,0.0,-0.04819928030775407
1780294841.850062370,1780294841.838475227,-219.42412923962598,-109.88320685307188,1.926070901556259,0.0,-0.05921324675588151
1780294841.867377281,1780294841.858832121,-219.36404008967926,-109.85099023213225,1.9313797270177717,0.0,-0.05094268185788246
1780294841.890450001,1780294841.878288269,-219.29950890016207,-109.8153829096613,1.931463756401668,0.0,-0.04697929987217659
1780294841.921957970,1780294841.898026705,-219.23302148227665,-109.77853713122205,1.9305715910762862,0.0,-0.0550016231034067
1780294841.945118427,1780294841.919399977,-219.16589110559022,-109.74174004133292,1.916526041538955,0.0,-0.04582245573897953
1780294841.954572201,1780294841.940881968,-219.10238024715682,-109.70745048291646,1.9111556590611058,0.0,-0.04582245566610983
1780294841.971318245,1780294841.958114624,-219.0497876594887,-109.67885414701905,1.8932869754295205,0.0,0.001867263948970882
1780294841.993855238,1780294841.978794575,-218.99656319021173,-109.65122331768048,1.875619230767563,0.0,-0.04369816293880959
1780294842.006538391,1780294841.998839617,-218.94994159533766,-109.62777256967291,1.8703525069868583,0.0,-0.04369816329473463
1780294842.058419704,1780294842.019350767,-218.89902710823256,-109.60177778845205,1.8552822287901884,0.0,-0.011405594222656398
1780294842.074410200,1780294842.062470198,-218.8593630067435,-109.57934614951749,1.8311626890730435,0.0,-0.011405594101423765
1780294842.091658592,1780294842.078184605,-218.899563146093,-109.59186469342221,1.8527829151680613,0.0,-0.0654738567014667
1780294842.131690025,1780294842.100881815,-218.96917111872554,-109.61577852771865,1.8623208280582477,0.0,-0.04925665435831593
1780294842.139651775,1780294842.133501768,-218.99331280803958,-109.62057868018645,1.8639342709702769,0.0,-0.04925665374895103
1780294842.151372433,1780294842.143180847,-219.0476100953629,-109.63847678771437,1.8550177360921083,0.0,-0.010903664980522296
1780294842.171588898,1780294842.159822464,-219.06093246398663,-109.6396237773599,1.8506018877833772,0.0,-0.030589679104136812
1780294842.195851564,1780294842.185592413,-219.04794022135684,-109.62901486281311,1.8475335684075906,0.0,-0.0387806711268495
1780294842.210654497,1780294842.199332952,-219.0399140453672,-109.62192975446699,1.8495287674259464,0.0,-0.028035003435766745
1780294842.241995096,1780294842.218351603,-219.02792677864664,-109.61026160679714,1.8572052359482696,0.0,-0.020339367002780558
1780294842.269752741,1780294842.240171194,-219.00300080351127,-109.59413240770112,1.8603683535417785,0.0,-0.020339366908231404
1780294842.284261703,1780294842.273277998,-218.95645414264192,-109.56752894072007,1.8647031742649018,0.0,-0.0013921279413194425
1780294842.319599628,1780294842.303162813,-218.91082765662355,-109.54165485086857,1.8627922813602662,0.0,-0.029699855314594473
1780294842.336948395,1780294842.324851990,-218.87502613242893,-109.52076359724313,1.8620968517116152,0.0,-0.0296998554344143
1780294842.348434687,1780294842.339735031,-218.84712356565066,-109.50573486015409,1.863384580592301,0.0,-0.02168654300271933
1780294842.369066000,1780294842.358379602,-218.8091483352139,-109.48464688042792,1.863781569830972,0.0,-0.0011745149618875295
1780294842.419445038,1780294842.378352165,-218.7659069534215,-109.46059398383821,1.8580363746440662,0.0,-0.004325455940276239
1780294842.432788849,1780294842.423688650,-218.6816831820366,-109.41798294563844,1.8556613150658139,0.0,-0.004325455968311825
1780294842.451802969,1780294842.438986778,-218.64695343102449,-109.39868551850694,1.8358810584704826,0.0,-0.017825991076385026
1780294842.473829508,1780294842.463642597,-218.59423415682906,-109.3704225227835,1.8319221505085312,0.0,-0.010255037666954053
1780294842.487173796,1780294842.478238106,-218.55756554321113,-109.35042031534884,1.850177730216305,0.0,-0.03213097764381126
1780294842.513261795,1780294842.503643751,-218.4955464303343,-109.31774659563908,1.871228626287427,0.0,-0.05588237635290595
1780294842.532396793,1780294842.518047571,-218.45129482610784,-109.2931491233119,1.8873554537337283,0.0,-0.054420171712438535
1780294842.556785822,1780294842.539082289,-218.39687148244545,-109.26384102395437,1.8950749257898858,0.0,-0.002349692010637297
1780294842.565235853,1780294842.558441401,-218.34621176642455,-109.23646298299705,1.897238237515422,0.0,-0.0023496915448801
1780294842.601345301,1780294842.585593700,-218.276666673093,-109.19915427594606,1.9056467333955278,0.0,-0.024221213597498237
1780294842.616572857,1780294842.606710434,-218.22227363388924,-109.17004883303991,1.8981255235952874,0.0,-0.014842932395883171
1780294842.629793167,1780294842.618563414,-218.18456637848078,-109.14904801881079,1.8961238798181737,0.0,-0.01484293237749622
1780294842.650743961,1780294842.639739513,-218.12847201564585,-109.1189747249571,1.8949946332720127,0.0,-0.008000257566922095
1780294842.675407171,1780294842.659071684,-218.07661492919507,-109.09106164389921,1.8944650396195535,0.0,-0.008000257476539365
1780294842.692029476,1780294842.680468082,-218.02525948442292,-109.06421332036652,1.8913831728244268,0.0,-0.046290304467754825
1780294842.704903126,1780294842.698418617,-217.97954803097468,-109.04018656938713,1.9008888225013523,0.0,-0.03082550167554176
1780294842.732564449,1780294842.718122721,-217.9245517616963,-109.01109980646883,1.9245195188415105,0.0,-0.014098109121115088
1780294842.747669220,1780294842.738025188,-217.87151711478023,-108.98335929768383,1.9411493811386802,0.0,-0.02776563773864204
1780294842.797349453,1780294842.766668081,-217.80052851585785,-108.94670836373473,1.9535886198879777,0.0,-0.043695381746417544
1780294842.810912848,1780294842.800684214,-217.7204084351889,-108.90576817443954,1.9629098541924064,0.0,0.005404701971366353
1780294842.831532001,1780294842.818184614,-217.66710740246722,-108.87751488855923,1.9589756527613413,0.0,-0.02285109318698937
1780294842.853377581,1780294842.840531588,-217.60689172632573,-108.84619356299471,1.9493168254634279,0.0,-0.02386986649146079
1780294842.875766039,1780294842.858648300,-217.55500477774464,-108.81894610767587,1.93528602776008,0.0,-0.00828887920398835
1780294842.889121294,1780294842.879438877,-217.50062552401917,-108.79079731258975,1.9310397041225447,0.0,0.03730418034175399
1780294842.916357279,1780294842.904734850,-217.43583702876467,-108.75734836236836,1.9303992637002234,0.0,0.031354561686226114
1780294842.941965342,1780294842.923350573,-217.38447366665503,-108.73060964352089,1.9422430000744597,0.0,0.006111130971708758
1780294842.954893112,1780294842.942109823,-217.3381363702402,-108.70683738999931,1.9459538781197354,0.0,0.006111130898498565
1780294842.967872381,1780294842.958045006,-217.29247525728744,-108.68309809393322,1.956413098520444,0.0,0.0364316329206283
1780294842.991729259,1780294842.978121281,-217.23232193321897,-108.65180736358661,1.9677128344690153,0.0,0.043516575092002165
1780294843.010596752,1780294843.000170231,-217.1679476564066,-108.61840112349776,1.9759878086852363,0.0,0.024703104689879168
1780294843.034687042,1780294843.018099546,-217.10883076521824,-108.58730583115978,1.9798208510377118,0.0,-0.0030527138276728455
1780294843.054214716,1780294843.038028717,-217.09429172064458,-108.57692355565842,1.9640825865082843,0.0,0.006198069397690955
1780294843.074172735,1780294843.059637070,-217.11733832656796,-108.58452836420122,1.9405554409454198,0.0,0.03545662723030618
1780294843.096076250,1780294843.078717232,-217.14127947686407,-108.59345294934893,1.9350976947696126,0.0,0.03545662738739904
1780294843.116852045,1780294843.101121664,-217.17651390760201,-108.6077770700825,1.9328075242752019,0.0,0.03545662738739904
1780294843.136300564,1780294843.121191025,-217.20447357277868,-108.61926952714963,1.9369164800989132,0.0,0.005788347310227017
1780294843.153100967,1780294843.140609503,-217.21733242742295,-108.62363783569567,1.9378659080959046,0.0,0.00578834723075747
1780294843.169772387,1780294843.158242226,-217.22178723944955,-108.62404040616923,1.9411119421127467,0.0,0.04280046072848589
1780294843.193641424,1780294843.178001881,-217.22444623398664,-108.62313896443978,1.9428410320548408,0.0,0.012307776399870005
1780294843.216993809,1780294843.197969198,-217.21696246970944,-108.61728169895912,1.9421816747110332,0.0,-0.0013091386918543373
1780294843.235920668,1780294843.224785328,-217.1931167249423,-108.60342487326078,1.9417956080316245,0.0,-0.001309138772753409
1780294843.249438524,1780294843.241899729,-217.179251821044,-108.59469653134322,1.9641762980101143,0.0,0.01664306889978305
1780294843.269509315,1780294843.260182858,-217.1579875883904,-108.58250862174843,1.968532748278083,0.0,0.016643068939142837
1780294843.283397913,1780294843.278579950,-217.13169517654637,-108.56811601976453,1.9764046978961607,0.0,0.008483210048966192
1780294843.314520597,1780294843.301998854,-217.09218390316627,-108.54699791859568,1.9821849152957118,0.0,0.02362185845154197
1780294843.330780268,1780294843.318643808,-217.06398621025303,-108.53159499442471,1.983319404662166,0.0,0.023621858534548
1780294843.358153105,1780294843.343998909,-217.01803723017477,-108.50743340150979,1.983707878720798,0.0,0.01787839649143406
1780294843.372276068,1780294843.359864235,-216.98679650355896,-108.49080189802595,1.9838141345461304,0.0,0.017878396426876254
1780294843.385325193,1780294843.378108263,-216.95039887487934,-108.47159854004599,1.9803430226991796,0.0,-0.0005587082067811319
1780294843.408946276,1780294843.398964405,-216.90843958526287,-108.44987367731412,1.9788197328319161,0.0,0.010824075709739343
1780294843.430263519,1780294843.418266058,-216.8681580775608,-108.42890571783126,1.9714159783305372,0.0,0.006578780722544358
1780294843.453770876,1780294843.439236164,-216.82383597738914,-108.4059255579636,1.9679922189170482,0.0,-0.004102081775463134
1780294843.470797539,1780294843.458159924,-216.78231323822868,-108.38438021629632,1.9673719936424794,0.0,0.0010101316921889746
1780294843.490350008,1780294843.478110790,-216.7379439568927,-108.36133564541338,1.9719053016002903,0.0,0.01891955990252252
1780294843.511184931,1780294843.498007298,-216.69271768554816,-108.33774876611695,1.9814126022051948,0.0,0.0148886376702171
1780294843.538966656,1780294843.533567429,-216.61899977043413,-108.2996256081596,1.9873173383309342,0.0,0.00587056182097322
1780294843.552880287,1780294843.544731855,-216.5877482576488,-108.28309697069264,1.9848873133299723,0.0,0.06306633927634457
1780294843.567343473,1780294843.557986021,-216.55248919748468,-108.26453692673779,1.9720103265412139,0.0,0.0656912549881062
1780294843.593540192,1780294843.578501940,-216.5042318343192,-108.23926512261193,1.9609600323792802,0.0,0.03873285238707165
1780294843.610183954,1780294843.598868608,-216.45563347563998,-108.21380649999081,1.9582709673852958,0.0,0.038732851912427944
1780294843.631114006,1780294843.618222237,-216.40297251482318,-108.18599631147029,1.9384022275987622,0.0,0.04411459022427018
1780294843.652160406,1780294843.638005972,-216.35041496891026,-108.15823265376845,1.9283880596398413,0.0,0.06327110435515737
1780294843.674428940,1780294843.659405708,-216.29248825603895,-108.12746523085312,1.9295064661287549,0.0,0.05593259402743653
1780294843.693633556,1780294843.678623438,-216.23918448821595,-108.09907790951722,1.930581941322242,0.0,0.05593259399264186
1780294843.715761185,1780294843.700870037,-216.1809508697327,-108.06806682196424,1.9480115771847801,0.0,0.018897681425603052
1780294843.734866142,1780294843.721051455,-216.13027666702283,-108.04113685573832,1.9527429032462638,0.0,0.018897681321755944
1780294843.754367352,1780294843.747556925,-216.07122624089118,-108.00981927185254,1.9672661268763383,0.0,0.02129938957606029
1780294843.768135309,1780294843.762602806,-216.03352292078134,-107.98975204296174,1.9709114602315057,0.0,0.021299389582235425
1780294843.787634850,1780294843.778272390,-215.99379870984802,-107.96855063278313,1.9812606857779802,0.0,0.006521957365691264
1780294843.812029600,1780294843.800144672,-215.94254841375673,-107.94126842263016,1.9855077117725617,0.0,0.0153356254740422
1780294843.841022730,1780294843.822638750,-215.8902185517876,-107.91335733605253,1.975310228745694,0.0,0.020018933689917244
1780294843.861244678,1780294843.852960587,-215.82128274432947,-107.87658456202023,1.971374210197397,0.0,0.02001893370808444
1780294843.875808954,1780294843.864517450,-215.79009084007922,-107.85982624204402,1.9065684569056445,0.0,0.024273776577915324
1780294843.893550158,1780294843.879342794,-215.752285873135,-107.83954843787919,1.8948640715005425,0.0,0.024273776586356793
1780294843.910077333,1780294843.900049925,-215.70414385373843,-107.81372621004925,1.8880117678925337,0.0,0.0193199959204439
1780294843.952442169,1780294843.935568094,-215.6347562173842,-107.77661692826679,1.885119100279457,0.0,0.01931999587861639
1780294843.959237576,1780294843.952564240,-215.59386391245997,-107.75459089038007,1.9083343862697448,0.0,0.034999533308098504
1780294843.968914509,1780294843.959839344,-215.56994311864426,-107.74160145756024,1.9123344738750856,0.0,0.034999533351133476
1780294843.986831188,1780294843.978198290,-215.52125397030807,-107.71538896367736,1.9226890615980334,0.0,0.030876141537401196
1780294844.010342598,1780294843.998172045,-215.4597108685276,-107.68219916859613,1.930129121168303,0.0,0.024116342082175835
1780294844.037207127,1780294844.020244598,-215.3921579338797,-107.64563408057477,1.9335774275505644,0.0,0.019578647583821294
1780294844.057036161,1780294844.039308786,-215.38127226713007,-107.63850516559916,1.925396033689244,0.0,0.019578647577033603
1780294844.081819773,1780294844.058001041,-215.40644775229575,-107.64996654544645,1.9137202313951873,0.0,0.00630152231255088
1780294844.114781141,1780294844.091102600,-215.4154003086738,-107.65320038297754,1.910373018388485,0.0,0.006301522143068413
1780294844.114830256,1780294844.101451874,-215.4725329771979,-107.68209675867406,1.9124663457863862,0.0,0.01416297370073652
1780294844.134877205,1780294844.120292902,-215.51419955675792,-107.70256863415032,1.9136238424265095,0.0,0.022097689986527266
1780294844.167284250,1780294844.139263868,-215.5348158036152,-107.71203755593525,1.9140778507078962,0.0,0.02532314939285897
1780294844.182428598,1780294844.169589043,-215.513929112922,-107.69964443586304,1.9141941815628403,0.0,0.02532314942096236
1780294844.210860729,1780294844.190560818,-215.51022852462168,-107.69632361278713,1.9061970689805068,0.0,0.021268509308062074
1780294844.224262476,1780294844.216313839,-215.48628029343496,-107.68240592778268,1.9048453978322137,0.0,0.021268509303685696
1780294844.237247705,1780294844.230110645,-215.47720617472297,-107.67664486560022,1.8981270128814722,0.0,0.024324113416023137
1780294844.246352196,1780294844.240749121,-215.4661959475239,-107.67016393640081,1.8944631587677536,0.0,0.026021671289715206
1780294844.270548344,1780294844.258919954,-215.44651647992671,-107.65869034052704,1.8647183298312227,0.0,0.03946829156599058
1780294844.286511660,1780294844.278005362,-215.42057257235913,-107.64410654791386,1.8491115998987915,0.0,0.03965652683157791
1780294844.313375711,1780294844.298011303,-215.3910503889836,-107.62752732770007,1.8429902657139323,0.0,0.03382250176445879
1780294844.340880156,1780294844.320004463,-215.35520685514047,-107.60767455599155,1.844996892748549,0.0,0.03788476567054293
1780294844.351199389,1780294844.341472864,-215.32022028184537,-107.58827346616646,1.846229782229029,0.0,0.037884765689378014
1780294844.374005079,1780294844.358331680,-215.28926398742132,-107.57123700565487,1.8532706452180983,0.0,0.019575859440484403
1780294844.410490751,1780294844.378604889,-215.25153050406416,-107.55045668225388,1.8567109004321594,0.0,0.0228657686239694
1780294844.433905125,1780294844.407608032,-215.20068432822725,-107.52245106926466,1.8573900317515954,0.0,0.02286576864544996
1780294844.439481974,1780294844.433308601,-215.15419812560174,-107.49683040097365,1.8389199709520085,0.0,0.007169241658418975
1780294844.462271452,1780294844.441844225,-215.1355658113478,-107.48658806438819,1.8350099851751265,0.0,0.007169241619648174
1780294844.468856335,1780294844.462778330,-215.09523084066495,-107.46435468594561,1.8350099934531767,0.0,0.007169241619648174
1780294844.491486073,1780294844.483786821,-215.0531317128759,-107.44109155079497,1.84085516406836,0.0,0.013064275718971185
1780294844.507823944,1780294844.501423597,-215.0138573987766,-107.41941192474668,1.8454507549735137,0.0,0.02351919373407365
1780294844.531416893,1780294844.518841982,-214.96857466572823,-107.39436919464521,1.8476080686546457,0.0,0.018064133464402242
1780294844.554377794,1780294844.538593531,-214.91810948248553,-107.36640521051191,1.8552557373049021,0.0,0.015161707018700066
1780294844.578583956,1780294844.558727026,-214.86764342980945,-107.33844389667905,1.8647387622022724,0.0,0.027190163194910293
1780294844.589527130,1780294844.580039024,-214.81887986099463,-107.31138631400302,1.8672490834756572,0.0,0.02719016329027316
1780294844.607399702,1780294844.598207951,-214.77234471474299,-107.28553096050824,1.87058194198751,0.0,0.012947858045667438
1780294844.633894682,1780294844.619128466,-214.72245136664188,-107.25783419831302,1.86162634694431,0.0,0.010137354333669427
1780294844.659701586,1780294844.641968966,-214.66978598857088,-107.22856168659631,1.8537416546310421,0.0,0.026779543994038806
1780294844.678056955,1780294844.671006441,-214.61013523668183,-107.1953038507232,1.8522478013157944,0.0,0.026779544082245334
1780294844.691965103,1780294844.680705070,-214.57997556637721,-107.17849014439864,1.8286671169778346,0.0,0.030624988525734916
1780294844.732704163,1780294844.698442221,-214.5388945647196,-107.15558255715969,1.8164825333729662,0.0,0.020327463425389734
1780294844.747831583,1780294844.734425068,-214.47377810823875,-107.1191022066697,1.8127964354357293,0.0,0.02032746322223187
1780294844.757630587,1780294844.750147820,-214.43970261858735,-107.10008015958861,1.8122438637782476,0.0,0.03797319919940814
1780294844.777090073,1780294844.761034012,-214.4100018715818,-107.08356476528314,1.8196103486205346,0.0,0.03647123059845682
1780294844.792420626,1780294844.781275749,-214.36420007983318,-107.05797466212383,1.8230809119571807,0.0,0.0308384954758398
1780294844.821527719,1780294844.799285412,-214.3209015240369,-107.03378365019077,1.823597489030658,0.0,0.012313159327735995
1780294844.838526487,1780294844.822569847,-214.26999369641408,-107.00526163818589,1.8237180523093386,0.0,0.012313159267804219
1780294844.853359222,1780294844.845614433,-214.21818518954964,-106.9762317578521,1.8319684620134968,0.0,0.006594959692450532
1780294844.870560408,1780294844.859943390,-214.17933700947353,-106.95453864294961,1.833588422734459,0.0,0.006594959682959393
1780294844.886803627,1780294844.877961874,-214.13024120424623,-106.92712509750058,1.82864486201813,0.0,0.017502748786316028
1780294844.920153856,1780294844.899143219,-214.07233287595565,-106.89474282666879,1.826286811981798,0.0,0.018535564546750156
1780294844.939766884,1780294844.920232058,-214.01649559279096,-106.86346479714089,1.8258238552247963,0.0,0.018879836406994338
1780294844.953846216,1780294844.939514637,-213.9650715238562,-106.83465138508886,1.798621077702882,0.0,0.004596108549856414
1780294844.971239328,1780294844.957978010,-213.91559169832448,-106.80691312806738,1.7851931366981268,0.0,-0.0032294830921685575
1780294844.984532356,1780294844.978230715,-213.86279917638623,-106.77728910934307,1.776603754341139,0.0,0.0019277094575839639
1780294845.017208099,1780294844.998158693,-213.80627423477907,-106.7454657370548,1.769544497853482,0.0,0.01871181954184878
1780294845.052244663,1780294845.023746729,-213.7889852067092,-106.7354236189528,1.7388897907198764,0.0,0.018711819667924803
1780294845.065095901,1780294845.053258896,-213.76764668058175,-106.72299188988691,1.750630644056243,0.0,0.015768872660701143
1780294845.076564550,1780294845.065338850,-213.80572532366793,-106.74403749187674,1.7495855415222745,0.0,0.015768872657150792
1780294845.087856054,1780294845.079313278,-213.86668818736277,-106.77790914519223,1.7503461311304844,0.0,0.02068662304032038
1780294845.110755920,1780294845.099779606,-213.94488338581027,-106.8213364328486,1.7506825818607885,0.0,0.01615449314806574
1780294845.126060247,1780294845.118013144,-213.98652524130767,-106.8444582975778,1.745487416993198,0.0,0.02945248078647937
1780294845.153267622,1780294845.138016462,-214.01646739534755,-106.86105332534886,1.7419198143479315,0.0,0.0496708147337041
1780294845.175650835,1780294845.161895275,-214.01652402926868,-106.8607753713267,1.7412264317275281,0.0,0.04967081487477683
1780294845.190200806,1780294845.181868076,-214.01186604687706,-106.8579319584905,1.7250143324333196,0.0,0.016716361886633543
1780294845.215894699,1780294845.199368000,-213.99736606814912,-106.84965904305702,1.7217849640852234,0.0,0.016716361812194037
1780294845.229802608,1780294845.220216513,-213.97466774232723,-106.83667778831713,1.7144020817362302,0.0,0.027649686117762765
1780294845.249338627,1780294845.240072489,-213.94894534905208,-106.822002115443,1.7085304272407187,0.0,0.03382614310894377
1780294845.277946234,1780294845.259555101,-213.92304722247013,-106.80709647321119,1.697403159308912,0.0,0.016553193246500193
1780294845.298238039,1780294845.280952692,-213.89175394583967,-106.78903636358088,1.6935732438041233,0.0,0.016553193043240898
1780294845.320754766,1780294845.302781820,-213.859273144946,-106.77024239274695,1.6828848701318302,0.0,-0.00740647122027115
1780294845.332412243,1780294845.322504520,-213.8278335857356,-106.75202448570474,1.6800049557413241,0.0,-0.0074064712645167275
1780294845.352959871,1780294845.339233398,-213.79853835280554,-106.7349714746254,1.6965601988080223,0.0,-0.00653789636501707
1780294845.380217791,1780294845.361065626,-213.76042354786478,-106.71292363857039,1.703824012921218,0.0,-0.010431542727251643
1780294845.390225410,1780294845.384729624,-213.71864002025774,-106.6887721377601,1.70505730713236,0.0,-0.010431542770283946
1780294845.421979427,1780294845.402212858,-213.6840412407812,-106.66875651343119,1.716075349516789,0.0,0.016423034762545252
1780294845.435267448,1780294845.425058603,-213.64062174364292,-106.64364954366343,1.718709859261317,0.0,0.016423034882731433
1780294845.455573797,1780294845.440114498,-213.6112929595114,-106.6266977338162,1.7001307893029647,0.0,0.009120451370225035
1780294845.465652227,1780294845.459008694,-213.57510054298209,-106.60578000945345,1.6952796846905795,0.0,0.009120451349756151
1780294845.491266489,1780294845.480452299,-213.53228379994522,-106.58104556540454,1.6769281707775445,0.0,0.034377814363019524
1780294845.508723497,1780294845.498479128,-213.494222461971,-106.55901807107577,1.6598121683761484,0.0,0.03210623258009859
1780294845.534862041,1780294845.518655777,-213.4530961111804,-106.5352164406476,1.6514665927235141,0.0,0.014991254647894622
1780294845.551777840,1780294845.538129568,-213.41161229472124,-106.51116739618371,1.6334199389334494,0.0,0.0076950671300138095
1780294845.580606937,1780294845.558592081,-213.36676276518025,-106.48523484492107,1.6108274279075976,0.0,0.014069118254599135
1780294845.592123747,1780294845.580561876,-213.32467068097424,-106.46088969712972,1.6044739309490268,0.0,0.01406911833257701
1780294845.612112284,1780294845.598150253,-213.28927567012428,-106.44044176142467,1.5729895488945635,0.0,0.0013827095265256575
1780294845.631638288,1780294845.618012428,-213.2509765839485,-106.41832888195412,1.5489646818057576,0.0,-0.0005698810264647444
1780294845.664468288,1780294845.640373945,-213.2091825580403,-106.39420876510025,1.5361653664048553,0.0,0.00668278353845965
1780294845.674428701,1780294845.665975571,-213.16450887792038,-106.3683570117352,1.5336598715496215,0.0,0.006682783595320292
1780294845.687942743,1780294845.678639889,-213.1349224423433,-106.3512924215226,1.523055474961807,0.0,0.0030895519226472328
1780294845.709703445,1780294845.700182199,-213.09414581692567,-106.32768332410974,1.5063484148834059,0.0,-0.006398226146079985
1780294845.741555452,1780294845.719674110,-213.0564324505971,-106.3058441877201,1.4860820897067004,0.0,-0.004520016685839204
1780294845.765252829,1780294845.744735956,-213.01129625034554,-106.27972110269626,1.4810178796128821,0.0,-0.004520016676450746
1780294845.779014587,1780294845.770107031,-212.9694567235494,-106.25550639309728,1.446504273131865,0.0,-0.007408120429241899
1780294845.788628578,1780294845.779941559,-212.94670419949944,-106.24232716853638,1.440511399917302,0.0,-0.007408120434650003
1780294845.807327747,1780294845.800423622,-212.9103310913402,-106.2213043557179,1.4375482428484394,0.0,-0.00896466762879962
1780294845.824303627,1780294845.818056345,-212.87482887345985,-106.20081105045745,1.4215767327907203,0.0,0.003330427026604946
1780294845.845105886,1780294845.838924646,-212.8331859270185,-106.17677582088902,1.3979245335190673,0.0,0.017222034097071272
1780294845.874654055,1780294845.858806610,-212.78852576027694,-106.15101592094078,1.3820230462608805,0.0,0.01616880049966658
1780294845.895260096,1780294845.879997015,-212.7432545881047,-106.12489596084681,1.3788885948210339,0.0,0.016168800495178354
1780294845.912209511,1780294845.898241043,-212.7027426750543,-106.10153607378483,1.3685538508229242,0.0,0.007879676889882403
1780294845.930140018,1780294845.918086767,-212.6609157195863,-106.07742794558196,1.354469346762785,0.0,0.012618835209581826
1780294845.956283569,1780294845.939082861,-212.61795683901207,-106.0526507459846,1.34115860408505,0.0,0.00811133249514849
1780294845.974158287,1780294845.959655762,-212.5780212334927,-106.02960080556237,1.3341594208269325,0.0,7.905252381896523e-05
1780294845.993804932,1780294845.978075027,-212.54113715017323,-106.00833190790435,1.3265041849806032,0.0,-0.009431472685616787
1780294846.012531757,1780294845.998151541,-212.50280431637316,-105.98623594550708,1.3206869370127958,0.0,-0.0036581514009415214
1780294846.031487942,1780294846.019314289,-212.4653348264316,-105.96464457544175,1.3178256903849905,0.0,-0.003278561092729879
1780294846.047271967,1780294846.037965298,-212.47091893114455,-105.96805387938939,1.307336813910581,0.0,-0.0054820997300234296
1780294846.085738182,1780294846.064242840,-212.49650217829867,-105.9830499338678,1.3010549823029787,0.0,-0.02205746855915618
1780294846.102121115,1780294846.089670897,-212.5398755332649,-106.00839762135,1.298187157095342,0.0,-0.022057468669687483
1780294846.116329908,1780294846.107034445,-212.577702487294,-106.03056507369371,1.2763433665580717,0.0,-0.029789195228600917
1780294846.126057625,1780294846.119590282,-212.6221024173719,-106.05661814148787,1.2722694015752392,0.0,-0.02978919523735736
1780294846.146452427,1780294846.140659332,-212.64176609823485,-106.06841415389029,1.2702411218202907,0.0,-0.028732055973207257
1780294846.181518555,1780294846.159878016,-212.65892133669,-106.07894430697833,1.267319367256253,0.0,-0.027561529703236755
1780294846.196219206,1780294846.188339472,-212.655719794847,-106.07770341885256,1.266464657683979,0.0,-0.027561529678769674
1780294846.208583355,1780294846.200665712,-212.66475432078423,-106.08345596414071,1.2629235260602332,0.0,-0.01774279701345887
1780294846.227169752,1780294846.220010996,-212.65999362625288,-106.08123067378038,1.2621552739637174,0.0,-0.017742796994147308
1780294846.244536161,1780294846.238104582,-212.65228074703927,-106.07730861152272,1.2595107180360356,0.0,-0.028393430313257362
1780294846.273890257,1780294846.257997036,-212.63915492893398,-106.07007474551152,1.2540980513464153,0.0,-0.026200614837305135
1780294846.291850328,1780294846.280747414,-212.62027812069493,-106.05943736158825,1.249937137266198,0.0,-0.018211264354362593
1780294846.308920622,1780294846.298677683,-212.60574909409993,-106.05124805656925,1.2480418680114582,0.0,-0.027386905787323
1780294846.333385229,1780294846.321323633,-212.58434533514634,-106.03911728934852,1.2477000324719967,0.0,-0.027386905828446346
1780294846.350294113,1780294846.339119673,-212.56678733347138,-106.02904720417709,1.2490299365587314,0.0,-0.019143504063565346
1780294846.370469093,1780294846.358287096,-212.54522674118493,-106.01673972877433,1.249651224816141,0.0,-0.01790330778883352
1780294846.390153170,1780294846.378144503,-212.52200957557207,-106.00356249797518,1.250293986937142,0.0,-0.02686908008991299
1780294846.406870842,1780294846.398291111,-212.49766337708877,-105.98981893717989,1.2507253556724773,0.0,-0.03366295089137425
1780294846.432232618,1780294846.418211460,-212.4707148975245,-105.97452203373558,1.2508096672821936,0.0,-0.03366295094466337
1780294846.451918602,1780294846.439072609,-212.4428496166048,-105.95871417195367,1.237305979667297,0.0,-0.022287058104700507
1780294846.470125437,1780294846.458085060,-212.41671907302492,-105.94389054940352,1.2304504848851712,0.0,-0.027067990717679336
1780294846.496291637,1780294846.478566408,-212.3878127244736,-105.92754582723963,1.2174107019666482,0.0,-0.037584526057180156
1780294846.512573004,1780294846.499256849,-212.35897564866818,-105.9112588713962,1.2042451245919832,0.0,-0.031765845550370264
1780294846.531530142,1780294846.518226147,-212.3329279229461,-105.8966556374495,1.1978178176010195,0.0,-0.025630137354709086
1780294846.552559614,1780294846.541599751,-212.30332407281801,-105.8801146054274,1.196617550641973,0.0,-0.025630137310379247
1780294846.571534157,1780294846.562241793,-212.2760886019814,-105.86493217182702,1.1986177951706956,0.0,-0.02980051782058213
1780294846.585813761,1780294846.578715086,-212.25362315316337,-105.85241151087195,1.199543899897768,0.0,-0.033344521491034854
1780294846.612744093,1780294846.598743677,-212.22551901650039,-105.83674803697876,1.1974257501994114,0.0,-0.025158011826605826
1780294846.635570526,1780294846.621568918,-212.19463447144784,-105.81956476391744,1.1848087840041812,0.0,-0.02347754758796474
1780294846.660971880,1780294846.638784647,-212.16844411497433,-105.80505825634647,1.1752547881664148,0.0,-0.029960694420928812
1780294846.685586214,1780294846.661676645,-212.1361225796495,-105.78717638051826,1.173529110720035,0.0,-0.02996069445941656
1780294846.712276220,1780294846.700507164,-212.08989663695618,-105.76161815505398,1.1349209446424149,0.0,-0.020981172269481565
1780294846.739842415,1780294846.725470066,-212.05909023071496,-105.74466861817444,1.1243907751386981,0.0,-0.021067712464564164
1780294846.748721838,1780294846.741333723,-212.03664445590204,-105.73233064185891,1.1215150598280295,0.0,-0.02111716400907997
1780294846.763539076,1780294846.758863926,-212.0129869521203,-105.71931674951469,1.0938613804648283,0.0,-0.029105505055850904
1780294846.795682192,1780294846.781625748,-211.9825853339097,-105.70260089376903,1.0690583544603,0.0,-0.02865223924880158
1780294846.806669474,1780294846.798682690,-211.95603321780695,-105.6880424404871,1.0542946878105572,0.0,-0.029233891200780453
1780294846.842907667,1780294846.824363232,-211.91914027149005,-105.66782928359945,1.0317301405710066,0.0,-0.02969836375309154
1780294846.865860224,1780294846.840723515,-211.89079876586158,-105.65232735850469,1.0233961752320833,0.0,-0.02969836376049829
1780294846.879898310,1780294846.866698980,-211.85784018576652,-105.63432248228357,0.9500117150680959,0.0,-0.021738602848712013
1780294846.894412518,1780294846.880019188,-211.83680024281432,-105.62287465646753,0.936871793855952,0.0,-0.021738602841027594
1780294846.908712149,1780294846.900327444,-211.80964190121668,-105.60810071563351,0.9295617411285116,0.0,-0.019941928819115582
1780294846.926731586,1780294846.918156385,-211.78453201080097,-105.5945100763746,0.9111302447513416,0.0,-0.01763613118329054
1780294846.948262691,1780294846.938459396,-211.75833354570267,-105.58039583677993,0.8778786754617036,0.0,-0.018091349620389552
1780294846.973962784,1780294846.959960938,-211.72784543614253,-105.56400883255999,0.8542187932653785,0.0,-0.01487956344060709
1780294846.996149778,1780294846.978893757,-211.70074126126377,-105.54948157752705,0.812616860956489,0.0,-0.020159336290820208
1780294847.014724255,1780294847.000164747,-211.67263787433595,-105.53446180016408,0.7993112436828957,0.0,-0.02015933631731196
1780294847.027430058,1780294847.019603252,-211.6505989190502,-105.52268189209822,0.7705617863456712,0.0,-0.01486890302137546
1780294847.055506945,1780294847.038161516,-211.6626582608182,-105.5299186375031,0.7201904216924677,0.0,-0.00307691049182493
1780294847.065077305,1780294847.059424400,-211.67369417570632,-105.53651447447639,0.7047397147962722,0.0,-0.0030769104339117676
1780294847.092747688,1780294847.079715014,-211.7456291919312,-105.57717709624465,0.6701830342803949,0.0,-0.01352926665237108
1780294847.109930515,1780294847.098010778,-211.80860982772867,-105.612796119718,0.627967137461868,0.0,-0.01825720677180903
1780294847.132863760,1780294847.119602919,-211.8567114514823,-105.6401043211695,0.5958305718381773,0.0,-0.015476500805836988
1780294847.150581837,1780294847.139200687,-211.88794284752242,-105.65794691719404,0.5794451078692736,0.0,-0.019218152798710145
1780294847.167034149,1780294847.159093380,-211.91319481988026,-105.67248948939772,0.5472961661942364,0.0,-0.02144561711573171
1780294847.200509787,1780294847.181008577,-211.92168667760922,-105.67758634888611,0.5249227511309393,0.0,-0.021145057882343866
1780294847.220610857,1780294847.203085184,-211.92385925913663,-105.67910046629119,0.5206216132022868,0.0,-0.021145057880934355
1780294847.233757496,1780294847.225790739,-211.92803032205475,-105.68170784746071,0.3540422545173394,0.0,-0.004239027477635184
1780294847.242658854,1780294847.238004208,-211.93195712409494,-105.68407172833925,0.32275484364502766,0.0,-0.004239027451194334
1780294847.273250103,1780294847.261001587,-211.93219604339478,-105.68427970321872,0.29903239727864905,0.0,-0.0018351680705273646
1780294847.286090612,1780294847.279078484,-211.93308604136743,-105.6847242816625,0.2881759846445601,0.0,-0.0018351680331452115
1780294847.307965517,1780294847.300508976,-211.93585099582074,-105.68603346810015,0.2686001019943948,0.0,0.00212009280666525
1780294847.333267212,1780294847.319583416,-211.93936460300645,-105.68758650708486,0.23264890152829557,0.0,-0.0029788937797072842
1780294847.345995903,1780294847.338294744,-211.94377749901642,-105.6895655461254,0.20445930330821235,0.0,-0.00738740945165047
1780294847.367731810,1780294847.358474731,-211.9471008033374,-105.69097650145872,0.19096016236420532,0.0,-0.007123351627072546
1780294847.390892744,1780294847.378550529,-211.9508672729411,-105.69263480121752,0.17206990516815618,0.0,-0.004759528204539461
1780294847.404805660,1780294847.399102449,-211.95369924359196,-105.69389123988915,0.14440969612966864,0.0,-0.005184332636606523
1780294847.425148726,1780294847.418263912,-211.95690831965783,-105.69535638848751,0.12792350980484435,0.0,-0.006981107285293177
1780294847.457623005,1780294847.438119411,-211.9606530913352,-105.69711632359507,0.0,0.0,0.0
1780294847.472024202,1780294847.459189892,-211.96324714868032,-105.69832111352548,0.0,0.0,0.0
1780294847.504094601,1780294847.478075504,-211.96618613947442,-105.69971954834513,0.0,0.0,0.0
1780294847.533567429,1780294847.514156342,-211.96784197716423,-105.70046223671066,0.0,0.0,0.0
1780294847.550532579,1780294847.534271479,-211.97035555091517,-105.70166892110804,0.0,0.0,0.0
1780294847.567224264,1780294847.559398174,-211.97181070965965,-105.70235832187142,0.0,0.0,0.0
1780294847.589777231,1780294847.578505039,-211.974124840044,-105.70342184152919,0.0,0.0,0.0
1780294847.613116026,1780294847.601449013,-211.97778493643096,-105.70512648179053,0.0,0.0,0.0
1780294847.640214205,1780294847.618293762,-211.98177533156385,-105.70697771062956,0.0,0.0,0.0
1780294847.649813652,1780294847.638749361,-211.9854532494186,-105.7086743126352,0.0,0.0,0.0
1780294847.671516895,1780294847.659918308,-211.9890711575691,-105.7103149778372,0.0,0.0,0.0
1780294847.713294744,1780294847.684515238,-211.9921028207605,-105.71169095975709,0.0,0.0,0.0
1780294847.724268913,1780294847.715412140,-211.99414341935864,-105.7126468212065,0.0,0.0,0.0
1780294847.732348204,1780294847.724516630,-211.99576513641404,-105.71338228248383,0.0,0.0,0.0
1780294847.760351658,1780294847.738306284,-211.9972429407435,-105.71404397807629,0.0,0.0,0.0
1780294847.772074938,1780294847.763837337,-211.9985324827965,-105.71463923801396,0.0,0.0,0.0
1780294847.791649818,1780294847.780903339,-211.99978858164621,-105.71521830041496,0.0,0.0,0.0
1780294847.810111761,1780294847.798373222,-212.00126738595057,-105.71588801977485,0.0,0.0,0.0
1780294847.836080790,1780294847.825716496,-212.00302541605834,-105.71668065618837,0.0,0.0,0.0
1780294847.852886915,1780294847.838720798,-212.00473283149586,-105.7174503815586,0.0,0.0,0.0
1780294847.872710228,1780294847.862172127,-212.00716546199413,-105.7185573135714,0.0,0.0,0.0
1780294847.891682863,1780294847.878193617,-212.00947434223514,-105.71963931806914,0.0,0.0,0.0
1780294847.915262461,1780294847.898754358,-212.01156277049304,-105.72064199559911,0.0,0.0,0.0
1780294847.936085701,1780294847.923615694,-212.0133609181961,-105.72155068553377,0.0,0.0,0.0
1780294847.952552557,1780294847.939475060,-212.01461984748633,-105.72219662614181,0.0,0.0,0.0
1780294847.966685534,1780294847.961683512,-212.0160196796129,-105.72298148913107,0.0,0.0,0.0
1780294847.991761684,1780294847.979056120,-212.01769981095129,-105.72392155936042,0.0,0.0,0.0
1780294848.021612644,1780294848.009382486,-212.01934838555152,-105.72484267032827,0.0,0.0,0.0
1780294848.041503191,1780294848.023797750,-212.02816341892793,-105.72960987704138,0.0,0.0,0.0
1780294848.056078672,1780294848.042745829,-212.0355683311308,-105.73362001171448,0.0,0.0,0.0
1780294848.070277691,1780294848.059889317,-212.04708965342877,-105.73983788298194,0.0,0.0,0.0
1780294848.087890148,1780294848.078272104,-212.0603956844041,-105.74701596898781,0.0,0.0,0.0
1780294848.118257999,1780294848.101786375,-212.0761174856037,-105.75551367163423,0.0,0.0,0.0
1780294848.124618292,1780294848.119210482,-212.08698576100355,-105.7613813389795,0.0,0.0,0.0
1780294848.166875362,1780294848.139598846,-212.09875395975953,-105.76768789597797,0.0,0.0,0.0
1780294848.183946133,1780294848.170786619,-212.105807038994,-105.77145451189298,0.0,0.0,0.0
1780294848.198862076,1780294848.185634375,-212.11102098602657,-105.77420851382419,0.0,0.0,0.0
1780294848.207690239,1780294848.201872349,-212.11391094211683,-105.77569037739453,0.0,0.0,0.0
1780294848.224731684,1780294848.218203783,-212.11626125855142,-105.77688489018827,0.0,0.0,0.0
1780294848.248449802,1780294848.238209724,-212.11840422670275,-105.77796981567735,0.0,0.0,0.0
1780294848.280844688,1780294848.259076357,-212.12032970568364,-105.7789394712922,0.0,0.0,0.0
1780294848.295891523,1780294848.283885002,-212.12168877868342,-105.77961907245344,0.0,0.0,0.0
1780294848.315930367,1780294848.303088903,-212.1234046161948,-105.7804537437146,0.0,0.0,0.0
1780294848.328238249,1780294848.320097446,-212.1246738509662,-105.78106247597869,0.0,0.0,0.0
1780294848.344070673,1780294848.338191986,-212.12556914559846,-105.78146986311503,0.0,0.0,0.0
1780294848.382475853,1780294848.358012676,-212.1272503557349,-105.78222803646149,0.0,0.0,0.0
1780294848.396501780,1780294848.383762598,-212.12878979208568,-105.78291287363224,0.0,0.0,0.0
1780294848.416562796,1780294848.402971506,-212.13022392628775,-105.78354382490285,0.0,0.0,0.0
1780294848.433101177,1780294848.419471979,-212.13155247503835,-105.78412064757644,0.0,0.0,0.0
1780294848.450281382,1780294848.440277576,-212.1328298140513,-105.78467233638484,0.0,0.0,0.0
1780294848.465693474,1780294848.458335638,-212.13376586908026,-105.78507581144245,0.0,0.0,0.0
1780294848.487962484,1780294848.478500843,-212.135210391854,-105.78568916072574,0.0,0.0,0.0
1780294848.523151159,1780294848.501591921,-212.13652880790977,-105.78623834345836,0.0,0.0,0.0
1780294848.541671991,1780294848.529275894,-212.13796527944515,-105.78682365953021,0.0,0.0,0.0
1780294848.556085348,1780294848.543869734,-212.13903777347724,-105.78724819334674,0.0,0.0,0.0
1780294848.576919556,1780294848.565107107,-212.1400530464444,-105.78764506347585,0.0,0.0,0.0
1780294848.596276045,1780294848.579512358,-212.140639232894,-105.78787226562207,0.0,0.0,0.0
1780294848.612947226,1780294848.603369951,-212.14120485027888,-105.78808948555788,0.0,0.0,0.0
1780294848.624748945,1780294848.618985415,-212.1417572979945,-105.78830065210894,0.0,0.0,0.0
1780294848.652369976,1780294848.638831854,-212.14262398310072,-105.78862584148159,0.0,0.0,0.0
1780294848.672476530,1780294848.659355879,-212.14342936932727,-105.78892087437012,0.0,0.0,0.0
1780294848.713694811,1780294848.684982777,-212.14432413163706,-105.78923992452333,0.0,0.0,0.0
1780294848.724996805,1780294848.715784788,-212.1451595790076,-105.78953078772564,0.0,0.0,0.0
1780294848.743165731,1780294848.731381416,-212.14580935892522,-105.78975095922776,0.0,0.0,0.0
1780294848.756443977,1780294848.750847578,-212.14631104719928,-105.78991905427479,0.0,0.0,0.0
1780294848.770736694,1780294848.757948637,-212.14679653102334,-105.79007991989081,0.0,0.0,0.0
1780294848.783142805,1780294848.778571129,-212.14715095775338,-105.79019631182956,0.0,0.0,0.0
1780294848.818792820,1780294848.802768946,-212.14771320015487,-105.79037679832535,0.0,0.0,0.0
1780294848.836141586,1780294848.819422483,-212.14834488501822,-105.79057315536471,0.0,0.0,0.0
1780294848.853763342,1780294848.839325666,-212.14857208763362,-105.79055668029781,0.0,0.0,0.0
1780294848.884748936,1780294848.861290693,-212.14878544327271,-105.79053560927375,0.0,0.0,0.0
1780294848.894956827,1780294848.880748987,-212.1494519025113,-105.79073709516824,0.0,0.0,0.0
1780294848.916800737,1780294848.904158592,-212.1497817615222,-105.79082664648365,0.0,0.0,0.0
1780294848.925262928,1780294848.918188810,-212.15011731523379,-105.79092036289619,0.0,0.0,0.0
1780294848.950122595,1780294848.939455748,-212.15051266524,-105.79102622831145,0.0,0.0,0.0
1780294848.993252277,1780294848.958148241,-212.1508910992498,-105.79112477114779,0.0,0.0,0.0
1780294849.011362076,1780294848.993654013,-212.15117917035187,-105.7911969701805,0.0,0.0,0.0
1780294849.026043177,1780294849.013506651,-212.15158346669534,-105.79130332031814,0.0,0.0,0.0
1780294849.038540602,1780294849.023519993,-212.1519083052589,-105.79138862370371,0.0,0.0,0.0
1780294849.066943645,1780294849.042941570,-212.15325047685266,-105.79202842374113,0.0,0.0,0.0
1780294849.079426050,1780294849.066371679,-212.15437697895146,-105.79257311129469,0.0,0.0,0.0
1780294849.085740566,1780294849.080125570,-212.15611787311252,-105.79344590202622,0.0,0.0,0.0
1780294849.118949175,1780294849.101123810,-212.15815907620453,-105.79445146970954,0.0,0.0,0.0
1780294849.130661488,1780294849.120051384,-212.16016762424218,-105.79541288339749,0.0,0.0,0.0
1780294849.145757198,1780294849.138132572,-212.1616613124249,-105.79610086034347,0.0,0.0,0.0
1780294849.169143915,1780294849.157955647,-212.1632954642108,-105.79681166326817,0.0,0.0,0.0
1780294849.186793566,1780294849.178177834,-212.16464834521128,-105.79734907793724,0.0,0.0,0.0
1780294849.220057487,1780294849.198162556,-212.16576353766618,-105.7977378724773,0.0,0.0,0.0
1780294849.233316660,1780294849.218542576,-212.16650483255302,-105.79795681387337,0.0,0.0,0.0
1780294849.247025728,1780294849.238006115,-212.1671037403572,-105.79810328240089,0.0,0.0,0.0
1780294849.272890806,1780294849.260597706,-212.1676699535763,-105.79821173456675,0.0,0.0,0.0
1780294849.288804770,1780294849.278074026,-212.1681396920458,-105.79829638353715,0.0,0.0,0.0
1780294849.309054375,1780294849.298159361,-212.1685358828912,-105.79836799193602,0.0,0.0,0.0
1780294849.338640451,1780294849.319111824,-212.16892722651582,-105.79839408346992,0.0,0.0,0.0
1780294849.354958773,1780294849.339673758,-212.16921430668873,-105.7983906465949,0.0,0.0,0.0
1780294849.364818811,1780294849.358406305,-212.16939169846844,-105.79837524925895,0.0,0.0,0.0
1780294849.388342381,1780294849.378012896,-212.16962628802077,-105.79834880048666,0.0,0.0,0.0
1780294849.414191961,1780294849.398332596,-212.16987529301505,-105.79831179212391,0.0,0.0,0.0
1780294849.427518606,1780294849.418807507,-212.1700764537716,-105.7982733876698,0.0,0.0,0.0
1780294849.453485727,1780294849.438587666,-212.17028523831053,-105.79822145919155,0.0,0.0,0.0
1780294849.473766088,1780294849.458597183,-212.170476462793,-105.79816349603922,0.0,0.0,0.0
1780294849.492318630,1780294849.478321552,-212.17060934025145,-105.79811653178618,0.0,0.0,0.0
1780294849.513964891,1780294849.504671097,-212.17073433425847,-105.79806714368505,0.0,0.0,0.0
1780294849.525375128,1780294849.518008471,-212.17085229982837,-105.79801574848082,0.0,0.0,0.0
1780294849.575182676,1780294849.559741020,-212.1707106849146,-105.79780957077878,0.0,0.0,0.0
1780294849.586796999,1780294849.578204155,-212.17070030041077,-105.79767535500102,0.0,0.0,0.0
1780294849.610074997,1780294849.600511074,-212.1708470618146,-105.79760890362398,0.0,0.0,0.0
1780294849.626475573,1780294849.618916273,-212.17097596483978,-105.79755328171727,0.0,0.0,0.0
1780294849.658613205,1780294849.641404152,-212.17113363235035,-105.79748049549322,0.0,0.0,0.0
1780294849.678524017,1780294849.663235188,-212.1712503541458,-105.79742301900386,0.0,0.0,0.0
1780294849.699373722,1780294849.683666706,-212.17134091017024,-105.7973535990292,0.0,0.0,0.0
1780294849.711280584,1780294849.703631401,-212.17141653783202,-105.79729455691201,0.0,0.0,0.0
1780294849.724353075,1780294849.717986822,-212.1714885293902,-105.79723495651452,0.0,0.0,0.0
1780294849.744797230,1780294849.738096476,-212.17155823187434,-105.79717548544166,0.0,0.0,0.0
1780294849.778179169,1780294849.760135412,-212.17170575954842,-105.79712720664433,0.0,0.0,0.0
1780294849.788897276,1780294849.778265238,-212.1718427945177,-105.79709104766206,0.0,0.0,0.0
1780294849.818543673,1780294849.798630714,-212.17193960829843,-105.79702007487379,0.0,0.0,0.0
1780294849.837244034,1780294849.820713043,-212.17202836504424,-105.79696189928893,0.0,0.0,0.0
1780294849.855727911,1780294849.841134787,-212.172069865142,-105.79690972464458,0.0,0.0,0.0
1780294849.867096424,1780294849.859298706,-212.17210011991997,-105.79686701092595,0.0,0.0,0.0
1780294849.887095928,1780294849.878444195,-212.17215433901723,-105.79680859171727,0.0,0.0,0.0
1780294849.908227205,1780294849.898160934,-212.17221683672062,-105.7967414689266,0.0,0.0,0.0
1780294849.927303076,1780294849.918278456,-212.17228615302204,-105.79666548859534,0.0,0.0,0.0
1780294849.949192762,1780294849.938174725,-212.1723533189742,-105.79659029434936,0.0,0.0,0.0
1780294849.971152544,1780294849.960718393,-212.17241841717288,-105.79651588184731,0.0,0.0,0.0
1780294849.988742590,1780294849.978111982,-212.17247379864492,-105.79645143754156,0.0,0.0,0.0
1780294850.011599779,1780294849.998094320,-212.1725126177812,-105.79640585606373,0.0,0.0,0.0
1780294850.024220943,1780294850.018138647,-212.17259314723688,-105.79637737853703,0.0,0.0,0.0
1780294850.048336506,1780294850.039123535,-212.17365991928278,-105.79683080576561,0.0,0.0,0.0
1780294850.069398642,1780294850.058020353,-212.17494059911627,-105.79737554488769,0.0,0.0,0.0
1780294850.089860201,1780294850.079915285,-212.17616014684063,-105.79786638896636,0.0,0.0,0.0
1780294850.113976479,1780294850.099087238,-212.1771769443658,-105.79824670337642,0.0,0.0,0.0
1780294850.129326344,1780294850.117917776,-212.17795250870918,-105.79848441806985,0.0,0.0,0.0
1780294850.147367239,1780294850.138544559,-212.1784682381495,-105.7986044570333,0.0,0.0,0.0
1780294850.165948868,1780294850.158007383,-212.17891553433012,-105.79867421859528,0.0,0.0,0.0
1780294850.187712669,1780294850.177919149,-212.17927373963954,-105.79869991877092,0.0,0.0,0.0
1780294850.215113163,1780294850.198598146,-212.17959696454093,-105.79869424590976,0.0,0.0,0.0
1780294850.232021570,1780294850.218940496,-212.17988917321227,-105.79866022653647,0.0,0.0,0.0
1780294850.253326178,1780294850.237994432,-212.1800977785359,-105.79861662528263,0.0,0.0,0.0
1780294850.282629967,1780294850.259929657,-212.18026484773674,-105.79856888436716,0.0,0.0,0.0
1780294850.311561108,1780294850.286280870,-212.18040008261067,-105.79852132445066,0.0,0.0,0.0
1780294850.328563213,1780294850.312497377,-212.18061683709283,-105.79856247053469,0.0,0.0,0.0
1780294850.341393709,1780294850.334133148,-212.18081248482306,-105.79860763770091,0.0,0.0,0.0
1780294850.355027676,1780294850.343922615,-212.1808430497682,-105.79856587188159,0.0,0.0,0.0
1780294850.371332645,1780294850.360965252,-212.18089846937974,-105.79855201893012,0.0,0.0,0.0
1780294850.387011528,1780294850.378496885,-212.18091557029032,-105.79851812700807,0.0,0.0,0.0
1780294850.416096449,1780294850.399193764,-212.18095027712772,-105.79847960259882,0.0,0.0,0.0
1780294850.428538322,1780294850.420300245,-212.18110123942228,-105.79850300052806,0.0,0.0,0.0
1780294850.449091434,1780294850.438379288,-212.18130587781383,-105.79854124811771,0.0,0.0,0.0
1780294850.472708225,1780294850.458431244,-212.18142372665426,-105.79853420273868,0.0,0.0,0.0
1780294850.492104053,1780294850.478873968,-212.1814087183413,-105.79845749168929,0.0,0.0,0.0
1780294850.510894299,1780294850.499313593,-212.18135140437064,-105.79835901744806,0.0,0.0,0.0
1780294850.528826952,1780294850.518077374,-212.1816504328892,-105.79844964793844,0.0,0.0,0.0
1780294850.555749178,1780294850.538986444,-212.18190836895167,-105.79851913174105,0.0,0.0,0.0
1780294850.567627907,1780294850.558267355,-212.18199798363932,-105.79850016576941,0.0,0.0,0.0
1780294850.589477301,1780294850.580406189,-212.18136172831643,-105.79809785746987,0.0,0.0,0.0
1780294850.624231339,1780294850.598803759,-212.18069672852175,-105.79766796571617,0.0,0.0,0.0
1780294850.636408806,1780294850.625399828,-212.18002384088928,-105.79724758544307,0.0,0.0,0.0
1780294850.652593851,1780294850.639760494,-212.18023351124143,-105.79729453968324,0.0,0.0,0.0
1780294850.673842907,1780294850.659171581,-212.18027891435716,-105.79726780440656,0.0,0.0,0.0
1780294850.697094202,1780294850.679902315,-212.18032806287093,-105.79724339896721,0.0,0.0,0.0
1780294850.732748747,1780294850.701556206,-212.18035718346079,-105.79722122876265,0.0,0.0,0.0
1780294850.740771532,1780294850.735102654,-212.1803616647629,-105.79718622216559,0.0,0.0,0.0
1780294850.758256912,1780294850.750572443,-212.18038979279254,-105.79716391136216,0.0,0.0,0.0
1780294850.774533510,1780294850.765369892,-212.18042541022095,-105.79713346154541,0.0,0.0,0.0
1780294850.803837776,1780294850.777983427,-212.18046056189232,-105.79710310017379,0.0,0.0,0.0
1780294850.811867476,1780294850.804211140,-212.18048345793844,-105.79707871325236,0.0,0.0,0.0
1780294850.840622425,1780294850.819793701,-212.18053487873556,-105.79703346859344,0.0,0.0,0.0
1780294850.851311445,1780294850.839620590,-212.18057589363818,-105.79699535085696,0.0,0.0,0.0
1780294850.866538048,1780294850.857997179,-212.18062382405338,-105.79694958765616,0.0,0.0,0.0
1780294850.905240536,1780294850.878081799,-212.18065048218708,-105.79685119374207,0.0,0.0,0.0
1780294850.925690889,1780294850.909606457,-212.18067771715917,-105.79675459882607,0.0,0.0,0.0
1780294850.946092844,1780294850.931190491,-212.18067185006313,-105.79665529305504,0.0,0.0,0.0
1780294850.961811304,1780294850.945357084,-212.18066783078407,-105.79655791777287,0.0,0.0,0.0
1780294850.971303463,1780294850.964381933,-212.18064012601732,-105.79645082169438,0.0,0.0,0.0
1780294850.987143993,1780294850.978048563,-212.1806119284376,-105.79637530507081,0.0,0.0,0.0
1780294851.007388592,1780294851.000397682,-212.18057630766424,-105.79627612678236,0.0,0.0,0.0
1780294851.033905745,1780294851.025576115,-212.18054283166288,-105.7961786098454,0.0,0.0,0.0
1780294851.047405005,1780294851.038205385,-212.18029017635445,-105.7959459903531,0.0,0.0,0.0
1780294851.074252129,1780294851.058146954,-212.17981662163328,-105.79557784333423,0.0,0.0,0.0
1780294851.090774298,1780294851.078376293,-212.1794656687882,-105.79533386245645,0.0,0.0,0.0
1780294851.106495380,1780294851.099254847,-212.17936889529108,-105.79520518724073,0.0,0.0,0.0
1780294851.125443697,1780294851.117982388,-212.17927822874654,-105.7950228310458,0.0,0.0,0.0
1780294851.148202181,1780294851.138007879,-212.17909407295002,-105.79475489206737,0.0,0.0,0.0
1780294851.173832417,1780294851.158671618,-212.17894825236473,-105.79450964722584,0.0,0.0,0.0
1780294851.191825628,1780294851.178172827,-212.17891397691022,-105.79430742770467,0.0,0.0,0.0
1780294851.208086967,1780294851.198379755,-212.17890896809138,-105.79412351662685,0.0,0.0,0.0
1780294851.230128527,1780294851.218853951,-212.17892084368552,-105.79396902796262,0.0,0.0,0.0
1780294851.244765997,1780294851.238008738,-212.17893770528948,-105.79385442256158,0.0,0.0,0.0
1780294851.270123720,1780294851.258476496,-212.1789138057032,-105.79374951851135,0.0,0.0,0.0
1780294851.287115574,1780294851.278473139,-212.17885714617725,-105.7936406350356,0.0,0.0,0.0
1780294851.314481497,1780294851.298006058,-212.17874088033864,-105.7935087139872,0.0,0.0,0.0
1780294851.340602875,1780294851.320631027,-212.17862776251,-105.7934132002248,0.0,0.0,0.0
1780294851.355968714,1780294851.344479561,-212.17849038367328,-105.7933174712617,0.0,0.0,0.0
1780294851.368206978,1780294851.362548590,-212.17838935278354,-105.79324569986585,0.0,0.0,0.0
1780294851.395684958,1780294851.378201485,-212.1786503766861,-105.79336513717558,0.0,0.0,0.0
1780294851.413126707,1780294851.400614262,-212.178946733756,-105.7935124311749,0.0,0.0,0.0
1780294851.425150156,1780294851.419362783,-212.1787849018169,-105.79341337047356,0.0,0.0,0.0
1780294851.461460829,1780294851.438471794,-212.17870738131194,-105.79334984941012,0.0,0.0,0.0
1780294851.483023882,1780294851.468247890,-212.17875968035682,-105.79335054373523,0.0,0.0,0.0
1780294851.494386435,1780294851.487663269,-212.17866762243833,-105.79327970998305,0.0,0.0,0.0
1780294851.526412487,1780294851.498059988,-212.17856648388744,-105.79319985125245,0.0,0.0,0.0
1780294851.538544655,1780294851.530065060,-212.1785209684295,-105.79315393692684,0.0,0.0,0.0
1780294851.549999952,1780294851.540878534,-212.1784735747065,-105.79311586562093,0.0,0.0,0.0
1780294851.567579269,1780294851.559052467,-212.17843132466544,-105.79308056540917,0.0,0.0,0.0
1780294851.587077141,1780294851.579883575,-212.17838022236558,-105.79303634664917,0.0,0.0,0.0
1780294851.617379665,1780294851.598478079,-212.17833170812068,-105.7929935928202,0.0,0.0,0.0
1780294851.639393091,1780294851.622805595,-212.17828644737295,-105.79295265422552,0.0,0.0,0.0
1780294851.652122736,1780294851.642113209,-212.17824356579445,-105.79291306854607,0.0,0.0,0.0
1780294851.676397324,1780294851.662694216,-212.178203036131,-105.79287482042676,0.0,0.0,0.0
1780294851.689183235,1780294851.678900719,-212.17816476982625,-105.79283786219546,0.0,0.0,0.0
1780294851.711747408,1780294851.698152542,-212.17812854703112,-105.79280207693913,0.0,0.0,0.0
1780294851.727316856,1780294851.718108177,-212.1780845327157,-105.79275814313186,0.0,0.0,0.0
1780294851.752458572,1780294851.738100529,-212.17803314400055,-105.7927063656932,0.0,0.0,0.0
1780294851.779357433,1780294851.765774250,-212.17798459328193,-105.7926562909764,0.0,0.0,0.0
1780294851.796060324,1780294851.784972191,-212.1779387618221,-105.79260785373314,0.0,0.0,0.0
1780294851.808799505,1780294851.802053928,-212.17790250412807,-105.79256866338129,0.0,0.0,0.0
1780294851.830193281,1780294851.818541050,-212.17786217043198,-105.79252349263699,0.0,0.0,0.0
1780294851.850650311,1780294851.838011265,-212.17781906490012,-105.79247312565066,0.0,0.0,0.0
1780294851.877299309,1780294851.858978271,-212.17777443988575,-105.79241833262806,0.0,0.0,0.0
1780294851.906494856,1780294851.889606476,-212.17773419079384,-105.79236618618738,0.0,0.0,0.0
1780294851.925732613,1780294851.903343678,-212.1776090629645,-105.7922658193745,0.0,0.0,0.0
1780294851.934697151,1780294851.923254251,-212.17746689329326,-105.79216440333184,0.0,0.0,0.0
1780294851.953140497,1780294851.938018560,-212.17756886134936,-105.79219941332265,0.0,0.0,0.0
1780294851.966196299,1780294851.958001137,-212.17763987558814,-105.7922219387611,0.0,0.0,0.0
1780294851.985651016,1780294851.978038788,-212.17762925314193,-105.7921978066122,0.0,0.0,0.0
1780294852.005481720,1780294851.997955799,-212.1778874040962,-105.79230814730802,0.0,0.0,0.0
1780294852.033442497,1780294852.018499374,-212.178043244225,-105.7923575380661,0.0,0.0,0.0
1780294852.054164886,1780294852.041872501,-212.17791326542752,-105.79225659424239,0.0,0.0,0.0
1780294852.068770170,1780294852.057976723,-212.17771863191953,-105.79212191545153,0.0,0.0,0.0
1780294852.085011005,1780294852.078021049,-212.17742122748007,-105.79194737383966,0.0,0.0,0.0
1780294852.128960848,1780294852.098186970,-212.17712381502315,-105.79176250592718,0.0,0.0,0.0
1780294852.152952194,1780294852.133123636,-212.1769427573856,-105.79163932290552,0.0,0.0,0.0
1780294852.176178455,1780294852.156222820,-212.17681663166948,-105.79154541117666,0.0,0.0,0.0
1780294852.199884415,1780294852.177644968,-212.17673642786374,-105.79147937828199,0.0,0.0,0.0
1780294852.208460808,1780294852.198031187,-212.17668906873,-105.79143757950958,0.0,0.0,0.0
1780294852.228569508,1780294852.218655825,-212.17665327282057,-105.79140532057855,0.0,0.0,0.0
1780294852.247185946,1780294852.238088846,-212.176615072109,-105.79136854382737,0.0,0.0,0.0
1780294852.272612095,1780294852.258091211,-212.1765711693372,-105.79132228384333,0.0,0.0,0.0
1780294852.340903044,1780294852.303681135,-212.17652714870434,-105.79126965668543,0.0,0.0,0.0
1780294852.385157347,1780294852.347207069,-212.17649268681356,-105.79122239854603,0.0,0.0,0.0
1780294852.418244123,1780294852.387866497,-212.17647122344144,-105.79118868138038,0.0,0.0,0.0
1780294852.426210880,1780294852.415904760,-212.17645292651326,-105.79115682619863,0.0,0.0,0.0
1780294852.432079554,1780294852.426718712,-212.17644342135696,-105.79113920965533,0.0,0.0,0.0
1780294852.451579809,1780294852.439826965,-212.17643605937084,-105.79112591475982,0.0,0.0,0.0
1780294852.471151114,1780294852.462891579,-212.1764292745349,-105.79111295857898,0.0,0.0,0.0
1780294852.494583130,1780294852.478447437,-212.17641912792922,-105.79109205325435,0.0,0.0,0.0
1780294852.554986238,1780294852.543870926,-212.1764119515583,-105.79107589291269,0.0,0.0,0.0
1780294852.563476086,1780294852.557916880,-212.17640378291722,-105.79105619933821,0.0,0.0,0.0
1780294852.586572170,1780294852.578082323,-212.17639351498744,-105.7910293997182,0.0,0.0,0.0
1780294852.609176636,1780294852.598464966,-212.17638260564507,-105.79099641464234,0.0,0.0,0.0
1780294852.643790960,1780294852.618045568,-212.1763747422113,-105.79096830621337,0.0,0.0,0.0
1780294852.664862394,1780294852.650705099,-212.1763686246007,-105.79094134513846,0.0,0.0,0.0
1780294852.682990551,1780294852.670209885,-212.17641630143703,-105.79093981334046,0.0,0.0,0.0
1780294852.692602396,1780294852.686115503,-212.17646331597547,-105.79094687922677,0.0,0.0,0.0
1780294852.713312626,1780294852.703129530,-212.17656027386445,-105.790983015614,0.0,0.0,0.0
1780294852.729327679,1780294852.718120575,-212.1767088219375,-105.79104326483277,0.0,0.0,0.0
1780294852.753939152,1780294852.738020897,-212.1769527851597,-105.79114190882136,0.0,0.0,0.0
1780294852.773261786,1780294852.758623838,-212.17718863079497,-105.79123644264699,0.0,0.0,0.0
1780294852.821038723,1780294852.799027205,-212.17745600962607,-105.79134186379206,0.0,0.0,0.0
1780294852.838917732,1780294852.826489925,-212.1773317809298,-105.79124720512385,0.0,0.0,0.0
1780294852.866232634,1780294852.846764803,-212.17725754419675,-105.79117901441133,0.0,0.0,0.0
1780294852.886214972,1780294852.871451616,-212.17716478588662,-105.79111278477995,0.0,0.0,0.0
1780294852.895080566,1780294852.890497923,-212.17709503089742,-105.79106177014798,0.0,0.0,0.0
1780294852.906861305,1780294852.900148630,-212.17717179746046,-105.79109370244444,0.0,0.0,0.0
1780294852.930764675,1780294852.918002844,-212.17716319473428,-105.79106653711784,0.0,0.0,0.0
1780294852.951172829,1780294852.940402746,-212.1769540602242,-105.79093694820341,0.0,0.0,0.0
1780294852.972644091,1780294852.958955765,-212.1769436441986,-105.7909094423695,0.0,0.0,0.0
1780294852.992964506,1780294852.979070425,-212.17708806758588,-105.79095234350412,0.0,0.0,0.0
1780294853.015314579,1780294852.998534918,-212.1772779195225,-105.79100830053886,0.0,0.0,0.0
1780294853.033688545,1780294853.019650221,-212.17742008351917,-105.79104770120486,0.0,0.0,0.0
1780294853.053046227,1780294853.039875746,-212.17807552784024,-105.79135475830525,0.0,0.0,0.0
1780294853.071624041,1780294853.060188055,-212.17901737034606,-105.79181001314144,0.0,0.0,0.0
1780294853.090466738,1780294853.078811169,-212.17995512345595,-105.79227131349914,0.0,0.0,0.0
1780294853.113655090,1780294853.098823786,-212.18076112847558,-105.792668802972,0.0,0.0,0.0
1780294853.129114151,1780294853.117967844,-212.1814198284403,-105.79298884695682,0.0,0.0,0.0
1780294853.175619125,1780294853.154442787,-212.18195438194098,-105.79323832364034,0.0,0.0,0.0
1780294853.184156418,1780294853.176214218,-212.18211945609877,-105.79329635872355,0.0,0.0,0.0
1780294853.193189144,1780294853.183562994,-212.18219418676148,-105.79331226180709,0.0,0.0,0.0
1780294853.209319115,1780294853.198115826,-212.18208922995848,-105.79323658202804,0.0,0.0,0.0
1780294853.229686737,1780294853.218258858,-212.1817537798148,-105.7930402392723,0.0,0.0,0.0
1780294853.249070406,1780294853.238012552,-212.18129985597983,-105.79278972292458,0.0,0.0,0.0
1780294853.303866386,1780294853.258249998,-212.1807804534304,-105.79250024092964,0.0,0.0,0.0
1780294853.324208021,1780294853.304843903,-212.1803613836957,-105.792263716592,0.0,0.0,0.0
1780294853.339848757,1780294853.328022003,-212.1800128402914,-105.79206445205736,0.0,0.0,0.0
1780294853.350919008,1780294853.342748165,-212.1797986839976,-105.79194051998849,0.0,0.0,0.0
1780294853.368182659,1780294853.360414505,-212.17960585720695,-105.79182788009237,0.0,0.0,0.0
1780294853.389770508,1780294853.378122091,-212.1794954709501,-105.79176312176669,0.0,0.0,0.0
1780294853.408492565,1780294853.399330616,-212.17935974486704,-105.79168284237743,0.0,0.0,0.0
1780294853.428222418,1780294853.418232918,-212.17923561004054,-105.79160870388974,0.0,0.0,0.0
1780294853.451650381,1780294853.438147306,-212.17909464220693,-105.7915235604537,0.0,0.0,0.0
1780294853.474689245,1780294853.459666729,-212.17896736711526,-105.79144568450448,0.0,0.0,0.0
1780294853.494664192,1780294853.482405901,-212.1788519323284,-105.79137410010377,0.0,0.0,0.0
1780294853.511579514,1780294853.500816107,-212.17874680467347,-105.79130799944923,0.0,0.0,0.0
1780294853.549241781,1780294853.519835234,-212.1786507043009,-105.79124670814794,0.0,0.0,0.0
1780294853.563878536,1780294853.556143045,-212.17856115008846,-105.79118891962213,0.0,0.0,0.0
1780294853.573703527,1780294853.565210581,-212.17849447712803,-105.7911453457206,0.0,0.0,0.0
1780294853.584225655,1780294853.578696012,-212.17843078593663,-105.79110337720836,0.0,0.0,0.0
1780294853.607756138,1780294853.598839283,-212.17835504086042,-105.79105300309689,0.0,0.0,0.0
1780294853.638999701,1780294853.618199110,-212.17827059095237,-105.79099601882794,0.0,0.0,0.0
1780294853.647184849,1780294853.638006687,-212.17820606927907,-105.79095167273863,0.0,0.0,0.0
1780294853.667072058,1780294853.658302307,-212.1781235778273,-105.79089380472946,0.0,0.0,0.0
1780294853.699164629,1780294853.678185940,-212.1780291359213,-105.79082567162791,0.0,0.0,0.0
1780294853.713053703,1780294853.698411465,-212.17796343447478,-105.79077687777395,0.0,0.0,0.0
1780294853.724724531,1780294853.718572855,-212.1779118107239,-105.79073760485194,0.0,0.0,0.0
1780294853.752012491,1780294853.738557100,-212.17784718170202,-105.79068756787628,0.0,0.0,0.0
1780294853.767289639,1780294853.758278370,-212.17779474607036,-105.79064605778035,0.0,0.0,0.0
1780294853.787535429,1780294853.778241396,-212.17774444471203,-105.79060576936388,0.0,0.0,0.0
1780294853.815767288,1780294853.800067186,-212.1776856812093,-105.79055722306882,0.0,0.0,0.0
1780294853.832996607,1780294853.820240021,-212.17763234659122,-105.79051169260035,0.0,0.0,0.0
1780294853.847357988,1780294853.839664936,-212.1775894349317,-105.79047371912156,0.0,0.0,0.0
1780294853.892614603,1780294853.863181114,-212.17754558523723,-105.79043347410571,0.0,0.0,0.0
1780294853.907138348,1780294853.895668268,-212.17751435715203,-105.790403792136,0.0,0.0,0.0
1780294853.916492939,1780294853.910756350,-212.17749344498958,-105.79038338006796,0.0,0.0,0.0
1780294853.926367044,1780294853.919931412,-212.17747277553192,-105.79036314191968,0.0,0.0,0.0
1780294853.951282740,1780294853.938752413,-212.17745237987032,-105.79034309371934,0.0,0.0,0.0
1780294853.964854479,1780294853.958096981,-212.17743577351902,-105.79032693542774,0.0,0.0,0.0
1780294853.991994381,1780294853.979386806,-212.17741515231802,-105.79030685025539,0.0,0.0,0.0
1780294854.021629810,1780294854.000131845,-212.17739193729025,-105.79028361276534,0.0,0.0,0.0
1780294854.027971506,1780294854.018916130,-212.17737025689746,-105.79026124705926,0.0,0.0,0.0
1780294854.052784204,1780294854.039118528,-212.17731580231847,-105.79022170997345,0.0,0.0,0.0
1780294854.073118210,1780294854.058007002,-212.17724071967697,-105.79017138890231,0.0,0.0,0.0
1780294854.089698315,1780294854.078784227,-212.17716115033943,-105.79012056372028,0.0,0.0,0.0
1780294854.120304346,1780294854.098297358,-212.177070940992,-105.79006418912289,0.0,0.0,0.0
1780294854.148731947,1780294854.124609709,-212.1770073680642,-105.79002186630625,0.0,0.0,0.0
1780294854.156280518,1780294854.138659239,-212.17696039159782,-105.78998831455058,0.0,0.0,0.0
1780294854.176077366,1780294854.164940834,-212.17693102394387,-105.78996582317309,0.0,0.0,0.0
1780294854.192487717,1780294854.178309441,-212.17690691338726,-105.7899461234437,0.0,0.0,0.0
1780294854.209418535,1780294854.198140144,-212.1768914699524,-105.78993275435505,0.0,0.0,0.0
1780294854.225536108,1780294854.218003511,-212.17687388681708,-105.78991653405869,0.0,0.0,0.0
1780294854.245290518,1780294854.238055468,-212.17685909389309,-105.78990180748185,0.0,0.0,0.0
1780294854.289287090,1780294854.258021116,-212.17684099519343,-105.78988191795871,0.0,0.0,0.0
1780294854.302685738,1780294854.278066158,-212.176822592963,-105.789858502423,0.0,0.0,0.0
1780294854.323769093,1780294854.298105240,-212.17680893614366,-105.78983768513064,0.0,0.0,0.0
1780294854.339929819,1780294854.328720570,-212.17679984619176,-105.78982105723622,0.0,0.0,0.0
1780294854.353928804,1780294854.343030691,-212.17679273606188,-105.78980554751135,0.0,0.0,0.0
1780294854.391079426,1780294854.359347105,-212.17678714345806,-105.78979091212172,0.0,0.0,0.0
1780294854.405709505,1780294854.392290831,-212.17678388921507,-105.78978089399219,0.0,0.0,0.0
1780294854.420552492,1780294854.407714605,-212.1767816871808,-105.78977311813142,0.0,0.0,0.0
1780294854.429736614,1780294854.421196699,-212.17677941754988,-105.78976368647889,0.0,0.0,0.0
1780294854.448413134,1780294854.438006878,-212.17677730940832,-105.78975274198062,0.0,0.0,0.0
1780294854.470547915,1780294854.460748434,-212.17677599641792,-105.78974389619113,0.0,0.0,0.0
1780294854.490692139,1780294854.478043795,-212.1767750344521,-105.78973527222345,0.0,0.0,0.0
1780294854.519967794,1780294854.498151064,-212.17677419986794,-105.78972353007055,0.0,0.0,0.0
1780294854.540038824,1780294854.521409750,-212.17677389634957,-105.78971373911367,0.0,0.0,0.0
1780294854.552088261,1780294854.542002201,-212.17677385473786,-105.78970573112002,0.0,0.0,0.0
1780294854.566719055,1780294854.558600187,-212.17677398217666,-105.7896978481388,0.0,0.0,0.0
1780294854.593831062,1780294854.578043938,-212.17677426398905,-105.78969008220969,0.0,0.0,0.0
1780294854.615643501,1780294854.597989321,-212.17677456239454,-105.78968393351387,0.0,0.0,0.0
1780294854.624309301,1780294854.618673563,-212.1767749701685,-105.78967786500189,0.0,0.0,0.0
1780294854.654480219,1780294854.637989283,-212.17677562019927,-105.78967038484568,0.0,0.0,0.0
1780294854.678071260,1780294854.660225153,-212.17677641176562,-105.78966301412083,0.0,0.0,0.0
1780294854.735890150,1780294854.691400528,-212.17677733120348,-105.78965574541107,0.0,0.0,0.0
1780294854.763569593,1780294854.740468979,-212.17677832177083,-105.78964854866807,0.0,0.0,0.0
1780294854.777188301,1780294854.766725540,-212.17677961966524,-105.78964001529852,0.0,0.0,0.0
1780294854.811270475,1780294854.792243481,-212.17678053883753,-105.78963438200576,0.0,0.0,0.0
1780294854.847746849,1780294854.812854290,-212.17678148091926,-105.78962878245129,0.0,0.0,0.0
1780294854.878760576,1780294854.852088928,-212.1764773162463,-105.78946445634274,0.0,0.0,0.0
1780294854.892907619,1780294854.881639481,-212.17609624737383,-105.7892597476613,0.0,0.0,0.0
1780294854.914409637,1780294854.901142359,-212.17604811252806,-105.78923144128,0.0,0.0,0.0
1780294854.930262327,1780294854.920150757,-212.1759332584139,-105.78916891206175,0.0,0.0,0.0
1780294854.953708649,1780294854.942033291,-212.17584737846337,-105.78912393007604,0.0,0.0,0.0
1780294854.963387489,1780294854.958561420,-212.17570868966396,-105.78905202620557,0.0,0.0,0.0
1780294854.987454653,1780294854.979200125,-212.1754723281188,-105.78893194462984,0.0,0.0,0.0
1780294855.021410942,1780294855.001798630,-212.1752065789042,-105.78879722534747,0.0,0.0,0.0
1780294855.040861845,1780294855.026972294,-212.1745496701039,-105.78845700642847,0.0,0.0,0.0
1780294855.054956198,1780294855.044221401,-212.1743889423784,-105.78837659267819,0.0,0.0,0.0
1780294855.067281008,1780294855.060381413,-212.17400108518754,-105.7881768604462,0.0,0.0,0.0
1780294855.089575052,1780294855.079221249,-212.1733309486471,-105.78782805727566,0.0,0.0,0.0
1780294855.108844280,1780294855.098739386,-212.1724712393819,-105.78738048590682,0.0,0.0,0.0
1780294855.126961470,1780294855.118139744,-212.17184999228434,-105.78705897627246,0.0,0.0,0.0
1780294855.152762890,1780294855.138639212,-212.17132218253712,-105.78678813535672,0.0,0.0,0.0
1780294855.169058561,1780294855.158054829,-212.17090347951998,-105.78657616235525,0.0,0.0,0.0
1780294855.188950300,1780294855.178240538,-212.1708253158063,-105.78654299875487,0.0,0.0,0.0
1780294855.209470272,1780294855.198017836,-212.1707369029814,-105.78650517137064,0.0,0.0,0.0
1780294855.226321697,1780294855.217998505,-212.17057240391355,-105.78642653194166,0.0,0.0,0.0
1780294855.249323845,1780294855.238009453,-212.1704296519285,-105.78636001846546,0.0,0.0,0.0
1780294855.274622917,1780294855.258014202,-212.17033812173096,-105.78631805221262,0.0,0.0,0.0
1780294855.287711382,1780294855.278221130,-212.17034482892868,-105.78632542689641,0.0,0.0,0.0
1780294855.307271004,1780294855.299338579,-212.17057688432678,-105.78644450605263,0.0,0.0,0.0
1780294855.331213713,1780294855.318811178,-212.17084786501997,-105.78658184213943,0.0,0.0,0.0
1780294855.353005886,1780294855.338267326,-212.17117833498241,-105.7867467458909,0.0,0.0,0.0
1780294855.367130995,1780294855.357935190,-212.17152591525482,-105.78691924190372,0.0,0.0,0.0
1780294855.413791418,1780294855.384993792,-212.17183849265083,-105.78707340766908,0.0,0.0,0.0
1780294855.431718349,1780294855.419543266,-212.17204448784148,-105.78717448620404,0.0,0.0,0.0
1780294855.450940371,1780294855.438508034,-212.17223775085918,-105.78726890502628,0.0,0.0,0.0
1780294855.472145557,1780294855.463103533,-212.17241938188465,-105.78735724195421,0.0,0.0,0.0
1780294855.489928961,1780294855.478252411,-212.17259028513598,-105.7874399718645,0.0,0.0,0.0
1780294855.526146889,1780294855.498317003,-212.17275124870412,-105.78751750862307,0.0,0.0,0.0
1780294855.564138889,1780294855.529711962,-212.17290224802653,-105.78758983941792,0.0,0.0,0.0
1780294855.579120159,1780294855.572393656,-212.17304499628986,-105.78765786395545,0.0,0.0,0.0
1780294855.593199253,1780294855.586297512,-212.17315328428768,-105.78770919887342,0.0,0.0,0.0
1780294855.606133699,1780294855.598951101,-212.17325727205957,-105.78775829262884,0.0,0.0,0.0
1780294855.632101536,1780294855.619697571,-212.17338155326877,-105.7878166886137,0.0,0.0,0.0
1780294855.647012234,1780294855.638594389,-212.17349939956583,-105.78787173186757,0.0,0.0,0.0
1780294855.666434765,1780294855.658098698,-212.17365354481504,-105.78794314450542,0.0,0.0,0.0
1780294855.694391251,1780294855.678494453,-212.17387331737262,-105.78804367615854,0.0,0.0,0.0
1780294855.715152025,1780294855.699659348,-212.17406960493756,-105.78813200145294,0.0,0.0,0.0
1780294855.735316515,1780294855.718440056,-212.1741907404625,-105.78818441617902,0.0,0.0,0.0
1780294855.754915476,1780294855.738222122,-212.17426008056648,-105.7882118141163,0.0,0.0,0.0
1780294855.767903805,1780294855.758002043,-212.17418053447383,-105.78816580986494,0.0,0.0,0.0
1780294855.791345358,1780294855.778187275,-212.17417740157592,-105.7881667326197,0.0,0.0,0.0
1780294855.813637733,1780294855.798911095,-212.1742796923925,-105.78822584878914,0.0,0.0,0.0
1780294855.851092815,1780294855.823704243,-212.17422131384924,-105.78820057512162,0.0,0.0,0.0
1780294855.869982719,1780294855.852123260,-212.17411094447377,-105.78814797237254,0.0,0.0,0.0
1780294855.893062115,1780294855.878112078,-212.17401078581972,-105.78810070298469,0.0,0.0,0.0
1780294855.921189547,1780294855.898742199,-212.1739262924959,-105.78806087680185,0.0,0.0,0.0
1780294855.935673952,1780294855.924797297,-212.1739007246944,-105.78805046706782,0.0,0.0,0.0
1780294855.951372623,1780294855.944679022,-212.173824925378,-105.78801367186873,0.0,0.0,0.0
1780294855.968336582,1780294855.960300922,-212.17375056726982,-105.78797762424861,0.0,0.0,0.0
1780294855.991753340,1780294855.978110313,-212.17365990284378,-105.78793375070805,0.0,0.0,0.0
1780294856.040341139,1780294855.998432875,-212.17356907244272,-105.7878897760171,0.0,0.0,0.0
1780294856.057170391,1780294856.039788008,-212.17320799044663,-105.78770461078123,0.0,0.0,0.0
1780294856.079031706,1780294856.058503866,-212.17268728307204,-105.78743560265947,0.0,0.0,0.0
1780294856.099983931,1780294856.080839872,-212.17227807764112,-105.78722439480411,0.0,0.0,0.0
1780294856.116449356,1780294856.104848623,-212.17182804347925,-105.78699100303392,0.0,0.0,0.0
1780294856.129471779,1780294856.120097399,-212.1713881178376,-105.78676291281339,0.0,0.0,0.0
1780294856.151487112,1780294856.143488407,-212.17113172591863,-105.78663046437045,0.0,0.0,0.0
1780294856.179197550,1780294856.161250591,-212.17092023790565,-105.78652159163356,0.0,0.0,0.0
1780294856.201280117,1780294856.181253910,-212.17074233060615,-105.78643034842908,0.0,0.0,0.0
1780294856.233271360,1780294856.218827963,-212.17059075827606,-105.78635292973942,0.0,0.0,0.0
1780294856.242839575,1780294856.237985611,-212.17045438312866,-105.78628348717965,0.0,0.0,0.0
1780294856.267805815,1780294856.258140564,-212.1703359957272,-105.7862234856635,0.0,0.0,0.0
1780294856.288453579,1780294856.280043364,-212.17026390405653,-105.78618707043238,0.0,0.0,0.0
1780294856.303749800,1780294856.298118114,-212.17035031248085,-105.78623259599195,0.0,0.0,0.0
1780294856.325771570,1780294856.318398714,-212.17097424385304,-105.78655452586409,0.0,0.0,0.0
1780294856.348552227,1780294856.338284016,-212.17170350950113,-105.78692851786631,0.0,0.0,0.0
1780294856.370076895,1780294856.357922077,-212.1723451908346,-105.78725529423957,0.0,0.0,0.0
1780294856.387692213,1780294856.378027439,-212.1729020090995,-105.7875363064449,0.0,0.0,0.0
1780294856.440391302,1780294856.406723261,-212.17338168297596,-105.78777563262815,0.0,0.0,0.0
1780294856.482624292,1780294856.444288492,-212.17365529350644,-105.7879105741917,0.0,0.0,0.0
1780294856.493089676,1780294856.484446049,-212.17382657741047,-105.78799430592838,0.0,0.0,0.0
1780294856.526821375,1780294856.498354197,-212.17398112494396,-105.78806927202149,0.0,0.0,0.0
1780294856.569813967,1780294856.531218290,-212.17409432057948,-105.78812377784132,0.0,0.0,0.0
1780294856.592716694,1780294856.568813324,-212.17417602647276,-105.78816299104896,0.0,0.0,0.0
1780294856.607382536,1780294856.594866037,-212.1742287518293,-105.78818822122224,0.0,0.0,0.0
1780294856.614845514,1780294856.607416153,-212.17430535687805,-105.7882247693446,0.0,0.0,0.0
1780294856.636487722,1780294856.624044657,-212.1743554940267,-105.78824864931487,0.0,0.0,0.0
1780294856.679227352,1780294856.640341759,-212.17442740041844,-105.78828274349556,0.0,0.0,0.0
1780294856.712975025,1780294856.676697493,-212.1744956233528,-105.78831491151924,0.0,0.0,0.0
1780294856.728790283,1780294856.716681957,-212.17456044406546,-105.78834530104137,0.0,0.0,0.0
1780294856.745687246,1780294856.728474379,-212.1746251006349,-105.78837561222868,0.0,0.0,0.0
1780294856.754463673,1780294856.746774435,-212.17468658062845,-105.78840426336222,0.0,0.0,0.0
1780294856.767175674,1780294856.757937193,-212.1747477936818,-105.78843278214688,0.0,0.0,0.0
1780294856.790362120,1780294856.779661655,-212.1748280334198,-105.78847009594438,0.0,0.0,0.0
1780294856.806897402,1780294856.798420429,-212.17492087422193,-105.78851284127566,0.0,0.0,0.0
1780294856.830398798,1780294856.819753170,-212.17502266377983,-105.78855911332694,0.0,0.0,0.0
1780294856.852979898,1780294856.838155985,-212.17512997320364,-105.78860712705745,0.0,0.0,0.0
1780294856.871148348,1780294856.858404636,-212.175226739004,-105.78864964654879,0.0,0.0,0.0
1780294856.893519878,1780294856.878192902,-212.17530245168146,-105.78868232901957,0.0,0.0,0.0
1780294856.915216208,1780294856.898769379,-212.17537233390382,-105.78871198051813,0.0,0.0,0.0
1780294856.927483797,1780294856.919371128,-212.17542660225448,-105.78873463035164,0.0,0.0,0.0
1780294856.950838089,1780294856.938149452,-212.17548746506486,-105.78875960135812,0.0,0.0,0.0
1780294856.965941906,1780294856.958008766,-212.17554532683732,-105.78878302651192,0.0,0.0,0.0
1780294856.994260550,1780294856.979894876,-212.17560990264147,-105.78880885515387,0.0,0.0,0.0
1780294857.009725571,1780294856.999810219,-212.17567044003493,-105.78883260353419,0.0,0.0,0.0
1780294857.039670467,1780294857.018944502,-212.17573524933744,-105.78885749552032,0.0,0.0,0.0
1780294857.060234308,1780294857.040874243,-212.1758537421366,-105.78891175518783,0.0,0.0,0.0
1780294857.072004318,1780294857.059732914,-212.1760017277207,-105.78898153744204,0.0,0.0,0.0
1780294857.099714518,1780294857.084024668,-212.17614418555866,-105.78904957811518,0.0,0.0,0.0
1780294857.136336803,1780294857.114554167,-212.1762702618784,-105.7891090463038,0.0,0.0,0.0
1780294857.160627127,1780294857.145162582,-212.1763535389797,-105.78914830061512,0.0,0.0,0.0
1780294857.166195869,1780294857.159693480,-212.17598658551736,-105.78894731801442,0.0,0.0,0.0
1780294857.184880257,1780294857.178248167,-212.175623998438,-105.78874475143654,0.0,0.0,0.0
1780294857.210888863,1780294857.198011875,-212.17519064942434,-105.78849121541617,0.0,0.0,0.0
1780294857.232849121,1780294857.219578981,-212.17478809254172,-105.78825008062283,0.0,0.0,0.0
1780294857.250243425,1780294857.243250847,-212.17440527850238,-105.78801450616173,0.0,0.0,0.0
1780294857.265955687,1780294857.258008480,-212.17416456522838,-105.78785861079137,0.0,0.0,0.0
1780294857.290700674,1780294857.278933048,-212.17414522966519,-105.78781978866157,0.0,0.0,0.0
1780294857.314295053,1780294857.298050404,-212.17424662800983,-105.78785809138124,0.0,0.0,0.0
1780294857.336382151,1780294857.320120096,-212.1743856349737,-105.78792003678484,0.0,0.0,0.0
1780294857.355975628,1780294857.338004589,-212.17455695346018,-105.78800281537112,0.0,0.0,0.0
1780294857.370962143,1780294857.358976841,-212.1747036636454,-105.78807270890242,0.0,0.0,0.0
1780294857.404873610,1780294857.378695250,-212.17478245303346,-105.78811001449196,0.0,0.0,0.0
1780294857.415030241,1780294857.406351328,-212.17483882831527,-105.78813657459094,0.0,0.0,0.0
1780294857.428562403,1780294857.419345140,-212.17489445498816,-105.78816274773463,0.0,0.0,0.0
1780294857.450221062,1780294857.438376904,-212.17494688189035,-105.78818724722292,0.0,0.0,0.0
1780294857.465560436,1780294857.458025694,-212.17501227936347,-105.78821755769695,0.0,0.0,0.0
1780294857.501083851,1780294857.478533506,-212.17507304761605,-105.78824544881341,0.0,0.0,0.0
1780294857.529304028,1780294857.507124662,-212.17512967229112,-105.78827117548927,0.0,0.0,0.0
1780294857.545163393,1780294857.535053968,-212.17518445743056,-105.78829594717648,0.0,0.0,0.0
1780294857.559794188,1780294857.546804905,-212.17522365998823,-105.78831354273247,0.0,0.0,0.0
1780294857.569545984,1780294857.562182903,-212.1752627201531,-105.78833106950334,0.0,0.0,0.0
1780294857.590529919,1780294857.578314543,-212.1753015548134,-105.7883484838459,0.0,0.0,0.0
1780294857.625873089,1780294857.602888346,-212.17535042931502,-105.788370187248,0.0,0.0,0.0
1780294857.644390345,1780294857.631958961,-212.17539627554356,-105.7883903115382,0.0,0.0,0.0
1780294857.653708696,1780294857.645409346,-212.17543937485434,-105.7884090043817,0.0,0.0,0.0
1780294857.671273470,1780294857.659659386,-212.17547997470325,-105.7884263956473,0.0,0.0,0.0
1780294857.690819979,1780294857.682163715,-212.17551829366502,-105.78844260004163,0.0,0.0,0.0
1780294857.718624830,1780294857.707643032,-212.17555452551207,-105.78845771925056,0.0,0.0,0.0
1780294857.729801416,1780294857.720684290,-212.175588842633,-105.78847184373402,0.0,0.0,0.0
1780294857.753292799,1780294857.744736910,-212.17562927931405,-105.7884882226924,0.0,0.0,0.0
1780294857.777815819,1780294857.759748936,-212.17566964931984,-105.78850458274421,0.0,0.0,0.0
1780294857.790292263,1780294857.782747984,-212.17570059674202,-105.7885169744102,0.0,0.0,0.0
1780294857.807091713,1780294857.798240900,-212.17574093716658,-105.78853334771439,0.0,0.0,0.0
1780294857.832783937,1780294857.820056200,-212.1757886722729,-105.78855266314365,0.0,0.0,0.0
1780294857.874710321,1780294857.850032568,-212.1758344093764,-105.78857095249774,0.0,0.0,0.0
1780294857.903129339,1780294857.884773254,-212.17587651698022,-105.78858735924155,0.0,0.0,0.0
1780294857.923683167,1780294857.906146526,-212.17591543013074,-105.78860211162727,0.0,0.0,0.0
1780294857.941760778,1780294857.932743073,-212.17594568478572,-105.78861328173147,0.0,0.0,0.0
1780294857.949444532,1780294857.943955898,-212.1759629732375,-105.7886195375091,0.0,0.0,0.0
1780294857.962544441,1780294857.958024979,-212.17597965762934,-105.78862548175452,0.0,0.0,0.0
1780294857.983965874,1780294857.978077650,-212.1760062113312,-105.78863474307633,0.0,0.0,0.0
1780294858.030350685,1780294857.999067068,-212.17604573675698,-105.78864803898173,0.0,0.0,0.0
1780294858.043599844,1780294858.031695366,-212.1760776617929,-105.78865830869015,0.0,0.0,0.0
1780294858.062111855,1780294858.046251297,-212.17616208512882,-105.78869524465397,0.0,0.0,0.0
1780294858.082720995,1780294858.060279608,-212.1762314270037,-105.78872521798439,0.0,0.0,0.0
1780294858.089176655,1780294858.078995228,-212.17632023864425,-105.78876726468877,0.0,0.0,0.0
1780294858.116660833,1780294858.098025322,-212.17643669480788,-105.78882474704065,0.0,0.0,0.0
1780294858.129365444,1780294858.118257284,-212.17651942994624,-105.78886453821468,0.0,0.0,0.0
1780294858.149646282,1780294858.138270855,-212.17658147618184,-105.78889347891925,0.0,0.0,0.0
1780294858.174284220,1780294858.162690639,-212.17665956537473,-105.78892814220825,0.0,0.0,0.0
1780294858.190495968,1780294858.178009510,-212.17671430445952,-105.78895057728195,0.0,0.0,0.0
1780294858.210477114,1780294858.198024988,-212.17675039839366,-105.78896414758644,0.0,0.0,0.0
1780294858.261327982,1780294858.221248627,-212.17678395724928,-105.7889755174052,0.0,0.0,0.0
1780294858.269866467,1780294858.261717319,-212.1768073649635,-105.78898247331958,0.0,0.0,0.0
1780294858.283089638,1780294858.278042316,-212.17682132070354,-105.78898625616458,0.0,0.0,0.0
1780294858.312278271,1780294858.298463345,-212.17683985223297,-105.78899068652893,0.0,0.0,0.0
1780294858.333584547,1780294858.318431139,-212.17685567170298,-105.78899371360015,0.0,0.0,0.0
1780294858.355174541,1780294858.339711666,-212.1768693984738,-105.78899566237037,0.0,0.0,0.0
1780294858.375265837,1780294858.359475613,-212.17688335310504,-105.78899688000404,0.0,0.0,0.0
1780294858.397804737,1780294858.379926205,-212.17689556624438,-105.7889972106371,0.0,0.0,0.0
1780294858.420027494,1780294858.399329662,-212.17690343003818,-105.78899701195351,0.0,0.0,0.0
1780294858.435225964,1780294858.424570799,-212.1769107476222,-105.78899654023928,0.0,0.0,0.0
1780294858.453547716,1780294858.438447237,-212.17691758834195,-105.78899583183032,0.0,0.0,0.0
1780294858.469069481,1780294858.459449291,-212.1769240087621,-105.7889949163541,0.0,0.0,0.0
1780294858.487408400,1780294858.478631973,-212.17693005553096,-105.78899381823322,0.0,0.0,0.0
1780294858.508505344,1780294858.498583794,-212.17693576753393,-105.78899255781582,0.0,0.0,0.0
1780294858.536609411,1780294858.518985748,-212.1769421879059,-105.78899083512326,0.0,0.0,0.0
1780294858.571712971,1780294858.539747000,-212.17694819644305,-105.78898891539133,0.0,0.0,0.0
1780294858.591479063,1780294858.579658747,-212.17695387055605,-105.78898683914494,0.0,0.0,0.0
1780294858.605891705,1780294858.598545313,-212.1769592486467,-105.78898462643508,0.0,0.0,0.0
1780294858.629461050,1780294858.619742393,-212.1769643629566,-105.78898229407991,0.0,0.0,0.0
1780294858.659329891,1780294858.638270378,-212.17696845572982,-105.78898027595785,0.0,0.0,0.0
1780294858.691313982,1780294858.673673391,-212.1769716239258,-105.78897861512249,0.0,0.0,0.0
1780294858.706188440,1780294858.690945387,-212.17697469347092,-105.78897691075137,0.0,0.0,0.0
1780294858.728250027,1780294858.707394838,-212.17697767174337,-105.7889751666868,0.0,0.0,0.0
1780294858.735268831,1780294858.730792999,-212.17697984956828,-105.78897383468038,0.0,0.0,0.0
1780294858.747914553,1780294858.739498377,-212.1769820059309,-105.7889724959989,0.0,0.0,0.0
1780294858.765037775,1780294858.758944750,-212.17698482698128,-105.78897068981287,0.0,0.0,0.0
1780294858.788381577,1780294858.778099060,-212.1769889587916,-105.78896794336198,0.0,0.0,0.0
1780294858.826774359,1780294858.798074245,-212.17699359842828,-105.78896466718987,0.0,0.0,0.0
1780294858.864051104,1780294858.829696417,-212.17699804045463,-105.78896131183265,0.0,0.0,0.0
1780294858.893506765,1780294858.876489878,-212.17700230706885,-105.78895788878461,0.0,0.0,0.0
1780294858.919828176,1780294858.895603657,-212.1770058389161,-105.78895490828776,0.0,0.0,0.0
1780294858.939775705,1780294858.926662445,-212.177008158904,-105.78895291297998,0.0,0.0,0.0
1780294858.948630810,1780294858.943005323,-212.1770093134472,-105.78895191540593,0.0,0.0,0.0
1780294858.966087341,1780294858.958026648,-212.177011035103,-105.78895041737862,0.0,0.0,0.0
1780294858.986938477,1780294858.978716850,-212.17701388368448,-105.78894791947162,0.0,0.0,0.0
1780294859.016078472,1780294859.004013538,-212.17701775471753,-105.78894438137581,0.0,0.0,0.0
1780294859.032474518,1780294859.022546530,-212.1770236795458,-105.78894194485446,0.0,0.0,0.0
1780294859.057600021,1780294859.038007498,-212.17703112196352,-105.78893954127474,0.0,0.0,0.0
1780294859.070037842,1780294859.058705330,-212.17703701074464,-105.78893713596472,0.0,0.0,0.0
1780294859.094502926,1780294859.078709126,-212.17704215791034,-105.78893592590195,0.0,0.0,0.0
1780294859.129466772,1780294859.100397587,-212.1770466216619,-105.78893514792475,0.0,0.0,0.0
1780294859.137506723,1780294859.130734921,-212.17705024017783,-105.78893393382164,0.0,0.0,0.0
1780294859.147189140,1780294859.140217543,-212.17705257425604,-105.78893282880641,0.0,0.0,0.0
1780294859.178530455,1780294859.160748959,-212.17705597869266,-105.78893074150835,0.0,0.0,0.0
1780294859.199538469,1780294859.181372881,-212.177058388059,-105.78892891512133,0.0,0.0,0.0
1780294859.208948135,1780294859.200954676,-212.177060604224,-105.78892699472685,0.0,0.0,0.0
1780294859.225152016,1780294859.219878435,-212.17706267209994,-105.78892500387107,0.0,0.0,0.0
1780294859.249811888,1780294859.238676071,-212.17706509007704,-105.78892243804279,0.0,0.0,0.0
1780294859.267044783,1780294859.257990837,-212.17706737739624,-105.78891981505781,0.0,0.0,0.0
1780294859.290270090,1780294859.278407574,-212.17706997366994,-105.78891660453424,0.0,0.0,0.0
1780294859.323645353,1780294859.302960157,-212.1770724461262,-105.78891334531015,0.0,0.0,0.0
1780294859.344645977,1780294859.327385187,-212.17707443096154,-105.78891060201855,0.0,0.0,0.0
1780294859.377385855,1780294859.355325460,-212.1770763652198,-105.78890784338007,0.0,0.0,0.0
1780294859.383982897,1780294859.374923706,-212.17707750506707,-105.78890618268301,0.0,0.0,0.0
1780294859.396640301,1780294859.389108658,-212.1770786311532,-105.7889045187672,0.0,0.0,0.0
1780294859.415633678,1780294859.399663210,-212.17707974443877,-105.78890285212624,0.0,0.0,0.0
1780294859.430858135,1780294859.420682192,-212.17708120693231,-105.7889006246442,0.0,0.0,0.0
1780294859.445176601,1780294859.439085722,-212.17708264700045,-105.78889839244758,0.0,0.0,0.0
1780294859.474033356,1780294859.465883493,-212.17708512015056,-105.78889447835401,0.0,0.0,0.0
1780294859.492859364,1780294859.478119135,-212.17708754203784,-105.78889055875379,0.0,0.0,0.0
1780294859.535907030,1780294859.498027563,-212.17708992045362,-105.78888663760496,0.0,0.0,0.0
1780294859.563023567,1780294859.537256718,-212.17709192909535,-105.78888327770291,0.0,0.0,0.0
1780294859.583923578,1780294859.566405535,-212.17709391576096,-105.78887992171454,0.0,0.0,0.0
1780294859.593037605,1780294859.586130619,-212.1770949017387,-105.78887824562771,0.0,0.0,0.0
1780294859.616152525,1780294859.598169565,-212.17709588452882,-105.7888765716995,0.0,0.0,0.0
1780294859.626987457,1780294859.618113041,-212.17709653812395,-105.78887545703225,0.0,0.0,0.0
1780294859.649000883,1780294859.639929533,-212.17709783807945,-105.78887322898431,0.0,0.0,0.0
1780294859.672963142,1780294859.658207655,-212.1770994502848,-105.78887044673995,0.0,0.0,0.0
1780294859.689911127,1780294859.678300619,-212.17710136769676,-105.7888671128764,0.0,0.0,0.0
1780294859.717569113,1780294859.698136330,-212.17693519525287,-105.78877485663584,0.0,0.0,0.0
1780294859.735516310,1780294859.721498966,-212.17670703001133,-105.7886500823878,0.0,0.0,0.0
1780294859.751925468,1780294859.743796825,-212.17639651011316,-105.78848281256158,0.0,0.0,0.0
1780294859.775735617,1780294859.758094549,-212.17656574236182,-105.78856735966708,0.0,0.0,0.0
1780294859.803532124,1780294859.777941227,-212.17690453464084,-105.7887402179058,0.0,0.0,0.0
1780294859.812973738,1780294859.800874233,-212.17723470494008,-105.78890999293428,0.0,0.0,0.0
1780294859.834295988,1780294859.823512554,-212.17738975847269,-105.78898716139389,0.0,0.0,0.0
1780294859.849565506,1780294859.839185476,-212.1774066975745,-105.78899183787942,0.0,0.0,0.0
1780294859.870380878,1780294859.858602762,-212.17755104243645,-105.78906411141253,0.0,0.0,0.0
1780294859.891734123,1780294859.879828691,-212.17763254686497,-105.78910410400658,0.0,0.0,0.0
1780294859.912345409,1780294859.903247833,-212.1776122639494,-105.78908997055356,0.0,0.0,0.0
1780294859.925924301,1780294859.918122530,-212.17755227791952,-105.78905651532547,0.0,0.0,0.0
1780294859.948551416,1780294859.938023329,-212.1773524738269,-105.78895280772194,0.0,0.0,0.0
1780294859.967785358,1780294859.958143950,-212.17711735268554,-105.78883205954935,0.0,0.0,0.0
1780294859.989189386,1780294859.978457928,-212.17685096089937,-105.7886963856315,0.0,0.0,0.0
1780294860.013539553,1780294859.998200417,-212.17655721298135,-105.78854783165913,0.0,0.0,0.0
1780294860.030770779,1780294860.018010139,-212.17627748676904,-105.78840661495394,0.0,0.0,0.0
1780294860.046225309,1780294860.038125753,-212.17574633345922,-105.78813182253593,0.0,0.0,0.0
1780294860.069468737,1780294860.058159590,-212.17448373959394,-105.78747470568925,0.0,0.0,0.0
1780294860.094717741,1780294860.077991962,-212.17346660142934,-105.78694639487735,0.0,0.0,0.0
1780294860.113633871,1780294860.097994804,-212.17269082517043,-105.78654395469619,0.0,0.0,0.0
1780294860.136177778,1780294860.119205952,-212.17207485854024,-105.78622615891157,0.0,0.0,0.0
1780294860.157501221,1780294860.148277283,-212.1716940083457,-105.78603096251902,0.0,0.0,0.0
1780294860.164683580,1780294860.158027649,-212.171489262294,-105.78592662137497,0.0,0.0,0.0
1780294860.189510822,1780294860.178044319,-212.1712351499346,-105.78579791719571,0.0,0.0,0.0
1780294860.218821526,1780294860.209210873,-212.17102954298355,-105.78569465574179,0.0,0.0,0.0
1780294860.239167929,1780294860.231205463,-212.17086015184162,-105.78561038699225,0.0,0.0,0.0
1780294860.259994507,1780294860.240065575,-212.17069661814344,-105.78552994607858,0.0,0.0,0.0
1780294860.272001028,1780294860.263137817,-212.17057877267032,-105.78547269829879,0.0,0.0,0.0
1780294860.283150673,1780294860.278404236,-212.17050936265338,-105.785439329027,0.0,0.0,0.0
1780294860.333005667,1780294860.300394535,-212.1704165446944,-105.78539519186891,0.0,0.0,0.0
1780294860.352674723,1780294860.334909201,-212.17034792716615,-105.78536298181231,0.0,0.0,0.0
1780294860.364056349,1780294860.357045174,-212.1702855201148,-105.78533402087467,0.0,0.0,0.0
1780294860.374694586,1780294860.367124557,-212.17022890360053,-105.78530808878473,0.0,0.0,0.0
1780294860.394630432,1780294860.377984285,-212.17018716506612,-105.78528920136512,0.0,0.0,0.0
1780294860.411169529,1780294860.398024082,-212.17015691289575,-105.78527558331702,0.0,0.0,0.0
1780294860.440425634,1780294860.418346643,-212.17011902037268,-105.78525870278743,0.0,0.0,0.0
1780294860.450476408,1780294860.440194368,-212.170092274674,-105.78524691655494,0.0,0.0,0.0
1780294860.487368107,1780294860.458009481,-212.17005863944254,-105.785232259083,0.0,0.0,0.0
1780294860.492634535,1780294860.480585337,-212.17002711265383,-105.78521870174748,0.0,0.0,0.0
1780294860.507791758,1780294860.498561859,-212.17000473067614,-105.78520919244966,0.0,0.0,0.0
1780294860.536668301,1780294860.518582821,-212.17004347789808,-105.78523176764578,0.0,0.0,0.0
1780294860.552880526,1780294860.539938211,-212.17009234415477,-105.78525965075808,0.0,0.0,0.0
1780294860.570811033,1780294860.558516502,-212.17030692551955,-105.7853745178332,0.0,0.0,0.0
1780294860.588018656,1780294860.578186274,-212.1705356290971,-105.78549753674696,0.0,0.0,0.0
1780294860.608088017,1780294860.598038435,-212.17069942809806,-105.78558721632963,0.0,0.0,0.0
1780294860.659071445,1780294860.623028994,-212.17049286119905,-105.78548320681598,0.0,0.0,0.0
1780294860.674709797,1780294860.656272888,-212.1701315348691,-105.78529867952346,0.0,0.0,0.0
1780294860.703886509,1780294860.685669661,-212.17013030561043,-105.78530242650699,0.0,0.0,0.0
1780294860.714787006,1780294860.703398228,-212.17011827187957,-105.78530048768899,0.0,0.0,0.0
1780294860.728316069,1780294860.719501734,-212.17010184234348,-105.7852962271925,0.0,0.0,0.0
1780294860.748715162,1780294860.738030434,-212.17008595507966,-105.78529151327162,0.0,0.0,0.0
1780294860.768562317,1780294860.757979393,-212.1700622132424,-105.78528338857511,0.0,0.0,0.0
1780294860.796273232,1780294860.778892040,-212.17003376539557,-105.78527421789566,0.0,0.0,0.0
1780294860.823246479,1780294860.811069489,-212.17000997716545,-105.78526675267621,0.0,0.0,0.0
1780294860.837258577,1780294860.830796719,-212.16999092802442,-105.78526104281326,0.0,0.0,0.0
1780294860.854653120,1780294860.843633890,-212.16997589367116,-105.78525671503658,0.0,0.0,0.0
1780294860.890900373,1780294860.883752823,-212.16996427344134,-105.78525345977697,0.0,0.0,0.0
1780294860.906270027,1780294860.898250818,-212.1699559138334,-105.7852512010125,0.0,0.0,0.0
1780294860.933053970,1780294860.918082476,-212.1699448147221,-105.78524820872953,0.0,0.0,0.0
1780294860.952780485,1780294860.939910173,-212.16993667582034,-105.78524605791063,0.0,0.0,0.0
1780294860.971683979,1780294860.959455729,-212.16992598106182,-105.78524326737428,0.0,0.0,0.0
1780294860.992676258,1780294860.978726149,-212.16991275535975,-105.78523984571969,0.0,0.0,0.0
1780294861.019268751,1780294861.002920389,-212.16990240069526,-105.78523722027391,0.0,0.0,0.0
1780294861.038081884,1780294861.022628069,-212.1698924132692,-105.78523478167703,0.0,0.0,0.0
1780294861.056260347,1780294861.039917231,-212.16988277161423,-105.78523251867941,0.0,0.0,0.0
1780294861.067236662,1780294861.062208652,-212.17010772294034,-105.78535630565078,0.0,0.0,0.0
1780294861.090330124,1780294861.078006268,-212.1706579471933,-105.7856566427783,0.0,0.0,0.0
1780294861.109700680,1780294861.098013639,-212.1711722132739,-105.78594167472605,0.0,0.0,0.0
1780294861.128394604,1780294861.119370699,-212.17161113275836,-105.78619001751838,0.0,0.0,0.0
1780294861.154097557,1780294861.138267517,-212.17196757507887,-105.78639859274901,0.0,0.0,0.0
1780294861.172632933,1780294861.158955574,-212.17221730698768,-105.78655108578451,0.0,0.0,0.0
1780294861.193418026,1780294861.178049803,-212.17237449286955,-105.78665138086409,0.0,0.0,0.0
1780294861.219769001,1780294861.200488806,-212.17249981293367,-105.78673490247816,0.0,0.0,0.0
1780294861.240577936,1780294861.224448204,-212.17260173448045,-105.78680609550487,0.0,0.0,0.0
1780294861.266611338,1780294861.244962215,-212.1726703268523,-105.78685622175502,0.0,0.0,0.0
1780294861.284566402,1780294861.269138098,-212.17271540442877,-105.78689045517166,0.0,0.0,0.0
1780294861.296648979,1780294861.291324854,-212.1728116763077,-105.78694729573881,0.0,0.0,0.0
1780294861.304317713,1780294861.299230576,-212.1728889416911,-105.78699063640954,0.0,0.0,0.0
1780294861.330774784,1780294861.318466425,-212.17307419851383,-105.78708568407151,0.0,0.0,0.0
1780294861.354417562,1780294861.338449001,-212.17329771591747,-105.78720008827078,0.0,0.0,0.0
1780294861.396582842,1780294861.359471560,-212.1735493288286,-105.78732851754741,0.0,0.0,0.0
1780294861.413467407,1780294861.406114101,-212.17366581604506,-105.78738739470653,0.0,0.0,0.0
1780294861.424300909,1780294861.418742895,-212.17376850517243,-105.787439034809,0.0,0.0,0.0
1780294861.452857494,1780294861.439639091,-212.17361718958983,-105.78736071937331,0.0,0.0,0.0
1780294861.469034672,1780294861.459340334,-212.17339839111946,-105.7872483401864,0.0,0.0,0.0
1780294861.486382484,1780294861.479364872,-212.17312097744866,-105.78710654589474,0.0,0.0,0.0
1780294861.506307602,1780294861.499478102,-212.17287458311947,-105.78698102256088,0.0,0.0,0.0
1780294861.535913229,1780294861.518214941,-212.1726197791762,-105.78685170577351,0.0,0.0,0.0
1780294861.550068617,1780294861.540768385,-212.17248768701788,-105.78678489508599,0.0,0.0,0.0
1780294861.568681955,1780294861.558044672,-212.17235932834112,-105.78672003915145,0.0,0.0,0.0
1780294861.591647625,1780294861.578103542,-212.1722347946759,-105.78665718601802,0.0,0.0,0.0
1780294861.603644848,1780294861.598310947,-212.17211426128566,-105.7865964276883,0.0,0.0,0.0
1780294861.632149220,1780294861.618466854,-212.17199794935806,-105.78653788027258,0.0,0.0,0.0
1780294861.654996872,1780294861.638044119,-212.17186350698998,-105.78647043539856,0.0,0.0,0.0
1780294861.671039343,1780294861.660213232,-212.1717637819253,-105.78642058327968,0.0,0.0,0.0
1780294861.687979937,1780294861.678007841,-212.17167030086193,-105.78637400368801,0.0,0.0,0.0
1780294861.709254503,1780294861.698109388,-212.17154055012196,-105.78630962118471,0.0,0.0,0.0
1780294861.744348049,1780294861.718065977,-212.17142191334293,-105.78625106129871,0.0,0.0,0.0
1780294861.751901865,1780294861.743197441,-212.171330533813,-105.78620618152242,0.0,0.0,0.0
1780294861.768657446,1780294861.761220217,-212.17122782538317,-105.7861559621566,0.0,0.0,0.0
1780294861.789579868,1780294861.778020620,-212.17118027976724,-105.78614087712232,0.0,0.0,0.0
1780294861.805941343,1780294861.798111677,-212.17119567947407,-105.78616036750022,0.0,0.0,0.0
1780294861.828757286,1780294861.818008661,-212.1712529876722,-105.7862079929496,0.0,0.0,0.0
1780294861.846473932,1780294861.839317799,-212.17133147593958,-105.78627342700383,0.0,0.0,0.0
1780294861.871507883,1780294861.858030558,-212.17144004014352,-105.78636067688738,0.0,0.0,0.0
1780294861.890898228,1780294861.878169060,-212.17153667116656,-105.78644152701729,0.0,0.0,0.0
1780294861.915284634,1780294861.898013592,-212.1716320966898,-105.78652493359502,0.0,0.0,0.0
1780294861.942054510,1780294861.918966532,-212.1716441916151,-105.78656112952186,0.0,0.0,0.0
1780294861.955010176,1780294861.943002224,-212.17160875400856,-105.78656565273371,0.0,0.0,0.0
1780294861.971319437,1780294861.960662603,-212.17164770411856,-105.78660585159162,0.0,0.0,0.0
1780294861.990938902,1780294861.978323936,-212.17169176641966,-105.7866453961521,0.0,0.0,0.0
1780294862.013571501,1780294861.998891592,-212.17172626016546,-105.78667660574914,0.0,0.0,0.0
1780294862.031471014,1780294862.018275976,-212.17175638386064,-105.78670549577261,0.0,0.0,0.0
1780294862.048777580,1780294862.038237572,-212.17194116197356,-105.78682205135699,0.0,0.0,0.0
1780294862.070920467,1780294862.058067560,-212.17219290858074,-105.78697694551877,0.0,0.0,0.0
1780294862.100563765,1780294862.078638315,-212.17243600171508,-105.78713045264396,0.0,0.0,0.0
1780294862.125687361,1780294862.103895426,-212.17259486240243,-105.78723642532232,0.0,0.0,0.0
1780294862.149367809,1780294862.132715464,-212.1727208513044,-105.78732506671098,0.0,0.0,0.0
1780294862.158270359,1780294862.149293423,-212.17278736480282,-105.78737601143483,0.0,0.0,0.0
1780294862.179535151,1780294862.171915531,-212.17283100390446,-105.78741171504699,0.0,0.0,0.0
1780294862.209118366,1780294862.198048353,-212.17285948009558,-105.7874362439767,0.0,0.0,0.0
1780294862.229046822,1780294862.218009233,-212.17289235269655,-105.7874662528325,0.0,0.0,0.0
1780294862.248128414,1780294862.238043070,-212.17292041518516,-105.78749371213397,0.0,0.0,0.0
1780294862.275929689,1780294862.261387348,-212.17294453222118,-105.78751907579495,0.0,0.0,0.0
1780294862.294264317,1780294862.279115915,-212.17301471298185,-105.78756461470121,0.0,0.0,0.0
1780294862.323723316,1780294862.298182487,-212.17312387417115,-105.78762662263385,0.0,0.0,0.0
1780294862.335587263,1780294862.323956013,-212.1732208381037,-105.78767905900693,0.0,0.0,0.0
1780294862.348478794,1780294862.338047981,-212.17335603593466,-105.78774759292476,0.0,0.0,0.0
1780294862.372576952,1780294862.358016729,-212.17352271667633,-105.78783184748508,0.0,0.0,0.0
1780294862.393751144,1780294862.379001379,-212.1736760544012,-105.78790910478038,0.0,0.0,0.0
1780294862.425175428,1780294862.403827190,-212.17381756895892,-105.78798016253663,0.0,0.0,0.0
1780294862.454164028,1780294862.449435472,-212.17397791803867,-105.78806030984293,0.0,0.0,0.0
1780294862.468671083,1780294862.459524870,-212.17412244869206,-105.78813216409759,0.0,0.0,0.0
1780294862.485582352,1780294862.478919744,-212.17425341270172,-105.78819690717508,0.0,0.0,0.0
1780294862.507744312,1780294862.498710394,-212.17439523403476,-105.78826656230734,0.0,0.0,0.0
1780294862.532419443,1780294862.518009663,-212.17456530859647,-105.78834947368628,0.0,0.0,0.0
1780294862.552165270,1780294862.539356709,-212.174715464485,-105.78842195452887,0.0,0.0,0.0
1780294862.566955328,1780294862.557969093,-212.17484911341563,-105.78848579543359,0.0,0.0,0.0
1780294862.592827559,1780294862.578850508,-212.17498332293533,-105.78854917076562,0.0,0.0,0.0
1780294862.613519907,1780294862.598621368,-212.1750907610861,-105.78859930515233,0.0,0.0,0.0
1780294862.637776613,1780294862.618436813,-212.17516472812605,-105.78863345128431,0.0,0.0,0.0
1780294862.650896788,1780294862.642378569,-212.17522212936476,-105.78865969217581,0.0,0.0,0.0
1780294862.675746441,1780294862.663128614,-212.1752760604697,-105.7886841209014,0.0,0.0,0.0
1780294862.695022345,1780294862.685131073,-212.17530688537974,-105.7886979775203,0.0,0.0,0.0
1780294862.714052200,1780294862.701915741,-212.17533663566692,-105.78871127339701,0.0,0.0,0.0
1780294862.734575272,1780294862.725393534,-212.17536668531685,-105.78872472965115,0.0,0.0,0.0
1780294862.746886492,1780294862.740023851,-212.1754059964571,-105.7887422800963,0.0,0.0,0.0
1780294862.766859293,1780294862.759536982,-212.17544473978884,-105.7887595383012,0.0,0.0,0.0
1780294862.795368671,1780294862.779505730,-212.17566128894669,-105.78886858706353,0.0,0.0,0.0
1780294862.818568707,1780294862.801352739,-212.17592942994375,-105.7890047286784,0.0,0.0,0.0
1780294862.828884363,1780294862.820839643,-212.17599677427668,-105.78903549729043,0.0,0.0,0.0
1780294862.855788708,1780294862.838199854,-212.17603228701986,-105.78904805228173,0.0,0.0,0.0
1780294862.870328903,1780294862.860879898,-212.1760899504457,-105.7890730123327,0.0,0.0,0.0
