bag_ts,header_stamp,steering_tire_angle
1780294752.591451168,1780294752.566358566,0.10000000149011612
1780294752.591485023,1780294752.587948322,0.10000000149011612
1780294752.600887775,1780294752.599601269,0.10000000149011612
1780294752.625016689,1780294752.624158382,0.10000000149011612
1780294752.646739721,1780294752.645809174,0.10000000149011612
1780294752.669710636,1780294752.668450594,0.10000000149011612
1780294752.686143875,1780294752.684377670,0.10000000149011612
1780294752.712787390,1780294752.710764408,0.10000000149011612
1780294752.724722147,1780294752.722769022,0.10000000149011612
1780294752.746318102,1780294752.744953871,0.10000000149011612
1780294752.769045830,1780294752.768038988,0.10000000149011612
1780294752.780266523,1780294752.779677629,0.10000000149011612
1780294752.805070162,1780294752.803974390,0.10000000149011612
1780294752.828206301,1780294752.826655388,0.10000000149011612
1780294752.849762201,1780294752.848632574,0.10000000149011612
1780294752.866042376,1780294752.863694906,0.10000000149011612
1780294752.888667583,1780294752.887241364,0.10000000149011612
1780294752.902173996,1780294752.900882959,0.10000000149011612
1780294752.925933838,1780294752.924224138,0.10000000149011612
1780294752.947210789,1780294752.946330547,0.10000000149011612
1780294752.959580898,1780294752.959009886,0.10000000149011612
1780294752.982557535,1780294752.982020617,0.10000000149011612
1780294753.006018639,1780294753.005656481,0.10000000149011612
1780294753.028177500,1780294753.027686596,0.10000000149011612
1780294753.040401220,1780294753.039992332,0.10000000149011612
1780294753.063881159,1780294753.063330650,0.10000000149011612
1780294753.085614204,1780294753.084604025,0.10000000149011612
1780294753.107882023,1780294753.106692791,0.10000000149011612
1780294753.119376183,1780294753.118675232,0.10000000149011612
1780294753.141578674,1780294753.140989304,0.10000000149011612
1780294753.165839434,1780294753.164614439,0.10000000149011612
1780294753.179105997,1780294753.178634405,0.10000000149011612
1780294753.202894688,1780294753.202498674,0.10000000149011612
1780294753.225846291,1780294753.225461721,0.10000000149011612
1780294753.249742508,1780294753.248170853,0.10000000149011612
1780294753.261122942,1780294753.259666443,0.10000000149011612
1780294753.284595251,1780294753.282010794,0.10000000149011612
1780294753.305257559,1780294753.303650618,0.10000000149011612
1780294753.328998089,1780294753.326793909,0.10000000149011612
1780294753.342199802,1780294753.341580868,0.10000000149011612
1780294753.364329815,1780294753.363654852,0.10000000149011612
1780294753.385950327,1780294753.385623693,0.10000000149011612
1780294753.408915758,1780294753.408166170,0.10000000149011612
1780294753.420124769,1780294753.419561863,0.10000000149011612
1780294753.443411112,1780294753.442280531,0.10000000149011612
1780294753.465940475,1780294753.464939594,0.10000000149011612
1780294753.488483429,1780294753.487030506,0.10000000149011612
1780294753.504451275,1780294753.502784252,0.10000000149011612
1780294753.530139208,1780294753.529845476,0.10000000149011612
1780294753.542062044,1780294753.541581631,0.10000000149011612
1780294753.566822767,1780294753.564771652,0.10000000149011612
1780294753.587945700,1780294753.586642981,0.10000000149011612
1780294753.609008551,1780294753.608667135,0.10000000149011612
1780294753.621146679,1780294753.620611668,0.10000000149011612
1780294753.644634247,1780294753.644040346,0.10000000149011612
1780294753.667857885,1780294753.666105032,0.10000000149011612
1780294753.689213991,1780294753.688578844,0.10000000149011612
1780294753.704244375,1780294753.700773239,0.10000000149011612
1780294753.725279808,1780294753.724490404,0.10000000149011612
1780294753.747598171,1780294753.746953011,0.10000000149011612
1780294753.776046753,1780294753.769412041,0.10000000149011612
1780294753.780923843,1780294753.780515909,0.10000000149011612
1780294753.803938866,1780294753.803046465,0.10000000149011612
1780294753.825773954,1780294753.824896336,0.10000000149011612
1780294753.848178148,1780294753.847127676,0.10000000149011612
1780294753.869709969,1780294753.868725061,0.10000000149011612
1780294753.880877256,1780294753.880536556,0.10000000149011612
1780294753.904434204,1780294753.902849913,0.10000000149011612
1780294753.928395748,1780294753.927202463,0.10000000149011612
1780294753.949846983,1780294753.948648930,0.10000000149011612
1780294753.961190224,1780294753.960651398,0.10000000149011612
1780294753.984439611,1780294753.983118534,0.10000000149011612
1780294754.007112265,1780294754.004755974,0.10000000149011612
1780294754.027951002,1780294754.027191162,0.10000000149011612
1780294754.040513039,1780294754.039860010,0.10000000149011612
1780294754.062132835,1780294754.061762571,0.10000000149011612
1780294754.084367275,1780294754.083832264,0.10000000149011612
1780294754.107153177,1780294754.106374741,0.10000000149011612
1780294754.128738880,1780294754.128315210,0.10000000149011612
1780294754.140327930,1780294754.139867783,0.10000000149011612
1780294754.164605379,1780294754.164123774,0.10000000149011612
1780294754.189249039,1780294754.188569069,0.10000000149011612
1780294754.203521729,1780294754.201452494,0.10000000149011612
1780294754.227793932,1780294754.227061510,0.10000000149011612
1780294754.249120474,1780294754.248622179,0.10000000149011612
1780294754.261479616,1780294754.260784149,0.10000000149011612
1780294754.283864737,1780294754.283523798,0.10000000149011612
1780294754.307725191,1780294754.306667805,0.10000000149011612
1780294754.320889950,1780294754.320454836,0.10000000149011612
1780294754.344714880,1780294754.344356060,0.10000000149011612
1780294754.367563486,1780294754.366662025,0.10000000149011612
1780294754.379180670,1780294754.378871679,0.10000000149011612
1780294754.401278734,1780294754.400873661,0.10000000149011612
1780294754.424367189,1780294754.423906326,0.10000000149011612
1780294754.446518183,1780294754.446029902,0.10000000149011612
1780294754.460347652,1780294754.459864140,0.10000000149011612
1780294754.482266665,1780294754.481551886,0.10000000149011612
1780294754.504336357,1780294754.503880739,0.10000000149011612
1780294754.527464151,1780294754.526988506,0.10000000149011612
1780294754.550563335,1780294754.549646854,0.10000000149011612
1780294754.562267542,1780294754.561747789,0.10000000149011612
1780294754.584267855,1780294754.583937168,0.10000000149011612
1780294754.606921911,1780294754.606352806,0.10000000149011612
1780294754.630110979,1780294754.629582405,0.10000000149011612
1780294754.642865419,1780294754.642241955,0.10000000149011612
1780294754.664658070,1780294754.664331913,0.10000000149011612
1780294754.687074661,1780294754.686516047,0.10000000149011612
1780294754.699984789,1780294754.699613571,0.10000000149011612
1780294754.725762844,1780294754.724902630,0.10000000149011612
1780294754.739935398,1780294754.739562750,0.10000000149011612
1780294754.763658047,1780294754.762661934,0.10000000149011612
1780294754.787704706,1780294754.786108971,0.10000000149011612
1780294754.801564217,1780294754.800635815,0.10000000149011612
1780294754.824114084,1780294754.823588848,0.10000000149011612
1780294754.853440046,1780294754.846736670,0.10000000149011612
1780294754.859893799,1780294754.858690739,0.10000000149011612
1780294754.884819031,1780294754.881551027,0.10000000149011612
1780294754.904898167,1780294754.904243946,0.10000000149011612
1780294754.926345348,1780294754.925757885,0.10000000149011612
1780294754.940438747,1780294754.938873768,0.10000000149011612
1780294754.961568594,1780294754.960951328,0.10000000149011612
1780294754.984543562,1780294754.984231234,0.10000000149011612
1780294755.006466866,1780294755.005793095,0.10000000149011612
1780294755.029114485,1780294755.028684139,0.10000000149011612
1780294755.045552015,1780294755.041301012,0.10000000149011612
1780294755.066776037,1780294755.065300465,0.10000000149011612
1780294755.090053320,1780294755.086764336,0.10000000149011612
1780294755.101193905,1780294755.099252224,0.10000000149011612
1780294755.126235723,1780294755.123927832,0.10000000149011612
1780294755.147497892,1780294755.145947218,0.10000000149011612
1780294755.170169353,1780294755.168654203,0.10000000149011612
1780294755.182641506,1780294755.181238651,0.10000000149011612
1780294755.205733061,1780294755.203822374,0.10000000149011612
1780294755.221326351,1780294755.219965935,0.10000000149011612
1780294755.246756315,1780294755.243331432,0.10000000149011612
1780294755.265791178,1780294755.264934063,0.10000000149011612
1780294755.288149357,1780294755.286872625,0.10000000149011612
1780294755.300295115,1780294755.299068451,0.10000000149011612
1780294755.322772741,1780294755.321545124,0.10000000149011612
1780294755.346899509,1780294755.345323563,0.10000000149011612
1780294755.369569302,1780294755.368246317,0.10000000149011612
1780294755.380976915,1780294755.379722595,0.10000000149011612
1780294755.406561136,1780294755.404425383,0.10000000149011612
1780294755.430052757,1780294755.427335739,0.10000000149011612
1780294755.450630665,1780294755.448572874,0.10000000149011612
1780294755.461926222,1780294755.460682154,0.10000000149011612
1780294755.484912395,1780294755.483568430,0.10000000149011612
1780294755.507713079,1780294755.506173134,0.10000000149011612
1780294755.528535843,1780294755.527688265,0.10000000149011612
1780294755.541076183,1780294755.539991379,0.10000000149011612
1780294755.562654734,1780294755.561659098,0.10000000149011612
1780294755.585954905,1780294755.583524704,0.10000000149011612
1780294755.606779575,1780294755.605581284,0.10000000149011612
1780294755.629727364,1780294755.628332138,0.10000000149011612
1780294755.641398668,1780294755.640566349,0.10000000149011612
1780294755.665822744,1780294755.663311720,0.10000000149011612
1780294755.686516285,1780294755.685148716,0.10000000149011612
1780294755.701254845,1780294755.699431658,0.10000000149011612
1780294755.726724386,1780294755.722906590,0.10000000149011612
1780294755.749511957,1780294755.748605013,0.10000000149011612
1780294755.762307644,1780294755.760721445,0.10000000149011612
1780294755.785849571,1780294755.782643080,0.10000000149011612
1780294755.810371637,1780294755.805376768,0.10000000149011612
1780294755.832468748,1780294755.827878714,0.10000000149011612
1780294755.842097521,1780294755.840545177,0.10000000149011612
1780294755.866170168,1780294755.864345789,0.10000000149011612
1780294755.880921125,1780294755.878696442,0.10000000149011612
1780294755.903234720,1780294755.902123451,0.10000000149011612
1780294755.926870346,1780294755.924209595,0.10000000149011612
1780294755.947490931,1780294755.945542812,0.10000000149011612
1780294755.969344854,1780294755.968007088,0.10000000149011612
1780294755.984078169,1780294755.982547522,0.10000000149011612
1780294756.007490635,1780294756.005069733,0.10000000149011612
1780294756.029610872,1780294756.027004004,0.10000000149011612
1780294756.054517269,1780294756.048532009,0.10000000149011612
1780294756.064728975,1780294756.060558081,0.10000000149011612
1780294756.103433609,1780294756.082997799,0.10000000149011612
1780294756.135865211,1780294756.105768204,0.10000000149011612
1780294756.145213842,1780294756.122434855,0.10000000149011612
1780294756.148604631,1780294756.145365953,0.10000000149011612
1780294756.169220924,1780294756.168028116,0.10000000149011612
1780294756.180038691,1780294756.179515123,0.10000000149011612
1780294756.203051805,1780294756.201549530,0.10000000149011612
1780294756.225185871,1780294756.224623203,0.10000000149011612
1780294756.247927427,1780294756.246795893,0.10000000149011612
1780294756.259451389,1780294756.258544207,0.10000000149011612
1780294756.280901194,1780294756.280490398,0.10000000149011612
1780294756.303077459,1780294756.302450418,0.10000000149011612
1780294756.325438261,1780294756.324655294,0.10000000149011612
1780294756.347929001,1780294756.347268105,0.10000000149011612
1780294756.359895229,1780294756.359393120,0.10000000149011612
1780294756.382300377,1780294756.381547928,0.10000000149011612
1780294756.404510975,1780294756.403519154,0.10000000149011612
1780294756.428800106,1780294756.425977945,0.10000000149011612
1780294756.449859858,1780294756.447957277,0.10000000149011612
1780294756.460126877,1780294756.459630728,0.10000000149011612
1780294756.482088804,1780294756.481539965,0.10000000149011612
1780294756.506303787,1780294756.503849983,0.10000000149011612
1780294756.529414654,1780294756.527127743,0.10000000149011612
1780294756.540864706,1780294756.539425850,0.10000000149011612
1780294756.564730167,1780294756.562203407,0.10000000149011612
1780294756.590461254,1780294756.586344719,0.10000000149011612
1780294756.603734016,1780294756.601888895,0.10000000149011612
1780294756.628508329,1780294756.628127575,0.10000000149011612
1780294756.640635490,1780294756.640150547,0.10000000149011612
1780294756.663753033,1780294756.663171530,0.10000000149011612
1780294756.685275555,1780294756.684827328,0.10000000149011612
1780294756.706968784,1780294756.706467867,0.10000000149011612
1780294756.721183062,1780294756.720611811,0.10000000149011612
1780294756.744861603,1780294756.742574930,0.10000000149011612
1780294756.765169859,1780294756.764690161,0.10000000149011612
1780294756.788815260,1780294756.787149429,0.10000000149011612
1780294756.799490213,1780294756.798366308,0.10000000149011612
1780294756.828062057,1780294756.820538998,0.10000000149011612
1780294756.844350576,1780294756.842488289,0.10000000149011612
1780294756.865516186,1780294756.865107298,0.10000000149011612
1780294756.888461113,1780294756.887724400,0.10000000149011612
1780294756.900943279,1780294756.900377035,0.10000000149011612
1780294756.924843788,1780294756.923352480,0.10000000149011612
1780294756.949441195,1780294756.945554256,0.10000000149011612
1780294756.968285799,1780294756.967750311,0.10000000149011612
1780294756.979820967,1780294756.979354620,0.10000000149011612
1780294757.008910656,1780294757.003679752,0.10000000149011612
1780294757.026903629,1780294757.026259184,0.10000000149011612
1780294757.049980640,1780294757.048474073,0.10000000149011612
1780294757.062252045,1780294757.061235666,0.10000000149011612
1780294757.084501266,1780294757.084030867,0.10000000149011612
1780294757.106142044,1780294757.105617523,0.10000000149011612
1780294757.128116608,1780294757.127364159,0.10000000149011612
1780294757.140592575,1780294757.139735699,0.10000000149011612
1780294757.162304878,1780294757.161531448,0.10000000149011612
1780294757.184257746,1780294757.183623314,0.10000000149011612
1780294757.206387520,1780294757.205640078,0.10000000149011612
1780294757.221228838,1780294757.218419790,0.10000000149011612
1780294757.241936922,1780294757.241626740,0.10000000149011612
1780294757.264901638,1780294757.263662100,0.10000000149011612
1780294757.286461115,1780294757.285558939,0.10000000149011612
1780294757.308231115,1780294757.307735443,0.10000000149011612
1780294757.319971085,1780294757.319454670,0.10000000149011612
1780294757.343643427,1780294757.341569901,0.10000000149011612
1780294757.370250463,1780294757.367271662,0.10000000149011612
1780294757.380262613,1780294757.379581928,0.10000000149011612
1780294757.403099537,1780294757.401752472,0.10000000149011612
1780294757.424479008,1780294757.424006462,0.10000000149011612
1780294757.447770119,1780294757.445436716,0.10000000149011612
1780294757.459510326,1780294757.458780766,0.10000000149011612
1780294757.484782934,1780294757.480786324,0.10000000149011612
1780294757.521920919,1780294757.504160166,0.10000000149011612
1780294757.528588295,1780294757.526964664,0.10000000149011612
1780294757.549250603,1780294757.548819780,0.10000000149011612
1780294757.563168526,1780294757.562500238,0.10000000149011612
1780294757.585709572,1780294757.584881306,0.10000000149011612
1780294757.606869459,1780294757.606466055,0.10000000149011612
1780294757.620845318,1780294757.618452549,0.10000000149011612
1780294757.642385721,1780294757.641989708,0.10000000149011612
1780294757.663928986,1780294757.663615227,0.10000000149011612
1780294757.685869217,1780294757.685472965,0.10000000149011612
1780294757.708112240,1780294757.707821608,0.10000000149011612
1780294757.720542669,1780294757.720185280,0.10000000149011612
1780294757.743108034,1780294757.742458344,0.10000000149011612
1780294757.764847994,1780294757.764499903,0.10000000149011612
1780294757.786974430,1780294757.786526918,0.10000000149011612
1780294757.798788309,1780294757.798447609,0.10000000149011612
1780294757.820970058,1780294757.820538521,0.10000000149011612
1780294757.843665123,1780294757.843085051,0.10000000149011612
1780294757.865158558,1780294757.864533186,0.10000000149011612
1780294757.887177467,1780294757.886477232,0.10000000149011612
1780294757.902230501,1780294757.901546955,0.10000000149011612
1780294757.924986124,1780294757.924308538,0.10000000149011612
1780294757.946955204,1780294757.946271896,0.10000000149011612
1780294757.971836567,1780294757.968848467,0.10000000149011612
1780294757.981939077,1780294757.981371880,0.10000000149011612
1780294758.007744074,1780294758.007309675,0.10000000149011612
1780294758.030642509,1780294758.028583765,0.10000000149011612
1780294758.043440342,1780294758.040533304,0.10000000149011612
1780294758.065901279,1780294758.063533306,0.10000000149011612
1780294758.089998245,1780294758.086223364,0.10000000149011612
1780294758.108376741,1780294758.107795954,0.10000000149011612
1780294758.120695114,1780294758.119846582,0.10000000149011612
1780294758.143385410,1780294758.142385483,0.10000000149011612
1780294758.165068865,1780294758.164401531,0.10000000149011612
1780294758.188759804,1780294758.188161612,0.10000000149011612
1780294758.200404882,1780294758.199755907,0.10000000149011612
1780294758.228945494,1780294758.223203659,0.10000000149011612
1780294758.245532274,1780294758.244770527,0.10000000149011612
1780294758.267848492,1780294758.266832352,0.10000000149011612
1780294758.279700994,1780294758.278665543,0.10000000149011612
1780294758.305521965,1780294758.303364515,0.10000000149011612
1780294758.328385830,1780294758.327546597,0.10000000149011612
1780294758.340424538,1780294758.339394331,0.10000000149011612
1780294758.364840984,1780294758.362225771,0.10000000149011612
1780294758.386826277,1780294758.385511637,0.10000000149011612
1780294758.399164438,1780294758.398294687,0.10000000149011612
1780294758.421338558,1780294758.420475245,0.10000000149011612
1780294758.444612026,1780294758.444128036,0.10000000149011612
1780294758.466572762,1780294758.466097116,0.10000000149011612
1780294758.489187479,1780294758.488866329,0.10000000149011612
1780294758.501091957,1780294758.500363111,0.10000000149011612
1780294758.523529291,1780294758.523040771,0.10000000149011612
1780294758.545439482,1780294758.545083761,0.10000000149011612
1780294758.568241835,1780294758.567780256,0.10000000149011612
1780294758.580092669,1780294758.579755068,0.10000000149011612
1780294758.602786064,1780294758.602099419,0.10000000149011612
1780294758.627706289,1780294758.626210451,0.10000000149011612
1780294758.652651310,1780294758.648358345,0.10000000149011612
1780294758.661150694,1780294758.660498857,0.10000000149011612
1780294758.684249640,1780294758.683301687,0.10000000149011612
1780294758.706279516,1780294758.705664873,0.10000000149011612
1780294758.728947401,1780294758.728366613,0.10000000149011612
1780294758.743647337,1780294758.740344286,0.10000000149011612
1780294758.764997959,1780294758.762580633,0.10000000149011612
1780294758.785074234,1780294758.784379005,0.10000000149011612
1780294758.807856798,1780294758.806781292,0.10000000149011612
1780294758.818805456,1780294758.818274021,0.10000000149011612
1780294758.844095230,1780294758.840365171,0.10000000149011612
1780294758.865221500,1780294758.864481688,0.10000000149011612
1780294758.894788265,1780294758.887384892,0.10000000149011612
1780294758.903034925,1780294758.899377584,0.10000000149011612
1780294758.923521757,1780294758.921719313,0.10000000149011612
1780294758.945363760,1780294758.945050001,0.10000000149011612
1780294758.966876745,1780294758.966611385,0.10000000149011612
1780294758.989689112,1780294758.988635540,0.10000000149011612
1780294759.002714872,1780294759.000571251,0.10000000149011612
1780294759.028535604,1780294759.024459600,0.10000000149011612
1780294759.047315121,1780294759.046499491,0.10000000149011612
1780294759.059248447,1780294759.058313608,0.10000000149011612
1780294759.082885981,1780294759.082273245,0.10000000149011612
1780294759.105642080,1780294759.104874134,0.10000000149011612
1780294759.128841639,1780294759.128324509,0.10000000149011612
1780294759.141276360,1780294759.140504837,0.10000000149011612
1780294759.164212942,1780294759.163864374,0.10000000149011612
1780294759.186269283,1780294759.185366631,0.10000000149011612
1780294759.200220585,1780294759.198478937,0.10000000149011612
1780294759.224516392,1780294759.223886967,0.10000000149011612
1780294759.247491121,1780294759.246989965,0.10000000149011612
1780294759.258678198,1780294759.258293867,0.10000000149011612
1780294759.281285763,1780294759.280557156,0.10000000149011612
1780294759.303408146,1780294759.302533150,0.10000000149011612
1780294759.326470137,1780294759.325911283,0.10000000149011612
1780294759.349122763,1780294759.347713709,0.10000000149011612
1780294759.362098217,1780294759.361155272,0.10000000149011612
1780294759.384942532,1780294759.384463787,0.10000000149011612
1780294759.407221556,1780294759.406755686,0.10000000149011612
1780294759.420030832,1780294759.419688463,0.10000000149011612
1780294759.442496061,1780294759.441767454,0.10000000149011612
1780294759.472845316,1780294759.464407444,0.10000000149011612
1780294759.487630367,1780294759.487156153,0.10000000149011612
1780294759.502761126,1780294759.499461174,0.10000000149011612
1780294759.523124218,1780294759.521780729,0.10000000149011612
1780294759.548698187,1780294759.544243574,0.10000000149011612
1780294759.568756819,1780294759.565887928,0.10000000149011612
1780294759.587990046,1780294759.587700367,0.10000000149011612
1780294759.603157282,1780294759.599894285,0.10000000149011612
1780294759.624779224,1780294759.621651173,0.10000000149011612
1780294759.648114681,1780294759.643769979,0.10000000149011612
1780294759.670655966,1780294759.666197300,0.10000000149011612
1780294759.698708534,1780294759.688016415,0.10000000149011612
1780294759.711833715,1780294759.700702667,0.10000000149011612
1780294759.726559162,1780294759.724706411,0.10000000149011612
1780294759.749679327,1780294759.746577501,0.10000000149011612
1780294759.769901991,1780294759.768562317,0.10000000149011612
1780294759.785222054,1780294759.783260822,0.10000000149011612
1780294759.807661057,1780294759.805905581,0.10000000149011612
1780294759.828942776,1780294759.827636719,0.10000000149011612
1780294759.840241194,1780294759.839315414,0.10000000149011612
1780294759.863384485,1780294759.861326694,0.10000000149011612
1780294759.884573698,1780294759.883437872,0.10000000149011612
1780294759.906685352,1780294759.905362606,0.10000000149011612
1780294759.929721117,1780294759.927531242,0.10000000149011612
1780294759.939703703,1780294759.939398766,0.10000000149011612
1780294759.961860180,1780294759.961313486,0.10000000149011612
1780294759.984865427,1780294759.983631849,0.10000000149011612
1780294760.005836964,1780294760.005451679,0.10000000149011612
1780294760.028128624,1780294760.027627707,0.10000000149011612
1780294760.039919138,1780294760.039626122,0.10000000149011612
1780294760.061969757,1780294760.061694384,0.10000000149011612
1780294760.084017754,1780294760.083747387,0.10000000149011612
1780294760.106145382,1780294760.105459452,0.10000000149011612
1780294760.128024578,1780294760.127760887,0.10000000149011612
1780294760.144762993,1780294760.144137859,0.10000000149011612
1780294760.167270184,1780294760.166071177,0.10000000149011612
1780294760.187750816,1780294760.187474966,0.10000000149011612
1780294760.205778599,1780294760.201772213,0.10000000149011612
1780294760.224247694,1780294760.223878860,0.10000000149011612
1780294760.246019602,1780294760.245382309,0.10000000149011612
1780294760.267792940,1780294760.267344713,0.10000000149011612
1780294760.279881001,1780294760.279449224,0.10000000149011612
1780294760.301718235,1780294760.301421881,0.10000000149011612
1780294760.324447393,1780294760.323984385,0.10000000149011612
1780294760.345774889,1780294760.345464706,0.10000000149011612
1780294760.369152546,1780294760.368654251,0.10000000149011612
1780294760.384110212,1780294760.383446932,0.10000000149011612
1780294760.406691074,1780294760.405384064,0.10000000149011612
1780294760.429427624,1780294760.427411318,0.10000000149011612
1780294760.450649023,1780294760.449336052,0.10000000149011612
1780294760.464595795,1780294760.461230993,0.10000000149011612
1780294760.484952927,1780294760.483406544,0.10000000149011612
1780294760.506116390,1780294760.505348206,0.10000000149011612
1780294760.528747082,1780294760.527433157,0.10000000149011612
1780294760.539536953,1780294760.539203644,0.10000000149011612
1780294760.563920021,1780294760.561599731,0.10000000149011612
1780294760.584282637,1780294760.583979845,0.10000000149011612
1780294760.606897593,1780294760.605809689,0.10000000149011612
1780294760.628391743,1780294760.627858639,0.10000000149011612
1780294760.640124321,1780294760.639786959,0.10000000149011612
1780294760.662055016,1780294760.661714077,0.10000000149011612
1780294760.686216116,1780294760.684751987,0.10000000149011612
1780294760.707682848,1780294760.706774235,0.10000000149011612
1780294760.720899343,1780294760.720168591,0.10000000149011612
1780294760.743104219,1780294760.742726803,0.10000000149011612
1780294760.765161037,1780294760.764745235,0.10000000149011612
1780294760.788397789,1780294760.788078308,0.10000000149011612
1780294760.802666187,1780294760.801918983,0.10000000149011612
1780294760.824295759,1780294760.824017286,0.10000000149011612
1780294760.846677303,1780294760.846187353,0.10000000149011612
1780294760.859229565,1780294760.858616114,0.10000000149011612
1780294760.883151293,1780294760.881089926,0.10000000149011612
1780294760.905555725,1780294760.904766798,0.10000000149011612
1780294760.929046869,1780294760.926761150,0.10000000149011612
1780294760.938790083,1780294760.938395977,0.10000000149011612
1780294760.961212635,1780294760.960819483,0.10000000149011612
1780294760.983158112,1780294760.982370138,0.10000000149011612
1780294761.008616924,1780294761.006462336,0.10000000149011612
1780294761.020420313,1780294761.019640923,0.10000000149011612
1780294761.042360783,1780294761.041881323,0.10000000149011612
1780294761.066113949,1780294761.065562248,0.10000000149011612
1780294761.090375185,1780294761.088782549,0.10000000149011612
1780294761.101446629,1780294761.100807190,0.10000000149011612
1780294761.123526573,1780294761.123068094,0.10000000149011612
1780294761.145298958,1780294761.144746542,0.10000000149011612
1780294761.174118757,1780294761.167631626,0.10000000149011612
1780294761.180277348,1780294761.179923773,0.10000000149011612
1780294761.202813864,1780294761.202358723,0.10000000149011612
1780294761.224742651,1780294761.224382401,0.10000000149011612
1780294761.248379230,1780294761.246886253,0.10000000149011612
1780294761.260272503,1780294761.259791374,0.10000000149011612
1780294761.284731150,1780294761.281776190,0.10000000149011612
1780294761.303779364,1780294761.300148249,0.10000000149011612
1780294761.330060244,1780294761.328783512,0.10000000149011612
1780294761.340956688,1780294761.340533018,0.10000000149011612
1780294761.363713503,1780294761.363387108,0.10000000149011612
1780294761.389291286,1780294761.387525797,0.10000000149011612
1780294761.402322054,1780294761.401098013,0.10000000149011612
1780294761.424029350,1780294761.423233032,0.10000000149011612
1780294761.445759296,1780294761.445377111,0.10000000149011612
1780294761.469502926,1780294761.468944073,0.10000000149011612
1780294761.482449055,1780294761.481742144,0.10000000149011612
1780294761.509454727,1780294761.504974842,0.10000000149011612
1780294761.528236151,1780294761.527065992,0.10000000149011612
1780294761.542618752,1780294761.538407564,0.10000000149011612
1780294761.564749002,1780294761.562358856,0.10000000149011612
1780294761.584919453,1780294761.584480524,0.10000000149011612
1780294761.608384132,1780294761.607130527,0.10000000149011612
1780294761.631113052,1780294761.629546881,0.10000000149011612
1780294761.643340588,1780294761.642263174,0.10000000149011612
1780294761.668131351,1780294761.666318655,0.10000000149011612
1780294761.690582991,1780294761.688794851,0.10000000149011612
1780294761.703650236,1780294761.700679541,0.10000000149011612
1780294761.726594687,1780294761.724514961,0.10000000149011612
1780294761.747771978,1780294761.746721745,0.10000000149011612
1780294761.759447098,1780294761.758998871,0.10000000149011612
1780294761.783894300,1780294761.782694340,0.10000000149011612
1780294761.805320501,1780294761.804783583,0.10000000149011612
1780294761.828597069,1780294761.827641726,0.10000000149011612
1780294761.852357626,1780294761.850447655,0.10000000149011612
1780294761.863550901,1780294761.862843275,0.10000000149011612
1780294761.886145115,1780294761.885081291,0.10000000149011612
1780294761.907589436,1780294761.907230377,0.10000000149011612
1780294761.931134462,1780294761.930618286,0.10000000149011612
1780294761.944485188,1780294761.942328215,0.10000000149011612
1780294761.968612432,1780294761.964808941,0.10000000149011612
1780294761.987307310,1780294761.986726999,0.10000000149011612
1780294761.998968124,1780294761.998632431,0.10000000149011612
1780294762.023221016,1780294762.022130251,0.10000000149011612
1780294762.044637918,1780294762.043601513,0.10000000149011612
1780294762.065925121,1780294762.065313816,0.10000000149011612
1780294762.080409765,1780294762.079813719,0.10000000149011612
1780294762.103669167,1780294762.102700710,0.10000000149011612
1780294762.125955582,1780294762.125571012,0.10000000149011612
1780294762.138494015,1780294762.138220072,0.10000000149011612
1780294762.163569450,1780294762.162437677,0.10000000149011612
1780294762.185275078,1780294762.184900522,0.10000000149011612
1780294762.208194494,1780294762.207781553,0.10000000149011612
1780294762.221128225,1780294762.220737934,0.10000000149011612
1780294762.243011236,1780294762.242425680,0.10000000149011612
1780294762.265899181,1780294762.264312029,0.10000000149011612
1780294762.288622141,1780294762.287782431,0.10000000149011612
1780294762.299759626,1780294762.299233437,0.10000000149011612
1780294762.324067354,1780294762.323358536,0.10000000149011612
1780294762.345200062,1780294762.344690323,0.10000000149011612
1780294762.359601736,1780294762.359406471,0.10000000149011612
1780294762.381895781,1780294762.381382704,0.10000000149011612
1780294762.405324936,1780294762.404847622,0.10000000149011612
1780294762.427408218,1780294762.426743031,0.10000000149011612
1780294762.438644409,1780294762.438320160,0.10000000149011612
1780294762.463312864,1780294762.461776495,0.10000000149011612
1780294762.483986378,1780294762.483407259,0.10000000149011612
1780294762.505856514,1780294762.505360126,0.10000000149011612
1780294762.527996778,1780294762.527423620,0.10000000149011612
1780294762.540114403,1780294762.539498806,0.10000000149011612
1780294762.564939260,1780294762.562633753,0.10000000149011612
1780294762.584670305,1780294762.584323883,0.10000000149011612
1780294762.609588861,1780294762.608015537,0.10000000149011612
1780294762.621771097,1780294762.621054411,0.10000000149011612
1780294762.647186279,1780294762.644278526,0.10000000149011612
1780294762.668460608,1780294762.667810202,0.10000000149011612
1780294762.682047844,1780294762.681155205,0.10000000149011612
1780294762.704124928,1780294762.703375816,0.10000000149011612
1780294762.720820665,1780294762.720344543,0.10000000149011612
1780294762.744526148,1780294762.742990971,0.10000000149011612
1780294762.769292355,1780294762.768512011,0.10000000149011612
1780294762.780936241,1780294762.780611515,0.10000000149011612
1780294762.813930750,1780294762.804003477,0.10000000149011612
1780294762.824195862,1780294762.823641300,0.10000000149011612
1780294762.851379156,1780294762.846136808,0.10000000149011612
1780294762.859587431,1780294762.858906031,0.10000000149011612
1780294762.884274006,1780294762.881202936,0.10000000149011612
1780294762.904797077,1780294762.903761148,0.10000000149011612
1780294762.925600529,1780294762.925278902,0.10000000149011612
1780294762.949309111,1780294762.948698759,0.10000000149011612
1780294762.960965157,1780294762.960376263,0.10000000149011612
1780294762.982759953,1780294762.982494593,0.10000000149011612
1780294763.006173372,1780294763.005717754,0.10000000149011612
1780294763.027603865,1780294763.027327061,0.10000000149011612
1780294763.039693117,1780294763.039118528,0.10000000149011612
1780294763.063327074,1780294763.061811209,0.10000000149011612
1780294763.083952427,1780294763.083590269,0.10000000149011612
1780294763.106720209,1780294763.106173992,0.10000000149011612
1780294763.129802942,1780294763.129428864,0.10000000149011612
1780294763.142863512,1780294763.142252684,0.10000000149011612
1780294763.166696548,1780294763.166011572,0.10000000149011612
1780294763.188275814,1780294763.187719107,0.10000000149011612
1780294763.202465057,1780294763.199742556,0.10000000149011612
1780294763.224609613,1780294763.223571062,0.10000000149011612
1780294763.251024485,1780294763.245408058,0.10000000149011612
1780294763.259510994,1780294763.258878946,0.10000000149011612
1780294763.285517931,1780294763.284179688,0.10000000149011612
1780294763.308252573,1780294763.307656288,0.10000000149011612
1780294763.320752859,1780294763.319556952,0.10000000149011612
1780294763.342680693,1780294763.342052698,0.10000000149011612
1780294763.366706848,1780294763.365154028,0.10000000149011612
1780294763.378980160,1780294763.378475189,0.10000000149011612
1780294763.401632309,1780294763.400858402,0.10000000149011612
1780294763.423316479,1780294763.422382832,0.10000000149011612
1780294763.445738554,1780294763.445060253,0.10000000149011612
1780294763.462332964,1780294763.461550713,0.10000000149011612
1780294763.483913422,1780294763.483414412,0.10000000149011612
1780294763.506618023,1780294763.505484343,0.10000000149011612
1780294763.529190540,1780294763.528846502,0.10000000149011612
1780294763.540542126,1780294763.540165424,0.10000000149011612
1780294763.563578844,1780294763.562360048,0.10000000149011612
1780294763.586533785,1780294763.585515499,0.10000000149011612
1780294763.607903242,1780294763.607150793,0.10000000149011612
1780294763.619818211,1780294763.619481564,0.10000000149011612
1780294763.642019272,1780294763.641673565,0.10000000149011612
1780294763.666531324,1780294763.663961172,0.10000000149011612
1780294763.687254190,1780294763.686525106,0.10000000149011612
1780294763.709516764,1780294763.708520889,0.10000000149011612
1780294763.724201441,1780294763.722753048,0.10000000149011612
1780294763.747344494,1780294763.746257782,0.10000000149011612
1780294763.769792557,1780294763.768816948,0.10000000149011612
1780294763.783968925,1780294763.780627012,0.10000000149011612
1780294763.805800676,1780294763.805250168,0.10000000149011612
1780294763.820743561,1780294763.819888592,0.10000000149011612
1780294763.843813181,1780294763.841215134,0.10000000149011612
1780294763.869346619,1780294763.867178679,0.10000000149011612
1780294763.896941423,1780294763.889852762,0.10000000149011612
1780294763.903744936,1780294763.901577473,0.10000000149011612
1780294763.926175117,1780294763.923772812,0.10000000149011612
1780294763.948641062,1780294763.946491718,0.10000000149011612
1780294763.969792604,1780294763.968510866,0.10000000149011612
1780294763.982714891,1780294763.981675863,0.10000000149011612
1780294764.006304979,1780294764.004705429,0.10000000149011612
1780294764.027430534,1780294764.026473522,0.10000000149011612
1780294764.039327860,1780294764.038078308,0.10000000149011612
1780294764.071518898,1780294764.070432663,0.10000000149011612
1780294764.084857941,1780294764.083065510,0.10000000149011612
1780294764.106961012,1780294764.105911732,0.10000000149011612
1780294764.120801449,1780294764.120190144,0.10000000149011612
1780294764.143905401,1780294764.142342567,0.10000000149011612
1780294764.164634466,1780294764.164190531,0.10000000149011612
1780294764.187209129,1780294764.186230898,0.10000000149011612
1780294764.211679459,1780294764.211006641,0.10000000149011612
1780294764.224714279,1780294764.223453045,0.10000000149011612
1780294764.252658606,1780294764.250043154,0.10000000149011612
1780294764.264142275,1780294764.261912107,0.10000000149011612
1780294764.285237312,1780294764.283457279,0.10000000149011612
1780294764.306689739,1780294764.305245638,0.10000000149011612
1780294764.330394506,1780294764.328135967,0.10000000149011612
1780294764.342164516,1780294764.340749025,0.10000000149011612
1780294764.364166260,1780294764.363318920,0.10000000149011612
1780294764.386640310,1780294764.385327339,0.10000000149011612
1780294764.403314114,1780294764.402424097,0.10000000149011612
1780294764.427176237,1780294764.426045656,0.10000000149011612
1780294764.440189362,1780294764.439397812,0.10000000149011612
1780294764.463749647,1780294764.461396456,0.10000000149011612
1780294764.486066103,1780294764.483833075,0.10000000149011612
1780294764.506673098,1780294764.505573750,0.10000000149011612
1780294764.528666735,1780294764.527522326,0.10000000149011612
1780294764.550655365,1780294764.549112797,0.10000000149011612
1780294764.562620640,1780294764.561162949,0.10000000149011612
1780294764.585010529,1780294764.583747864,0.10000000149011612
1780294764.606365442,1780294764.605425358,0.10000000149011612
1780294764.628405094,1780294764.627729893,0.10000000149011612
1780294764.639703035,1780294764.639144182,0.10000000149011612
1780294764.661652565,1780294764.661302805,0.10000000149011612
1780294764.684332371,1780294764.683364391,0.10000000149011612
1780294764.706704140,1780294764.705613613,0.10000000149011612
1780294764.728143454,1780294764.727484703,0.10000000149011612
1780294764.740456581,1780294764.739071846,0.10000000149011612
1780294764.765445471,1780294764.763686180,0.10000000149011612
1780294764.789041996,1780294764.786199570,0.10000000149011612
1780294764.811865807,1780294764.808343887,0.10000000149011612
1780294764.822877645,1780294764.820198298,0.10000000149011612
1780294764.843536854,1780294764.842299938,0.10000000149011612
1780294764.865016937,1780294764.864526033,0.10000000149011612
1780294764.887034416,1780294764.886207342,0.10000000149011612
1780294764.908819675,1780294764.908111095,0.10000000149011612
1780294764.920889854,1780294764.920424938,0.10000000149011612
1780294764.943979979,1780294764.943129778,0.10000000149011612
1780294764.966559887,1780294764.965298653,0.10000000149011612
1780294764.989466190,1780294764.987542152,0.10000000149011612
1780294765.004653454,1780294764.999193192,0.10000000149011612
1780294765.021710873,1780294765.021306276,0.10000000149011612
1780294765.044608355,1780294765.043196440,0.10000000149011612
1780294765.066584587,1780294765.065537930,0.10000000149011612
1780294765.080455542,1780294765.079086542,0.10000000149011612
1780294765.103668690,1780294765.102944374,0.10000000149011612
1780294765.126869917,1780294765.126277924,0.10000000149011612
1780294765.149286032,1780294765.148774862,0.10000000149011612
1780294765.164252281,1780294765.163444281,0.10000000149011612
1780294765.188849926,1780294765.185472727,0.10000000149011612
1780294765.209558487,1780294765.208103657,0.10000000149011612
1780294765.223037958,1780294765.221211672,0.10000000149011612
1780294765.243919611,1780294765.243444681,0.10000000149011612
1780294765.267217636,1780294765.266389847,0.10000000149011612
1780294765.284138680,1780294765.283638954,0.10000000149011612
1780294765.310714960,1780294765.309588432,0.10000000149011612
1780294765.321803093,1780294765.321355343,0.10000000149011612
1780294765.344514132,1780294765.343112469,0.10000000149011612
1780294765.359025240,1780294765.358187199,0.10000000149011612
1780294765.381023169,1780294765.380468607,0.10000000149011612
1780294765.409915447,1780294765.402687550,0.10000000149011612
1780294765.426998138,1780294765.426254034,0.10000000149011612
1780294765.448825121,1780294765.448379755,0.10000000149011612
1780294765.461058855,1780294765.460479021,0.10000000149011612
1780294765.484723091,1780294765.484027624,0.10000000149011612
1780294765.508077383,1780294765.507196903,0.18000000715255737
1780294765.519687891,1780294765.519016266,0.18000000715255737
1780294765.542109966,1780294765.541615963,0.25
1780294765.565909863,1780294765.564395666,0.33000001311302185
1780294765.588797331,1780294765.588328600,0.33000001311302185
1780294765.603007317,1780294765.602032185,0.41999998688697815
1780294765.626159906,1780294765.625473261,0.5699999928474426
1780294765.647993565,1780294765.647405863,0.5699999928474426
1780294765.659730196,1780294765.659144640,0.6700000166893005
1780294765.684233665,1780294765.683519363,0.800000011920929
1780294765.706763029,1780294765.706168890,0.800000011920929
1780294765.725276709,1780294765.724889517,0.9200000166893005
1780294765.747777939,1780294765.747389555,0.9200000166893005
1780294765.764121056,1780294765.763420105,1.0700000524520874
1780294765.794190168,1780294765.793746710,1.159999966621399
1780294765.806027889,1780294765.805397987,1.159999966621399
1780294765.827939272,1780294765.827096224,1.25
1780294765.840061188,1780294765.839338541,1.350000023841858
1780294765.865462303,1780294765.863594294,1.350000023841858
1780294765.886177540,1780294765.885055542,1.399999976158142
1780294765.899537086,1780294765.899088621,1.5099999904632568
1780294765.924254417,1780294765.923766613,1.5099999904632568
1780294765.945487022,1780294765.945077181,1.5700000524520874
1780294765.968348980,1780294765.967858791,1.659999966621399
1780294765.980139494,1780294765.979670286,1.659999966621399
1780294766.004243612,1780294766.003366709,1.7200000286102295
1780294766.026991844,1780294766.025897503,1.7699999809265137
1780294766.049196482,1780294766.048481941,1.7699999809265137
1780294766.061413050,1780294766.060335159,1.7999999523162842
1780294766.085422754,1780294766.082968473,1.7999999523162842
1780294766.108805418,1780294766.105930328,1.909999966621399
1780294766.127835035,1780294766.127289295,1.9700000286102295
1780294766.139415503,1780294766.139073372,1.9700000286102295
1780294766.165959597,1780294766.164950371,1.9800000190734863
1780294766.190013409,1780294766.189406872,2.0299999713897705
1780294766.203469515,1780294766.202862263,2.0299999713897705
1780294766.227900267,1780294766.226040602,2.0299999713897705
1780294766.240067720,1780294766.239459276,2.0199999809265137
1780294766.258345842,1780294766.257988691,2.0199999809265137
1780294766.281107426,1780294766.280617714,2.0199999809265137
1780294766.306130648,1780294766.303333759,2.0199999809265137
1780294766.328469515,1780294766.325478077,2.0199999809265137
1780294766.347748041,1780294766.347079754,2.0199999809265137
1780294766.359540224,1780294766.359162331,2.0199999809265137
1780294766.385264158,1780294766.381187677,2.0199999809265137
1780294766.399486065,1780294766.399050951,2.0199999809265137
1780294766.420843363,1780294766.420066357,2.0199999809265137
1780294766.447405100,1780294766.446155071,2.0199999809265137
1780294766.468487501,1780294766.468171835,2.0199999809265137
1780294766.480679989,1780294766.480001926,2.0199999809265137
1780294766.506739855,1780294766.503646374,2.0199999809265137
1780294766.526731491,1780294766.525062084,2.0299999713897705
1780294766.549437761,1780294766.548469543,2.0299999713897705
1780294766.562931776,1780294766.561011791,2.0299999713897705
1780294766.588375568,1780294766.585169077,2.0299999713897705
1780294766.610471010,1780294766.608436584,2.0299999713897705
1780294766.624317884,1780294766.623069525,2.0299999713897705
1780294766.647496700,1780294766.646074772,2.0299999713897705
1780294766.663316965,1780294766.661765814,2.0299999713897705
1780294766.686038017,1780294766.685098171,2.0299999713897705
1780294766.707773924,1780294766.707400799,2.0299999713897705
1780294766.729885101,1780294766.729173183,2.0299999713897705
1780294766.743609667,1780294766.742474556,2.0199999809265137
1780294766.764781237,1780294766.764350176,2.0199999809265137
1780294766.786624908,1780294766.786219120,2.0199999809265137
1780294766.799922943,1780294766.799068213,2.0799999237060547
1780294766.823596716,1780294766.821322441,2.0799999237060547
1780294766.846277237,1780294766.844405651,2.119999885559082
1780294766.869373560,1780294766.867226362,2.2200000286102295
1780294766.880119562,1780294766.879161119,2.2200000286102295
1780294766.903883219,1780294766.902700663,2.309999942779541
1780294766.925533772,1780294766.924265623,2.4000000953674316
1780294766.948629618,1780294766.948030710,2.4000000953674316
1780294766.962369680,1780294766.960962772,2.4600000381469727
1780294766.985373259,1780294766.983484745,2.4600000381469727
1780294767.010131359,1780294767.007557154,2.4600000381469727
1780294767.020510912,1780294767.019608259,2.450000047683716
1780294767.045093536,1780294767.041686296,2.4200000762939453
1780294767.066578388,1780294767.063397646,2.4200000762939453
1780294767.087856770,1780294767.087251902,2.440000057220459
1780294767.100528717,1780294767.099010944,2.440000057220459
1780294767.125624418,1780294767.125030518,2.450000047683716
1780294767.149211645,1780294767.147569895,2.440000057220459
1780294767.159767628,1780294767.159022093,2.440000057220459
1780294767.183303833,1780294767.181239128,2.440000057220459
1780294767.203617573,1780294767.203119278,2.440000057220459
1780294767.225461245,1780294767.225105047,2.440000057220459
1780294767.243287563,1780294767.242526770,2.440000057220459
1780294767.264489651,1780294767.264136553,2.440000057220459
1780294767.280233383,1780294767.279697180,2.440000057220459
1780294767.303363323,1780294767.302721739,2.440000057220459
1780294767.325385332,1780294767.324436665,2.440000057220459
1780294767.351261139,1780294767.346570969,2.440000057220459
1780294767.368349314,1780294767.368029833,2.440000057220459
1780294767.380405426,1780294767.379927158,2.440000057220459
1780294767.402490377,1780294767.402224302,2.440000057220459
1780294767.424879074,1780294767.424467802,2.440000057220459
1780294767.446578741,1780294767.446147203,2.440000057220459
1780294767.459361792,1780294767.458168983,2.440000057220459
1780294767.481003523,1780294767.480565071,2.5199999809265137
1780294767.504029751,1780294767.503376007,2.5199999809265137
1780294767.525469542,1780294767.525143623,2.5899999141693115
1780294767.548070669,1780294767.547430754,2.7200000286102295
1780294767.559482574,1780294767.559075117,2.7200000286102295
1780294767.584269762,1780294767.583207607,2.819999933242798
1780294767.605386496,1780294767.605076790,2.9200000762939453
1780294767.628077507,1780294767.627374172,2.9200000762939453
1780294767.640074968,1780294767.639294624,2.9800000190734863
1780294767.671772003,1780294767.671339989,3.0
1780294767.684431314,1780294767.682940245,3.0
1780294767.705610037,1780294767.705064058,2.990000009536743
1780294767.728021383,1780294767.727070332,2.9800000190734863
1780294767.739405155,1780294767.738940239,2.9800000190734863
1780294767.763532400,1780294767.762079239,3.0
1780294767.786297083,1780294767.784663439,2.990000009536743
1780294767.807385921,1780294767.806112766,2.990000009536743
1780294767.818891287,1780294767.818145514,2.990000009536743
1780294767.840567827,1780294767.840153933,2.990000009536743
1780294767.862654209,1780294767.862061739,2.990000009536743
1780294767.885018826,1780294767.884271622,2.990000009536743
1780294767.907340288,1780294767.906131506,2.990000009536743
1780294767.930140972,1780294767.929775715,2.990000009536743
1780294767.945057631,1780294767.944267035,2.990000009536743
1780294767.970344305,1780294767.969899893,2.990000009536743
1780294767.984373331,1780294767.983444929,2.950000047683716
1780294768.001047850,1780294768.000630140,2.890000104904175
1780294768.025054932,1780294768.024601936,2.890000104904175
1780294768.048691511,1780294768.047737837,2.819999933242798
1780294768.062880516,1780294768.060176373,2.700000047683716
1780294768.086855888,1780294768.084837437,2.700000047683716
1780294768.107732534,1780294768.107382298,2.5999999046325684
1780294768.121909142,1780294768.121593714,2.5999999046325684
1780294768.147055626,1780294768.143686771,2.4700000286102295
1780294768.165437460,1780294768.165034294,2.259999990463257
1780294768.178224087,1780294768.177926064,2.259999990463257
1780294768.204204798,1780294768.201791048,2.2200000286102295
1780294768.223752737,1780294768.223487616,2.0899999141693115
1780294768.252050400,1780294768.250854969,2.0899999141693115
1780294768.263341665,1780294768.262675047,2.0
1780294768.284964800,1780294768.284481287,1.850000023841858
1780294768.306052685,1780294768.301231384,1.850000023841858
1780294768.327001810,1780294768.323492765,1.7699999809265137
1780294768.346818924,1780294768.345229149,1.6200000047683716
1780294768.364312887,1780294768.361578465,1.6200000047683716
1780294768.384573221,1780294768.383250713,1.559999942779541
1780294768.407727242,1780294768.405781031,1.4800000190734863
1780294768.428534031,1780294768.427201509,1.4800000190734863
1780294768.439634800,1780294768.439160824,1.440000057220459
1780294768.462204695,1780294768.461034536,1.3700000047683716
1780294768.485669851,1780294768.484640360,1.3700000047683716
1780294768.507190704,1780294768.506033182,1.350000023841858
1780294768.520674706,1780294768.520027637,1.3200000524520874
1780294768.544150352,1780294768.543143511,1.3200000524520874
1780294768.567804575,1780294768.566064596,1.25
1780294768.588806152,1780294768.588087797,1.25
1780294768.602099419,1780294768.600044966,1.159999966621399
1780294768.624584913,1780294768.623869419,0.9800000190734863
1780294768.646469593,1780294768.645479679,0.9800000190734863
1780294768.660056829,1780294768.659338474,0.9800000190734863
1780294768.685723543,1780294768.682442665,0.8500000238418579
1780294768.710410118,1780294768.705246687,0.8500000238418579
1780294768.731594801,1780294768.729898930,0.800000011920929
1780294768.743926525,1780294768.742329359,0.7599999904632568
1780294768.765754700,1780294768.764306068,0.7599999904632568
1780294768.786581755,1780294768.786050320,0.7400000095367432
1780294768.809254885,1780294768.808901072,0.7400000095367432
1780294768.822088718,1780294768.821599007,0.7400000095367432
1780294768.840732813,1780294768.840235710,0.7400000095367432
1780294768.863192797,1780294768.862354994,0.7599999904632568
1780294768.886731148,1780294768.885462284,0.7599999904632568
1780294768.905598640,1780294768.898088455,0.75
1780294768.924557209,1780294768.923077106,0.75
1780294768.947016239,1780294768.946602345,0.7400000095367432
1780294768.959797859,1780294768.958758593,0.7400000095367432
1780294768.983468294,1780294768.982104301,0.7400000095367432
1780294769.003715038,1780294769.002562523,0.7400000095367432
1780294769.028796196,1780294769.026510954,0.75
1780294769.049396992,1780294769.048806667,0.75
1780294769.060919523,1780294769.060049295,0.75
1780294769.082900524,1780294769.082389116,0.75
1780294769.105630636,1780294769.104158163,0.75
1780294769.131275654,1780294769.126984358,0.75
1780294769.144634485,1780294769.142537355,0.75
1780294769.159753799,1780294769.158780336,0.75
1780294769.181960583,1780294769.181030035,0.8100000023841858
1780294769.204798222,1780294769.204084396,0.8999999761581421
1780294769.226822138,1780294769.226244450,0.8999999761581421
1780294769.249705553,1780294769.248531580,0.9800000190734863
1780294769.260703087,1780294769.260308743,1.159999966621399
1780294769.283781052,1780294769.283354044,1.159999966621399
1780294769.306387424,1780294769.306002378,1.2599999904632568
1780294769.320651293,1780294769.320218801,1.2599999904632568
1780294769.342769861,1780294769.342412472,1.4199999570846558
1780294769.365669966,1780294769.365208626,1.5199999809265137
1780294769.380728483,1780294769.380339384,1.5199999809265137
1780294769.404573202,1780294769.401965618,1.6399999856948853
1780294769.424818277,1780294769.424156189,1.7400000095367432
1780294769.446884632,1780294769.446040630,1.7400000095367432
1780294769.468977213,1780294769.468701839,1.8200000524520874
1780294769.480535507,1780294769.480200291,1.8700000047683716
1780294769.500875473,1780294769.500463724,1.8700000047683716
1780294769.524699211,1780294769.524307013,1.9299999475479126
1780294769.546613216,1780294769.545934677,1.9500000476837158
1780294769.558996916,1780294769.558376789,1.9500000476837158
1780294769.582046032,1780294769.581180811,2.009999990463257
1780294769.604762316,1780294769.604107618,2.0999999046325684
1780294769.629793167,1780294769.629251003,2.0999999046325684
1780294769.644514322,1780294769.643661022,2.190000057220459
1780294769.665515900,1780294769.665037870,2.380000114440918
1780294769.687286615,1780294769.687005043,2.380000114440918
1780294769.700630903,1780294769.699457169,2.490000009536743
1780294769.723979235,1780294769.723716974,2.490000009536743
1780294769.747595310,1780294769.746888638,2.740000009536743
1780294769.766177654,1780294769.765309572,3.009999990463257
1780294769.779943228,1780294769.778924942,3.009999990463257
1780294769.805508614,1780294769.804962158,3.0299999713897705
1780294769.828508854,1780294769.827656984,3.0999999046325684
1780294769.839509964,1780294769.839174747,3.0999999046325684
1780294769.861770868,1780294769.861030817,3.1700000762939453
1780294769.883736134,1780294769.882970810,3.2200000286102295
1780294769.905580997,1780294769.905167103,3.2200000286102295
1780294769.928701639,1780294769.927014112,3.2200000286102295
1780294769.940215826,1780294769.938998938,3.2100000381469727
1780294769.963986635,1780294769.962394714,3.2100000381469727
1780294769.984978199,1780294769.983954668,3.2300000190734863
1780294770.007598400,1780294770.006645441,3.2100000381469727
1780294770.029630423,1780294770.028041840,3.2100000381469727
1780294770.040851355,1780294770.039817095,3.2100000381469727
1780294770.063346624,1780294770.062732935,3.2100000381469727
1780294770.085839748,1780294770.085081577,3.2200000286102295
1780294770.108850002,1780294770.107958794,3.2200000286102295
1780294770.120803356,1780294770.120387554,3.2200000286102295
1780294770.145027876,1780294770.144235611,3.2200000286102295
1780294770.168063164,1780294770.166551828,3.2200000286102295
1780294770.188777685,1780294770.187941790,3.2200000286102295
1780294770.201045990,1780294770.200057507,3.2200000286102295
1780294770.222935438,1780294770.222242117,3.2200000286102295
1780294770.244645834,1780294770.243963957,3.2200000286102295
1780294770.267836571,1780294770.267173529,3.2200000286102295
1780294770.280556202,1780294770.279974461,3.2200000286102295
1780294770.310551405,1780294770.307371140,3.2200000286102295
1780294770.328810930,1780294770.326569796,3.2200000286102295
1780294770.340405464,1780294770.338129520,3.2200000286102295
1780294770.362057924,1780294770.360253334,3.2200000286102295
1780294770.382673264,1780294770.382020235,3.2200000286102295
1780294770.404758692,1780294770.403933287,3.2200000286102295
1780294770.428598404,1780294770.426908731,3.2200000286102295
1780294770.450073242,1780294770.448905706,3.2200000286102295
1780294770.463047028,1780294770.462206602,3.2200000286102295
1780294770.484434366,1780294770.483973503,3.2200000286102295
1780294770.506209373,1780294770.505978584,3.2200000286102295
1780294770.518592596,1780294770.518217564,3.2200000286102295
1780294770.542240858,1780294770.541829109,3.2200000286102295
1780294770.564398527,1780294770.563912630,3.2200000286102295
1780294770.588026762,1780294770.586631298,3.2200000286102295
1780294770.609933138,1780294770.609574080,3.2200000286102295
1780294770.622127533,1780294770.620946884,3.2200000286102295
1780294770.645645618,1780294770.643618345,3.2200000286102295
1780294770.667700529,1780294770.667115927,3.2200000286102295
1780294770.680208921,1780294770.678930759,3.2200000286102295
1780294770.710092306,1780294770.708583355,3.2200000286102295
1780294770.723403931,1780294770.722725868,3.2200000286102295
1780294770.746184349,1780294770.745434523,3.2200000286102295
1780294770.767756701,1780294770.766940594,3.2200000286102295
1780294770.792090893,1780294770.791169882,3.2200000286102295
1780294770.803570032,1780294770.802794456,3.2200000286102295
1780294770.824749947,1780294770.823874235,3.2200000286102295
1780294770.848035812,1780294770.847621679,3.2200000286102295
1780294770.863049507,1780294770.862298012,3.2200000286102295
1780294770.884404659,1780294770.884110212,3.2200000286102295
1780294770.907587528,1780294770.907166243,3.2200000286102295
1780294770.923515797,1780294770.923176765,3.2200000286102295
1780294770.946025848,1780294770.944939375,3.319999933242798
1780294770.968837023,1780294770.968276262,3.549999952316284
1780294770.985664129,1780294770.984678030,3.549999952316284
1780294771.007567883,1780294771.007065535,3.700000047683716
1780294771.019758940,1780294771.018850803,3.990000009536743
1780294771.042416334,1780294771.042158842,3.990000009536743
1780294771.065199137,1780294771.064507723,4.139999866485596
1780294771.087294102,1780294771.086973906,4.139999866485596
1780294771.101559401,1780294771.099053383,4.380000114440918
1780294771.121666431,1780294771.121057510,4.650000095367432
1780294771.144308090,1780294771.142990589,4.650000095367432
1780294771.166062117,1780294771.164956331,4.699999809265137
1780294771.178808689,1780294771.178391457,4.869999885559082
1780294771.201352596,1780294771.200794458,4.869999885559082
1780294771.225285530,1780294771.224830866,4.989999771118164
1780294771.238633633,1780294771.237827539,5.21999979019165
1780294771.260626793,1780294771.259993553,5.21999979019165
1780294771.289325714,1780294771.283019066,5.340000152587891
1780294771.308959246,1780294771.306468487,5.559999942779541
1780294771.321128130,1780294771.320819378,5.559999942779541
1780294771.344551325,1780294771.343271255,5.679999828338623
1780294771.366170645,1780294771.365861893,5.829999923706055
1780294771.388624668,1780294771.388228416,5.829999923706055
1780294771.400323153,1780294771.399836302,5.949999809265137
1780294771.427875519,1780294771.426530600,5.949999809265137
1780294771.439461470,1780294771.439137936,5.949999809265137
1780294771.462586403,1780294771.461844683,5.989999771118164
1780294771.484330893,1780294771.483936310,5.989999771118164
1780294771.506983280,1780294771.506521702,5.980000019073486
1780294771.528271198,1780294771.527927876,5.980000019073486
1780294771.542566061,1780294771.542018652,5.980000019073486
1780294771.565170288,1780294771.564278126,5.960000038146973
1780294771.588754177,1780294771.588002443,5.960000038146973
1780294771.600629091,1780294771.599973440,5.960000038146973
1780294771.625090599,1780294771.623434544,5.960000038146973
1780294771.647522926,1780294771.645593643,5.920000076293945
1780294771.660103321,1780294771.658166409,5.920000076293945
1780294771.683452368,1780294771.680979013,5.849999904632568
1780294771.711503506,1780294771.709205866,5.849999904632568
1780294771.723056316,1780294771.721135139,5.760000228881836
1780294771.743910551,1780294771.742986441,5.539999961853027
1780294771.773048639,1780294771.767183304,5.539999961853027
1780294771.780124664,1780294771.779051304,5.510000228881836
1780294771.810498714,1780294771.802765846,5.409999847412109
1780294771.829154491,1780294771.828526974,5.409999847412109
1780294771.840594053,1780294771.839958191,5.320000171661377
1780294771.864273548,1780294771.861926794,5.260000228881836
1780294771.885024786,1780294771.884101629,5.260000228881836
1780294771.907899141,1780294771.906305790,5.25
1780294771.919229507,1780294771.918936968,5.25
1780294771.946639776,1780294771.941561937,5.25
1780294771.968542814,1780294771.966990948,5.25
1780294771.982424974,1780294771.981202126,5.25
1780294772.005739450,1780294772.004185915,5.269999980926514
1780294772.031178236,1780294772.027530670,5.260000228881836
1780294772.039841175,1780294772.038752556,5.260000228881836
1780294772.065232277,1780294772.061051130,5.25
1780294772.085880280,1780294772.083072424,5.25
1780294772.106808424,1780294772.105223179,5.25
1780294772.121826887,1780294772.120787859,5.25
1780294772.143950939,1780294772.143593311,5.260000228881836
1780294772.169631004,1780294772.168742180,5.260000228881836
1780294772.184309244,1780294772.183569431,5.260000228881836
1780294772.214706898,1780294772.207203150,5.260000228881836
1780294772.223434448,1780294772.222770214,5.260000228881836
1780294772.247013330,1780294772.245671511,5.260000228881836
1780294772.259491682,1780294772.258724451,5.260000228881836
1780294772.282795429,1780294772.281280994,5.260000228881836
1780294772.305788517,1780294772.304450274,5.260000228881836
1780294772.327656746,1780294772.326284647,5.260000228881836
1780294772.339792967,1780294772.339329958,5.260000228881836
1780294772.363658428,1780294772.360910177,5.260000228881836
1780294772.385773182,1780294772.385294437,5.260000228881836
1780294772.411309481,1780294772.408421755,5.260000228881836
1780294772.422548532,1780294772.421447039,5.260000228881836
1780294772.445204020,1780294772.444371939,5.260000228881836
1780294772.467207909,1780294772.466873646,5.260000228881836
1780294772.480421305,1780294772.479903936,5.260000228881836
1780294772.503457785,1780294772.502780914,5.260000228881836
1780294772.525417328,1780294772.524977922,5.260000228881836
1780294772.547678232,1780294772.547412872,5.260000228881836
1780294772.559150457,1780294772.558746815,5.28000020980835
1780294772.581178904,1780294772.580829144,5.070000171661377
1780294772.603413343,1780294772.602991104,5.070000171661377
1780294772.626099825,1780294772.625002146,5.050000190734863
1780294772.647480965,1780294772.647206306,4.900000095367432
1780294772.659202337,1780294772.658810854,4.900000095367432
1780294772.682320356,1780294772.681638002,4.789999961853027
1780294772.704581499,1780294772.703929663,4.579999923706055
1780294772.728177786,1780294772.726285934,4.579999923706055
1780294772.748425245,1780294772.747936010,4.46999979019165
1780294772.760445356,1780294772.759809732,4.28000020980835
1780294772.782385826,1780294772.781885386,4.28000020980835
1780294772.815425396,1780294772.815019846,4.150000095367432
1780294772.828658104,1780294772.827997923,4.150000095367432
1780294772.850665808,1780294772.849815130,3.930000066757202
1780294772.863153696,1780294772.861771822,3.609999895095825
1780294772.884476185,1780294772.883863449,3.609999895095825
1780294772.907991171,1780294772.906854868,3.549999952316284
1780294772.919422865,1780294772.919021845,3.3299999237060547
1780294772.945592880,1780294772.944730759,3.3299999237060547
1780294772.968206644,1780294772.967720270,3.2200000286102295
1780294772.979457617,1780294772.978765965,2.9800000190734863
1780294773.004148483,1780294773.003490925,2.9800000190734863
1780294773.029422998,1780294773.028904200,2.880000114440918
1780294773.041688681,1780294773.041383266,2.880000114440918
1780294773.067965269,1780294773.067718267,2.6600000858306885
1780294773.080338001,1780294773.079856873,2.450000047683716
1780294773.099985838,1780294773.099597931,2.450000047683716
1780294773.129240036,1780294773.128808022,2.4100000858306885
1780294773.144915104,1780294773.144540310,2.3299999237060547
1780294773.160374880,1780294773.159988880,2.3299999237060547
1780294773.187955379,1780294773.186911583,2.309999942779541
1780294773.200589657,1780294773.200052500,2.2699999809265137
1780294773.223530769,1780294773.223162413,2.2699999809265137
1780294773.246060610,1780294773.245767355,2.2699999809265137
1780294773.259309769,1780294773.258953094,2.2799999713897705
1780294773.282904863,1780294773.282642603,2.2799999713897705
1780294773.313457012,1780294773.303913116,2.2899999618530273
1780294773.326553106,1780294773.326056480,2.2899999618530273
1780294773.338565588,1780294773.338223696,2.2899999618530273
1780294773.361955166,1780294773.360816002,2.2799999713897705
1780294773.383639812,1780294773.382878065,2.2799999713897705
1780294773.405618191,1780294773.404923677,2.2799999713897705
1780294773.427582264,1780294773.426999092,2.2799999713897705
1780294773.439007282,1780294773.438764334,2.2799999713897705
1780294773.461221218,1780294773.460799217,2.2899999618530273
1780294773.485129595,1780294773.483758926,2.2799999713897705
1780294773.507034302,1780294773.506194353,2.2799999713897705
1780294773.518230200,1780294773.517700195,2.2899999618530273
1780294773.541368246,1780294773.540815592,2.2899999618530273
1780294773.565544128,1780294773.563582897,2.2799999713897705
1780294773.586770296,1780294773.586286306,2.259999990463257
1780294773.599371910,1780294773.598065376,2.259999990463257
1780294773.631230593,1780294773.630243301,2.2799999713897705
1780294773.642366648,1780294773.642016172,2.2799999713897705
1780294773.664946079,1780294773.664457321,2.2799999713897705
1780294773.691076517,1780294773.687705278,2.2799999713897705
1780294773.702750921,1780294773.702468157,2.2799999713897705
1780294773.726073027,1780294773.725425720,2.2799999713897705
1780294773.748330116,1780294773.747871637,2.2799999713897705
1780294773.760386705,1780294773.759933949,2.2799999713897705
1780294773.783696890,1780294773.781767130,2.2799999713897705
1780294773.804782629,1780294773.804296732,2.2799999713897705
1780294773.821152925,1780294773.820413589,2.2799999713897705
1780294773.843992710,1780294773.843673229,2.2799999713897705
1780294773.867391109,1780294773.866380930,2.2799999713897705
1780294773.878021955,1780294773.877698660,2.2799999713897705
1780294773.903122425,1780294773.899989843,2.2799999713897705
1780294773.923067093,1780294773.922640324,2.2799999713897705
1780294773.944256783,1780294773.943778515,2.2799999713897705
1780294773.967642069,1780294773.966943026,2.2799999713897705
1780294773.979580879,1780294773.979082823,2.2799999713897705
1780294774.001705170,1780294774.000894308,2.2799999713897705
1780294774.026850939,1780294774.024051189,2.2799999713897705
1780294774.047874928,1780294774.045944691,2.2799999713897705
1780294774.069602251,1780294774.068036079,2.2799999713897705
1780294774.082060575,1780294774.079990149,2.2799999713897705
1780294774.106805563,1780294774.104436398,2.2799999713897705
1780294774.127073288,1780294774.126595259,2.2799999713897705
1780294774.148879766,1780294774.147960186,2.2799999713897705
1780294774.160490036,1780294774.159770966,2.2799999713897705
1780294774.182260275,1780294774.181976318,2.2799999713897705
1780294774.205303192,1780294774.204829216,2.2799999713897705
1780294774.228113413,1780294774.227206230,2.2799999713897705
1780294774.239487171,1780294774.238782167,2.2799999713897705
1780294774.265620708,1780294774.261227846,2.2799999713897705
1780294774.285104036,1780294774.284806967,2.2799999713897705
1780294774.307542324,1780294774.306846142,2.190000057220459
1780294774.325747490,1780294774.323864460,2.190000057220459
1780294774.347847223,1780294774.346879005,2.1500000953674316
1780294774.359192133,1780294774.358668804,1.9700000286102295
1780294774.381986380,1780294774.381228685,1.9700000286102295
1780294774.406310081,1780294774.405550957,1.9600000381469727
1780294774.427652836,1780294774.426759720,1.909999966621399
1780294774.440037251,1780294774.439332962,1.909999966621399
1780294774.462551117,1780294774.461290121,1.9600000381469727
1780294774.485870361,1780294774.485210180,1.8899999856948853
1780294774.507399082,1780294774.506975651,1.8899999856948853
1780294774.521623611,1780294774.520509720,1.9500000476837158
1780294774.544182777,1780294774.543678999,1.9500000476837158
1780294774.566954136,1780294774.566526175,1.940000057220459
1780294774.588814497,1780294774.588366985,1.9299999475479126
1780294774.605366707,1780294774.601073980,1.9299999475479126
1780294774.625016928,1780294774.624586582,1.9299999475479126
1780294774.646507740,1780294774.645976305,1.850000023841858
1780294774.669436216,1780294774.668051243,1.850000023841858
1780294774.683166742,1780294774.680316687,1.840000033378601
1780294774.702887058,1780294774.702373028,1.7300000190734863
1780294774.724979162,1780294774.723965883,1.7300000190734863
1780294774.747340202,1780294774.746985197,1.6299999952316284
1780294774.760181189,1780294774.759863138,1.4800000190734863
1780294774.788084745,1780294774.782035112,1.4800000190734863
1780294774.806221962,1780294774.804403305,1.3899999856948853
1780294774.831863642,1780294774.830844879,1.3899999856948853
1780294774.845505953,1780294774.843509436,1.2100000381469727
1780294774.867293596,1780294774.865997314,1.090000033378601
1780294774.888724804,1780294774.888015747,1.090000033378601
1780294774.900458813,1780294774.900013208,1.0800000429153442
1780294774.923992395,1780294774.923484802,1.0499999523162842
1780294774.947170019,1780294774.946202755,1.0499999523162842
1780294774.958719492,1780294774.957872391,1.0499999523162842
1780294774.980294228,1780294774.979768753,1.059999942779541
1780294775.003029346,1780294775.002331972,1.059999942779541
1780294775.024570704,1780294775.024299860,1.0800000429153442
1780294775.046469450,1780294775.046118498,1.0800000429153442
1780294775.069078684,1780294775.068417311,1.0700000524520874
1780294775.080451250,1780294775.079799652,1.059999942779541
1780294775.104657173,1780294775.102947712,1.059999942779541
1780294775.126838923,1780294775.125656366,1.059999942779541
1780294775.139254093,1780294775.138262033,1.0700000524520874
1780294775.163399220,1780294775.161818504,1.0700000524520874
1780294775.185994148,1780294775.184318542,1.0700000524520874
1780294775.207172394,1780294775.206377983,1.0700000524520874
1780294775.228047371,1780294775.227724314,1.0700000524520874
1780294775.241778612,1780294775.241303444,1.0700000524520874
1780294775.264014721,1780294775.262985945,1.0700000524520874
1780294775.285376787,1780294775.284986258,1.0700000524520874
1780294775.308466434,1780294775.306704521,1.0700000524520874
1780294775.320211411,1780294775.318641424,1.0700000524520874
1780294775.345417500,1780294775.344775200,1.0700000524520874
1780294775.369098186,1780294775.368322611,1.0700000524520874
1780294775.380936861,1780294775.380408764,1.0700000524520874
1780294775.403581142,1780294775.402719736,1.0700000524520874
1780294775.425276995,1780294775.424717665,1.0700000524520874
1780294775.448649883,1780294775.447562933,1.0700000524520874
1780294775.459357500,1780294775.459014654,1.0700000524520874
1780294775.481733084,1780294775.481129646,1.0700000524520874
1780294775.504123926,1780294775.503757715,1.0700000524520874
1780294775.527071953,1780294775.525902748,1.0700000524520874
1780294775.548953056,1780294775.548070431,1.0700000524520874
1780294775.560359478,1780294775.559790850,1.0700000524520874
1780294775.583167076,1780294775.582667589,1.0700000524520874
1780294775.605091333,1780294775.604718685,1.0700000524520874
1780294775.622101307,1780294775.619601727,1.0700000524520874
1780294775.642568588,1780294775.641974688,1.0700000524520874
1780294775.664901018,1780294775.663689137,1.0700000524520874
1780294775.686602116,1780294775.685648680,1.0700000524520874
1780294775.709438086,1780294775.708878994,1.0700000524520874
1780294775.722790480,1780294775.722564220,1.0700000524520874
1780294775.744731426,1780294775.744306803,1.0700000524520874
1780294775.768958330,1780294775.767982006,1.0700000524520874
1780294775.783293009,1780294775.780709505,1.0700000524520874
1780294775.805375338,1780294775.804101944,1.0700000524520874
1780294775.839718103,1780294775.838323355,1.0700000524520874
1780294775.841610432,1780294775.841071606,1.0700000524520874
1780294775.864048958,1780294775.863113642,0.8899999856948853
1780294775.885655165,1780294775.885043859,0.8899999856948853
1780294775.907907009,1780294775.906784296,0.8399999737739563
1780294775.919269323,1780294775.918646336,0.7699999809265137
1780294775.942931652,1780294775.940726519,0.7699999809265137
1780294775.964035988,1780294775.962977886,0.6700000166893005
1780294775.985900640,1780294775.985282898,0.49000000953674316
1780294776.009344339,1780294776.007982016,0.49000000953674316
1780294776.020865202,1780294776.019832373,0.41999998688697815
1780294776.043466091,1780294776.042428255,0.41999998688697815
1780294776.065806389,1780294776.063963652,0.3700000047683716
1780294776.088715792,1780294776.086342096,0.2800000011920929
1780294776.101859093,1780294776.098945856,0.2800000011920929
1780294776.121561766,1780294776.121193647,0.2800000011920929
1780294776.143235445,1780294776.142939329,0.2199999988079071
1780294776.166468620,1780294776.166080952,0.2199999988079071
1780294776.188528538,1780294776.187896252,0.2199999988079071
1780294776.200583220,1780294776.200128078,0.11999999731779099
1780294776.222788095,1780294776.222276926,0.11999999731779099
1780294776.245844364,1780294776.243712425,0.07999999821186066
1780294776.268080711,1780294776.266637802,0.05999999865889549
1780294776.289214373,1780294776.288759470,0.05999999865889549
1780294776.303390265,1780294776.301930666,0.019999999552965164
1780294776.327937841,1780294776.327060223,0.019999999552965164
1780294776.339237690,1780294776.338557720,-0.03999999910593033
1780294776.362468481,1780294776.360690117,-0.019999999552965164
1780294776.384790897,1780294776.382721663,-0.019999999552965164
1780294776.406305313,1780294776.404705048,-0.019999999552965164
1780294776.428521395,1780294776.427931309,-0.03999999910593033
1780294776.442675352,1780294776.439881563,-0.03999999910593033
1780294776.462984324,1780294776.461818695,-0.029999999329447746
1780294776.484673738,1780294776.484395504,-0.029999999329447746
1780294776.507157564,1780294776.506855488,-0.029999999329447746
1780294776.520302773,1780294776.518646479,-0.029999999329447746
1780294776.544347525,1780294776.540878534,-0.029999999329447746
1780294776.564586163,1780294776.562931538,-0.029999999329447746
1780294776.587294340,1780294776.584813356,-0.03999999910593033
1780294776.611392260,1780294776.608673096,-0.03999999910593033
1780294776.621553421,1780294776.620813608,-0.029999999329447746
1780294776.644618511,1780294776.643942118,-0.029999999329447746
1780294776.667040586,1780294776.666333199,-0.029999999329447746
1780294776.681213617,1780294776.679217815,-0.029999999329447746
1780294776.702741146,1780294776.701619625,-0.029999999329447746
1780294776.728003263,1780294776.727679729,-0.029999999329447746
1780294776.740883350,1780294776.739838123,-0.029999999329447746
1780294776.763732672,1780294776.761749506,-0.029999999329447746
1780294776.785999298,1780294776.784642458,-0.029999999329447746
1780294776.808062792,1780294776.806845188,-0.029999999329447746
1780294776.822928667,1780294776.821389198,-0.029999999329447746
1780294776.850121021,1780294776.849219084,-0.029999999329447746
1780294776.862153530,1780294776.861199379,-0.029999999329447746
1780294776.884444237,1780294776.883489132,-0.029999999329447746
1780294776.906019211,1780294776.905224085,-0.029999999329447746
1780294776.928410292,1780294776.927764416,-0.029999999329447746
1780294776.941977739,1780294776.940911055,-0.029999999329447746
1780294776.963272095,1780294776.962797880,-0.029999999329447746
1780294776.985626221,1780294776.985364676,-0.029999999329447746
1780294777.013638973,1780294777.007565737,-0.029999999329447746
1780294777.027447701,1780294777.023619175,-0.029999999329447746
1780294777.047520876,1780294777.045659781,-0.029999999329447746
1780294777.068858624,1780294777.067711115,-0.029999999329447746
1780294777.084920883,1780294777.079779863,-0.029999999329447746
1780294777.110139847,1780294777.102451801,-0.029999999329447746
1780294777.127363920,1780294777.125235796,-0.029999999329447746
1780294777.149907112,1780294777.148554802,-0.029999999329447746
1780294777.163197994,1780294777.161823988,-0.029999999329447746
1780294777.185334444,1780294777.184309721,-0.029999999329447746
1780294777.207849026,1780294777.207070827,-0.029999999329447746
1780294777.224088669,1780294777.223025322,-0.029999999329447746
1780294777.247859001,1780294777.246620893,-0.029999999329447746
1780294777.276136398,1780294777.273812532,-0.029999999329447746
1780294777.286834717,1780294777.286091566,-0.029999999329447746
1780294777.301116943,1780294777.298355579,-0.029999999329447746
1780294777.323006868,1780294777.321419954,-0.029999999329447746
1780294777.353240728,1780294777.344055176,-0.029999999329447746
1780294777.363050461,1780294777.362750053,-0.029999999329447746
1780294777.387600660,1780294777.385122299,-0.029999999329447746
1780294777.408776045,1780294777.407669783,-0.029999999329447746
1780294777.420953274,1780294777.419570208,-0.029999999329447746
1780294777.442165852,1780294777.441698074,-0.029999999329447746
1780294777.464267731,1780294777.463665724,-0.029999999329447746
1780294777.487013340,1780294777.486070633,-0.029999999329447746
1780294777.511318207,1780294777.510073423,-0.029999999329447746
1780294777.523270845,1780294777.522201300,-0.029999999329447746
1780294777.545976162,1780294777.543662071,-0.029999999329447746
1780294777.566920519,1780294777.566146374,-0.029999999329447746
1780294777.589163542,1780294777.587674379,-0.029999999329447746
1780294777.600602388,1780294777.599899054,-0.029999999329447746
1780294777.624106646,1780294777.623361111,-0.029999999329447746
1780294777.649240255,1780294777.648865461,-0.029999999329447746
1780294777.661696672,1780294777.661034584,-0.029999999329447746
1780294777.684507847,1780294777.684112310,-0.029999999329447746
1780294777.707886934,1780294777.705760956,-0.029999999329447746
1780294777.720463991,1780294777.719808578,-0.029999999329447746
1780294777.744243860,1780294777.743876219,-0.029999999329447746
1780294777.767084360,1780294777.765985250,-0.029999999329447746
1780294777.790019989,1780294777.788036585,-0.029999999329447746
1780294777.801060438,1780294777.800388575,-0.029999999329447746
1780294777.824480534,1780294777.823417902,-0.029999999329447746
1780294777.848592520,1780294777.847914934,-0.029999999329447746
1780294777.863071680,1780294777.860502005,-0.029999999329447746
1780294777.888757706,1780294777.884739876,-0.029999999329447746
1780294777.910647392,1780294777.906974554,-0.029999999329447746
1780294777.921439409,1780294777.920015574,-0.029999999329447746
1780294777.943590879,1780294777.943131447,-0.029999999329447746
1780294777.967840672,1780294777.966906071,-0.029999999329447746
1780294777.980536699,1780294777.979857683,-0.029999999329447746
1780294778.003452539,1780294778.003070354,-0.029999999329447746
1780294778.025646925,1780294778.024833202,-0.029999999329447746
1780294778.047529936,1780294778.047205448,-0.029999999329447746
1780294778.059526920,1780294778.058625937,-0.029999999329447746
1780294778.083763123,1780294778.082378626,-0.029999999329447746
1780294778.105943441,1780294778.105351925,-0.029999999329447746
1780294778.123846769,1780294778.123248577,-0.029999999329447746
1780294778.148183107,1780294778.146735191,-0.029999999329447746
1780294778.160966873,1780294778.160563707,-0.029999999329447746
1780294778.183801651,1780294778.182697296,-0.019999999552965164
1780294778.206781149,1780294778.205849648,-0.029999999329447746
1780294778.229412556,1780294778.228511572,-0.029999999329447746
1780294778.241696835,1780294778.241153717,-0.029999999329447746
1780294778.268818617,1780294778.266261101,-0.029999999329447746
1780294778.279974222,1780294778.278545856,-0.029999999329447746
1780294778.303449869,1780294778.301603317,-0.029999999329447746
1780294778.324719906,1780294778.324284554,-0.029999999329447746
1780294778.353259325,1780294778.347998619,-0.029999999329447746
1780294778.364056349,1780294778.362882376,-0.029999999329447746
1780294778.388899803,1780294778.387735367,-0.029999999329447746
1780294778.411918402,1780294778.410881281,-0.029999999329447746
1780294778.423820496,1780294778.422811985,-0.029999999329447746
1780294778.454317570,1780294778.448161364,-0.029999999329447746
1780294778.464548111,1780294778.459643841,-0.029999999329447746
1780294778.484320402,1780294778.481971025,-0.029999999329447746
1780294778.505638361,1780294778.503888845,-0.029999999329447746
1780294778.526848078,1780294778.525900841,-0.029999999329447746
1780294778.550380945,1780294778.548122406,-0.029999999329447746
1780294778.563475609,1780294778.559834480,-0.029999999329447746
1780294778.583198309,1780294778.582183361,-0.029999999329447746
1780294778.605792046,1780294778.603644609,-0.029999999329447746
1780294778.627735615,1780294778.625798941,-0.029999999329447746
1780294778.648820400,1780294778.648495197,-0.029999999329447746
1780294778.662139654,1780294778.661687136,-0.029999999329447746
1780294778.684411287,1780294778.683722258,-0.029999999329447746
1780294778.706552505,1780294778.705906868,-0.029999999329447746
1780294778.729076624,1780294778.728728771,-0.029999999329447746
1780294778.741591454,1780294778.741329432,-0.029999999329447746
1780294778.764013052,1780294778.763637781,0.05000000074505806
1780294778.780187845,1780294778.778929710,0.05000000074505806
1780294778.801664829,1780294778.801226377,0.11999999731779099
1780294778.826448917,1780294778.823632240,0.11999999731779099
1780294778.846589565,1780294778.845688343,0.15000000596046448
1780294778.868228197,1780294778.867797136,0.3199999928474426
1780294778.880787849,1780294778.879727125,0.3199999928474426
1780294778.904312372,1780294778.902992725,0.3199999928474426
1780294778.925226212,1780294778.924633741,0.3700000047683716
1780294778.948428631,1780294778.946675301,0.3700000047683716
1780294778.962430000,1780294778.961035252,0.3700000047683716
1780294778.986827374,1780294778.983773947,0.41999998688697815
1780294779.006555557,1780294779.005696535,0.41999998688697815
1780294779.029898643,1780294779.027693748,0.4099999964237213
1780294779.041448593,1780294779.039901018,0.4099999964237213
1780294779.062819004,1780294779.061675549,0.4300000071525574
1780294779.085853100,1780294779.083698988,0.4000000059604645
1780294779.106538534,1780294779.105898857,0.4000000059604645
1780294779.119338751,1780294779.118822098,0.38999998569488525
1780294779.142292738,1780294779.140966177,0.4000000059604645
1780294779.166620731,1780294779.164486170,0.4000000059604645
1780294779.188145876,1780294779.186316967,0.4000000059604645
1780294779.200620413,1780294779.199256897,0.4000000059604645
1780294779.225781202,1780294779.222135544,0.4000000059604645
1780294779.244432688,1780294779.243816853,0.4000000059604645
1780294779.270392895,1780294779.268370390,0.4000000059604645
1780294779.280894995,1780294779.280589819,0.4000000059604645
1780294779.304360867,1780294779.303945065,0.4000000059604645
1780294779.326911926,1780294779.326297998,0.4000000059604645
1780294779.340835810,1780294779.340128660,0.4000000059604645
1780294779.363604546,1780294779.362525940,0.4000000059604645
1780294779.385600090,1780294779.384592295,0.4000000059604645
1780294779.414375782,1780294779.408521414,0.4000000059604645
1780294779.422737122,1780294779.420646191,0.4000000059604645
1780294779.443786383,1780294779.442600489,0.4000000059604645
1780294779.465281487,1780294779.464545250,0.4000000059604645
1780294779.488700867,1780294779.487884760,0.4000000059604645
1780294779.501362324,1780294779.500540257,0.4000000059604645
1780294779.524260998,1780294779.523517132,0.4000000059604645
1780294779.546488762,1780294779.545580149,0.4000000059604645
1780294779.568652630,1780294779.567895889,0.4000000059604645
1780294779.580031633,1780294779.579658747,0.5600000023841858
1780294779.602894545,1780294779.602079153,0.5600000023841858
1780294779.624120235,1780294779.623842955,0.5600000023841858
1780294779.645846605,1780294779.645568371,0.7300000190734863
1780294779.668868780,1780294779.667963266,0.7300000190734863
1780294779.680176020,1780294779.679637194,0.7699999809265137
1780294779.703521967,1780294779.701681137,0.9300000071525574
1780294779.725323200,1780294779.724103212,0.9300000071525574
1780294779.747473955,1780294779.745819569,0.9200000166893005
1780294779.769717216,1780294779.767967224,1.0800000429153442
1780294779.782119274,1780294779.780592680,1.0800000429153442
1780294779.804921389,1780294779.803353548,1.159999966621399
1780294779.827213049,1780294779.825921774,1.159999966621399
1780294779.849650383,1780294779.848632812,1.340000033378601
1780294779.865044832,1780294779.863753080,1.5099999904632568
1780294779.890387774,1780294779.889139175,1.5099999904632568
1780294779.903947592,1780294779.901772499,1.559999942779541
1780294779.924531221,1780294779.923872948,1.6299999952316284
1780294779.946219444,1780294779.945614338,1.6299999952316284
1780294779.968814611,1780294779.968131304,1.659999966621399
1780294779.980768681,1780294779.979556561,1.7200000286102295
1780294780.003905535,1780294780.003126383,1.7200000286102295
1780294780.026580572,1780294780.024967432,1.7300000190734863
1780294780.048782349,1780294780.047974586,1.7300000190734863
1780294780.060765505,1780294780.059861422,1.7400000095367432
1780294780.083154440,1780294780.082613230,1.7400000095367432
1780294780.105740547,1780294780.105102777,1.7400000095367432
1780294780.128622770,1780294780.128012896,1.7400000095367432
1780294780.140349627,1780294780.139836311,1.7400000095367432
1780294780.163328648,1780294780.162415504,1.7400000095367432
1780294780.184023857,1780294780.183578968,1.75
1780294780.206378460,1780294780.205921650,1.7300000190734863
1780294780.228296280,1780294780.227800846,1.7300000190734863
1780294780.240185976,1780294780.239526987,1.7400000095367432
1780294780.262590170,1780294780.261877060,1.7999999523162842
1780294780.284193993,1780294780.283887625,1.7999999523162842
1780294780.306286335,1780294780.305766106,1.7999999523162842
1780294780.328378916,1780294780.327886105,1.7999999523162842
1780294780.345371723,1780294780.344729900,1.8200000524520874
1780294780.367216587,1780294780.366557360,1.840000033378601
1780294780.392773151,1780294780.391636848,1.840000033378601
1780294780.404604673,1780294780.404084206,1.850000023841858
1780294780.427872658,1780294780.426985502,1.8899999856948853
1780294780.439645529,1780294780.438970804,1.8899999856948853
1780294780.461875916,1780294780.460642815,1.899999976158142
1780294780.483846188,1780294780.483375311,2.0
1780294780.504979134,1780294780.504673719,2.0
1780294780.527364731,1780294780.527087450,2.0899999141693115
1780294780.548043013,1780294780.547367573,2.0899999141693115
1780294780.560229540,1780294780.559785128,2.1500000953674316
1780294780.582170963,1780294780.581768990,2.2300000190734863
1780294780.604433298,1780294780.603689909,2.2300000190734863
1780294780.626207352,1780294780.625943661,2.2300000190734863
1780294780.639494419,1780294780.639009237,2.240000009536743
1780294780.661780119,1780294780.661168575,2.240000009536743
1780294780.686754942,1780294780.686177731,2.2300000190734863
1780294780.699466467,1780294780.698978901,2.25
1780294780.723932266,1780294780.723467827,2.25
1780294780.747458935,1780294780.746021509,2.240000009536743
1780294780.760611773,1780294780.759784698,2.240000009536743
1780294780.782817364,1780294780.781787157,2.240000009536743
1780294780.804790497,1780294780.803589344,2.240000009536743
1780294780.826701641,1780294780.825565100,2.240000009536743
1780294780.842925072,1780294780.840746641,2.2300000190734863
1780294780.866436005,1780294780.863876820,2.4100000858306885
1780294780.887888193,1780294780.886123896,2.4100000858306885
1780294780.900048733,1780294780.899256706,2.430000066757202
1780294780.924015284,1780294780.922634840,2.549999952316284
1780294780.945726871,1780294780.944808722,2.549999952316284
1780294780.962537050,1780294780.961366653,2.6500000953674316
1780294780.988294601,1780294780.986498117,2.8399999141693115
1780294780.999378681,1780294780.998954773,2.8399999141693115
1780294781.023034573,1780294781.020977974,2.930000066757202
1780294781.044406891,1780294781.043009281,2.930000066757202
1780294781.065316200,1780294781.064636230,3.049999952316284
1780294781.089106321,1780294781.088011026,3.259999990463257
1780294781.104035854,1780294781.102012873,3.259999990463257
1780294781.126370430,1780294781.124686480,3.299999952316284
1780294781.148572683,1780294781.147931337,3.440000057220459
1780294781.163672209,1780294781.161890507,3.440000057220459
1780294781.185656548,1780294781.184510708,3.4600000381469727
1780294781.208451986,1780294781.207152367,3.549999952316284
1780294781.219957829,1780294781.218963385,3.549999952316284
1780294781.242995501,1780294781.241280794,3.5799999237060547
1780294781.267299891,1780294781.264087439,3.630000114440918
1780294781.288064957,1780294781.287738323,3.630000114440918
1780294781.313344479,1780294781.311354876,3.630000114440918
1780294781.324787617,1780294781.324384451,3.630000114440918
1780294781.347240210,1780294781.346805096,3.740000009536743
1780294781.369644880,1780294781.368770361,3.9100000858306885
1780294781.381737232,1780294781.380933046,3.9100000858306885
1780294781.401142597,1780294781.400873899,3.930000066757202
1780294781.427094698,1780294781.426864624,4.03000020980835
1780294781.438906193,1780294781.438552618,4.03000020980835
1780294781.461341619,1780294781.460665464,4.139999866485596
1780294781.487197638,1780294781.485317945,4.340000152587891
1780294781.508029461,1780294781.507647276,4.340000152587891
1780294781.521797180,1780294781.520146847,4.449999809265137
1780294781.543900728,1780294781.541754961,4.679999828338623
1780294781.564216614,1780294781.563896656,4.679999828338623
1780294781.586434603,1780294781.585551739,4.829999923706055
1780294781.600110769,1780294781.599260807,5.119999885559082
1780294781.623884201,1780294781.621715069,5.119999885559082
1780294781.644930363,1780294781.644500017,5.289999961853027
1780294781.668037415,1780294781.666634560,5.289999961853027
1780294781.691613436,1780294781.689548731,5.619999885559082
1780294781.703403711,1780294781.701717854,5.789999961853027
1780294781.724519968,1780294781.723783016,5.789999961853027
1780294781.746258736,1780294781.745795012,6.119999885559082
1780294781.768989325,1780294781.768389225,6.409999847412109
1780294781.781008959,1780294781.779447794,6.409999847412109
1780294781.804319620,1780294781.803963661,6.559999942779541
1780294781.826628208,1780294781.825850725,6.869999885559082
1780294781.848840237,1780294781.848307371,6.869999885559082
1780294781.863703012,1780294781.861580610,7.010000228881836
1780294781.884350538,1780294781.884138107,7.289999961853027
1780294781.907691002,1780294781.906687975,7.289999961853027
1780294781.929144621,1780294781.928482533,7.429999828338623
1780294781.942623854,1780294781.941712379,7.429999828338623
1780294781.965286016,1780294781.964074135,7.670000076293945
1780294781.986327410,1780294781.985512972,7.989999771118164
1780294782.000470877,1780294781.999731064,7.989999771118164
1780294782.024827957,1780294782.024206877,8.0600004196167
1780294782.047673702,1780294782.047179461,8.260000228881836
1780294782.069455147,1780294782.068519115,8.260000228881836
1780294782.081127167,1780294782.080431461,8.359999656677246
1780294782.104385853,1780294782.104034185,8.59000015258789
1780294782.127624989,1780294782.125901699,8.59000015258789
1780294782.147988558,1780294782.147561789,8.680000305175781
1780294782.160101652,1780294782.159652710,8.869999885559082
1780294782.182489872,1780294782.182021618,8.869999885559082
1780294782.203982115,1780294782.203485966,8.9399995803833
1780294782.226024628,1780294782.225619555,9.119999885559082
1780294782.241011381,1780294782.240156174,9.119999885559082
1780294782.264015198,1780294782.263692856,9.359999656677246
1780294782.290412903,1780294782.288145542,9.359999656677246
1780294782.301947355,1780294782.301470041,9.380000114440918
1780294782.327203751,1780294782.324378252,9.630000114440918
1780294782.348981142,1780294782.347859383,9.630000114440918
1780294782.360566378,1780294782.360065699,9.65999984741211
1780294782.382586241,1780294782.381867886,9.800000190734863
1780294782.414682150,1780294782.413649797,9.800000190734863
1780294782.427202225,1780294782.426158428,9.859999656677246
1780294782.455882072,1780294782.449192286,10.039999961853027
1780294782.461252689,1780294782.460835218,10.039999961853027
1780294782.483629942,1780294782.482441187,10.119999885559082
1780294782.507533073,1780294782.504684448,10.260000228881836
1780294782.528904676,1780294782.526873350,10.260000228881836
1780294782.538948298,1780294782.538579941,10.350000381469727
1780294782.562595367,1780294782.561669111,10.350000381469727
1780294782.584941626,1780294782.584172010,10.5
1780294782.609272718,1780294782.607408524,10.720000267028809
1780294782.620243549,1780294782.619557142,10.720000267028809
1780294782.645495892,1780294782.643761158,10.75
1780294782.666956902,1780294782.665483475,10.899999618530273
1780294782.692033052,1780294782.688145876,10.899999618530273
1780294782.701589584,1780294782.700446367,10.960000038146973
1780294782.723685026,1780294782.723096848,11.170000076293945
1780294782.747315168,1780294782.746408224,11.170000076293945
1780294782.760195732,1780294782.759623051,11.270000457763672
1780294782.784683228,1780294782.783681870,11.270000457763672
1780294782.813455820,1780294782.806232691,11.520000457763672
1780294782.829182863,1780294782.827887058,11.829999923706055
1780294782.840305328,1780294782.839722157,11.829999923706055
1780294782.862596512,1780294782.862057209,11.949999809265137
1780294782.885052443,1780294782.884361506,12.199999809265137
1780294782.906043530,1780294782.905795336,12.199999809265137
1780294782.928985119,1780294782.928575993,12.359999656677246
1780294782.943017006,1780294782.942641735,12.710000038146973
1780294782.965293407,1780294782.964967728,12.710000038146973
1780294782.986840725,1780294782.986418486,12.890000343322754
1780294782.999609947,1780294782.998589754,13.270000457763672
1780294783.024681807,1780294783.023584604,13.270000457763672
1780294783.049057484,1780294783.048614740,13.449999809265137
1780294783.061731339,1780294783.061263561,13.449999809265137
1780294783.084192038,1780294783.083913088,13.850000381469727
1780294783.106226444,1780294783.105417490,14.289999961853027
1780294783.127965212,1780294783.127635479,14.289999961853027
1780294783.139809847,1780294783.139439344,14.420000076293945
1780294783.161992550,1780294783.161555529,14.75
1780294783.184204102,1780294783.183802128,14.75
1780294783.207054377,1780294783.205794573,14.90999984741211
1780294783.227908134,1780294783.227429390,15.239999771118164
1780294783.241791964,1780294783.239451885,15.239999771118164
1780294783.265096664,1780294783.262146950,15.380000114440918
1780294783.284465313,1780294783.284044504,15.380000114440918
1780294783.307897806,1780294783.306065798,15.699999809265137
1780294783.328628540,1780294783.328079462,16.030000686645508
1780294783.342992306,1780294783.341289282,16.030000686645508
1780294783.366656303,1780294783.362563610,16.09000015258789
1780294783.385386467,1780294783.384644508,16.309999465942383
1780294783.408940792,1780294783.408590555,16.309999465942383
1780294783.424179554,1780294783.423881292,16.40999984741211
1780294783.446986914,1780294783.445967913,16.6200008392334
1780294783.468023300,1780294783.467647552,16.6200008392334
1780294783.479975224,1780294783.479492426,16.68000030517578
1780294783.502668858,1780294783.501526833,16.719999313354492
1780294783.526968241,1780294783.523529768,16.719999313354492
1780294783.547011614,1780294783.545442343,16.719999313354492
1780294783.568202257,1780294783.567873955,16.719999313354492
1780294783.579980850,1780294783.579536438,16.709999084472656
1780294783.603756428,1780294783.601630688,16.690000534057617
1780294783.624635935,1780294783.623519182,16.690000534057617
1780294783.646033764,1780294783.645415306,16.700000762939453
1780294783.669143677,1780294783.667610407,16.709999084472656
1780294783.679856539,1780294783.679573774,16.709999084472656
1780294783.705314398,1780294783.702781677,16.709999084472656
1780294783.726222038,1780294783.725276947,16.690000534057617
1780294783.748600721,1780294783.747438669,16.690000534057617
1780294783.760805368,1780294783.760268450,16.690000534057617
1780294783.785246849,1780294783.784557581,16.690000534057617
1780294783.801566839,1780294783.799572945,16.649999618530273
1780294783.822581053,1780294783.821458340,16.610000610351562
1780294783.844135046,1780294783.843807936,16.610000610351562
1780294783.867286444,1780294783.866888285,16.600000381469727
1780294783.879824638,1780294783.879197121,16.600000381469727
1780294783.903990269,1780294783.901474953,16.600000381469727
1780294783.927408457,1780294783.927141190,16.579999923706055
1780294783.940262318,1780294783.939704657,16.579999923706055
1780294783.963652134,1780294783.963217020,16.579999923706055
1780294783.985911608,1780294783.985574245,16.59000015258789
1780294784.007826567,1780294784.007441521,16.59000015258789
1780294784.019914865,1780294784.019422531,16.59000015258789
1780294784.042277575,1780294784.041538477,16.59000015258789
1780294784.064042330,1780294784.063372612,16.59000015258789
1780294784.091008663,1780294784.085396290,16.59000015258789
1780294784.109456778,1780294784.108736515,16.59000015258789
1780294784.121815920,1780294784.120577097,16.59000015258789
1780294784.143241882,1780294784.142768860,16.59000015258789
1780294784.167048216,1780294784.166654587,16.59000015258789
1780294784.182401657,1780294784.181978464,16.59000015258789
1780294784.205576420,1780294784.204913616,16.59000015258789
1780294784.227873325,1780294784.226991653,16.6299991607666
1780294784.238649130,1780294784.238296032,16.6299991607666
1780294784.261781454,1780294784.261432648,16.690000534057617
1780294784.284720421,1780294784.283764362,16.690000534057617
1780294784.307537556,1780294784.305647850,16.799999237060547
1780294784.328478098,1780294784.327670097,16.8700008392334
1780294784.341650248,1780294784.340546608,16.8700008392334
1780294784.363047600,1780294784.362512827,17.079999923706055
1780294784.384912014,1780294784.384414673,17.290000915527344
1780294784.408804417,1780294784.407955647,17.290000915527344
1780294784.420029402,1780294784.419447899,17.399999618530273
1780294784.443659067,1780294784.443337679,17.68000030517578
1780294784.468445539,1780294784.466890812,17.68000030517578
1780294784.479635239,1780294784.479123831,17.829999923706055
1780294784.502457857,1780294784.501399994,18.079999923706055
1780294784.524086237,1780294784.523653507,18.079999923706055
1780294784.546872139,1780294784.545462132,18.209999084472656
1780294784.559186459,1780294784.558629513,18.209999084472656
1780294784.582113028,1780294784.580505848,18.450000762939453
1780294784.603348732,1780294784.602787018,18.729999542236328
1780294784.624869347,1780294784.624548197,18.729999542236328
1780294784.647320509,1780294784.646903753,18.780000686645508
1780294784.659683943,1780294784.658654690,18.950000762939453
1780294784.683325291,1780294784.682590246,18.950000762939453
1780294784.707284451,1780294784.706579924,19.049999237060547
1780294784.723339558,1780294784.722421885,19.229999542236328
1780294784.749094248,1780294784.746897936,19.229999542236328
1780294784.771838427,1780294784.770365715,19.31999969482422
1780294784.788502693,1780294784.783661366,19.31999969482422
1780294784.808530092,1780294784.805964470,19.459999084472656
1780294784.830423355,1780294784.828761578,19.5
1780294784.842372179,1780294784.840583563,19.5
1780294784.867041111,1780294784.866183519,19.5
1780294784.880450726,1780294784.878957748,19.5
1780294784.904446125,1780294784.903187990,19.5
1780294784.919247866,1780294784.918359995,19.5
1780294784.943915129,1780294784.941620350,19.489999771118164
1780294784.965553522,1780294784.964639902,19.489999771118164
1780294784.988111019,1780294784.987522602,19.489999771118164
1780294785.003174543,1780294785.000791311,19.489999771118164
1780294785.024468184,1780294785.023514986,19.489999771118164
1780294785.046622038,1780294785.045413733,19.489999771118164
1780294785.060643196,1780294785.059390068,19.489999771118164
1780294785.085505247,1780294785.082302809,19.489999771118164
1780294785.107346296,1780294785.106365442,19.489999771118164
1780294785.122963667,1780294785.121259451,19.489999771118164
1780294785.146660566,1780294785.145255804,19.5
1780294785.169202089,1780294785.167990208,19.489999771118164
1780294785.182088614,1780294785.180942535,19.489999771118164
1780294785.205225945,1780294785.203724384,19.489999771118164
1780294785.229786396,1780294785.228368521,19.489999771118164
1780294785.241378307,1780294785.240287781,19.489999771118164
1780294785.263363123,1780294785.262481451,19.489999771118164
1780294785.285388470,1780294785.285037518,19.489999771118164
1780294785.299821854,1780294785.299166918,19.489999771118164
1780294785.324508429,1780294785.324052572,19.489999771118164
1780294785.347086191,1780294785.346574068,19.489999771118164
1780294785.368650436,1780294785.368335009,19.489999771118164
1780294785.381066322,1780294785.380515575,19.489999771118164
1780294785.404961824,1780294785.403569698,19.489999771118164
1780294785.427207947,1780294785.426463127,19.489999771118164
1780294785.448438168,1780294785.441945791,19.489999771118164
1780294785.466122627,1780294785.464077711,19.489999771118164
1780294785.487401724,1780294785.486749172,19.489999771118164
1780294785.501276970,1780294785.498734951,19.489999771118164
1780294785.523310184,1780294785.522835016,19.489999771118164
1780294785.545359135,1780294785.544607162,19.489999771118164
1780294785.566856861,1780294785.566528082,19.489999771118164
1780294785.579503536,1780294785.579088211,19.489999771118164
1780294785.603777885,1780294785.601479530,19.489999771118164
1780294785.624363661,1780294785.623876572,19.489999771118164
1780294785.645822287,1780294785.645330906,19.489999771118164
1780294785.667858362,1780294785.667459726,19.489999771118164
1780294785.679850817,1780294785.679344654,19.489999771118164
1780294785.702959061,1780294785.702323198,19.489999771118164
1780294785.725291729,1780294785.724487782,19.43000030517578
1780294785.747571707,1780294785.746332169,19.43000030517578
1780294785.759500027,1780294785.758311272,19.3799991607666
1780294785.782108784,1780294785.781623363,19.3799991607666
1780294785.804471731,1780294785.803334236,19.239999771118164
1780294785.826928139,1780294785.826585054,19.1299991607666
1780294785.840546608,1780294785.839417458,19.1299991607666
1780294785.863903761,1780294785.861750841,18.8700008392334
1780294785.885037184,1780294785.884465456,18.559999465942383
1780294785.909289360,1780294785.906378031,18.559999465942383
1780294785.921006680,1780294785.920278549,18.40999984741211
1780294785.946363688,1780294785.945667744,18.0
1780294785.967904806,1780294785.967544317,18.0
1780294785.979811192,1780294785.979435921,17.790000915527344
1780294786.006221533,1780294786.001614571,17.329999923706055
1780294786.025063038,1780294786.024723291,17.329999923706055
1780294786.047361612,1780294786.046771765,17.110000610351562
1780294786.061069965,1780294786.060668945,17.110000610351562
1780294786.085055113,1780294786.083707809,16.59000015258789
1780294786.109463453,1780294786.105779886,16.030000686645508
1780294786.120978832,1780294786.118567944,16.030000686645508
1780294786.141855001,1780294786.140382767,15.760000228881836
1780294786.166973114,1780294786.162494898,15.229999542236328
1780294786.185884953,1780294786.185428381,15.229999542236328
1780294786.209705591,1780294786.207400799,14.90999984741211
1780294786.222168207,1780294786.221227169,14.239999771118164
1780294786.244251966,1780294786.243872166,14.239999771118164
1780294786.266632080,1780294786.266281128,13.899999618530273
1780294786.278820753,1780294786.278392076,13.899999618530273
1780294786.302833319,1780294786.301932096,13.149999618530273
1780294786.328228235,1780294786.326685905,12.829999923706055
1780294786.339246750,1780294786.338753462,12.829999923706055
1780294786.361016750,1780294786.360400200,12.109999656677246
1780294786.383762360,1780294786.383411884,11.449999809265137
1780294786.406399012,1780294786.405944824,11.449999809265137
1780294786.422427177,1780294786.421927214,11.100000381469727
1780294786.447085142,1780294786.446034193,10.399999618530273
1780294786.464099407,1780294786.463433504,10.399999618530273
1780294786.486570120,1780294786.485396385,10.029999732971191
1780294786.503304243,1780294786.502582312,9.289999961853027
1780294786.525514603,1780294786.525176525,9.289999961853027
1780294786.541318655,1780294786.541092157,8.899999618530273
1780294786.564525366,1780294786.562653780,8.899999618530273
1780294786.585877180,1780294786.584996223,8.140000343322754
1780294786.609991312,1780294786.609629154,7.349999904632568
1780294786.624313354,1780294786.623638391,7.349999904632568
1780294786.646788836,1780294786.646022797,6.989999771118164
1780294786.660348177,1780294786.659384727,6.269999980926514
1780294786.684947491,1780294786.682125330,6.269999980926514
1780294786.708478689,1780294786.707172871,5.900000095367432
1780294786.720532656,1780294786.719702005,5.170000076293945
1780294786.742072105,1780294786.741315126,5.170000076293945
1780294786.763774633,1780294786.763293982,4.809999942779541
1780294786.786240339,1780294786.785630465,4.809999942779541
1780294786.808599234,1780294786.808080673,4.090000152587891
1780294786.823328972,1780294786.822526217,3.380000114440918
1780294786.850700378,1780294786.849762678,3.380000114440918
1780294786.867292643,1780294786.861990452,3.0999999046325684
1780294786.889247894,1780294786.884003401,2.549999952316284
1780294786.906823874,1780294786.906391859,2.549999952316284
1780294786.919506550,1780294786.919081926,2.240000009536743
1780294786.942556858,1780294786.942262888,1.7300000190734863
1780294786.966017962,1780294786.964939356,1.7300000190734863
1780294786.989057541,1780294786.987862587,1.4700000286102295
1780294787.003884315,1780294787.000577450,1.0299999713897705
1780294787.023445845,1780294787.022661686,1.0299999713897705
1780294787.046223164,1780294787.045260906,0.8399999737739563
1780294787.071502209,1780294787.068311691,0.8399999737739563
1780294787.085056305,1780294787.080991268,0.5799999833106995
1780294787.106222868,1780294787.105168104,0.4699999988079071
1780294787.119729757,1780294787.119419336,0.4699999988079071
1780294787.148504019,1780294787.145972729,0.4699999988079071
1780294787.165272951,1780294787.158210516,0.46000000834465027
1780294787.184809923,1780294787.180782795,0.46000000834465027
1780294787.205893517,1780294787.203799963,0.46000000834465027
1780294787.226437807,1780294787.225673914,0.47999998927116394
1780294787.257061481,1780294787.247351408,0.47999998927116394
1780294787.260362864,1780294787.259991169,0.47999998927116394
1780294787.282603979,1780294787.281807899,0.47999998927116394
1780294787.305390596,1780294787.304717064,0.4699999988079071
1780294787.329826593,1780294787.327851534,0.4699999988079071
1780294787.341711521,1780294787.340168715,0.4699999988079071
1780294787.364192724,1780294787.363838673,0.4699999988079071
1780294787.387800694,1780294787.386220217,0.47999998927116394
1780294787.400739431,1780294787.398908854,0.47999998927116394
1780294787.421931028,1780294787.421428204,0.47999998927116394
1780294787.447271824,1780294787.443993330,0.47999998927116394
1780294787.466891527,1780294787.466470718,0.47999998927116394
1780294787.479471922,1780294787.478939533,0.47999998927116394
1780294787.502092600,1780294787.501593351,0.47999998927116394
1780294787.524366617,1780294787.523896933,0.47999998927116394
1780294787.546201944,1780294787.545356750,0.47999998927116394
1780294787.561930895,1780294787.559837580,0.47999998927116394
1780294787.586323023,1780294787.585299015,0.47999998927116394
1780294787.599891901,1780294787.598686695,0.47999998927116394
1780294787.624795198,1780294787.623904943,0.47999998927116394
1780294787.647935629,1780294787.647268295,0.47999998927116394
1780294787.664357424,1780294787.663912296,0.47999998927116394
1780294787.687922239,1780294787.686919451,0.47999998927116394
1780294787.701220512,1780294787.699640751,0.47999998927116394
1780294787.724578381,1780294787.722615480,0.47999998927116394
1780294787.746599197,1780294787.744853735,0.47999998927116394
1780294787.767676353,1780294787.767311573,0.47999998927116394
1780294787.780616999,1780294787.779638529,0.47999998927116394
1780294787.808437586,1780294787.803117037,0.47999998927116394
1780294787.830154657,1780294787.825353622,0.47999998927116394
1780294787.841766596,1780294787.840488672,0.47999998927116394
1780294787.866992712,1780294787.862873316,0.47999998927116394
1780294787.886246443,1780294787.884480000,0.47999998927116394
1780294787.910582066,1780294787.907470226,0.47999998927116394
1780294787.919676781,1780294787.919234753,0.47999998927116394
1780294787.941914558,1780294787.941624880,0.47999998927116394
1780294787.965871334,1780294787.963772774,0.47999998927116394
1780294787.991254568,1780294787.985380411,0.47999998927116394
1780294788.011550903,1780294788.007561445,0.47999998927116394
1780294788.021896124,1780294788.019354343,0.47999998927116394
1780294788.045108080,1780294788.041278362,0.47999998927116394
1780294788.064023733,1780294788.063364267,0.47999998927116394
1780294788.086274385,1780294788.085629463,0.47999998927116394
1780294788.111315489,1780294788.107256174,0.47999998927116394
1780294788.121708632,1780294788.120583057,0.47999998927116394
1780294788.144824982,1780294788.143292189,0.47999998927116394
1780294788.165974379,1780294788.165297985,0.47999998927116394
1780294788.187829256,1780294788.187281609,0.47999998927116394
1780294788.202589035,1780294788.199255705,0.47999998927116394
1780294788.224617481,1780294788.223860025,0.47999998927116394
1780294788.247217894,1780294788.246746778,0.47999998927116394
1780294788.269047260,1780294788.268527746,0.47999998927116394
1780294788.282526493,1780294788.281055927,0.47999998927116394
1780294788.303737402,1780294788.303278208,0.47999998927116394
1780294788.325730324,1780294788.325233698,0.47999998927116394
1780294788.341025114,1780294788.340283871,0.47999998927116394
1780294788.365381002,1780294788.364236832,0.47999998927116394
1780294788.387056828,1780294788.386410236,0.47999998927116394
1780294788.410690069,1780294788.408312321,0.47999998927116394
1780294788.424010754,1780294788.423280478,0.47999998927116394
1780294788.445988894,1780294788.445310593,0.47999998927116394
1780294788.468203068,1780294788.467803478,0.47999998927116394
1780294788.480105162,1780294788.479829073,0.47999998927116394
1780294788.504410505,1780294788.502840757,0.47999998927116394
1780294788.527988911,1780294788.525992155,0.47999998927116394
1780294788.544864416,1780294788.543957710,0.47999998927116394
1780294788.567613840,1780294788.566702366,0.47999998927116394
1780294788.578689814,1780294788.578320742,0.47999998927116394
1780294788.603555202,1780294788.602786779,0.47999998927116394
1780294788.625745058,1780294788.624796152,0.47999998927116394
1780294788.647197485,1780294788.646546364,0.47999998927116394
1780294788.658776283,1780294788.658329487,0.47999998927116394
1780294788.685030460,1780294788.681853056,0.47999998927116394
1780294788.707729101,1780294788.703526735,0.47999998927116394
1780294788.732871771,1780294788.726974010,0.47999998927116394
1780294788.753025532,1780294788.749074697,0.47999998927116394
1780294788.763283968,1780294788.760693312,0.47999998927116394
1780294788.784097195,1780294788.782239914,0.47999998927116394
1780294788.805146933,1780294788.804496527,0.47999998927116394
1780294788.826683760,1780294788.826303959,0.47999998927116394
1780294788.839341164,1780294788.838920593,0.47999998927116394
1780294788.862748384,1780294788.862192392,0.47999998927116394
1780294788.884882689,1780294788.884268522,0.47999998927116394
1780294788.906720877,1780294788.906309366,0.47999998927116394
1780294788.922847033,1780294788.921594143,0.47999998927116394
1780294788.944980860,1780294788.944005013,0.47999998927116394
1780294788.966591120,1780294788.966234922,0.47999998927116394
1780294788.982157469,1780294788.978490829,0.47999998927116394
1780294789.004396200,1780294789.001573801,0.47999998927116394
1780294789.025769949,1780294789.025016308,0.47999998927116394
1780294789.048359632,1780294789.047334194,0.47999998927116394
1780294789.061190605,1780294789.059963942,0.47999998927116394
1780294789.083918095,1780294789.082851648,0.47999998927116394
1780294789.106004000,1780294789.105172157,0.47999998927116394
1780294789.128303289,1780294789.127089500,0.47999998927116394
1780294789.143474579,1780294789.140847683,0.47999998927116394
1780294789.165957928,1780294789.165005445,0.47999998927116394
1780294789.187651634,1780294789.186309338,0.47999998927116394
1780294789.209619284,1780294789.208206177,0.47999998927116394
1780294789.222949743,1780294789.221170664,0.47999998927116394
1780294789.240798235,1780294789.239038229,0.47999998927116394
1780294789.265298605,1780294789.261413097,0.47999998927116394
1780294789.285219908,1780294789.284233332,0.47999998927116394
1780294789.313526392,1780294789.306144953,0.47999998927116394
1780294789.320750237,1780294789.319866180,0.47999998927116394
1780294789.343201637,1780294789.341556072,0.47999998927116394
1780294789.365069628,1780294789.363602400,0.47999998927116394
1780294789.389863491,1780294789.387911797,0.47999998927116394
1780294789.404476881,1780294789.402957439,0.47999998927116394
1780294789.428372383,1780294789.425374031,0.47999998927116394
1780294789.439581156,1780294789.438425779,0.47999998927116394
1780294789.461641788,1780294789.461136103,0.47999998927116394
1780294789.485545874,1780294789.484894991,0.47999998927116394
1780294789.507822275,1780294789.506592512,0.47999998927116394
1780294789.528867006,1780294789.528477192,0.47999998927116394
1780294789.542953253,1780294789.540911436,0.47999998927116394
1780294789.564258337,1780294789.562731743,0.47999998927116394
1780294789.585499525,1780294789.584368706,0.47999998927116394
1780294789.608951569,1780294789.606307268,0.47999998927116394
1780294789.619517088,1780294789.619061708,0.47999998927116394
1780294789.641166687,1780294789.640489340,0.47999998927116394
1780294789.665982485,1780294789.664435148,0.47999998927116394
1780294789.687240839,1780294789.686531305,0.47999998927116394
1780294789.699689388,1780294789.698847532,0.47999998927116394
1780294789.723948002,1780294789.723351717,0.47999998927116394
1780294789.746667862,1780294789.746387482,0.47999998927116394
1780294789.769370556,1780294789.768282890,0.47999998927116394
1780294789.781947851,1780294789.781350136,0.47999998927116394
1780294789.805249691,1780294789.803504944,0.47999998927116394
1780294789.826533794,1780294789.825417042,0.5299999713897705
1780294789.841752529,1780294789.839397192,0.5299999713897705
1780294789.865214109,1780294789.863656759,0.5299999713897705
1780294789.887006283,1780294789.886293888,0.5799999833106995
1780294789.899420023,1780294789.898666143,0.5799999833106995
1780294789.919152737,1780294789.918359041,0.5899999737739563
1780294789.944056034,1780294789.942213535,0.6800000071525574
1780294789.965019226,1780294789.964260340,0.6800000071525574
1780294789.988053322,1780294789.987240791,0.7200000286102295
1780294790.002418518,1780294790.001138449,0.7799999713897705
1780294790.026131153,1780294790.025630713,0.7799999713897705
1780294790.048625469,1780294790.047960520,0.7799999713897705
1780294790.063765287,1780294790.063197613,0.7799999713897705
1780294790.086549282,1780294790.086190939,0.8700000047683716
1780294790.109107494,1780294790.108515263,0.9300000071525574
1780294790.121190786,1780294790.120272160,0.9300000071525574
1780294790.145313501,1780294790.143941641,0.9700000286102295
1780294790.168328047,1780294790.165549040,0.9599999785423279
1780294790.188206434,1780294790.187696695,0.9599999785423279
1780294790.202183962,1780294790.199218750,1.0299999713897705
1780294790.222812414,1780294790.222432852,1.090000033378601
1780294790.244841576,1780294790.244240284,1.090000033378601
1780294790.266935349,1780294790.266288519,1.1299999952316284
1780294790.289039373,1780294790.288312197,1.1299999952316284
1780294790.300946474,1780294790.300392628,1.190000057220459
1780294790.323607445,1780294790.322952509,1.3600000143051147
1780294790.344999075,1780294790.344322920,1.3600000143051147
1780294790.367711306,1780294790.367220402,1.3700000047683716
1780294790.380018473,1780294790.379591465,1.3899999856948853
1780294790.406108856,1780294790.402635336,1.3899999856948853
1780294790.423125029,1780294790.421034813,1.4700000286102295
1780294790.449196339,1780294790.446686506,1.5299999713897705
1780294790.460297346,1780294790.458538771,1.5299999713897705
1780294790.481223106,1780294790.480781078,1.5299999713897705
1780294790.506294966,1780294790.503127337,1.5299999713897705
1780294790.527977228,1780294790.525537968,1.5299999713897705
1780294790.541797161,1780294790.539748669,1.5399999618530273
1780294790.566901684,1780294790.563801527,1.5399999618530273
1780294790.588402033,1780294790.587862492,1.5299999713897705
1780294790.600461960,1780294790.599593878,1.5299999713897705
1780294790.625607491,1780294790.622067213,1.5299999713897705
1780294790.649364710,1780294790.648543835,1.5299999713897705
1780294790.667791843,1780294790.665648222,1.5299999713897705
1780294790.689723015,1780294790.687880278,1.5299999713897705
1780294790.702493191,1780294790.700964212,1.5299999713897705
1780294790.724476814,1780294790.723098516,1.590000033378601
1780294790.744345427,1780294790.740816832,1.590000033378601
1780294790.766571283,1780294790.764667034,1.600000023841858
1780294790.789091349,1780294790.786868334,1.600000023841858
1780294790.809728146,1780294790.808123589,1.690000057220459
1780294790.826837063,1780294790.824281454,1.8600000143051147
1780294790.848415852,1780294790.848029613,1.8600000143051147
1780294790.861357212,1780294790.860700130,1.8899999856948853
1780294790.883689404,1780294790.883398771,1.9600000381469727
1780294790.906063795,1780294790.905576468,1.9600000381469727
1780294790.928373337,1780294790.927980185,2.0399999618530273
1780294790.941145897,1780294790.940412998,2.1700000762939453
1780294790.966163635,1780294790.963328838,2.1700000762939453
1780294790.979172230,1780294790.978610516,2.190000057220459
1780294791.006827354,1780294791.001196623,2.2200000286102295
1780294791.026108027,1780294791.024166584,2.2200000286102295
1780294791.047730446,1780294791.046493530,2.2200000286102295
1780294791.059814453,1780294791.058406591,2.2200000286102295
1780294791.088467598,1780294791.086953878,2.2100000381469727
1780294791.100451946,1780294791.099405527,2.200000047683716
1780294791.124677181,1780294791.123291254,2.200000047683716
1780294791.147924900,1780294791.147331238,2.200000047683716
1780294791.159672022,1780294791.159179211,2.2100000381469727
1780294791.181905508,1780294791.181588173,2.2100000381469727
1780294791.204067230,1780294791.203744411,2.2100000381469727
1780294791.226014137,1780294791.225339413,2.2100000381469727
1780294791.249313354,1780294791.247303247,2.2100000381469727
1780294791.261483669,1780294791.259997129,2.2100000381469727
1780294791.282073498,1780294791.281098843,2.2100000381469727
1780294791.304618835,1780294791.303667784,2.2100000381469727
1780294791.327855825,1780294791.325807571,2.2100000381469727
1780294791.338929892,1780294791.338180780,2.2100000381469727
1780294791.361821890,1780294791.361111879,2.2100000381469727
1780294791.384790659,1780294791.384083271,2.2100000381469727
1780294791.407061100,1780294791.406566620,2.2100000381469727
1780294791.421051979,1780294791.420469761,2.259999990463257
1780294791.443217039,1780294791.442543268,2.309999942779541
1780294791.468153238,1780294791.465409756,2.309999942779541
1780294791.480512857,1780294791.479066610,2.319999933242798
1780294791.506520510,1780294791.502757311,2.4000000953674316
1780294791.525044441,1780294791.524513960,2.4000000953674316
1780294791.548740625,1780294791.547621012,2.430000066757202
1780294791.560709476,1780294791.560150385,2.430000066757202
1780294791.584157705,1780294791.582684994,2.430000066757202
1780294791.605472088,1780294791.604965210,2.430000066757202
1780294791.619663239,1780294791.618853807,2.430000066757202
1780294791.643606186,1780294791.641975403,2.430000066757202
1780294791.663609505,1780294791.663336277,2.430000066757202
1780294791.687935829,1780294791.686082125,2.430000066757202
1780294791.703011274,1780294791.701550722,2.430000066757202
1780294791.725212097,1780294791.724339724,2.430000066757202
1780294791.747992754,1780294791.746342182,2.430000066757202
1780294791.770243883,1780294791.768325090,2.430000066757202
1780294791.784592867,1780294791.780249596,2.430000066757202
1780294791.803617954,1780294791.803154945,2.430000066757202
1780294791.831628561,1780294791.827635527,2.430000066757202
1780294791.843312740,1780294791.839718580,2.430000066757202
1780294791.864775419,1780294791.861594915,2.430000066757202
1780294791.887962580,1780294791.884358168,2.430000066757202
1780294791.907088995,1780294791.906675339,2.430000066757202
1780294791.920978546,1780294791.918699265,2.430000066757202
1780294791.947238207,1780294791.946715593,2.430000066757202
1780294791.961242914,1780294791.960004091,2.430000066757202
1780294791.982842207,1780294791.982282162,2.430000066757202
1780294792.010020256,1780294791.999645233,2.430000066757202
1780294792.023114204,1780294792.022555113,2.430000066757202
1780294792.045321226,1780294792.044503927,2.430000066757202
1780294792.067424297,1780294792.066838503,2.430000066757202
1780294792.078635216,1780294792.078220844,2.430000066757202
1780294792.111426353,1780294792.110802174,2.430000066757202
1780294792.123878479,1780294792.123492956,2.430000066757202
1780294792.148712158,1780294792.145511150,2.430000066757202
1780294792.168999195,1780294792.168646812,2.430000066757202
1780294792.181529522,1780294792.180133104,2.430000066757202
1780294792.202838898,1780294792.202141523,2.430000066757202
1780294792.224944592,1780294792.224686146,2.430000066757202
1780294792.248298168,1780294792.246423721,2.430000066757202
1780294792.261875391,1780294792.260449648,2.430000066757202
1780294792.285997391,1780294792.284048319,2.430000066757202
1780294792.307197809,1780294792.306973696,2.430000066757202
1780294792.319693327,1780294792.319468498,2.430000066757202
1780294792.341953039,1780294792.341556311,2.430000066757202
1780294792.365459204,1780294792.365071297,2.430000066757202
1780294792.379528761,1780294792.379124403,2.430000066757202
1780294792.402919769,1780294792.401694536,2.430000066757202
1780294792.424242020,1780294792.423486948,2.430000066757202
1780294792.446149349,1780294792.445386648,2.430000066757202
1780294792.459097385,1780294792.458600998,2.430000066757202
1780294792.483011723,1780294792.480430603,2.430000066757202
1780294792.504927158,1780294792.504626274,2.430000066757202
1780294792.528011799,1780294792.526358843,2.430000066757202
1780294792.539071560,1780294792.538716793,2.430000066757202
1780294792.565842390,1780294792.560436964,2.430000066757202
1780294792.586205721,1780294792.584978819,2.430000066757202
1780294792.601019144,1780294792.599257946,2.430000066757202
1780294792.623039961,1780294792.621245384,2.430000066757202
1780294792.645884037,1780294792.643141031,2.430000066757202
1780294792.661029816,1780294792.658919334,2.430000066757202
1780294792.687761784,1780294792.684534788,2.430000066757202
1780294792.709101439,1780294792.706288338,2.430000066757202
1780294792.718894243,1780294792.718440533,2.430000066757202
1780294792.741597652,1780294792.741085052,2.430000066757202
1780294792.775712252,1780294792.766650438,2.430000066757202
1780294792.781017780,1780294792.778904676,2.430000066757202
1780294792.805055380,1780294792.802163124,2.430000066757202
1780294792.825402975,1780294792.824628115,2.430000066757202
1780294792.838884115,1780294792.838428497,2.430000066757202
1780294792.862657309,1780294792.862354994,2.430000066757202
1780294792.884808064,1780294792.884434223,2.430000066757202
1780294792.910053730,1780294792.909121037,2.430000066757202
1780294792.921359062,1780294792.920971870,2.430000066757202
1780294792.944110155,1780294792.943588018,2.430000066757202
1780294792.967701435,1780294792.967128992,2.430000066757202
1780294792.982441664,1780294792.979745388,2.430000066757202
1780294793.006140709,1780294793.002288580,2.430000066757202
1780294793.027518749,1780294793.026263952,2.430000066757202
1780294793.049620390,1780294793.048565149,2.430000066757202
1780294793.062300920,1780294793.060606480,2.430000066757202
1780294793.084285975,1780294793.082153559,2.430000066757202
1780294793.105910301,1780294793.104972363,2.430000066757202
1780294793.137688398,1780294793.119393349,2.430000066757202
1780294793.144698143,1780294793.141138077,2.430000066757202
1780294793.164004564,1780294793.163658142,2.430000066757202
1780294793.185541153,1780294793.185041904,2.430000066757202
1780294793.209437370,1780294793.207569122,2.430000066757202
1780294793.221942902,1780294793.220091343,2.430000066757202
1780294793.242649555,1780294793.242119551,2.430000066757202
1780294793.264987469,1780294793.264203310,2.430000066757202
1780294793.287781000,1780294793.286186934,2.430000066757202
1780294793.299334526,1780294793.298105001,2.430000066757202
1780294793.321428299,1780294793.320468664,2.430000066757202
1780294793.342777491,1780294793.342264652,2.430000066757202
1780294793.366763353,1780294793.365358114,2.430000066757202
1780294793.395253181,1780294793.387286425,2.430000066757202
1780294793.402926683,1780294793.402637720,2.430000066757202
1780294793.426149368,1780294793.425189257,2.430000066757202
1780294793.442262173,1780294793.440895319,2.430000066757202
1780294793.466836691,1780294793.466225147,2.430000066757202
1780294793.480175495,1780294793.479887009,2.430000066757202
1780294793.502534628,1780294793.502306461,2.430000066757202
1780294793.531056643,1780294793.524316788,2.430000066757202
1780294793.552863598,1780294793.546101570,2.430000066757202
1780294793.568568468,1780294793.568218708,2.430000066757202
1780294793.583034992,1780294793.580832243,2.430000066757202
1780294793.603701353,1780294793.603081703,2.430000066757202
1780294793.625531197,1780294793.625150204,2.430000066757202
1780294793.648832798,1780294793.648464203,2.430000066757202
1780294793.660932302,1780294793.660235643,2.430000066757202
1780294793.684528351,1780294793.682222128,2.430000066757202
1780294793.702690601,1780294793.702233076,2.440000057220459
1780294793.725370169,1780294793.725111008,2.450000047683716
1780294793.748087645,1780294793.747476578,2.450000047683716
1780294793.759912252,1780294793.759491920,2.4600000381469727
1780294793.782642603,1780294793.781380415,2.4600000381469727
1780294793.804962158,1780294793.804452419,2.4700000286102295
1780294793.827341795,1780294793.826340675,2.4700000286102295
1780294793.848523617,1780294793.848242998,2.4700000286102295
1780294793.861349583,1780294793.860236883,2.4700000286102295
1780294793.882637739,1780294793.882157087,2.4600000381469727
1780294793.904950142,1780294793.904415846,2.4600000381469727
1780294793.927467346,1780294793.927145004,2.4600000381469727
1780294793.950413942,1780294793.949718475,2.4600000381469727
1780294793.964299679,1780294793.961559772,2.4600000381469727
1780294793.982904673,1780294793.981427193,2.4600000381469727
1780294794.004423857,1780294794.003101587,2.4600000381469727
1780294794.026247501,1780294794.025117397,2.4600000381469727
1780294794.048830271,1780294794.047044992,2.4600000381469727
1780294794.060625792,1780294794.059020281,2.4600000381469727
1780294794.084203482,1780294794.081485271,2.4600000381469727
1780294794.104371071,1780294794.103534460,2.4600000381469727
1780294794.125945807,1780294794.125004292,2.4600000381469727
1780294794.147474051,1780294794.147035122,2.4600000381469727
1780294794.160750151,1780294794.158929348,2.4600000381469727
1780294794.181378841,1780294794.181043863,2.4600000381469727
1780294794.204654455,1780294794.204175234,2.4600000381469727
1780294794.226807356,1780294794.226461172,2.4600000381469727
1780294794.248434782,1780294794.248015404,2.4600000381469727
1780294794.263169765,1780294794.262732506,2.4600000381469727
1780294794.286240339,1780294794.285243034,2.4600000381469727
1780294794.310553551,1780294794.309940100,2.4600000381469727
1780294794.326663733,1780294794.326002121,2.4600000381469727
1780294794.348509550,1780294794.348023415,2.4600000381469727
1780294794.360694170,1780294794.360146046,2.4600000381469727
1780294794.386461496,1780294794.385576010,2.4600000381469727
1780294794.409311056,1780294794.408753633,2.4600000381469727
1780294794.422929287,1780294794.419967413,2.4600000381469727
1780294794.442876816,1780294794.442126989,2.4600000381469727
1780294794.464959383,1780294794.464075565,2.4600000381469727
1780294794.486765623,1780294794.486441612,2.4600000381469727
1780294794.499047756,1780294794.498738289,2.4600000381469727
1780294794.526868105,1780294794.526594639,2.4600000381469727
1780294794.548804045,1780294794.548338652,2.4600000381469727
1780294794.562326193,1780294794.561115980,2.4600000381469727
1780294794.583472490,1780294794.583072901,2.4600000381469727
1780294794.607650757,1780294794.607242823,2.4600000381469727
1780294794.623109341,1780294794.622790337,2.4600000381469727
1780294794.646704435,1780294794.646172762,2.390000104904175
1780294794.668521881,1780294794.668207169,2.309999942779541
1780294794.684866667,1780294794.684559107,2.309999942779541
1780294794.717243910,1780294794.716789484,2.2200000286102295
1780294794.719997644,1780294794.719735146,2.0899999141693115
1780294794.743029594,1780294794.742026806,2.0899999141693115
1780294794.764455080,1780294794.764062643,1.9800000190734863
1780294794.786792278,1780294794.786363363,1.9800000190734863
1780294794.808555841,1780294794.808221817,1.840000033378601
1780294794.820285320,1780294794.819881439,1.6399999856948853
1780294794.842854261,1780294794.842259407,1.6399999856948853
1780294794.866241932,1780294794.865959406,1.6200000047683716
1780294794.890084982,1780294794.889875174,1.5199999809265137
1780294794.902816296,1780294794.902404070,1.5199999809265137
1780294794.924871683,1780294794.924586058,1.440000057220459
1780294794.953381777,1780294794.949500084,1.309999942779541
1780294794.961648226,1780294794.961275339,1.309999942779541
1780294794.983879089,1780294794.983634233,1.2200000286102295
1780294795.006271601,1780294795.005561829,1.100000023841858
1780294795.035389900,1780294795.028131485,1.100000023841858
1780294795.041139603,1780294795.040186167,1.0299999713897705
1780294795.063686609,1780294795.063261986,1.0299999713897705
1780294795.085964203,1780294795.085252762,0.8799999952316284
1780294795.107889891,1780294795.107669353,0.7200000286102295
1780294795.119538546,1780294795.119029284,0.7200000286102295
1780294795.141811609,1780294795.141136169,0.6899999976158142
1780294795.163344383,1780294795.162976980,0.6700000166893005
1780294795.187084913,1780294795.186729193,0.6700000166893005
1780294795.208964109,1780294795.208494663,0.6200000047683716
1780294795.225820541,1780294795.220631123,0.5899999737739563
1780294795.244295359,1780294795.243216753,0.5899999737739563
1780294795.271519661,1780294795.265470028,0.5899999737739563
1780294795.280993462,1780294795.278468370,0.5899999737739563
1780294795.301599264,1780294795.301063299,0.6000000238418579
1780294795.324569464,1780294795.323945045,0.5899999737739563
1780294795.347729683,1780294795.347374201,0.5899999737739563
1780294795.359987020,1780294795.359149694,0.6000000238418579
1780294795.381424427,1780294795.381065130,0.5899999737739563
1780294795.404051781,1780294795.403238773,0.5899999737739563
1780294795.425620556,1780294795.425121307,0.5899999737739563
1780294795.448071718,1780294795.447746515,0.5899999737739563
1780294795.462089300,1780294795.461790085,0.5899999737739563
1780294795.483652353,1780294795.482945681,0.5899999737739563
1780294795.506042719,1780294795.505060673,0.5899999737739563
1780294795.527398109,1780294795.527008295,0.5899999737739563
1780294795.544097185,1780294795.538892984,0.5899999737739563
1780294795.561604500,1780294795.560943365,0.5899999737739563
1780294795.585617781,1780294795.584415197,0.5899999737739563
1780294795.600945711,1780294795.598756552,0.5299999713897705
1780294795.623858690,1780294795.622692823,0.5299999713897705
1780294795.645434618,1780294795.644853354,0.5199999809265137
1780294795.667372942,1780294795.666918993,0.5099999904632568
1780294795.680006742,1780294795.678893566,0.5099999904632568
1780294795.701954842,1780294795.701483250,0.4399999976158142
1780294795.723674059,1780294795.723213911,0.3700000047683716
1780294795.747020960,1780294795.744956017,0.3700000047683716
1780294795.767260551,1780294795.766956568,0.30000001192092896
1780294795.779137850,1780294795.778880358,0.30000001192092896
1780294795.801341772,1780294795.800990820,0.28999999165534973
1780294795.823542833,1780294795.823082209,0.25999999046325684
1780294795.845627785,1780294795.845246792,0.25999999046325684
1780294795.867595434,1780294795.867305756,0.25999999046325684
1780294795.879288673,1780294795.878851414,0.23000000417232513
1780294795.903373480,1780294795.902854443,0.23000000417232513
1780294795.925781965,1780294795.925177097,0.25999999046325684
1780294795.948829889,1780294795.948301077,0.25999999046325684
1780294795.961348534,1780294795.959849119,0.25999999046325684
1780294795.983932257,1780294795.982517481,0.25999999046325684
1780294796.005784035,1780294796.004749060,0.25999999046325684
1780294796.026746511,1780294796.026467323,0.25999999046325684
1780294796.039006233,1780294796.038584709,0.25999999046325684
1780294796.063372374,1780294796.062021017,0.25999999046325684
1780294796.085603237,1780294796.083966970,0.25999999046325684
1780294796.106704950,1780294796.106340170,0.25999999046325684
1780294796.122407436,1780294796.121748209,0.25999999046325684
1780294796.149920225,1780294796.145554066,0.25999999046325684
1780294796.169103622,1780294796.167981386,0.25999999046325684
1780294796.182984829,1780294796.182173014,0.25999999046325684
1780294796.214285374,1780294796.204094887,0.25999999046325684
1780294796.227498055,1780294796.226844549,0.25999999046325684
1780294796.240060806,1780294796.239475965,0.25999999046325684
1780294796.262279987,1780294796.261111736,0.25999999046325684
1780294796.284218311,1780294796.283583879,0.25999999046325684
1780294796.309279203,1780294796.305972338,0.25999999046325684
1780294796.332374573,1780294796.327960253,0.25999999046325684
1780294796.341295481,1780294796.340079069,0.25999999046325684
1780294796.363321781,1780294796.362537384,0.25999999046325684
1780294796.389287233,1780294796.385096312,0.25999999046325684
1780294796.407520056,1780294796.399176359,0.25999999046325684
1780294796.422983646,1780294796.421819448,0.25999999046325684
1780294796.444762945,1780294796.444438457,0.25999999046325684
1780294796.467773914,1780294796.467287064,0.25999999046325684
1780294796.487638474,1780294796.479190826,0.18000000715255737
1780294796.502495527,1780294796.502166510,0.15000000596046448
1780294796.524406910,1780294796.524111271,0.15000000596046448
1780294796.548755407,1780294796.546317816,0.12999999523162842
1780294796.568566561,1780294796.568016052,0.12999999523162842
1780294796.580905914,1780294796.580547333,0.09000000357627869
1780294796.606725693,1780294796.603606701,0.11999999731779099
1780294796.632722378,1780294796.626923084,0.11999999731779099
1780294796.652005672,1780294796.650358915,0.12999999523162842
1780294796.662366390,1780294796.661816835,0.11999999731779099
1780294796.685426474,1780294796.684297085,0.11999999731779099
1780294796.707297325,1780294796.706771374,0.10999999940395355
1780294796.719249487,1780294796.719041586,0.10999999940395355
1780294796.742038488,1780294796.741253138,0.10999999940395355
1780294796.767728329,1780294796.765672445,0.10999999940395355
1780294796.787865400,1780294796.787049532,0.10999999940395355
1780294796.799599409,1780294796.799241066,0.10999999940395355
1780294796.825799227,1780294796.823968172,0.10999999940395355
1780294796.846733093,1780294796.845814943,0.10999999940395355
1780294796.869183064,1780294796.867897987,0.10999999940395355
1780294796.880817175,1780294796.879919767,0.10999999940395355
1780294796.902658224,1780294796.902063131,0.10999999940395355
1780294796.925300121,1780294796.924700260,0.10999999940395355
1780294796.947763205,1780294796.947191000,0.10999999940395355
1780294796.969892263,1780294796.969029427,0.10999999940395355
1780294796.981157541,1780294796.980800867,0.10999999940395355
1780294797.003643036,1780294797.002967358,0.10999999940395355
1780294797.026961803,1780294797.025076866,0.10999999940395355
1780294797.048620462,1780294797.047943354,0.10999999940395355
1780294797.060455799,1780294797.060127020,0.10999999940395355
1780294797.083163738,1780294797.082503557,0.10999999940395355
1780294797.106082916,1780294797.105705023,0.10999999940395355
1780294797.119150877,1780294797.118168831,0.10999999940395355
1780294797.141926050,1780294797.140991211,0.10999999940395355
1780294797.163855553,1780294797.162872076,0.10999999940395355
1780294797.186025620,1780294797.185030937,0.10999999940395355
1780294797.207433224,1780294797.207020044,0.10999999940395355
1780294797.220331192,1780294797.218760252,0.10999999940395355
1780294797.241599083,1780294797.240930796,0.10999999940395355
1780294797.263489962,1780294797.262848139,0.10999999940395355
1780294797.287554741,1780294797.284886360,0.10999999940395355
1780294797.309131861,1780294797.307254314,0.10999999940395355
1780294797.320574045,1780294797.320046425,0.10999999940395355
1780294797.344413757,1780294797.342722416,0.10999999940395355
1780294797.369746685,1780294797.365396738,0.10999999940395355
1780294797.387378454,1780294797.386822224,0.10999999940395355
1780294797.402187824,1780294797.401744127,0.10999999940395355
1780294797.429035187,1780294797.427732706,0.10999999940395355
1780294797.440472126,1780294797.439843655,0.10999999940395355
1780294797.462715387,1780294797.462001801,0.10999999940395355
1780294797.485904217,1780294797.483832359,0.10999999940395355
1780294797.506861687,1780294797.505877972,0.10999999940395355
1780294797.519887686,1780294797.519014835,0.10999999940395355
1780294797.553162098,1780294797.551183701,0.10999999940395355
1780294797.566945076,1780294797.562811375,0.10999999940395355
1780294797.586571217,1780294797.585446119,0.10999999940395355
1780294797.607824802,1780294797.606931686,0.10999999940395355
1780294797.623426199,1780294797.619090319,0.10999999940395355
1780294797.665102243,1780294797.641925335,0.10999999940395355
1780294797.666663885,1780294797.665994644,0.10999999940395355
1780294797.688585758,1780294797.687952042,0.10999999940395355
1780294797.700670242,1780294797.700172186,0.10999999940395355
1780294797.723462582,1780294797.723052025,0.10999999940395355
1780294797.750061750,1780294797.744867325,0.10999999940395355
1780294797.759896278,1780294797.759111166,0.10999999940395355
1780294797.781437635,1780294797.780873060,0.10999999940395355
1780294797.804301500,1780294797.802965641,0.10999999940395355
1780294797.825711966,1780294797.825309992,0.10999999940395355
1780294797.848318100,1780294797.847486019,0.10999999940395355
1780294797.871045828,1780294797.868856192,0.10999999940395355
1780294797.881139517,1780294797.880747795,0.10999999940395355
1780294797.904207706,1780294797.903437376,0.10999999940395355
1780294797.925423384,1780294797.924867868,0.10999999940395355
1780294797.947287560,1780294797.946817875,0.10999999940395355
1780294797.960495949,1780294797.958986759,0.10999999940395355
1780294797.982022285,1780294797.981657505,0.10999999940395355
1780294798.005362749,1780294798.003971100,0.10999999940395355
1780294798.027103662,1780294798.026774168,0.10999999940395355
1780294798.039870262,1780294798.038922548,0.10999999940395355
1780294798.062715292,1780294798.061218739,0.10999999940395355
1780294798.084060192,1780294798.082822323,0.10999999940395355
1780294798.107666731,1780294798.106594801,0.10999999940395355
1780294798.122858047,1780294798.120751381,0.10999999940395355
1780294798.149992704,1780294798.146172047,0.10999999940395355
1780294798.162147522,1780294798.158866882,0.10999999940395355
1780294798.182394981,1780294798.181220531,0.10999999940395355
1780294798.206062555,1780294798.204233170,0.10999999940395355
1780294798.226742744,1780294798.226100683,0.10999999940395355
1780294798.240733385,1780294798.239085197,0.10999999940395355
1780294798.264129639,1780294798.262841702,0.10999999940395355
1780294798.285607100,1780294798.284868002,0.10999999940395355
1780294798.302742243,1780294798.299082994,0.10999999940395355
1780294798.321833611,1780294798.321229935,0.10999999940395355
1780294798.345905066,1780294798.345637560,0.10999999940395355
1780294798.359897375,1780294798.358845949,0.10999999940395355
1780294798.386249304,1780294798.383082867,0.10999999940395355
1780294798.406992197,1780294798.406589031,0.10999999940395355
1780294798.421050549,1780294798.420693636,0.10999999940395355
1780294798.443287849,1780294798.442877293,0.10999999940395355
1780294798.458508730,1780294798.458079338,0.10999999940395355
1780294798.480521679,1780294798.480142355,0.10999999940395355
1780294798.503276348,1780294798.502190828,0.10999999940395355
1780294798.526612759,1780294798.525573015,0.10999999940395355
1780294798.548882723,1780294798.546998978,0.10999999940395355
1780294798.560810328,1780294798.559035063,0.10999999940395355
1780294798.581826448,1780294798.581408024,0.10999999940395355
1780294798.605644941,1780294798.604441881,0.10999999940395355
1780294798.626819611,1780294798.626146555,0.10999999940395355
1780294798.639153004,1780294798.638654470,0.10999999940395355
1780294798.660472155,1780294798.659847975,0.10999999940395355
1780294798.688260794,1780294798.683983564,0.10999999940395355
1780294798.712546349,1780294798.706823349,0.10999999940395355
1780294798.721706390,1780294798.720719099,0.10999999940395355
1780294798.744675398,1780294798.743003368,0.10999999940395355
1780294798.766060114,1780294798.765156031,0.10999999940395355
1780294798.790502787,1780294798.786787271,0.10999999940395355
1780294798.801726818,1780294798.800987244,0.10999999940395355
1780294798.825693369,1780294798.825207233,0.10999999940395355
1780294798.847447157,1780294798.846993446,0.10999999940395355
1780294798.859338760,1780294798.858943224,0.10999999940395355
1780294798.882558584,1780294798.881017208,0.10999999940395355
1780294798.903946877,1780294798.902927876,0.10999999940395355
1780294798.926183462,1780294798.924987793,0.10999999940395355
1780294798.948021650,1780294798.946941137,0.10999999940395355
1780294798.961128473,1780294798.959363461,0.10999999940395355
1780294798.985507965,1780294798.981906414,0.10999999940395355
1780294799.005412579,1780294799.004596710,0.10999999940395355
1780294799.027241945,1780294799.025951624,0.10999999940395355
1780294799.055856466,1780294799.048273563,0.10999999940395355
1780294799.064183235,1780294799.059921980,0.10999999940395355
1780294799.084495068,1780294799.082005739,0.10000000149011612
1780294799.105551958,1780294799.104211092,0.10999999940395355
1780294799.127250195,1780294799.126062632,0.10999999940395355
1780294799.152290106,1780294799.147952080,0.11999999731779099
1780294799.161169529,1780294799.159725428,0.11999999731779099
1780294799.183278561,1780294799.182109356,0.11999999731779099
1780294799.204262972,1780294799.203791618,0.15000000596046448
1780294799.227360249,1780294799.226056099,0.1599999964237213
1780294799.248206854,1780294799.247833729,0.1599999964237213
1780294799.260666370,1780294799.259753942,0.17000000178813934
1780294799.287488937,1780294799.281976461,0.17000000178813934
1780294799.307070017,1780294799.306400537,0.17000000178813934
1780294799.319790602,1780294799.318486929,0.20999999344348907
1780294799.342650414,1780294799.339846611,0.20999999344348907
1780294799.362810135,1780294799.361843824,0.2199999988079071
1780294799.384327888,1780294799.383831024,0.2199999988079071
1780294799.406460524,1780294799.406099796,0.2199999988079071
1780294799.429122925,1780294799.427910089,0.2800000011920929
1780294799.441542864,1780294799.440045118,0.3100000023841858
1780294799.462544680,1780294799.461983681,0.3100000023841858
1780294799.485994101,1780294799.485558271,0.36000001430511475
1780294799.508851290,1780294799.508131027,0.4399999976158142
1780294799.521503687,1780294799.521005154,0.4399999976158142
1780294799.544627905,1780294799.544004679,0.47999998927116394
1780294799.567401648,1780294799.566329002,0.47999998927116394
1780294799.589608669,1780294799.589023113,0.4699999988079071
1780294799.602979660,1780294799.602156401,0.5099999904632568
1780294799.624786377,1780294799.624336004,0.5099999904632568
1780294799.646676302,1780294799.646425724,0.5
1780294799.659539223,1780294799.659261465,0.4699999988079071
1780294799.681574583,1780294799.681143761,0.4699999988079071
1780294799.704293251,1780294799.703911781,0.47999998927116394
1780294799.727134943,1780294799.726742029,0.49000000953674316
1780294799.741108894,1780294799.740748882,0.49000000953674316
1780294799.763242245,1780294799.762793064,0.49000000953674316
1780294799.786597013,1780294799.785094976,0.49000000953674316
1780294799.808257103,1780294799.806793213,0.49000000953674316
1780294799.823746204,1780294799.821393490,0.49000000953674316
1780294799.847805738,1780294799.844845533,0.49000000953674316
1780294799.869609594,1780294799.867160082,0.49000000953674316
1780294799.886687994,1780294799.878843307,0.49000000953674316
1780294799.901742935,1780294799.901335239,0.49000000953674316
1780294799.925158739,1780294799.924222469,0.49000000953674316
1780294799.946762323,1780294799.946372271,0.49000000953674316
1780294799.960024357,1780294799.958803892,0.49000000953674316
1780294799.981528282,1780294799.981067181,0.49000000953674316
1780294800.004671812,1780294800.004333019,0.49000000953674316
1780294800.026378393,1780294800.025947332,0.49000000953674316
1780294800.038231373,1780294800.037893772,0.49000000953674316
1780294800.061112165,1780294800.060552835,0.49000000953674316
1780294800.084805965,1780294800.084391356,0.49000000953674316
1780294800.107118845,1780294800.106523991,0.49000000953674316
1780294800.119494438,1780294800.118856430,0.49000000953674316
1780294800.143779755,1780294800.143475056,0.49000000953674316
1780294800.170451641,1780294800.167399883,0.49000000953674316
1780294800.181941986,1780294800.181368351,0.49000000953674316
1780294800.205937862,1780294800.205220938,0.49000000953674316
1780294800.221257925,1780294800.220500946,0.49000000953674316
1780294800.245633602,1780294800.242864847,0.49000000953674316
1780294800.265486956,1780294800.265159130,0.49000000953674316
1780294800.280102491,1780294800.279511929,0.49000000953674316
1780294800.302916288,1780294800.302554131,0.49000000953674316
1780294800.329931259,1780294800.328791380,0.49000000953674316
1780294800.343701601,1780294800.343319893,0.49000000953674316
1780294800.367334604,1780294800.366935968,0.49000000953674316
1780294800.379473925,1780294800.379072428,0.49000000953674316
1780294800.399061918,1780294800.398313761,0.49000000953674316
1780294800.425280094,1780294800.423869133,0.49000000953674316
1780294800.450671911,1780294800.446483374,0.49000000953674316
1780294800.461614847,1780294800.459174633,0.49000000953674316
1780294800.481195211,1780294800.480870485,0.49000000953674316
1780294800.513796806,1780294800.502992153,0.49000000953674316
1780294800.527345181,1780294800.525804996,0.49000000953674316
1780294800.541240931,1780294800.539694548,0.49000000953674316
1780294800.568552256,1780294800.566321135,0.49000000953674316
1780294800.581150055,1780294800.580658913,0.49000000953674316
1780294800.607219219,1780294800.605431318,0.6800000071525574
1780294800.628367662,1780294800.627816200,0.6800000071525574
1780294800.640422106,1780294800.639761686,0.7099999785423279
1780294800.664092064,1780294800.662400246,0.7300000190734863
1780294800.684851646,1780294800.684077024,0.7300000190734863
1780294800.707151651,1780294800.706694603,0.7900000214576721
1780294800.722171068,1780294800.721610785,0.8500000238418579
1780294800.747054815,1780294800.746269226,0.8500000238418579
1780294800.760663986,1780294800.758461475,0.8199999928474426
1780294800.786174059,1780294800.785030842,0.8199999928474426
1780294800.800490379,1780294800.798052788,0.7699999809265137
1780294800.830109596,1780294800.827971220,0.7900000214576721
1780294800.842010021,1780294800.841754198,0.7900000214576721
1780294800.867204189,1780294800.865560293,0.7900000214576721
1780294800.888944864,1780294800.886883974,0.7900000214576721
1780294800.903697491,1780294800.899729252,0.7900000214576721
1780294800.924700260,1780294800.922055960,0.800000011920929
1780294800.946582317,1780294800.943934202,0.800000011920929
1780294800.961941957,1780294800.960278749,0.800000011920929
1780294800.995304346,1780294800.984637976,0.800000011920929
1780294801.014375210,1780294801.007077694,0.7900000214576721
1780294801.025458097,1780294801.019639730,0.7900000214576721
1780294801.042369127,1780294801.042095661,0.7900000214576721
1780294801.065135241,1780294801.064399242,0.7900000214576721
1780294801.087337732,1780294801.086292744,0.7900000214576721
1780294801.110630751,1780294801.109422684,0.7900000214576721
1780294801.122632027,1780294801.120772600,0.7900000214576721
1780294801.143113136,1780294801.142756462,0.7900000214576721
1780294801.166162968,1780294801.165182114,0.7900000214576721
1780294801.184940338,1780294801.178876162,0.7900000214576721
1780294801.199404478,1780294801.198422909,0.7900000214576721
1780294801.222877741,1780294801.220873594,0.7900000214576721
1780294801.243411541,1780294801.242822170,0.7900000214576721
1780294801.265415907,1780294801.264948845,0.7900000214576721
1780294801.287441492,1780294801.286883831,0.7900000214576721
1780294801.310615063,1780294801.309801817,0.7900000214576721
1780294801.325087070,1780294801.323963642,0.7900000214576721
1780294801.346814394,1780294801.346012592,0.7900000214576721
1780294801.361030817,1780294801.358509779,0.7900000214576721
1780294801.382256746,1780294801.380500078,0.7900000214576721
1780294801.405014038,1780294801.403055429,0.7900000214576721
1780294801.421389103,1780294801.419170856,0.7900000214576721
1780294801.447750568,1780294801.441326141,0.7900000214576721
1780294801.468477726,1780294801.463839769,0.7900000214576721
1780294801.487892151,1780294801.486350298,0.7900000214576721
1780294801.507458925,1780294801.499455690,0.7900000214576721
1780294801.526413918,1780294801.522026062,0.7900000214576721
1780294801.548310280,1780294801.544366121,0.7900000214576721
1780294801.569726229,1780294801.567219734,0.7900000214576721
1780294801.580652237,1780294801.580377340,0.7900000214576721
1780294801.603652954,1780294801.602733135,0.7900000214576721
1780294801.625957489,1780294801.625353575,0.7900000214576721
1780294801.648047447,1780294801.647640228,0.7900000214576721
1780294801.660204649,1780294801.659745216,0.7900000214576721
1780294801.684405088,1780294801.683984756,0.7900000214576721
1780294801.706428051,1780294801.706108332,0.7900000214576721
1780294801.728319407,1780294801.726040125,0.7900000214576721
1780294801.738621235,1780294801.738096952,0.7900000214576721
1780294801.762386560,1780294801.762094975,0.7900000214576721
1780294801.784989834,1780294801.784690142,0.7900000214576721
1780294801.809685469,1780294801.808896780,0.7900000214576721
1780294801.821967125,1780294801.820245028,0.7900000214576721
1780294801.843432903,1780294801.842397690,0.7900000214576721
1780294801.867093801,1780294801.866023064,0.7900000214576721
1780294801.878380299,1780294801.878020525,0.7900000214576721
1780294801.903915882,1780294801.901568174,0.7900000214576721
1780294801.926649809,1780294801.924799919,0.8899999856948853
1780294801.938740492,1780294801.937867641,0.9599999785423279
1780294801.962169647,1780294801.961112976,0.9599999785423279
1780294801.985470057,1780294801.983744144,0.9800000190734863
1780294802.008768320,1780294802.005995274,0.9800000190734863
1780294802.021719217,1780294802.018303156,1.0299999713897705
1780294802.045097828,1780294802.041258097,1.0399999618530273
1780294802.066960573,1780294802.065321922,1.0399999618530273
1780294802.087466955,1780294802.086761951,0.9900000095367432
1780294802.101072550,1780294802.098633528,1.0
1780294802.127339840,1780294802.124165297,1.0
1780294802.152163029,1780294802.147277832,1.0099999904632568
1780294802.165070772,1780294802.162220716,1.0199999809265137
1780294802.187001944,1780294802.185132504,1.0199999809265137
1780294802.202836990,1780294802.197949648,1.0199999809265137
1780294802.222902060,1780294802.222042322,1.0099999904632568
1780294802.246091127,1780294802.244836807,1.0099999904632568
1780294802.269129038,1780294802.267028332,1.0099999904632568
1780294802.281054974,1780294802.278856039,1.0099999904632568
1780294802.302346468,1780294802.301088095,1.0099999904632568
1780294802.326840878,1780294802.323715448,1.0099999904632568
1780294802.347432852,1780294802.346552372,1.0099999904632568
1780294802.359513283,1780294802.359059811,1.0099999904632568
1780294802.383919716,1780294802.383340120,1.0099999904632568
1780294802.402011156,1780294802.401236296,1.0099999904632568
1780294802.426957369,1780294802.422739267,1.0099999904632568
1780294802.446258783,1780294802.444726467,1.0099999904632568
1780294802.468042850,1780294802.466679335,1.0099999904632568
1780294802.479620934,1780294802.478938341,1.0099999904632568
1780294802.501922607,1780294802.500986814,1.0099999904632568
1780294802.523271322,1780294802.522784472,1.0099999904632568
1780294802.548551559,1780294802.545129538,1.0099999904632568
1780294802.568569422,1780294802.566877127,1.0099999904632568
1780294802.580559969,1780294802.578681231,1.0099999904632568
1780294802.602020502,1780294802.601319551,1.0099999904632568
1780294802.625145674,1780294802.624389172,1.0099999904632568
1780294802.648419142,1780294802.646269798,1.0099999904632568
1780294802.670581818,1780294802.667873383,1.0099999904632568
1780294802.681889534,1780294802.680426836,1.0099999904632568
1780294802.705352306,1780294802.703468800,1.0099999904632568
1780294802.728265762,1780294802.727682114,1.0099999904632568
1780294802.741789818,1780294802.740648985,1.0099999904632568
1780294802.763079643,1780294802.762791634,1.0099999904632568
1780294802.785371304,1780294802.785036802,1.0099999904632568
1780294802.809031248,1780294802.808746099,1.0099999904632568
1780294802.822310686,1780294802.822109222,1.0099999904632568
1780294802.851128340,1780294802.847466230,1.0099999904632568
1780294802.861712694,1780294802.860004902,1.0099999904632568
1780294802.884713411,1780294802.883774519,1.0099999904632568
1780294802.902886629,1780294802.902543306,1.0099999904632568
1780294802.925236702,1780294802.924719810,1.0099999904632568
1780294802.951066732,1780294802.950624228,1.0099999904632568
1780294802.962923050,1780294802.962669611,1.0099999904632568
1780294802.988106489,1780294802.987769842,1.0099999904632568
1780294803.001376390,1780294803.001060724,1.0099999904632568
1780294803.023427486,1780294803.023024321,1.1799999475479126
1780294803.046142101,1780294803.045680761,1.2599999904632568
1780294803.069267273,1780294803.067853451,1.2599999904632568
1780294803.079958200,1780294803.079609394,1.2599999904632568
1780294803.102832556,1780294803.102565289,1.309999942779541
1780294803.125058889,1780294803.124728203,1.309999942779541
1780294803.148384333,1780294803.146843910,1.3600000143051147
1780294803.160144567,1780294803.158858061,1.2699999809265137
1780294803.182794809,1780294803.180600643,1.2699999809265137
1780294803.202970982,1780294803.202633619,1.2699999809265137
1780294803.225543261,1780294803.225196600,1.2899999618530273
1780294803.238628864,1780294803.238008261,1.2899999618530273
1780294803.262241602,1780294803.259807110,1.2999999523162842
1780294803.283080578,1780294803.282580376,1.2999999523162842
1780294803.305799246,1780294803.305021524,1.2899999618530273
1780294803.318503857,1780294803.318097830,1.2799999713897705
1780294803.343045235,1780294803.340274334,1.2799999713897705
1780294803.362846136,1780294803.362149954,1.2899999618530273
1780294803.387303114,1780294803.384305954,1.2999999523162842
1780294803.400988340,1780294803.398654699,1.2999999523162842
1780294803.423651457,1780294803.421581268,1.2999999523162842
1780294803.446588755,1780294803.443999290,1.2899999618530273
1780294803.468793869,1780294803.467185974,1.2899999618530273
1780294803.479794979,1780294803.478469849,1.2899999618530273
1780294803.502627611,1780294803.501121759,1.2899999618530273
1780294803.523850441,1780294803.522715330,1.2899999618530273
1780294803.547441959,1780294803.545082808,1.2899999618530273
1780294803.568777084,1780294803.567739964,1.2899999618530273
1780294803.581253052,1780294803.579875708,1.2899999618530273
1780294803.602946997,1780294803.601867676,1.2899999618530273
1780294803.624495983,1780294803.623961687,1.2899999618530273
1780294803.646402121,1780294803.645894766,1.2899999618530273
1780294803.658264637,1780294803.657908201,1.2899999618530273
1780294803.680760145,1780294803.680139780,1.2899999618530273
1780294803.702925205,1780294803.702274799,1.2899999618530273
1780294803.724077463,1780294803.723651886,1.2899999618530273
1780294803.746988773,1780294803.745660782,1.2899999618530273
1780294803.768798828,1780294803.768499374,1.2899999618530273
1780294803.782272339,1780294803.780914307,1.2899999618530273
1780294803.804010153,1780294803.802884102,1.2899999618530273
1780294803.825813055,1780294803.824727774,1.2899999618530273
1780294803.847443581,1780294803.846870661,1.2899999618530273
1780294803.860714674,1780294803.859767199,1.2899999618530273
1780294803.882526398,1780294803.882171392,1.2899999618530273
1780294803.903956175,1780294803.903652430,1.2899999618530273
1780294803.925923347,1780294803.925558090,1.2899999618530273
1780294803.941138029,1780294803.937703848,1.2899999618530273
1780294803.961452484,1780294803.960544348,1.2899999618530273
1780294803.983394861,1780294803.982724190,1.2899999618530273
1780294804.005103588,1780294804.004746199,1.2899999618530273
1780294804.026962757,1780294804.026640654,1.2899999618530273
1780294804.041277409,1780294804.038483858,1.2899999618530273
1780294804.064548731,1780294804.064238548,1.2899999618530273
1780294804.085950613,1780294804.085629463,1.2899999618530273
1780294804.098379135,1780294804.097896099,1.2899999618530273
1780294804.123757839,1780294804.122405291,1.2899999618530273
1780294804.144191742,1780294804.143744469,1.2899999618530273
1780294804.167453527,1780294804.167041540,1.2899999618530273
1780294804.179617167,1780294804.178725004,1.2899999618530273
1780294804.202642441,1780294804.202099323,1.2899999618530273
1780294804.224905014,1780294804.224567175,1.2899999618530273
1780294804.247242928,1780294804.246675491,1.2899999618530273
1780294804.260089874,1780294804.259761810,1.2899999618530273
1780294804.282375097,1780294804.281945705,1.2899999618530273
1780294804.304922581,1780294804.303745985,1.2899999618530273
1780294804.326353788,1780294804.325628281,1.2899999618530273
1780294804.341084719,1780294804.337914228,1.2899999618530273
1780294804.361733437,1780294804.361443996,1.2899999618530273
1780294804.386306047,1780294804.385053635,1.2899999618530273
1780294804.408790350,1780294804.407625198,1.2899999618530273
1780294804.420895100,1780294804.420408726,1.2899999618530273
1780294804.444064379,1780294804.443435907,1.2899999618530273
1780294804.467484951,1780294804.466003418,1.2899999618530273
1780294804.478693247,1780294804.477863789,1.2899999618530273
1780294804.501963615,1780294804.500232458,1.2899999618530273
1780294804.525965929,1780294804.524808645,1.2899999618530273
1780294804.547637463,1780294804.546994925,1.2899999618530273
1780294804.559910536,1780294804.558470249,1.2899999618530273
1780294804.583131313,1780294804.580634117,1.2899999618530273
1780294804.606540680,1780294804.603091002,1.2899999618530273
1780294804.630214930,1780294804.625867128,1.2899999618530273
1780294804.641471386,1780294804.639814854,1.2899999618530273
1780294804.662539721,1780294804.661788702,1.2899999618530273
1780294804.684672117,1780294804.684107065,1.2899999618530273
1780294804.707679033,1780294804.706552505,1.2899999618530273
1780294804.721791744,1780294804.721411943,1.2899999618530273
1780294804.745980501,1780294804.745524883,1.2899999618530273
1780294804.770967007,1780294804.769699574,1.2899999618530273
1780294804.784598112,1780294804.784059048,1.2899999618530273
1780294804.808640718,1780294804.808001757,1.2899999618530273
1780294804.820551395,1780294804.819564819,1.2899999618530273
1780294804.842159748,1780294804.841628313,1.2899999618530273
1780294804.868033171,1780294804.867192984,1.2899999618530273
1780294804.879005909,1780294804.878519297,1.2899999618530273
1780294804.901549101,1780294804.900906086,1.2899999618530273
1780294804.925048113,1780294804.924632549,1.2899999618530273
1780294804.948473215,1780294804.947442532,1.2899999618530273
1780294804.961553335,1780294804.959537268,1.2899999618530273
1780294804.986606121,1780294804.984912872,1.2899999618530273
1780294805.007173538,1780294805.006554842,1.2899999618530273
1780294805.019537449,1780294805.018722296,1.2899999618530273
1780294805.044962883,1780294805.043676615,1.2899999618530273
1780294805.066835165,1780294805.065669775,1.2899999618530273
1780294805.078145027,1780294805.077714682,1.2899999618530273
1780294805.101445436,1780294805.100943804,1.2899999618530273
1780294805.128072977,1780294805.126104355,1.2899999618530273
1780294805.147912025,1780294805.147606611,1.2899999618530273
1780294805.160231590,1780294805.159679651,1.2899999618530273
1780294805.187087297,1780294805.185678005,1.2899999618530273
1780294805.200883389,1780294805.200630903,1.2899999618530273
1780294805.224450827,1780294805.222858191,1.2899999618530273
1780294805.246457338,1780294805.244672060,1.2899999618530273
1780294805.268669128,1780294805.267047405,1.2899999618530273
1780294805.279351234,1780294805.278723717,1.2899999618530273
1780294805.303823948,1780294805.303228378,1.2899999618530273
1780294805.326373577,1780294805.325758219,1.2899999618530273
1780294805.348698378,1780294805.347816706,1.2899999618530273
1780294805.366317272,1780294805.359784365,1.2899999618530273
1780294805.386451483,1780294805.382866383,1.2899999618530273
1780294805.405783892,1780294805.404701710,1.2899999618530273
1780294805.430307388,1780294805.429926634,1.2899999618530273
1780294805.443274498,1780294805.442598343,1.2899999618530273
1780294805.465940237,1780294805.464910746,1.2899999618530273
1780294805.487387180,1780294805.486762285,1.2899999618530273
1780294805.499323845,1780294805.498711586,1.2899999618530273
1780294805.528178692,1780294805.521332979,1.2899999618530273
1780294805.547333002,1780294805.545012712,1.2899999618530273
1780294805.569749832,1780294805.567686081,1.2899999618530273
1780294805.581396103,1780294805.580760956,1.2699999809265137
1780294805.605322838,1780294805.603832483,1.2899999618530273
1780294805.627933979,1780294805.627125025,1.2899999618530273
1780294805.642547846,1780294805.639981031,1.2999999523162842
1780294805.664913893,1780294805.662482977,1.2999999523162842
1780294805.686589718,1780294805.684578896,1.2999999523162842
1780294805.709064245,1780294805.706809521,1.2899999618530273
1780294805.725086689,1780294805.721829891,1.2899999618530273
1780294805.748295307,1780294805.744798660,1.2899999618530273
1780294805.775592804,1780294805.767775297,1.2899999618530273
1780294805.782066107,1780294805.781479836,1.2899999618530273
1780294805.804931402,1780294805.804279327,1.2899999618530273
1780294805.823886156,1780294805.822716951,1.2899999618530273
1780294805.845942497,1780294805.845396042,1.2899999618530273
1780294805.862287521,1780294805.858688831,1.2899999618530273
1780294805.884450674,1780294805.883958340,1.2899999618530273
1780294805.908688545,1780294805.906263828,1.2899999618530273
1780294805.924849272,1780294805.924328089,1.2899999618530273
1780294805.948158264,1780294805.947708130,1.2899999618530273
1780294805.961763144,1780294805.959678650,1.2899999618530273
1780294805.986370564,1780294805.984933615,1.2899999618530273
1780294806.009046316,1780294806.008113623,1.2899999618530273
1780294806.021396875,1780294806.020035267,1.2899999618530273
1780294806.042190552,1780294806.041804075,1.2899999618530273
1780294806.066906691,1780294806.066168785,1.2899999618530273
1780294806.079061031,1780294806.078459740,1.2899999618530273
1780294806.103253603,1780294806.100820303,1.3700000047683716
1780294806.123135328,1780294806.122487307,1.3700000047683716
1780294806.145162582,1780294806.144521475,1.4800000190734863
1780294806.159313679,1780294806.158405066,1.5
1780294806.183235645,1780294806.182861328,1.5
1780294806.207322598,1780294806.206014395,1.590000033378601
1780294806.219492912,1780294806.218122005,1.7999999523162842
1780294806.241996765,1780294806.241552830,1.7999999523162842
1780294806.266580820,1780294806.266154051,1.8700000047683716
1780294806.279111385,1780294806.278728485,1.8700000047683716
1780294806.301864386,1780294806.301378012,1.809999942779541
1780294806.318685532,1780294806.318143845,1.6699999570846558
1780294806.342755556,1780294806.341101408,1.6699999570846558
1780294806.364327192,1780294806.362839222,1.6299999952316284
1780294806.387228727,1780294806.384579420,1.4299999475479126
1780294806.408572674,1780294806.407676935,1.4299999475479126
1780294806.424188614,1780294806.422498703,1.2799999713897705
1780294806.445946932,1780294806.445575714,0.9800000190734863
1780294806.469358206,1780294806.467594385,0.9800000190734863
1780294806.483694553,1780294806.483071089,0.8299999833106995
1780294806.508209467,1780294806.506009817,0.47999998927116394
1780294806.528291464,1780294806.527732611,0.47999998927116394
1780294806.542799473,1780294806.541996717,0.30000001192092896
1780294806.565939903,1780294806.564779758,0.30000001192092896
1780294806.587867022,1780294806.586508989,-0.05000000074505806
1780294806.602378130,1780294806.599215269,-0.4699999988079071
1780294806.622968197,1780294806.622596979,-0.4699999988079071
1780294806.645137072,1780294806.644507408,-0.6000000238418579
1780294806.659346342,1780294806.658856630,-0.9200000166893005
1780294806.685104609,1780294806.684854984,-0.9200000166893005
1780294806.708545923,1780294806.707654715,-1.0800000429153442
1780294806.722742319,1780294806.720581532,-1.440000057220459
1780294806.744646549,1780294806.742894173,-1.440000057220459
1780294806.766486883,1780294806.764483690,-1.6100000143051147
1780294806.787825584,1780294806.786600590,-1.6100000143051147
1780294806.803491592,1780294806.801278353,-1.9700000286102295
1780294806.823459387,1780294806.822600842,-2.369999885559082
1780294806.845848083,1780294806.844752312,-2.369999885559082
1780294806.868270636,1780294806.867137671,-2.490000009536743
1780294806.880757570,1780294806.879059315,-2.799999952316284
1780294806.901867867,1780294806.901247501,-2.799999952316284
1780294806.924250126,1780294806.923522472,-2.950000047683716
1780294806.946095467,1780294806.945691347,-3.299999952316284
1780294806.969307423,1780294806.967584372,-3.299999952316284
1780294806.981854677,1780294806.980881929,-3.450000047683716
1780294807.004627228,1780294807.004036188,-3.799999952316284
1780294807.028203011,1780294807.026150227,-3.799999952316284
1780294807.048684120,1780294807.047750473,-3.940000057220459
1780294807.060316563,1780294807.060011864,-3.940000057220459
1780294807.086213589,1780294807.082999468,-4.239999771118164
1780294807.106499195,1780294807.105267048,-4.579999923706055
1780294807.121416330,1780294807.120007515,-4.579999923706055
1780294807.144036770,1780294807.142479181,-4.670000076293945
1780294807.170383692,1780294807.165412426,-4.880000114440918
1780294807.184789181,1780294807.178279638,-4.880000114440918
1780294807.202698469,1780294807.201650858,-4.980000019073486
1780294807.226417303,1780294807.224411964,-5.21999979019165
1780294807.248930454,1780294807.246845961,-5.21999979019165
1780294807.259564400,1780294807.258854389,-5.320000171661377
1780294807.282660246,1780294807.281563759,-5.320000171661377
1780294807.306100607,1780294807.304782152,-5.53000020980835
1780294807.326961279,1780294807.326482058,-5.760000228881836
1780294807.340518236,1780294807.338585377,-5.760000228881836
1780294807.362132072,1780294807.361228943,-5.800000190734863
1780294807.385385990,1780294807.384102583,-5.96999979019165
1780294807.406589508,1780294807.406106472,-5.96999979019165
1780294807.420749664,1780294807.418921232,-6.050000190734863
1780294807.441615820,1780294807.440685511,-6.269999980926514
1780294807.464985609,1780294807.463513613,-6.269999980926514
1780294807.486229420,1780294807.485765934,-6.380000114440918
1780294807.509793758,1780294807.508639336,-6.619999885559082
1780294807.524094582,1780294807.520377636,-6.619999885559082
1780294807.543939590,1780294807.543236494,-6.75
1780294807.566626787,1780294807.565557480,-6.75
1780294807.578794718,1780294807.578179359,-7.0
1780294807.601147652,1780294807.600306511,-7.309999942779541
1780294807.624480963,1780294807.621459246,-7.309999942779541
1780294807.646216154,1780294807.644724846,-7.400000095367432
1780294807.670083523,1780294807.666888237,-7.630000114440918
1780294807.679753780,1780294807.678758621,-7.630000114440918
1780294807.702048540,1780294807.700868845,-7.739999771118164
1780294807.723893642,1780294807.722916603,-8.050000190734863
1780294807.748323917,1780294807.745874405,-8.050000190734863
1780294807.769023895,1780294807.767687798,-8.180000305175781
1780294807.782897234,1780294807.780762911,-8.180000305175781
1780294807.804131746,1780294807.802527428,-8.479999542236328
1780294807.827520132,1780294807.824650288,-8.829999923706055
1780294807.849554300,1780294807.847337246,-8.829999923706055
1780294807.861181259,1780294807.858891249,-8.90999984741211
1780294807.884659529,1780294807.880562067,-9.1899995803833
1780294807.904162645,1780294807.902486801,-9.1899995803833
1780294807.929095745,1780294807.924505472,-9.3100004196167
1780294807.949053049,1780294807.946619987,-9.640000343322754
1780294807.962033987,1780294807.958536863,-9.640000343322754
1780294807.982628822,1780294807.981426001,-9.800000190734863
1780294808.005718470,1780294808.003838301,-10.15999984741211
1780294808.027498007,1780294808.026155472,-10.15999984741211
1780294808.049239635,1780294808.047564268,-10.319999694824219
1780294808.061446667,1780294808.059693813,-10.319999694824219
1780294808.083386421,1780294808.081567287,-10.649999618530273
1780294808.107463360,1780294808.103740215,-11.020000457763672
1780294808.129017830,1780294808.127698183,-11.020000457763672
1780294808.140842199,1780294808.140060186,-11.100000381469727
1780294808.163371801,1780294808.162429094,-11.359999656677246
1780294808.187962055,1780294808.187032938,-11.359999656677246
1780294808.200628996,1780294808.199137926,-11.460000038146973
1780294808.223346710,1780294808.222246408,-11.699999809265137
1780294808.245276690,1780294808.243439674,-11.699999809265137
1780294808.266461849,1780294808.265574455,-11.8100004196167
1780294808.281928301,1780294808.278814077,-11.8100004196167
1780294808.307093620,1780294808.306609631,-12.0
1780294808.321171522,1780294808.318686724,-12.210000038146973
1780294808.342858315,1780294808.340533972,-12.210000038146973
1780294808.369675398,1780294808.366902828,-12.239999771118164
1780294808.379784107,1780294808.379259109,-12.359999656677246
1780294808.402536154,1780294808.401456594,-12.359999656677246
1780294808.426352739,1780294808.423578978,-12.430000305175781
1780294808.453486204,1780294808.446406841,-12.569999694824219
1780294808.461447716,1780294808.460341930,-12.569999694824219
1780294808.484494448,1780294808.483232737,-12.630000114440918
1780294808.507202625,1780294808.504681826,-12.720000267028809
1780294808.519564152,1780294808.518336058,-12.720000267028809
1780294808.542414427,1780294808.541579723,-12.760000228881836
1780294808.564454079,1780294808.563405275,-12.760000228881836
1780294808.587079287,1780294808.586778164,-12.800000190734863
1780294808.599311829,1780294808.599100590,-12.800000190734863
1780294808.622683764,1780294808.622295141,-12.800000190734863
1780294808.645466805,1780294808.643551111,-12.800000190734863
1780294808.666087866,1780294808.665834188,-12.800000190734863
1780294808.679802895,1780294808.677894354,-12.800000190734863
1780294808.701794386,1780294808.701181173,-12.800000190734863
1780294808.724080086,1780294808.723744154,-12.800000190734863
1780294808.747703552,1780294808.745529890,-12.800000190734863
1780294808.767733574,1780294808.767420053,-12.800000190734863
1780294808.780134201,1780294808.779369354,-12.800000190734863
1780294808.801994562,1780294808.801409245,-12.800000190734863
1780294808.824217558,1780294808.823687792,-12.800000190734863
1780294808.846940041,1780294808.845637798,-12.800000190734863
1780294808.867775679,1780294808.867476225,-12.800000190734863
1780294808.879704714,1780294808.879349947,-12.869999885559082
1780294808.903624535,1780294808.903207302,-12.869999885559082
1780294808.930179596,1780294808.924438000,-12.890000343322754
1780294808.940439939,1780294808.939905167,-12.970000267028809
1780294808.962772846,1780294808.961851597,-12.970000267028809
1780294808.984885693,1780294808.984182358,-13.0
1780294809.003283262,1780294809.002070427,-13.050000190734863
1780294809.025470734,1780294809.023569584,-13.050000190734863
1780294809.046672344,1780294809.046059847,-13.039999961853027
1780294809.069516420,1780294809.067693710,-13.039999961853027
1780294809.081286907,1780294809.080782175,-13.039999961853027
1780294809.105294466,1780294809.104429960,-13.020000457763672
1780294809.128091097,1780294809.127393723,-13.020000457763672
1780294809.141014814,1780294809.140344858,-13.020000457763672
1780294809.163879871,1780294809.162982225,-13.029999732971191
1780294809.187175751,1780294809.185224771,-13.029999732971191
1780294809.210268259,1780294809.207450867,-13.029999732971191
1780294809.220573902,1780294809.219821692,-13.029999732971191
1780294809.241803885,1780294809.241525173,-13.029999732971191
1780294809.268172741,1780294809.267507315,-13.029999732971191
1780294809.279936075,1780294809.279588938,-13.029999732971191
1780294809.306704044,1780294809.302402735,-13.020000457763672
1780294809.324907064,1780294809.324678421,-13.15999984741211
1780294809.346904278,1780294809.346551180,-13.15999984741211
1780294809.359942198,1780294809.358813763,-13.15999984741211
1780294809.381100893,1780294809.380404711,-13.289999961853027
1780294809.404181957,1780294809.402921438,-13.289999961853027
1780294809.425152540,1780294809.424410105,-13.319999694824219
1780294809.450460434,1780294809.446769476,-13.390000343322754
1780294809.462367058,1780294809.458433867,-13.390000343322754
1780294809.481595993,1780294809.481209517,-13.369999885559082
1780294809.504744768,1780294809.504394054,-13.380000114440918
1780294809.527805567,1780294809.526525259,-13.380000114440918
1780294809.539772511,1780294809.538624525,-13.350000381469727
1780294809.563537121,1780294809.561844110,-13.350000381469727
1780294809.585076332,1780294809.584112406,-13.359999656677246
1780294809.610224247,1780294809.608494282,-13.359999656677246
1780294809.620775700,1780294809.620300055,-13.359999656677246
1780294809.643056870,1780294809.642486334,-13.359999656677246
1780294809.668133974,1780294809.665143728,-13.359999656677246
1780294809.688767433,1780294809.687533855,-13.359999656677246
1780294809.701911211,1780294809.700039625,-13.359999656677246
1780294809.722896338,1780294809.722322702,-13.359999656677246
1780294809.745720625,1780294809.745076418,-13.359999656677246
1780294809.767503977,1780294809.766771793,-13.359999656677246
1780294809.779222488,1780294809.778319836,-13.359999656677246
1780294809.802119732,1780294809.801106930,-13.359999656677246
1780294809.830026865,1780294809.825130939,-13.359999656677246
1780294809.848518848,1780294809.847649336,-13.359999656677246
1780294809.860105515,1780294809.859427214,-13.359999656677246
1780294809.885062933,1780294809.883728743,-13.359999656677246
1780294809.907617092,1780294809.906647921,-13.359999656677246
1780294809.919770241,1780294809.918464899,-13.359999656677246
1780294809.941555738,1780294809.940474272,-13.359999656677246
1780294809.964490175,1780294809.963450670,-13.359999656677246
1780294809.986963272,1780294809.985455513,-13.359999656677246
1780294810.010231256,1780294810.007563114,-13.359999656677246
1780294810.019793987,1780294810.019445896,-13.359999656677246
1780294810.042292833,1780294810.041872501,-13.359999656677246
1780294810.065908432,1780294810.065548420,-13.359999656677246
1780294810.080568314,1780294810.080023766,-13.359999656677246
1780294810.103557587,1780294810.102947712,-13.359999656677246
1780294810.128288269,1780294810.127545595,-13.359999656677246
1780294810.141040325,1780294810.140001297,-13.359999656677246
1780294810.168672562,1780294810.165918589,-13.359999656677246
1780294810.182040453,1780294810.181019306,-13.359999656677246
1780294810.208748102,1780294810.207752943,-13.359999656677246
1780294810.220258951,1780294810.219279766,-13.359999656677246
1780294810.243296862,1780294810.242965937,-13.359999656677246
1780294810.265460253,1780294810.264387131,-13.359999656677246
1780294810.287667751,1780294810.286937952,-13.359999656677246
1780294810.299979687,1780294810.298392773,-13.359999656677246
1780294810.323055744,1780294810.320457697,-13.359999656677246
1780294810.343521357,1780294810.342439413,-13.359999656677246
1780294810.358659744,1780294810.358077288,-13.359999656677246
1780294810.383113146,1780294810.382837296,-13.359999656677246
1780294810.405258417,1780294810.404424906,-13.359999656677246
1780294810.427176476,1780294810.426562548,-13.359999656677246
1780294810.439342499,1780294810.438710928,-13.359999656677246
1780294810.463572502,1780294810.463141203,-13.359999656677246
1780294810.487312317,1780294810.486513615,-13.359999656677246
1780294810.499221087,1780294810.498461008,-13.359999656677246
1780294810.522696257,1780294810.521892786,-13.359999656677246
1780294810.544474840,1780294810.543408394,-13.359999656677246
1780294810.566062689,1780294810.565702677,-13.359999656677246
1780294810.578993082,1780294810.578287125,-13.359999656677246
1780294810.602765083,1780294810.601925850,-13.359999656677246
1780294810.624197245,1780294810.623476267,-13.359999656677246
1780294810.647241116,1780294810.646652222,-13.359999656677246
1780294810.659144878,1780294810.658536673,-13.359999656677246
1780294810.681374311,1780294810.680894136,-13.359999656677246
1780294810.704533100,1780294810.703335047,-13.359999656677246
1780294810.727182150,1780294810.726095915,-13.359999656677246
1780294810.739119530,1780294810.738356113,-13.359999656677246
1780294810.761508226,1780294810.760699511,-13.359999656677246
1780294810.787290573,1780294810.783030510,-13.359999656677246
1780294810.806463003,1780294810.805197239,-13.359999656677246
1780294810.822773457,1780294810.822157860,-13.359999656677246
1780294810.844715118,1780294810.843599558,-13.359999656677246
1780294810.867734432,1780294810.866195679,-13.359999656677246
1780294810.889690638,1780294810.888485670,-13.359999656677246
1780294810.902306080,1780294810.901377678,-13.359999656677246
1780294810.925776958,1780294810.923667669,-13.359999656677246
1780294810.946688175,1780294810.946025610,-13.359999656677246
1780294810.969132423,1780294810.967532158,-13.359999656677246
1780294810.980880737,1780294810.979520559,-13.359999656677246
1780294811.002198696,1780294811.001414537,-13.359999656677246
1780294811.024148226,1780294811.023346424,-13.359999656677246
1780294811.046048880,1780294811.045336246,-13.359999656677246
1780294811.070534229,1780294811.070028305,-13.359999656677246
1780294811.082308292,1780294811.081362724,-13.359999656677246
1780294811.103824139,1780294811.103560686,-13.359999656677246
1780294811.129958868,1780294811.126016855,-13.359999656677246
1780294811.139154196,1780294811.138308525,-13.359999656677246
1780294811.160731792,1780294811.160356283,-13.359999656677246
1780294811.183831215,1780294811.182374001,-13.359999656677246
1780294811.204862118,1780294811.204579592,-13.359999656677246
1780294811.227444649,1780294811.227101803,-13.359999656677246
1780294811.239222527,1780294811.238286257,-13.359999656677246
1780294811.260576725,1780294811.260301113,-13.449999809265137
1780294811.283952713,1780294811.283677101,-13.449999809265137
1780294811.306602716,1780294811.306149006,-13.59000015258789
1780294811.325059414,1780294811.324240923,-13.649999618530273
1780294811.347041368,1780294811.346436501,-13.649999618530273
1780294811.360351801,1780294811.358283997,-13.65999984741211
1780294811.383430481,1780294811.382799149,-13.739999771118164
1780294811.406433344,1780294811.405541420,-13.739999771118164
1780294811.427892447,1780294811.427623272,-13.649999618530273
1780294811.442529917,1780294811.441965818,-13.710000038146973
1780294811.466812134,1780294811.464010477,-13.710000038146973
1780294811.486475706,1780294811.485329151,-13.869999885559082
1780294811.498054266,1780294811.497567177,-14.220000267028809
1780294811.522838116,1780294811.520396709,-14.220000267028809
1780294811.545742989,1780294811.545303106,-14.369999885559082
1780294811.558170319,1780294811.557724476,-14.369999885559082
1780294811.581887960,1780294811.579502106,-14.619999885559082
1780294811.604462385,1780294811.602117777,-14.670000076293945
1780294811.624870062,1780294811.624422789,-14.670000076293945
1780294811.647059202,1780294811.646607637,-14.65999984741211
1780294811.658522844,1780294811.658277035,-14.630000114440918
1780294811.681112289,1780294811.680770636,-14.630000114440918
1780294811.702886820,1780294811.702602625,-14.609999656677246
1780294811.725341797,1780294811.725034714,-14.619999885559082
1780294811.748141050,1780294811.746357918,-14.619999885559082
1780294811.758703470,1780294811.758294344,-14.640000343322754
1780294811.784364700,1780294811.780695677,-14.640000343322754
1780294811.803701401,1780294811.802655935,-14.630000114440918
1780294811.826139212,1780294811.825587034,-14.630000114440918
1780294811.838197708,1780294811.837943077,-14.630000114440918
1780294811.861131668,1780294811.860597134,-14.630000114440918
1780294811.885896444,1780294811.884763002,-14.630000114440918
1780294811.898979425,1780294811.898086071,-14.630000114440918
1780294811.923557997,1780294811.922739506,-14.630000114440918
1780294811.945809841,1780294811.945328474,-14.630000114440918
1780294811.968050957,1780294811.967515707,-14.630000114440918
1780294811.979788303,1780294811.979487419,-14.630000114440918
1780294812.001966238,1780294812.001649618,-14.630000114440918
1780294812.026180506,1780294812.024257660,-14.630000114440918
1780294812.045839787,1780294812.045541048,-14.630000114440918
1780294812.067984581,1780294812.067693710,-14.630000114440918
1780294812.079675436,1780294812.079332352,-14.630000114440918
1780294812.102436781,1780294812.101691961,-14.630000114440918
1780294812.124885321,1780294812.124526501,-14.630000114440918
1780294812.146821499,1780294812.146427393,-14.630000114440918
1780294812.163483858,1780294812.158453465,-14.630000114440918
1780294812.181511164,1780294812.180972099,-14.630000114440918
1780294812.204528332,1780294812.203981161,-14.630000114440918
1780294812.231924057,1780294812.227076054,-14.630000114440918
1780294812.243718147,1780294812.243021250,-14.630000114440918
1780294812.265603065,1780294812.265225649,-14.630000114440918
1780294812.278493404,1780294812.278057814,-14.630000114440918
1780294812.306019545,1780294812.301785231,-14.630000114440918
1780294812.324118853,1780294812.323775291,-14.630000114440918
1780294812.346049309,1780294812.345367432,-14.630000114440918
1780294812.358749866,1780294812.358213186,-14.630000114440918
1780294812.381054401,1780294812.380500793,-14.630000114440918
1780294812.403369665,1780294812.402502537,-14.630000114440918
1780294812.426582813,1780294812.425667286,-14.630000114440918
1780294812.439317465,1780294812.437819719,-14.630000114440918
1780294812.471879721,1780294812.470500469,-14.630000114440918
1780294812.483594418,1780294812.482334614,-14.630000114440918
1780294812.506086588,1780294812.505528927,-14.630000114440918
1780294812.532107592,1780294812.527283192,-14.630000114440918
1780294812.542567730,1780294812.539939165,-14.630000114440918
1780294812.562308788,1780294812.561555862,-14.630000114440918
1780294812.584408522,1780294812.583231211,-14.630000114440918
1780294812.605973005,1780294812.605264187,-14.630000114440918
1780294812.620487928,1780294812.618385315,-14.630000114440918
1780294812.641800642,1780294812.641304016,-14.630000114440918
1780294812.665319443,1780294812.664669275,-14.630000114440918
1780294812.687344551,1780294812.686370611,-14.630000114440918
1780294812.700445890,1780294812.698671103,-14.630000114440918
1780294812.721350431,1780294812.720728874,-14.630000114440918
1780294812.744421482,1780294812.743924141,-14.630000114440918
1780294812.767119884,1780294812.766479015,-14.630000114440918
1780294812.789104223,1780294812.788407326,-14.630000114440918
1780294812.801017761,1780294812.800175667,-14.630000114440918
1780294812.823254347,1780294812.822337151,-14.630000114440918
1780294812.845850706,1780294812.844218493,-14.630000114440918
1780294812.867678642,1780294812.867223978,-14.630000114440918
1780294812.880005836,1780294812.879652977,-14.630000114440918
1780294812.902198076,1780294812.901438713,-14.630000114440918
1780294812.925124407,1780294812.924059629,-14.630000114440918
1780294812.947352886,1780294812.945554495,-14.630000114440918
1780294812.967806578,1780294812.967390537,-14.630000114440918
1780294812.980731726,1780294812.979262352,-14.630000114440918
1780294813.002131939,1780294813.001575708,-14.630000114440918
1780294813.024713516,1780294813.024369717,-14.630000114440918
1780294813.047177792,1780294813.046479940,-14.630000114440918
1780294813.058885813,1780294813.058335781,-14.630000114440918
1780294813.081988573,1780294813.081704617,-14.630000114440918
1780294813.103944540,1780294813.103225231,-14.8100004196167
1780294813.126020432,1780294813.125645638,-14.8100004196167
1780294813.140754700,1780294813.140189409,-14.829999923706055
1780294813.162391663,1780294813.161979198,-14.920000076293945
1780294813.184648275,1780294813.183326483,-14.920000076293945
1780294813.206160545,1780294813.205805779,-14.960000038146973
1780294813.225927114,1780294813.225604534,-15.029999732971191
1780294813.238465309,1780294813.238134861,-15.029999732971191
1780294813.262075663,1780294813.260381699,-15.029999732971191
1780294813.282930374,1780294813.282525539,-15.029999732971191
1780294813.315599203,1780294813.304534197,-15.029999732971191
1780294813.331522703,1780294813.326303005,-15.0
1780294813.341167212,1780294813.339258671,-15.0
1780294813.369530678,1780294813.368370533,-15.010000228881836
1780294813.382272005,1780294813.381353140,-15.020000457763672
1780294813.406133890,1780294813.405545235,-15.020000457763672
1780294813.417820454,1780294813.417412519,-15.020000457763672
1780294813.440457821,1780294813.439957857,-15.010000228881836
1780294813.465059042,1780294813.464433193,-15.010000228881836
1780294813.487233162,1780294813.486736298,-15.010000228881836
1780294813.499338627,1780294813.498717546,-15.010000228881836
1780294813.526201725,1780294813.525584221,-15.010000228881836
1780294813.547873735,1780294813.547382355,-15.010000228881836
1780294813.560360670,1780294813.559253931,-15.010000228881836
1780294813.581848621,1780294813.581269741,-15.010000228881836
1780294813.603917360,1780294813.603216410,-15.010000228881836
1780294813.626873493,1780294813.626157761,-15.010000228881836
1780294813.640666485,1780294813.638252974,-15.010000228881836
1780294813.661153555,1780294813.660227776,-15.010000228881836
1780294813.684395552,1780294813.683175802,-15.010000228881836
1780294813.705767632,1780294813.705296993,-15.010000228881836
1780294813.719613552,1780294813.718240738,-15.010000228881836
1780294813.741981268,1780294813.741724730,-15.010000228881836
1780294813.765582800,1780294813.764943361,-15.010000228881836
1780294813.779772758,1780294813.778609991,-15.010000228881836
1780294813.802717924,1780294813.801514626,-15.010000228881836
1780294813.823518515,1780294813.823214769,-15.010000228881836
1780294813.845863581,1780294813.845578909,-15.010000228881836
1780294813.868129253,1780294813.867695570,-15.010000228881836
1780294813.891551495,1780294813.890239239,-15.010000228881836
1780294813.902811050,1780294813.902133465,-15.010000228881836
1780294813.925864458,1780294813.925334930,-15.010000228881836
1780294813.937891483,1780294813.937510014,-15.0600004196167
1780294813.961135864,1780294813.960359097,-15.0600004196167
1780294813.982924461,1780294813.982245922,-15.069999694824219
1780294814.005102396,1780294814.004470110,-15.079999923706055
1780294814.028030396,1780294814.027203321,-15.079999923706055
1780294814.043744326,1780294814.043056488,-15.109999656677246
1780294814.058747292,1780294814.057628632,-15.109999656677246
1780294814.082109690,1780294814.080939054,-15.119999885559082
1780294814.103533268,1780294814.102176666,-15.09000015258789
1780294814.125576496,1780294814.124871016,-15.09000015258789
1780294814.147560120,1780294814.146811962,-15.09000015258789
1780294814.165799618,1780294814.158753395,-15.09000015258789
1780294814.188211203,1780294814.181916475,-15.09000015258789
1780294814.211628437,1780294814.204392195,-15.09000015258789
1780294814.235742569,1780294814.234791994,-15.09000015258789
1780294814.246883154,1780294814.237768173,-15.09000015258789
1780294814.263574839,1780294814.262172222,-15.09000015258789
1780294814.285795212,1780294814.284222603,-15.09000015258789
1780294814.306944609,1780294814.306207418,-15.09000015258789
1780294814.319905281,1780294814.318696737,-15.09000015258789
1780294814.341143131,1780294814.340299606,-15.09000015258789
1780294814.363308668,1780294814.362323523,-15.09000015258789
1780294814.385831118,1780294814.385427713,-15.09000015258789
1780294814.398885489,1780294814.398153782,-15.09000015258789
1780294814.420953751,1780294814.420262575,-15.09000015258789
1780294814.443779230,1780294814.442713976,-15.09000015258789
1780294814.465942621,1780294814.464653492,-15.09000015258789
1780294814.483428240,1780294814.482198238,-15.09000015258789
1780294814.505604506,1780294814.504699707,-15.09000015258789
1780294814.519793510,1780294814.519123554,-15.09000015258789
1780294814.543877840,1780294814.542356014,-15.09000015258789
1780294814.565404177,1780294814.564349651,-15.09000015258789
1780294814.587742090,1780294814.586430073,-15.09000015258789
1780294814.605117798,1780294814.598289967,-15.09000015258789
1780294814.627562284,1780294814.626652718,-15.09000015258789
1780294814.638965130,1780294814.638194799,-15.09000015258789
1780294814.663764477,1780294814.662800312,-15.09000015258789
1780294814.685726166,1780294814.684851170,-15.09000015258789
1780294814.700789928,1780294814.699106216,-15.09000015258789
1780294814.722550869,1780294814.721217155,-15.09000015258789
1780294814.744098902,1780294814.739919424,-15.09000015258789
1780294814.762721062,1780294814.761459589,-15.09000015258789
1780294814.785548449,1780294814.784073591,-15.09000015258789
1780294814.807345152,1780294814.806230545,-15.09000015258789
1780294814.820024967,1780294814.818606138,-15.09000015258789
1780294814.841012955,1780294814.840691566,-15.09000015258789
1780294814.864085674,1780294814.862956047,-15.09000015258789
1780294814.886719942,1780294814.885648251,-15.09000015258789
1780294814.897959471,1780294814.897361279,-15.09000015258789
1780294814.922787189,1780294814.920650959,-15.09000015258789
1780294814.944329262,1780294814.943524361,-15.09000015258789
1780294814.960124016,1780294814.959081650,-15.09000015258789
1780294814.982766151,1780294814.982368946,-15.09000015258789
1780294815.005350828,1780294815.004198074,-15.09000015258789
1780294815.027799368,1780294815.026888132,-15.09000015258789
1780294815.039375067,1780294815.038952827,-15.09000015258789
1780294815.064261675,1780294815.062949657,-15.09000015258789
1780294815.086192608,1780294815.084994793,-15.09000015258789
1780294815.107893705,1780294815.107311726,-15.09000015258789
1780294815.120872974,1780294815.120192051,-15.09000015258789
1780294815.144743204,1780294815.144093513,-15.09000015258789
1780294815.166713476,1780294815.166360855,-15.09000015258789
1780294815.179632425,1780294815.178861618,-15.09000015258789
1780294815.201308012,1780294815.200328350,-15.09000015258789
1780294815.223877192,1780294815.222895861,-15.09000015258789
1780294815.245972157,1780294815.245224237,-15.09000015258789
1780294815.268091202,1780294815.267143965,-15.09000015258789
1780294815.280552387,1780294815.279258728,-15.09000015258789
1780294815.304681540,1780294815.301313162,-15.09000015258789
1780294815.326315880,1780294815.323649406,-15.09000015258789
1780294815.346681595,1780294815.345317125,-15.09000015258789
1780294815.369595766,1780294815.367308140,-15.09000015258789
1780294815.380827665,1780294815.380429268,-15.09000015258789
1780294815.403158188,1780294815.402148008,-15.09000015258789
1780294815.424635410,1780294815.424302816,-15.09000015258789
1780294815.447354794,1780294815.446966648,-15.09000015258789
1780294815.459458113,1780294815.459113598,-15.09000015258789
1780294815.482268095,1780294815.481164217,-15.09000015258789
1780294815.504180908,1780294815.503366947,-15.09000015258789
1780294815.527294397,1780294815.525276184,-15.09000015258789
1780294815.540920734,1780294815.538586855,-15.09000015258789
1780294815.561333418,1780294815.560165167,-15.09000015258789
1780294815.584990263,1780294815.583147049,-15.09000015258789
1780294815.605701447,1780294815.605281830,-15.09000015258789
1780294815.620655060,1780294815.620400429,-15.09000015258789
1780294815.643082857,1780294815.642709494,-15.09000015258789
1780294815.664837599,1780294815.664384842,-15.09000015258789
1780294815.687563181,1780294815.687114239,-15.09000015258789
1780294815.699478865,1780294815.699213028,-15.09000015258789
1780294815.727823973,1780294815.727100134,-15.09000015258789
1780294815.743314505,1780294815.740419149,-15.09000015258789
1780294815.765464783,1780294815.764458656,-15.09000015258789
1780294815.783611774,1780294815.782691479,-15.09000015258789
1780294815.806756020,1780294815.806160688,-15.09000015258789
1780294815.820142746,1780294815.819263697,-15.09000015258789
1780294815.841711521,1780294815.841280699,-15.09000015258789
1780294815.864638805,1780294815.863785028,-15.09000015258789
1780294815.886503220,1780294815.885919571,-15.09000015258789
1780294815.902001619,1780294815.901134491,-15.09000015258789
1780294815.921119690,1780294815.919093132,-15.09000015258789
1780294815.947402954,1780294815.944600344,-15.09000015258789
1780294815.967328787,1780294815.966413260,-15.09000015258789
1780294815.979769945,1780294815.978513718,-15.09000015258789
1780294816.003098726,1780294816.001977444,-15.09000015258789
1780294816.028734207,1780294816.026633978,-15.09000015258789
1780294816.041176319,1780294816.040117025,-15.029999732971191
1780294816.064246893,1780294816.063226700,-15.029999732971191
1780294816.086163044,1780294816.085190296,-14.949999809265137
1780294816.108023167,1780294816.107403040,-14.729999542236328
1780294816.122052908,1780294816.119883537,-14.729999542236328
1780294816.144486666,1780294816.143839121,-14.6899995803833
1780294816.167390108,1780294816.166875362,-14.529999732971191
1780294816.180243731,1780294816.179371119,-14.529999732971191
1780294816.204189301,1780294816.203225851,-14.40999984741211
1780294816.225939751,1780294816.225620508,-14.25
1780294816.239777327,1780294816.239400148,-14.25
1780294816.266260386,1780294816.261559248,-14.149999618530273
1780294816.288083553,1780294816.283823967,-14.149999618530273
1780294816.305419207,1780294816.297540903,-13.979999542236328
1780294816.324284077,1780294816.322164297,-13.739999771118164
1780294816.345612764,1780294816.344719410,-13.739999771118164
1780294816.366771460,1780294816.366464615,-13.6899995803833
1780294816.380530357,1780294816.378684044,-13.520000457763672
1780294816.401907921,1780294816.401624918,-13.520000457763672
1780294816.425643206,1780294816.425101042,-13.390000343322754
1780294816.439101696,1780294816.438087940,-13.140000343322754
1780294816.461652994,1780294816.461296320,-13.140000343322754
1780294816.483863354,1780294816.483499050,-12.979999542236328
1780294816.510760069,1780294816.505741835,-12.65999984741211
1780294816.519856215,1780294816.519488096,-12.65999984741211
1780294816.544100046,1780294816.543313980,-12.460000038146973
1780294816.563135147,1780294816.558348894,-12.460000038146973
1780294816.580954313,1780294816.580193758,-12.039999961853027
1780294816.602560043,1780294816.602210283,-11.520000457763672
1780294816.625285387,1780294816.624267340,-11.520000457763672
1780294816.650642633,1780294816.646713734,-11.319999694824219
1780294816.663775206,1780294816.660460949,-10.850000381469727
1780294816.691044807,1780294816.690783739,-10.850000381469727
1780294816.703284502,1780294816.702959776,-10.59000015258789
1780294816.727008820,1780294816.726727009,-10.050000190734863
1780294816.742038727,1780294816.738466024,-10.050000190734863
1780294816.761919498,1780294816.761408567,-9.729999542236328
1780294816.784922361,1780294816.784699678,-9.729999542236328
1780294816.808292389,1780294816.806557655,-9.050000190734863
1780294816.831514120,1780294816.821031570,-8.229999542236328
1780294816.846314192,1780294816.844122410,-8.229999542236328
1780294816.869590044,1780294816.867194891,-7.869999885559082
1780294816.880612135,1780294816.879950762,-7.059999942779541
1780294816.903728485,1780294816.903236628,-7.059999942779541
1780294816.927228451,1780294816.926975727,-6.659999847412109
1780294816.939024687,1780294816.938483715,-5.739999771118164
1780294816.963460922,1780294816.961121321,-5.739999771118164
1780294816.983973265,1780294816.983223438,-5.289999961853027
1780294817.006111145,1780294817.005529642,-4.360000133514404
1780294817.018118858,1780294817.017758131,-4.360000133514404
1780294817.041605711,1780294817.040743589,-3.890000104904175
1780294817.064489365,1780294817.062168360,-3.890000104904175
1780294817.085313082,1780294817.084473610,-3.009999990463257
1780294817.098168373,1780294817.097521544,-2.119999885559082
1780294817.122610331,1780294817.121116400,-2.119999885559082
1780294817.146349192,1780294817.145145893,-1.7599999904632568
1780294817.168981791,1780294817.167793751,-1.0299999713897705
1780294817.181267500,1780294817.180671692,-1.0299999713897705
1780294817.203854799,1780294817.203208923,-0.7099999785423279
1780294817.221090317,1780294817.220463037,-0.07000000029802322
1780294817.245046139,1780294817.242859364,-0.07000000029802322
1780294817.266490698,1780294817.264837503,0.23000000417232513
1780294817.291314125,1780294817.286547184,0.23000000417232513
1780294817.302637100,1780294817.298943520,0.7699999809265137
1780294817.325001240,1780294817.322437763,1.2999999523162842
1780294817.347312450,1780294817.344094515,1.2999999523162842
1780294817.368193865,1780294817.366783619,1.4800000190734863
1780294817.380460501,1780294817.378157139,1.8300000429153442
1780294817.401434660,1780294817.400850058,1.8300000429153442
1780294817.425540209,1780294817.424341679,1.9800000190734863
1780294817.447904348,1780294817.446201563,2.2799999713897705
1780294817.460700274,1780294817.458260298,2.2799999713897705
1780294817.482118607,1780294817.480757713,2.5799999237060547
1780294817.504122734,1780294817.502736330,2.5799999237060547
1780294817.521240234,1780294817.518883944,2.6600000858306885
1780294817.541926622,1780294817.541357279,2.7699999809265137
1780294817.567266226,1780294817.563175201,2.7699999809265137
1780294817.587408066,1780294817.586994886,3.0
1780294817.602289677,1780294817.601135492,3.140000104904175
1780294817.625440121,1780294817.625045300,3.140000104904175
1780294817.648000956,1780294817.647413492,3.2100000381469727
1780294817.659552336,1780294817.659158945,3.359999895095825
1780294817.682715178,1780294817.681435585,3.359999895095825
1780294817.705679178,1780294817.704834938,3.380000114440918
1780294817.718662024,1780294817.717837095,3.4800000190734863
1780294817.741415024,1780294817.740082026,3.4800000190734863
1780294817.765191078,1780294817.764621496,3.5199999809265137
1780294817.788569212,1780294817.786076784,3.5199999809265137
1780294817.802757740,1780294817.797971725,3.5299999713897705
1780294817.822821379,1780294817.820733547,3.5799999237060547
1780294817.844622135,1780294817.842613935,3.5799999237060547
1780294817.868861198,1780294817.864694595,3.5799999237060547
1780294817.887320280,1780294817.886361122,3.569999933242798
1780294817.899149418,1780294817.897978783,3.569999933242798
1780294817.922724247,1780294817.921742678,3.549999952316284
1780294817.947158098,1780294817.943244219,3.609999895095825
1780294817.966485262,1780294817.966076851,3.609999895095825
1780294817.980772495,1780294817.978331089,3.619999885559082
1780294818.013475180,1780294818.000262499,3.7200000286102295
1780294818.024342060,1780294818.023111105,3.7200000286102295
1780294818.047221422,1780294818.045282125,3.7699999809265137
1780294818.060879469,1780294818.058128119,3.8299999237060547
1780294818.083886147,1780294818.083490610,3.8299999237060547
1780294818.106114626,1780294818.105543613,3.930000066757202
1780294818.128371239,1780294818.127411127,3.930000066757202
1780294818.139533520,1780294818.138959408,3.930000066757202
1780294818.161925077,1780294818.161072016,3.9100000858306885
1780294818.184124470,1780294818.183736324,3.9100000858306885
1780294818.200377941,1780294818.197707415,3.9100000858306885
1780294818.221731424,1780294818.220599174,3.9200000762939453
1780294818.243697882,1780294818.243286610,3.9200000762939453
1780294818.265816689,1780294818.265344381,3.9200000762939453
1780294818.278633595,1780294818.278170824,3.9200000762939453
1780294818.302162886,1780294818.300291538,3.9200000762939453
1780294818.324140549,1780294818.322987080,3.9200000762939453
1780294818.345800638,1780294818.345198870,3.9200000762939453
1780294818.367477655,1780294818.367073536,3.9200000762939453
1780294818.379805088,1780294818.379005432,3.9200000762939453
1780294818.401673794,1780294818.401267529,3.9200000762939453
1780294818.427853346,1780294818.427119255,3.9200000762939453
1780294818.442944050,1780294818.442328691,3.9700000286102295
1780294818.466978312,1780294818.466381311,4.0
1780294818.478540421,1780294818.478270054,4.0
1780294818.500290155,1780294818.500032902,4.130000114440918
1780294818.527728319,1780294818.526638508,4.130000114440918
1780294818.539400101,1780294818.538892508,4.130000114440918
1780294818.562352896,1780294818.561043262,4.130000114440918
1780294818.586828709,1780294818.586347818,4.130000114440918
1780294818.599415779,1780294818.597991943,4.130000114440918
1780294818.622732639,1780294818.621382236,4.150000095367432
1780294818.643538952,1780294818.643033028,4.150000095367432
1780294818.666481733,1780294818.666083097,4.130000114440918
1780294818.682444334,1780294818.678346157,4.130000114440918
1780294818.702643156,1780294818.701022387,4.130000114440918
1780294818.724893808,1780294818.723743677,4.130000114440918
1780294818.746932507,1780294818.746534824,4.130000114440918
1780294818.762467861,1780294818.761060238,4.130000114440918
1780294818.783587694,1780294818.783297539,4.130000114440918
1780294818.806405783,1780294818.805580616,4.130000114440918
1780294818.819894552,1780294818.818848848,4.130000114440918
1780294818.844266891,1780294818.843996763,4.130000114440918
1780294818.857653618,1780294818.857419968,4.130000114440918
1780294818.880330086,1780294818.880030155,4.130000114440918
1780294818.902529716,1780294818.902255297,4.130000114440918
1780294818.924515486,1780294818.924186468,4.130000114440918
1780294818.949465275,1780294818.946224213,4.130000114440918
1780294818.961067677,1780294818.958025217,4.130000114440918
1780294818.980977297,1780294818.980285406,4.130000114440918
1780294819.002758026,1780294819.002186775,4.130000114440918
1780294819.026163340,1780294819.024403811,4.130000114440918
1780294819.047532082,1780294819.046046495,4.130000114440918
1780294819.058340788,1780294819.057994366,4.130000114440918
1780294819.080680132,1780294819.080347776,4.130000114440918
1780294819.103272200,1780294819.102345467,4.130000114440918
1780294819.125866890,1780294819.125378609,4.130000114440918
1780294819.138959169,1780294819.138018847,4.130000114440918
1780294819.162794828,1780294819.160090446,4.130000114440918
1780294819.183295488,1780294819.182687044,4.130000114440918
1780294819.199502468,1780294819.198268175,4.130000114440918
1780294819.221873522,1780294819.220968246,4.130000114440918
1780294819.243954659,1780294819.243406296,4.130000114440918
1780294819.266219854,1780294819.265134335,4.130000114440918
1780294819.288271666,1780294819.287273169,4.130000114440918
1780294819.302425623,1780294819.299219131,4.130000114440918
1780294819.321862221,1780294819.321201086,4.130000114440918
1780294819.343888283,1780294819.343207359,4.130000114440918
1780294819.368159056,1780294819.367529631,4.130000114440918
1780294819.379987717,1780294819.379377127,4.130000114440918
1780294819.402249575,1780294819.401468277,4.130000114440918
1780294819.423392057,1780294819.423156261,4.130000114440918
1780294819.445338249,1780294819.445069790,4.130000114440918
1780294819.468456507,1780294819.467512846,4.130000114440918
1780294819.489690542,1780294819.481879473,4.130000114440918
1780294819.498914480,1780294819.498039484,4.130000114440918
1780294819.521747589,1780294819.520044327,4.130000114440918
1780294819.543234825,1780294819.542932272,4.130000114440918
1780294819.569361448,1780294819.565797091,4.130000114440918
1780294819.587379217,1780294819.586995602,4.130000114440918
1780294819.601392984,1780294819.599005938,4.130000114440918
1780294819.621897221,1780294819.621281385,4.130000114440918
1780294819.646127701,1780294819.643792152,4.130000114440918
1780294819.666593075,1780294819.666090488,4.130000114440918
1780294819.679750204,1780294819.678793430,4.130000114440918
1780294819.703239202,1780294819.701176643,4.130000114440918
1780294819.724284410,1780294819.723146677,4.130000114440918
1780294819.745690107,1780294819.745175838,4.130000114440918
1780294819.772919416,1780294819.767125607,4.130000114440918
1780294819.781631947,1780294819.779027224,4.130000114440918
1780294819.803020239,1780294819.800970078,4.130000114440918
1780294819.823341846,1780294819.823013067,4.130000114440918
1780294819.845288515,1780294819.844971657,4.130000114440918
1780294819.869442225,1780294819.868998289,4.130000114440918
1780294819.881320000,1780294819.881022215,4.130000114440918
1780294819.903854609,1780294819.903528214,4.130000114440918
1780294819.925523281,1780294819.925203562,4.130000114440918
1780294819.938835621,1780294819.938325167,4.130000114440918
1780294819.965249538,1780294819.961434126,4.130000114440918
1780294819.983795643,1780294819.983362436,4.130000114440918
1780294820.008898258,1780294820.005106926,4.130000114440918
1780294820.028795481,1780294820.027335882,4.130000114440918
1780294820.042791367,1780294820.039149523,4.130000114440918
1780294820.063383341,1780294820.062283039,4.130000114440918
1780294820.085384607,1780294820.084261656,4.130000114440918
1780294820.107228994,1780294820.106470823,4.130000114440918
1780294820.119043112,1780294820.118122339,4.130000114440918
1780294820.141588449,1780294820.140233755,4.130000114440918
1780294820.163215876,1780294820.162009001,4.130000114440918
1780294820.185460091,1780294820.184926033,4.130000114440918
1780294820.197841883,1780294820.197368860,4.130000114440918
1780294820.221060276,1780294820.220326662,4.130000114440918
1780294820.245420694,1780294820.244367599,4.130000114440918
1780294820.267303467,1780294820.266594410,4.130000114440918
1780294820.283100843,1780294820.281984806,4.130000114440918
1780294820.308318853,1780294820.306612015,4.130000114440918
1780294820.320694923,1780294820.319370508,4.130000114440918
1780294820.341715336,1780294820.341169119,4.130000114440918
1780294820.365827799,1780294820.365431309,4.130000114440918
1780294820.388668299,1780294820.386957884,4.130000114440918
1780294820.399952412,1780294820.398919106,4.130000114440918
1780294820.422982454,1780294820.422613621,4.130000114440918
1780294820.445026875,1780294820.444061041,4.130000114440918
1780294820.467786074,1780294820.467056513,4.130000114440918
1780294820.481339455,1780294820.480733156,4.130000114440918
1780294820.502738237,1780294820.502260923,4.130000114440918
1780294820.526136160,1780294820.524554014,4.130000114440918
1780294820.546899319,1780294820.546233416,4.130000114440918
1780294820.558937550,1780294820.557960272,4.130000114440918
1780294820.581410646,1780294820.580441236,4.130000114440918
1780294820.603134871,1780294820.602008104,4.130000114440918
1780294820.625559330,1780294820.625078201,4.130000114440918
1780294820.637886763,1780294820.637540340,4.130000114440918
1780294820.663495302,1780294820.662982941,4.130000114440918
1780294820.685610771,1780294820.685328960,4.130000114440918
1780294820.698720932,1780294820.697912455,4.130000114440918
1780294820.722316742,1780294820.721825600,4.130000114440918
1780294820.745192051,1780294820.744741440,4.130000114440918
1780294820.757682800,1780294820.757306099,4.130000114440918
1780294820.781352043,1780294820.781020880,4.130000114440918
1780294820.810805321,1780294820.804103613,4.130000114440918
1780294820.821640253,1780294820.819784641,4.130000114440918
1780294820.842605114,1780294820.842229366,4.130000114440918
1780294820.864964724,1780294820.864556313,4.130000114440918
1780294820.878376245,1780294820.878110170,4.130000114440918
1780294820.902643919,1780294820.902351618,4.130000114440918
1780294820.926594973,1780294820.925635338,4.130000114440918
1780294820.939335823,1780294820.938576460,4.130000114440918
1780294820.965331316,1780294820.963117838,4.119999885559082
1780294820.986732244,1780294820.986363411,4.119999885559082
1780294821.000714540,1780294820.999248505,4.119999885559082
1780294821.022566557,1780294821.021995068,4.119999885559082
1780294821.045410633,1780294821.045028925,4.119999885559082
1780294821.060236692,1780294821.058738708,4.130000114440918
1780294821.084365845,1780294821.082611322,4.130000114440918
1780294821.105881214,1780294821.105352163,4.130000114440918
1780294821.120720387,1780294821.119402409,4.130000114440918
1780294821.142620802,1780294821.141562223,4.130000114440918
1780294821.165926218,1780294821.164962292,4.130000114440918
1780294821.178608179,1780294821.178260326,4.130000114440918
1780294821.202412128,1780294821.200163126,4.130000114440918
1780294821.225197077,1780294821.223571062,4.130000114440918
1780294821.251760006,1780294821.250122309,4.139999866485596
1780294821.263520479,1780294821.263214111,4.139999866485596
1780294821.285328865,1780294821.284994841,4.139999866485596
1780294821.310490370,1780294821.307553530,4.179999828338623
1780294821.322237253,1780294821.320535898,4.179999828338623
1780294821.343922853,1780294821.343143702,4.179999828338623
1780294821.365667582,1780294821.365193367,4.25
1780294821.378252029,1780294821.377872467,4.25
1780294821.403028488,1780294821.401134968,4.25
1780294821.424128771,1780294821.423372984,4.25
1780294821.449171305,1780294821.445440292,4.329999923706055
1780294821.469062567,1780294821.467003822,4.46999979019165
1780294821.483763933,1780294821.480999947,4.46999979019165
1780294821.504206657,1780294821.503405094,4.480000019073486
1780294821.527428627,1780294821.525176764,4.550000190734863
1780294821.547913551,1780294821.547415495,4.550000190734863
1780294821.560158730,1780294821.559660912,4.619999885559082
1780294821.585523605,1780294821.582209826,4.75
1780294821.606784582,1780294821.605724812,4.75
1780294821.623994589,1780294821.623177767,4.789999961853027
1780294821.652148962,1780294821.650229692,4.909999847412109
1780294821.668615580,1780294821.667931318,4.909999847412109
1780294821.680873394,1780294821.679971933,4.96999979019165
1780294821.705079079,1780294821.703850269,5.099999904632568
1780294821.721036911,1780294821.719937563,5.099999904632568
1780294821.743407965,1780294821.742251873,5.289999961853027
1780294821.769719839,1780294821.764144182,5.289999961853027
1780294821.788827896,1780294821.786715746,5.300000190734863
1780294821.801528931,1780294821.800034523,5.429999828338623
1780294821.823211908,1780294821.822300434,5.429999828338623
1780294821.847156763,1780294821.844651699,5.429999828338623
1780294821.859107256,1780294821.858101845,5.440000057220459
1780294821.881020784,1780294821.880186796,5.440000057220459
1780294821.907168627,1780294821.905405998,5.449999809265137
1780294821.923991919,1780294821.923166990,5.440000057220459
1780294821.939436197,1780294821.937796593,5.440000057220459
1780294821.964346409,1780294821.960640430,5.429999828338623
1780294821.983803034,1780294821.983489990,5.429999828338623
1780294822.009910345,1780294822.007901430,5.429999828338623
1780294822.020358324,1780294822.019882202,5.440000057220459
1780294822.042717218,1780294822.041954994,5.440000057220459
1780294822.065871000,1780294822.064143181,5.440000057220459
1780294822.088041306,1780294822.086174726,5.440000057220459
1780294822.103754520,1780294822.099077940,5.440000057220459
1780294822.121642113,1780294822.121284485,5.440000057220459
1780294822.146052361,1780294822.145525455,5.440000057220459
1780294822.160850763,1780294822.158933878,5.440000057220459
1780294822.182568550,1780294822.180969954,5.420000076293945
1780294822.210248232,1780294822.202867746,5.440000057220459
1780294822.226291895,1780294822.225586653,5.440000057220459
1780294822.243123531,1780294822.240666866,5.440000057220459
1780294822.263520002,1780294822.262972116,5.440000057220459
1780294822.286362886,1780294822.285978317,5.440000057220459
1780294822.300299644,1780294822.297913551,5.440000057220459
1780294822.324044466,1780294822.323589087,5.440000057220459
1780294822.337684870,1780294822.337357521,5.440000057220459
1780294822.363049507,1780294822.362500429,5.440000057220459
1780294822.385447741,1780294822.385195017,5.440000057220459
1780294822.402729034,1780294822.398114681,5.440000057220459
1780294822.420725822,1780294822.419915915,5.440000057220459
1780294822.442360163,1780294822.441925764,5.440000057220459
1780294822.464694500,1780294822.464060783,5.440000057220459
1780294822.488574028,1780294822.486068010,5.440000057220459
1780294822.502274752,1780294822.497877598,5.440000057220459
1780294822.522854567,1780294822.522186756,5.440000057220459
1780294822.544853926,1780294822.544010401,5.440000057220459
1780294822.566255808,1780294822.565985441,5.440000057220459
1780294822.578724861,1780294822.578211784,5.440000057220459
1780294822.601752758,1780294822.601159334,5.440000057220459
1780294822.626736164,1780294822.624223709,5.440000057220459
1780294822.638457537,1780294822.637863159,5.440000057220459
1780294822.663296223,1780294822.661404610,5.440000057220459
1780294822.689814568,1780294822.686325788,5.440000057220459
1780294822.700893879,1780294822.699676752,5.440000057220459
1780294822.726981401,1780294822.724450827,5.440000057220459
1780294822.739726305,1780294822.738453388,5.440000057220459
1780294822.761740685,1780294822.761208057,5.440000057220459
1780294822.785264015,1780294822.784803867,5.440000057220459
1780294822.798660755,1780294822.798034668,5.440000057220459
1780294822.825160742,1780294822.820800066,5.440000057220459
1780294822.845289946,1780294822.844854355,5.440000057220459
1780294822.860785723,1780294822.860013247,5.53000020980835
1780294822.885337830,1780294822.884957790,5.53000020980835
1780294822.897912264,1780294822.897397995,5.53000020980835
1780294822.921083450,1780294822.920318365,5.599999904632568
1780294822.943935394,1780294822.943235874,5.599999904632568
1780294822.957757950,1780294822.957299948,5.670000076293945
1780294822.980685234,1780294822.980385780,5.800000190734863
1780294822.998064995,1780294822.997262716,5.800000190734863
1780294823.022768736,1780294823.020264864,5.889999866485596
1780294823.043819904,1780294823.042874336,5.889999866485596
1780294823.057922125,1780294823.057209492,6.03000020980835
1780294823.080730915,1780294823.080444574,6.21999979019165
1780294823.103769779,1780294823.102836370,6.21999979019165
1780294823.125549078,1780294823.124926329,6.239999771118164
1780294823.147868633,1780294823.146849155,6.360000133514404
1780294823.169479609,1780294823.158801317,6.360000133514404
1780294823.185309410,1780294823.180985212,6.420000076293945
1780294823.203621387,1780294823.202855587,6.550000190734863
1780294823.229663849,1780294823.225030661,6.550000190734863
1780294823.248022079,1780294823.247430086,6.579999923706055
1780294823.259557486,1780294823.258803606,6.670000076293945
1780294823.282219172,1780294823.281055689,6.670000076293945
1780294823.304012060,1780294823.302973986,6.670000076293945
1780294823.325218439,1780294823.324854851,6.670000076293945
1780294823.347321510,1780294823.346863747,6.75
1780294823.359394073,1780294823.358793974,6.849999904632568
1780294823.381370306,1780294823.380848408,6.849999904632568
1780294823.404045820,1780294823.403517485,6.849999904632568
1780294823.425782442,1780294823.425397396,6.920000076293945
1780294823.438309908,1780294823.437774181,6.920000076293945
1780294823.462114096,1780294823.460765600,7.0
1780294823.483333349,1780294823.483054638,7.110000133514404
1780294823.505765676,1780294823.505005360,7.110000133514404
1780294823.527210712,1780294823.526919365,7.119999885559082
1780294823.542098522,1780294823.541574955,7.119999885559082
1780294823.564753294,1780294823.564472198,7.239999771118164
1780294823.586605787,1780294823.586059570,7.309999942779541
1780294823.602378607,1780294823.597820997,7.309999942779541
1780294823.621331453,1780294823.620694399,7.329999923706055
1780294823.643978119,1780294823.643283844,7.429999828338623
1780294823.666600227,1780294823.666261911,7.429999828338623
1780294823.678804636,1780294823.677891493,7.5
1780294823.701107264,1780294823.700166225,7.690000057220459
1780294823.723643541,1780294823.723005772,7.690000057220459
1780294823.748229980,1780294823.746991396,7.78000020980835
1780294823.759450674,1780294823.758892775,7.980000019073486
1780294823.787247896,1780294823.783675432,7.980000019073486
1780294823.807564259,1780294823.806621552,8.050000190734863
1780294823.824039698,1780294823.819238186,8.050000190734863
1780294823.844148636,1780294823.843048573,8.199999809265137
1780294823.866716862,1780294823.865466595,8.449999809265137
1780294823.887336493,1780294823.886817455,8.449999809265137
1780294823.900935888,1780294823.900172710,8.479999542236328
1780294823.923741579,1780294823.922728062,8.619999885559082
1780294823.944460869,1780294823.944138050,8.619999885559082
1780294823.966281176,1780294823.965912104,8.680000305175781
1780294823.979798794,1780294823.979570866,8.770000457763672
1780294824.001105785,1780294824.000899553,8.770000457763672
1780294824.023324966,1780294824.022894144,8.8100004196167
1780294824.045433283,1780294824.045163155,8.8100004196167
1780294824.057840824,1780294824.057486773,8.90999984741211
1780294824.080720186,1780294824.079862118,8.989999771118164
1780294824.104595661,1780294824.104333162,8.989999771118164
1780294824.119453669,1780294824.119070053,9.050000190734863
1780294824.141468525,1780294824.141166210,9.050000190734863
1780294824.163877487,1780294824.163384199,9.050000190734863
1780294824.185919523,1780294824.184949636,9.050000190734863
1780294824.199270248,1780294824.197771072,9.039999961853027
1780294824.221770525,1780294824.221484423,9.039999961853027
1780294824.244101048,1780294824.243795395,9.0600004196167
1780294824.266288757,1780294824.265838861,9.050000190734863
1780294824.278646469,1780294824.278081417,9.050000190734863
1780294824.300392151,1780294824.299965620,9.050000190734863
1780294824.323445320,1780294824.322579145,9.050000190734863
1780294824.345773220,1780294824.344139338,9.0600004196167
1780294824.366857529,1780294824.366070032,9.0600004196167
1780294824.378734112,1780294824.378031254,9.0600004196167
1780294824.402114868,1780294824.400772095,9.0600004196167
1780294824.423636198,1780294824.422920465,9.050000190734863
1780294824.445644617,1780294824.445266008,9.050000190734863
1780294824.461151838,1780294824.458386898,9.050000190734863
1780294824.494090319,1780294824.479936600,9.0600004196167
1780294824.502373934,1780294824.499011278,9.0600004196167
1780294824.523175240,1780294824.521056652,9.0600004196167
1780294824.544712543,1780294824.542927504,9.0600004196167
1780294824.568235636,1780294824.566774130,9.0600004196167
1780294824.579307556,1780294824.578743219,9.0600004196167
1780294824.603587866,1780294824.601051092,9.0600004196167
1780294824.623935461,1780294824.622946978,9.0600004196167
1780294824.645901918,1780294824.645045757,9.039999961853027
1780294824.667896986,1780294824.666918039,9.039999961853027
1780294824.683220625,1780294824.679867744,9.039999961853027
1780294824.703259468,1780294824.701571465,8.989999771118164
1780294824.724704266,1780294824.723780632,8.989999771118164
1780294824.749769926,1780294824.745851040,8.989999771118164
1780294824.761240959,1780294824.757969618,8.930000305175781
1780294824.781106710,1780294824.779950619,8.930000305175781
1780294824.820479155,1780294824.815378904,8.930000305175781
1780294824.822819710,1780294824.818315506,8.930000305175781
1780294824.847137213,1780294824.840201855,8.90999984741211
1780294824.866523027,1780294824.862425566,8.90999984741211
1780294824.888343096,1780294824.885808706,8.90999984741211
1780294824.898259878,1780294824.897891521,8.899999618530273
1780294824.921413422,1780294824.920699835,8.920000076293945
1780294824.943328857,1780294824.943025351,8.920000076293945
1780294824.965895653,1780294824.965418577,8.920000076293945
1780294824.980438471,1780294824.980015993,8.90999984741211
1780294825.002922773,1780294825.002585649,8.90999984741211
1780294825.026642561,1780294825.026046991,8.90999984741211
1780294825.066798210,1780294825.039437771,8.90999984741211
1780294825.066862345,1780294825.061121941,8.90999984741211
1780294825.086948872,1780294825.086299658,8.90999984741211
1780294825.101281404,1780294825.098541975,8.90999984741211
1780294825.125584126,1780294825.123380661,8.90999984741211
1780294825.147058725,1780294825.146029949,8.90999984741211
1780294825.163101196,1780294825.161566257,8.90999984741211
1780294825.185553551,1780294825.184282064,8.90999984741211
1780294825.207953215,1780294825.206885338,8.8100004196167
1780294825.221204996,1780294825.219132423,8.8100004196167
1780294825.242699623,1780294825.241683006,8.729999542236328
1780294825.265645266,1780294825.264292717,8.729999542236328
1780294825.287260294,1780294825.286002636,8.510000228881836
1780294825.300145864,1780294825.298714161,8.149999618530273
1780294825.323972464,1780294825.322871685,8.149999618530273
1780294825.345977545,1780294825.344872952,8.029999732971191
1780294825.361316919,1780294825.359621763,7.670000076293945
1780294825.383358240,1780294825.381847858,7.670000076293945
1780294825.405984879,1780294825.404762268,7.510000228881836
1780294825.419728756,1780294825.418400049,7.039999961853027
1780294825.441351891,1780294825.440126657,7.039999961853027
1780294825.466387033,1780294825.462576866,6.78000020980835
1780294825.485633373,1780294825.484786510,6.239999771118164
1780294825.512096882,1780294825.497424841,6.239999771118164
1780294825.524526596,1780294825.523757458,5.960000038146973
1780294825.548817635,1780294825.547330618,5.960000038146973
1780294825.560331821,1780294825.558720112,5.380000114440918
1780294825.582816362,1780294825.580727100,4.739999771118164
1780294825.607263088,1780294825.603181124,4.739999771118164
1780294825.626156807,1780294825.625442505,4.480000019073486
1780294825.655420065,1780294825.647458076,3.950000047683716
1780294825.662754059,1780294825.660493374,3.950000047683716
1780294825.690236568,1780294825.686791897,3.6700000762939453
1780294825.709283113,1780294825.706165314,3.130000114440918
1780294825.719861507,1780294825.717674732,3.130000114440918
1780294825.744340181,1780294825.741254807,2.880000114440918
1780294825.765004873,1780294825.764724255,2.369999885559082
1780294825.780026436,1780294825.778520346,2.369999885559082
1780294825.807511568,1780294825.802000761,2.1600000858306885
1780294825.825434923,1780294825.823961258,2.1600000858306885
1780294825.840353251,1780294825.837646961,1.7400000095367432
1780294825.864218712,1780294825.863100529,1.309999942779541
1780294825.887843847,1780294825.886187553,1.309999942779541
1780294825.900349617,1780294825.898344755,1.1699999570846558
1780294825.924921751,1780294825.923974991,0.8799999952316284
1780294825.938035727,1780294825.937593222,0.8799999952316284
1780294825.960840464,1780294825.960228682,0.6899999976158142
1780294825.985402822,1780294825.984368801,0.3199999928474426
1780294826.006920576,1780294826.005977869,0.3199999928474426
1780294826.022435665,1780294826.017890453,0.14000000059604645
1780294826.046158075,1780294826.039787054,-0.23999999463558197
1780294826.064588308,1780294826.062269926,-0.23999999463558197
1780294826.084746838,1780294826.083874941,-0.6299999952316284
1780294826.106798649,1780294826.105973005,-0.7300000190734863
1780294826.119688034,1780294826.117837667,-0.7300000190734863
1780294826.143433094,1780294826.141763449,-1.0199999809265137
1780294826.165808916,1780294826.163837910,-1.0199999809265137
1780294826.190649748,1780294826.186624050,-1.0700000524520874
1780294826.206127644,1780294826.198670864,-1.149999976158142
1780294826.221410513,1780294826.220125675,-1.149999976158142
1780294826.248575449,1780294826.242196083,-1.149999976158142
1780294826.266826630,1780294826.264212847,-1.149999976158142
1780294826.286789894,1780294826.286111832,-1.149999976158142
1780294826.298731327,1780294826.297599554,-1.149999976158142
1780294826.324577570,1780294826.321940660,-1.1200000047683716
1780294826.346778154,1780294826.345533848,-1.1200000047683716
1780294826.360330820,1780294826.358992100,-1.1399999856948853
1780294826.386515856,1780294826.383921385,-1.1399999856948853
1780294826.408750296,1780294826.406421900,-1.1399999856948853
1780294826.421305656,1780294826.417727470,-1.1399999856948853
1780294826.447880507,1780294826.444986343,-1.1399999856948853
1780294826.460512161,1780294826.457407236,-1.1299999952316284
1780294826.492943525,1780294826.483528137,-1.1299999952316284
1780294826.511063814,1780294826.505891800,-1.1299999952316284
1780294826.522647619,1780294826.517770529,-1.1299999952316284
1780294826.540801048,1780294826.540180206,-1.100000023841858
1780294826.563503742,1780294826.562889576,-1.100000023841858
1780294826.586430550,1780294826.585946083,-1.059999942779541
1780294826.605374336,1780294826.598038912,-1.0
1780294826.624186993,1780294826.621969938,-1.0
1780294826.645826817,1780294826.643893719,-0.9800000190734863
1780294826.667913437,1780294826.666506529,-0.9800000190734863
1780294826.684244871,1780294826.680310249,-0.8899999856948853
1780294826.706207514,1780294826.705190659,-0.8199999928474426
1780294826.721067667,1780294826.717988014,-0.8199999928474426
1780294826.744580507,1780294826.741612673,-0.800000011920929
1780294826.766357422,1780294826.763882399,-0.7200000286102295
1780294826.788468838,1780294826.787050009,-0.7200000286102295
1780294826.803701401,1780294826.798934698,-0.6899999976158142
1780294826.821434975,1780294826.821161747,-0.6200000047683716
1780294826.845623493,1780294826.844569445,-0.6200000047683716
1780294826.866319656,1780294826.866039276,-0.5600000023841858
1780294826.879027128,1780294826.878771067,-0.5600000023841858
1780294826.902480125,1780294826.901209831,-0.5600000023841858
1780294826.924751997,1780294826.924442291,-0.550000011920929
1780294826.946142912,1780294826.945717573,-0.550000011920929
1780294826.958049536,1780294826.957684994,-0.550000011920929
1780294826.983297110,1780294826.981600046,-0.5699999928474426
1780294827.005160093,1780294827.004633904,-0.5699999928474426
1780294827.027792454,1780294827.026971340,-0.5699999928474426
1780294827.039627314,1780294827.039394617,-0.5699999928474426
1780294827.061263800,1780294827.060776472,-0.5699999928474426
1780294827.083435535,1780294827.082899570,-0.5699999928474426
1780294827.105884790,1780294827.105224848,-0.5699999928474426
1780294827.118963242,1780294827.118609905,-0.5699999928474426
1780294827.141245842,1780294827.140763283,-0.5699999928474426
1780294827.163909674,1780294827.162957668,-0.5699999928474426
1780294827.185358763,1780294827.184819221,-0.5699999928474426
1780294827.197810888,1780294827.197462320,-0.5699999928474426
1780294827.222173691,1780294827.221860170,-0.5699999928474426
1780294827.244178534,1780294827.243856192,-0.5699999928474426
1780294827.267622709,1780294827.266010046,-0.5699999928474426
1780294827.280090570,1780294827.277929068,-0.5699999928474426
1780294827.303457737,1780294827.302955389,-0.5699999928474426
1780294827.325125456,1780294827.324886799,-0.5400000214576721
1780294827.347307920,1780294827.346905231,-0.5400000214576721
1780294827.366112471,1780294827.365615129,-0.5199999809265137
1780294827.387408495,1780294827.386996269,-0.5199999809265137
1780294827.399756670,1780294827.398576736,-0.5199999809265137
1780294827.420346737,1780294827.419876814,-0.5099999904632568
1780294827.442457676,1780294827.441878557,-0.5099999904632568
1780294827.464360952,1780294827.463897228,-0.5199999809265137
1780294827.491274595,1780294827.490839720,-0.5899999737739563
1780294827.503361464,1780294827.503008127,-0.5899999737739563
1780294827.526347160,1780294827.526044369,-0.6399999856948853
1780294827.538339853,1780294827.537967443,-0.6899999976158142
1780294827.560547590,1780294827.560156345,-0.6899999976158142
1780294827.583158970,1780294827.581717968,-0.7400000095367432
1780294827.605360508,1780294827.604052067,-0.7400000095367432
1780294827.626394510,1780294827.625846148,-0.7400000095367432
1780294827.638716221,1780294827.638155699,-0.75
1780294827.660756350,1780294827.660579920,-0.75
1780294827.687000275,1780294827.683015585,-0.75
1780294827.706717730,1780294827.705468655,-0.7400000095367432
1780294827.718225479,1780294827.717621088,-0.7400000095367432
1780294827.743623972,1780294827.741920948,-0.7400000095367432
1780294827.766482830,1780294827.765614748,-0.7400000095367432
1780294827.778795481,1780294827.778201580,-0.7400000095367432
1780294827.802733421,1780294827.801847458,-0.7400000095367432
1780294827.827014685,1780294827.824992180,-0.7400000095367432
1780294827.842522383,1780294827.837517262,-0.7400000095367432
1780294827.862227201,1780294827.860128641,-0.7400000095367432
1780294827.884194613,1780294827.882673502,-0.7400000095367432
1780294827.905782700,1780294827.905181885,-0.7400000095367432
1780294827.923432112,1780294827.917729616,-0.7400000095367432
1780294827.941862345,1780294827.940127134,-0.7400000095367432
1780294827.962864637,1780294827.962232351,-0.7400000095367432
1780294827.985128403,1780294827.984045029,-0.7400000095367432
1780294828.007390976,1780294828.006158352,-0.7400000095367432
1780294828.018640757,1780294828.018214703,-0.7400000095367432
1780294828.042709827,1780294828.041802883,-0.7400000095367432
1780294828.066482306,1780294828.065939188,-0.7400000095367432
1780294828.082275391,1780294828.079445601,-0.7400000095367432
1780294828.102500916,1780294828.102077723,-0.7200000286102295
1780294828.124234200,1780294828.123662233,-0.7200000286102295
1780294828.146440268,1780294828.145678520,-0.7099999785423279
1780294828.159028769,1780294828.157577753,-0.7099999785423279
1780294828.180774689,1780294828.180405378,-0.6600000262260437
1780294828.208057165,1780294828.207095146,-0.6000000238418579
1780294828.222558498,1780294828.221010208,-0.6000000238418579
1780294828.246561289,1780294828.245945454,-0.5799999833106995
1780294828.261087179,1780294828.259255886,-0.5299999713897705
1780294828.282158852,1780294828.280776024,-0.5299999713897705
1780294828.304616213,1780294828.303415060,-0.5
1780294828.321752548,1780294828.317094326,-0.4399999976158142
1780294828.342220306,1780294828.341858864,-0.4399999976158142
1780294828.364693642,1780294828.364246368,-0.36000001430511475
1780294828.386816740,1780294828.386146784,-0.36000001430511475
1780294828.398113489,1780294828.397533178,-0.33000001311302185
1780294828.424629927,1780294828.424298763,-0.18000000715255737
1780294828.446603775,1780294828.446323872,-0.18000000715255737
1780294828.459181309,1780294828.458234549,-0.14000000059604645
1780294828.482847691,1780294828.482546568,-0.07999999821186066
1780294828.506256580,1780294828.505891800,-0.07999999821186066
1780294828.519444942,1780294828.518533707,0.0
1780294828.542835236,1780294828.541847944,0.029999999329447746
1780294828.566709757,1780294828.565272570,0.029999999329447746
1780294828.581062317,1780294828.577930689,0.029999999329447746
1780294828.601449013,1780294828.600810051,0.029999999329447746
1780294828.624115705,1780294828.622959614,0.029999999329447746
1780294828.650907516,1780294828.647029877,0.0
1780294828.661243200,1780294828.660083055,0.0
1780294828.687332153,1780294828.681621075,0.009999999776482582
1780294828.704997540,1780294828.703956842,0.019999999552965164
1780294828.726459503,1780294828.725914001,0.019999999552965164
1780294828.739313602,1780294828.738645077,0.019999999552965164
1780294828.762796879,1780294828.762228251,0.07999999821186066
1780294828.784924984,1780294828.783645391,0.07999999821186066
1780294828.807201385,1780294828.806125641,0.07999999821186066
1780294828.819682121,1780294828.818081617,0.20000000298023224
1780294828.842685699,1780294828.840984583,0.20000000298023224
1780294828.866190672,1780294828.865039587,0.4000000059604645
1780294828.887167931,1780294828.886824369,0.4000000059604645
1780294828.899636269,1780294828.898900032,0.4699999988079071
1780294828.923587322,1780294828.923287630,0.7200000286102295
1780294828.946387053,1780294828.946054935,0.7200000286102295
1780294828.958207130,1780294828.957693100,0.7799999713897705
1780294828.981420755,1780294828.980921507,0.9399999976158142
1780294829.003396034,1780294829.003060341,0.9399999976158142
1780294829.025798559,1780294829.025290251,1.0399999618530273
1780294829.038229465,1780294829.037868977,1.2300000190734863
1780294829.060225725,1780294829.059768915,1.2300000190734863
1780294829.082857609,1780294829.082535028,1.3300000429153442
1780294829.107167959,1780294829.104957342,1.5099999904632568
1780294829.127268791,1780294829.126944542,1.5099999904632568
1780294829.139302015,1780294829.138562441,1.559999942779541
1780294829.164791346,1780294829.162287474,1.559999942779541
1780294829.185366392,1780294829.183680773,1.649999976158142
1780294829.207448959,1780294829.205732346,1.6799999475479126
1780294829.219784737,1780294829.218006849,1.6799999475479126
1780294829.241206408,1780294829.239806175,1.6799999475479126
1780294829.265655518,1780294829.265132666,1.6699999570846558
1780294829.287247896,1780294829.286704540,1.6699999570846558
1780294829.301227570,1780294829.298635483,1.690000057220459
1780294829.322349787,1780294829.321734905,1.6799999475479126
1780294829.344464779,1780294829.343698740,1.6799999475479126
1780294829.366314650,1780294829.365816116,1.6799999475479126
1780294829.378430843,1780294829.377639532,1.6799999475479126
1780294829.411269426,1780294829.410754919,1.6799999475479126
1780294829.423181057,1780294829.422699928,1.6799999475479126
1780294829.445923805,1780294829.445152283,1.6799999475479126
1780294829.458014488,1780294829.457527399,1.6799999475479126
1780294829.480715036,1780294829.480137587,1.6799999475479126
1780294829.503167391,1780294829.502569675,1.6799999475479126
1780294829.525264978,1780294829.524665117,1.6799999475479126
1780294829.537687063,1780294829.536995411,1.6799999475479126
1780294829.560843229,1780294829.559935808,1.6799999475479126
1780294829.582502842,1780294829.581979990,1.6799999475479126
1780294829.604627848,1780294829.603593349,1.6799999475479126
1780294829.627267361,1780294829.625930071,1.6799999475479126
1780294829.637936831,1780294829.637531757,1.6799999475479126
1780294829.661881685,1780294829.661058426,1.6799999475479126
1780294829.682921648,1780294829.682625055,1.6799999475479126
1780294829.705397606,1780294829.704885244,1.6799999475479126
1780294829.719425678,1780294829.719201803,1.6799999475479126
1780294829.741716623,1780294829.740993261,1.690000057220459
1780294829.765535355,1780294829.764127970,1.6799999475479126
1780294829.787463903,1780294829.786418200,1.6799999475479126
1780294829.810055494,1780294829.806266069,1.6799999475479126
1780294829.828409672,1780294829.824374676,1.6799999475479126
1780294829.847091913,1780294829.846544743,1.6799999475479126
1780294829.860124350,1780294829.859623194,1.6799999475479126
1780294829.894512653,1780294829.884821415,1.6799999475479126
1780294829.907792091,1780294829.907506704,1.6799999475479126
1780294829.922133446,1780294829.921577692,1.6799999475479126
1780294829.944430590,1780294829.943885088,1.6799999475479126
1780294829.966214180,1780294829.965982437,1.6799999475479126
1780294829.978510141,1780294829.978209019,1.6799999475479126
1780294830.001839638,1780294830.000593662,1.6799999475479126
1780294830.024498701,1780294830.022784233,1.6699999570846558
1780294830.045752525,1780294830.044725657,1.6799999475479126
1780294830.067420006,1780294830.066972017,1.6799999475479126
1780294830.079593658,1780294830.079054594,1.6799999475479126
1780294830.104054928,1780294830.102543354,1.6799999475479126
1780294830.127131462,1780294830.126796722,1.6799999475479126
1780294830.139500618,1780294830.138571024,1.6799999475479126
1780294830.163776875,1780294830.160810471,1.6799999475479126
1780294830.184111357,1780294830.183501720,1.6799999475479126
1780294830.207953215,1780294830.206660509,1.6799999475479126
1780294830.224570751,1780294830.218523979,1.6799999475479126
1780294830.244180441,1780294830.240743637,1.6799999475479126
1780294830.263613462,1780294830.263072252,1.6799999475479126
1780294830.277507782,1780294830.276951551,1.6799999475479126
1780294830.302706480,1780294830.300790071,1.6799999475479126
1780294830.323706388,1780294830.323307514,1.6799999475479126
1780294830.349466562,1780294830.344805956,1.6799999475479126
1780294830.368729830,1780294830.367545128,1.6799999475479126
1780294830.383712053,1780294830.379623175,1.6799999475479126
1780294830.404015064,1780294830.401648045,1.6799999475479126
1780294830.425225735,1780294830.423728704,1.6799999475479126
1780294830.447267294,1780294830.445567846,1.6799999475479126
1780294830.460187912,1780294830.458294392,1.6799999475479126
1780294830.481874943,1780294830.480669975,1.6799999475479126
1780294830.506008387,1780294830.504869461,1.6799999475479126
1780294830.520449638,1780294830.518314362,1.6799999475479126
1780294830.541862488,1780294830.540358543,1.6799999475479126
1780294830.564702272,1780294830.562532902,1.6799999475479126
1780294830.585978746,1780294830.585425615,1.6799999475479126
1780294830.598309994,1780294830.597450495,1.6799999475479126
1780294830.620851278,1780294830.619848728,1.6799999475479126
1780294830.643291235,1780294830.641585350,1.6799999475479126
1780294830.665291786,1780294830.664349318,1.6799999475479126
1780294830.678462505,1780294830.677055836,1.6799999475479126
1780294830.703934908,1780294830.700996399,1.6799999475479126
1780294830.725436687,1780294830.722830057,1.6799999475479126
1780294830.747012615,1780294830.744966269,1.6799999475479126
1780294830.768816471,1780294830.766715288,1.6799999475479126
1780294830.780661345,1780294830.778455973,1.6799999475479126
1780294830.801862001,1780294830.800564289,1.6799999475479126
1780294830.824641943,1780294830.823594570,1.6799999475479126
1780294830.847092152,1780294830.846228600,1.6799999475479126
1780294830.860041618,1780294830.859027386,1.7699999809265137
1780294830.881614923,1780294830.880688190,1.7699999809265137
1780294830.904582739,1780294830.903025150,1.8300000429153442
1780294830.926125050,1780294830.924649239,1.9500000476837158
1780294830.947834969,1780294830.946632385,1.9500000476837158
1780294830.959497213,1780294830.958523750,2.0
1780294830.981800556,1780294830.980662823,2.069999933242798
1780294831.006102324,1780294831.003807068,2.069999933242798
1780294831.026379347,1780294831.025817871,2.130000114440918
1780294831.038524389,1780294831.037946939,2.0899999141693115
1780294831.062170506,1780294831.059859991,2.0899999141693115
1780294831.083532572,1780294831.083039522,2.140000104904175
1780294831.106203318,1780294831.105358362,2.0799999237060547
1780294831.120129108,1780294831.118414879,2.0799999237060547
1780294831.141536713,1780294831.140757322,2.0999999046325684
1780294831.164874792,1780294831.164386272,2.0999999046325684
1780294831.186882496,1780294831.186624527,2.109999895095825
1780294831.200025558,1780294831.199572802,2.109999895095825
1780294831.223484278,1780294831.222476006,2.109999895095825
1780294831.246483326,1780294831.245939732,2.109999895095825
1780294831.259218216,1780294831.258214951,2.0999999046325684
1780294831.281126976,1780294831.280504465,2.0999999046325684
1780294831.304410696,1780294831.303793430,2.0899999141693115
1780294831.326370001,1780294831.325814247,2.109999895095825
1780294831.338381052,1780294831.338005304,2.109999895095825
1780294831.360887051,1780294831.359856129,2.0999999046325684
1780294831.384108067,1780294831.382422924,2.0999999046325684
1780294831.406379938,1780294831.405249357,2.0999999046325684
1780294831.430181980,1780294831.426807404,2.0999999046325684
1780294831.443712950,1780294831.438711166,2.0999999046325684
1780294831.463721275,1780294831.461707830,2.0999999046325684
1780294831.486852407,1780294831.484025717,2.0999999046325684
1780294831.507253408,1780294831.505686998,2.0999999046325684
1780294831.518316746,1780294831.517462969,2.0999999046325684
1780294831.539935589,1780294831.539642572,2.0999999046325684
1780294831.563549995,1780294831.561742306,2.0999999046325684
1780294831.584386349,1780294831.583954811,2.0999999046325684
1780294831.606328249,1780294831.605590820,2.0999999046325684
1780294831.618901014,1780294831.617552042,2.0999999046325684
1780294831.643094063,1780294831.641392231,2.0999999046325684
1780294831.665717363,1780294831.665367365,2.0999999046325684
1780294831.678656816,1780294831.678414822,2.0999999046325684
1780294831.701145649,1780294831.700886250,2.0999999046325684
1780294831.725286722,1780294831.724777222,2.0999999046325684
1780294831.747670412,1780294831.747061491,2.0999999046325684
1780294831.759486914,1780294831.759239435,2.0999999046325684
1780294831.782789230,1780294831.781378269,2.0999999046325684
1780294831.804181576,1780294831.803749323,2.0999999046325684
1780294831.828153610,1780294831.827550650,2.0999999046325684
1780294831.840248346,1780294831.839490175,2.0999999046325684
1780294831.862428665,1780294831.862195492,2.0999999046325684
1780294831.885987997,1780294831.883724213,2.0999999046325684
1780294831.906522036,1780294831.905953646,2.0999999046325684
1780294831.917901993,1780294831.917503834,2.0999999046325684
1780294831.941031694,1780294831.939784050,2.0999999046325684
1780294831.963839293,1780294831.962059498,2.0999999046325684
1780294831.986864328,1780294831.986465454,2.0999999046325684
1780294832.001774788,1780294832.001312494,2.0999999046325684
1780294832.024651051,1780294832.024219990,2.0999999046325684
1780294832.046750546,1780294832.045554399,2.0999999046325684
1780294832.061111927,1780294832.060566902,2.0999999046325684
1780294832.083660603,1780294832.083390236,2.0999999046325684
1780294832.104969263,1780294832.104643822,2.0999999046325684
1780294832.117740870,1780294832.117423296,2.0999999046325684
1780294832.139940023,1780294832.139710903,2.0999999046325684
1780294832.163074255,1780294832.161941528,2.0999999046325684
1780294832.186543226,1780294832.183952808,2.0999999046325684
1780294832.207277536,1780294832.205944061,2.0999999046325684
1780294832.218544006,1780294832.218152761,2.0999999046325684
1780294832.240254164,1780294832.239871025,2.0999999046325684
1780294832.262815714,1780294832.262544870,2.0999999046325684
1780294832.286182165,1780294832.285706520,2.0999999046325684
1780294832.298143625,1780294832.297716856,2.0999999046325684
1780294832.318759680,1780294832.317199469,2.0999999046325684
1780294832.339852571,1780294832.339596987,2.0999999046325684
1780294832.362796545,1780294832.362416029,2.0999999046325684
1780294832.386574745,1780294832.385891676,2.0999999046325684
1780294832.398570299,1780294832.397556782,2.0999999046325684
1780294832.420949936,1780294832.420125961,2.130000114440918
1780294832.442419052,1780294832.441859722,2.130000114440918
1780294832.464197397,1780294832.463652611,2.130000114440918
1780294832.485875368,1780294832.485473633,2.140000104904175
1780294832.498423815,1780294832.497382641,2.140000104904175
1780294832.520843029,1780294832.519535542,2.140000104904175
1780294832.542386293,1780294832.541765213,2.119999885559082
1780294832.563869476,1780294832.563552618,2.119999885559082
1780294832.587301731,1780294832.585610390,2.069999933242798
1780294832.598315716,1780294832.597669601,1.9700000286102295
1780294832.622701406,1780294832.622427940,1.9700000286102295
1780294832.645309925,1780294832.644650459,1.9500000476837158
1780294832.667343378,1780294832.666579962,1.9500000476837158
1780294832.679020166,1780294832.678774595,1.9299999475479126
1780294832.702167988,1780294832.700898886,1.909999966621399
1780294832.723024607,1780294832.722592115,1.909999966621399
1780294832.745160580,1780294832.744768858,1.909999966621399
1780294832.767331839,1780294832.766919851,1.940000057220459
1780294832.778941870,1780294832.778695345,1.940000057220459
1780294832.804022551,1780294832.803674936,1.940000057220459
1780294832.826676607,1780294832.826052427,1.9199999570846558
1780294832.838384151,1780294832.838034630,1.9199999570846558
1780294832.860917091,1780294832.859884024,1.9199999570846558
1780294832.882405519,1780294832.881517410,1.9199999570846558
1780294832.904437780,1780294832.903949976,1.9199999570846558
1780294832.925691128,1780294832.923078299,1.9299999475479126
1780294832.945588112,1780294832.944667101,1.9299999475479126
1780294832.967262030,1780294832.966778994,1.9299999475479126
1780294832.981283903,1780294832.979232311,1.9199999570846558
1780294833.002758265,1780294833.001661539,1.9199999570846558
1780294833.025040150,1780294833.024760246,1.9199999570846558
1780294833.047032118,1780294833.046480179,1.9199999570846558
1780294833.063621759,1780294833.062393427,1.9199999570846558
1780294833.087309122,1780294833.086911917,1.9199999570846558
1780294833.102437735,1780294833.098485470,1.9199999570846558
1780294833.123892307,1780294833.123566389,1.9199999570846558
1780294833.146483898,1780294833.146011829,1.909999966621399
1780294833.158909559,1780294833.158486128,1.909999966621399
1780294833.182539463,1780294833.182292938,1.9199999570846558
1780294833.206107140,1780294833.203488350,1.9199999570846558
1780294833.225861311,1780294833.225510597,1.9199999570846558
1780294833.237716436,1780294833.237373829,1.9199999570846558
1780294833.260130167,1780294833.259781361,1.9199999570846558
1780294833.282689095,1780294833.282008171,1.9199999570846558
1780294833.304378748,1780294833.303624868,1.9199999570846558
1780294833.326828957,1780294833.325978518,1.9199999570846558
1780294833.338482618,1780294833.337657690,1.9199999570846558
1780294833.359902382,1780294833.359561682,1.9199999570846558
1780294833.382018328,1780294833.381648779,1.9199999570846558
1780294833.404163361,1780294833.403439045,1.9199999570846558
1780294833.422425985,1780294833.421561003,1.9199999570846558
1780294833.444762945,1780294833.443542004,1.9199999570846558
1780294833.466436148,1780294833.466003656,1.9199999570846558
1780294833.479413986,1780294833.478505611,1.9199999570846558
1780294833.503941774,1780294833.500607252,1.9199999570846558
1780294833.524506569,1780294833.524094582,1.9199999570846558
1780294833.547118425,1780294833.546711922,1.9199999570846558
1780294833.560257196,1780294833.559797287,1.9199999570846558
1780294833.584544420,1780294833.583780766,1.9199999570846558
1780294833.606509209,1780294833.606133461,1.9199999570846558
1780294833.619574785,1780294833.619184971,1.9199999570846558
1780294833.641116858,1780294833.640425682,1.9199999570846558
1780294833.663609028,1780294833.662993670,1.9199999570846558
1780294833.686063528,1780294833.685595512,1.9199999570846558
1780294833.700500488,1780294833.697323799,1.9199999570846558
1780294833.721138716,1780294833.719425440,1.9199999570846558
1780294833.742112875,1780294833.741446733,1.9199999570846558
1780294833.766918182,1780294833.765557528,1.9299999475479126
1780294833.778654814,1780294833.777329206,1.9299999475479126
1780294833.801359653,1780294833.799650669,1.9199999570846558
1780294833.822997808,1780294833.822537184,1.909999966621399
1780294833.847207069,1780294833.845580339,1.909999966621399
1780294833.859866619,1780294833.858389139,1.9199999570846558
1780294833.881892204,1780294833.880593538,1.9199999570846558
1780294833.903357029,1780294833.902652740,1.9199999570846558
1780294833.925722361,1780294833.924454451,1.9199999570846558
1780294833.947837830,1780294833.946602345,1.9199999570846558
1780294833.960502625,1780294833.959896803,1.9199999570846558
1780294833.989948273,1780294833.982688904,1.9199999570846558
1780294834.006632566,1780294834.004872322,1.9199999570846558
1780294834.021801949,1780294834.018808842,1.9199999570846558
1780294834.043965578,1780294834.043399572,1.9199999570846558
1780294834.062153816,1780294834.061639071,1.9199999570846558
1780294834.084129572,1780294834.083625555,1.9199999570846558
1780294834.106062651,1780294834.105720520,1.9199999570846558
1780294834.117890835,1780294834.117432833,1.9199999570846558
1780294834.150101900,1780294834.149621964,1.9199999570846558
1780294834.163182497,1780294834.162868500,1.9199999570846558
1780294834.185371399,1780294834.184509754,1.9199999570846558
1780294834.207493305,1780294834.206792831,1.9199999570846558
1780294834.225898504,1780294834.225471258,1.9199999570846558
1780294834.237957716,1780294834.237368822,1.9199999570846558
1780294834.261720896,1780294834.261032343,1.9199999570846558
1780294834.283274889,1780294834.282904148,1.9199999570846558
1780294834.305341959,1780294834.304772377,1.9199999570846558
1780294834.328213453,1780294834.327808857,1.9199999570846558
1780294834.340523005,1780294834.340022087,1.9199999570846558
1780294834.364290476,1780294834.363881826,1.9199999570846558
1780294834.385835886,1780294834.385434628,1.9199999570846558
1780294834.400931120,1780294834.397275209,1.9199999570846558
1780294834.423904896,1780294834.423380852,1.9199999570846558
1780294834.445860147,1780294834.445512772,1.9199999570846558
1780294834.458735466,1780294834.457846880,1.9199999570846558
1780294834.484548092,1780294834.482857466,1.9299999475479126
1780294834.506650209,1780294834.506254435,1.9299999475479126
1780294834.530222654,1780294834.528560877,1.9199999570846558
1780294834.543397427,1780294834.541561127,1.899999976158142
1780294834.565809488,1780294834.564395666,1.899999976158142
1780294834.578588486,1780294834.576931953,1.9199999570846558
1780294834.602596283,1780294834.601596117,1.9199999570846558
1780294834.624673605,1780294834.623389244,1.9199999570846558
1780294834.646718740,1780294834.646061897,1.9199999570846558
1780294834.661364794,1780294834.657550335,1.9199999570846558
1780294834.680674076,1780294834.679785967,1.9199999570846558
1780294834.702382803,1780294834.697249174,1.9199999570846558
1780294834.723122358,1780294834.721900702,1.9199999570846558
1780294834.748695612,1780294834.747524500,1.9199999570846558
1780294834.760721445,1780294834.759849548,1.9199999570846558
1780294834.784421206,1780294834.781581163,1.9199999570846558
1780294834.806296110,1780294834.805776119,1.9199999570846558
1780294834.824832439,1780294834.824335337,1.9199999570846558
1780294834.847872734,1780294834.846993208,1.9199999570846558
1780294834.860542059,1780294834.858316660,1.9199999570846558
1780294834.886223316,1780294834.881563187,1.9199999570846558
1780294834.906138420,1780294834.904060125,1.9199999570846558
1780294834.935294390,1780294834.925485849,1.9199999570846558
1780294834.939238548,1780294834.938441515,1.9199999570846558
1780294834.961332798,1780294834.960424423,1.9199999570846558
1780294834.983841658,1780294834.982929945,1.9199999570846558
1780294835.005395889,1780294835.004919291,1.9199999570846558
1780294835.027184725,1780294835.026731968,1.9199999570846558
1780294835.039989471,1780294835.038916588,1.909999966621399
1780294835.061282635,1780294835.060809851,1.909999966621399
1780294835.085248470,1780294835.084624052,1.9199999570846558
1780294835.107199669,1780294835.106626511,1.9299999475479126
1780294835.120304823,1780294835.118784189,1.9299999475479126
1780294835.141688347,1780294835.140639544,1.9199999570846558
1780294835.165731907,1780294835.165067434,1.9199999570846558
1780294835.179215193,1780294835.177328825,1.9199999570846558
1780294835.203795910,1780294835.199412107,1.9199999570846558
1780294835.223165512,1780294835.222234249,1.9199999570846558
1780294835.244375467,1780294835.243690968,1.9199999570846558
1780294835.266812801,1780294835.265565872,1.9199999570846558
1780294835.279506207,1780294835.277400970,1.9199999570846558
1780294835.311439276,1780294835.309506655,1.9199999570846558
1780294835.321852684,1780294835.321463823,1.9199999570846558
1780294835.344406128,1780294835.344134092,1.9199999570846558
1780294835.366068363,1780294835.365406513,1.9199999570846558
1780294835.377859354,1780294835.377265453,1.9199999570846558
1780294835.400429249,1780294835.399361610,1.9199999570846558
1780294835.422619581,1780294835.421974659,1.9199999570846558
1780294835.449098587,1780294835.443540096,1.9199999570846558
1780294835.466303825,1780294835.465921879,1.9199999570846558
1780294835.483621836,1780294835.477376699,1.9199999570846558
1780294835.501442194,1780294835.499610186,1.9199999570846558
1780294835.523017406,1780294835.521624327,1.9199999570846558
1780294835.545353413,1780294835.544194937,1.9199999570846558
1780294835.566919565,1780294835.566244364,1.9199999570846558
1780294835.581541538,1780294835.579330206,1.9199999570846558
1780294835.602323532,1780294835.601959944,1.9199999570846558
1780294835.624791861,1780294835.624175072,1.9199999570846558
1780294835.647256136,1780294835.646479130,1.9199999570846558
1780294835.666130543,1780294835.665641785,1.9199999570846558
1780294835.678966999,1780294835.678322315,1.9199999570846558
1780294835.703925610,1780294835.702799320,1.840000033378601
1780294835.725219727,1780294835.724305868,1.840000033378601
1780294835.748127937,1780294835.746403456,1.809999942779541
1780294835.758930445,1780294835.758369923,1.7000000476837158
1780294835.781565905,1780294835.780776501,1.7000000476837158
1780294835.804332972,1780294835.803946257,1.600000023841858
1780294835.827330112,1780294835.827039003,1.399999976158142
1780294835.838988304,1780294835.838426590,1.399999976158142
1780294835.862001181,1780294835.860578299,1.2599999904632568
1780294835.883233309,1780294835.882729292,1.2599999904632568
1780294835.906898260,1780294835.905773163,1.0800000429153442
1780294835.917849302,1780294835.917247534,1.0
1780294835.940514326,1780294835.939345598,1.0
1780294835.962344646,1780294835.962009668,1.0
1780294835.984835863,1780294835.984272957,0.9800000190734863
1780294836.007358789,1780294836.006907940,0.9800000190734863
1780294836.020459414,1780294836.019804239,0.9399999976158142
1780294836.042345285,1780294836.041407108,0.949999988079071
1780294836.063884974,1780294836.063570976,0.949999988079071
1780294836.079257727,1780294836.078387499,0.8700000047683716
1780294836.102912903,1780294836.101073027,0.7099999785423279
1780294836.124972820,1780294836.123291731,0.7099999785423279
1780294836.146219015,1780294836.145311594,0.47999998927116394
1780294836.159617901,1780294836.158697844,0.47999998927116394
1780294836.180768013,1780294836.180360556,0.41999998688697815
1780294836.206947803,1780294836.206190109,0.12999999523162842
1780294836.221114397,1780294836.219297886,0.12999999523162842
1780294836.241134405,1780294836.240552187,0.05000000074505806
1780294836.263676167,1780294836.263013124,-0.18000000715255737
1780294836.285242081,1780294836.284446239,-0.18000000715255737
1780294836.307391405,1780294836.306586266,-0.3199999928474426
1780294836.321123362,1780294836.320247650,-0.6200000047683716
1780294836.344172001,1780294836.343264818,-0.6200000047683716
1780294836.365983486,1780294836.365393639,-0.9900000095367432
1780294836.378492594,1780294836.377213717,-0.9900000095367432
1780294836.405272007,1780294836.401129484,-1.1399999856948853
1780294836.425744057,1780294836.424477816,-1.5700000524520874
1780294836.447311163,1780294836.446303368,-1.5700000524520874
1780294836.459752560,1780294836.458233833,-1.7100000381469727
1780294836.481078386,1780294836.480342150,-2.0399999618530273
1780294836.502768993,1780294836.502336502,-2.0399999618530273
1780294836.524956465,1780294836.524409771,-2.2200000286102295
1780294836.547291994,1780294836.546362400,-2.609999895095825
1780294836.559411049,1780294836.558481693,-2.609999895095825
1780294836.580984592,1780294836.580431223,-3.0299999713897705
1780294836.603443384,1780294836.602434397,-3.2100000381469727
1780294836.625764370,1780294836.624269009,-3.2100000381469727
1780294836.647849798,1780294836.646584749,-3.630000114440918
1780294836.660176992,1780294836.658582449,-3.630000114440918
1780294836.682581902,1780294836.681528807,-3.819999933242798
1780294836.704574108,1780294836.703849077,-4.239999771118164
1780294836.718056202,1780294836.717592001,-4.239999771118164
1780294836.740584373,1780294836.739987850,-4.420000076293945
1780294836.762259960,1780294836.761393785,-4.71999979019165
1780294836.784616470,1780294836.783539772,-4.71999979019165
1780294836.806621552,1780294836.805744410,-4.880000114440918
1780294836.820662737,1780294836.819627047,-5.260000228881836
1780294836.843535423,1780294836.842453241,-5.260000228881836
1780294836.866262197,1780294836.865921259,-5.690000057220459
1780294836.877770424,1780294836.877260208,-5.690000057220459
1780294836.899959803,1780294836.899540424,-5.809999942779541
1780294836.923591852,1780294836.923019886,-6.190000057220459
1780294836.945897102,1780294836.945368767,-6.190000057220459
1780294836.964035988,1780294836.960408926,-6.349999904632568
1780294836.985016108,1780294836.983549118,-6.590000152587891
1780294837.007176399,1780294837.006645203,-6.590000152587891
1780294837.019255400,1780294837.018778563,-6.75
1780294837.045673847,1780294837.041038990,-6.989999771118164
1780294837.066566944,1780294837.063055992,-6.989999771118164
1780294837.085668325,1780294837.084593534,-7.119999885559082
1780294837.102441788,1780294837.097902060,-7.360000133514404
1780294837.121768475,1780294837.121244431,-7.360000133514404
1780294837.145124197,1780294837.144720793,-7.489999771118164
1780294837.157169104,1780294837.156713724,-7.489999771118164
1780294837.179209948,1780294837.178735256,-7.789999961853027
1780294837.201098442,1780294837.200709105,-8.149999618530273
1780294837.224750996,1780294837.224347353,-8.149999618530273
1780294837.237177610,1780294837.236705542,-8.289999961853027
1780294837.266430855,1780294837.265669346,-8.579999923706055
1780294837.288004160,1780294837.287435532,-8.579999923706055
1780294837.301068306,1780294837.299923658,-8.729999542236328
1780294837.322829008,1780294837.321770191,-9.109999656677246
1780294837.345575809,1780294837.344172716,-9.109999656677246
1780294837.362035275,1780294837.361382246,-9.550000190734863
1780294837.384161234,1780294837.383607149,-9.550000190734863
1780294837.411180496,1780294837.406641722,-9.670000076293945
1780294837.419724464,1780294837.418594837,-10.079999923706055
1780294837.447362423,1780294837.440664530,-10.079999923706055
1780294837.469466209,1780294837.466381550,-10.1899995803833
1780294837.480825663,1780294837.478332043,-10.529999732971191
1780294837.505008459,1780294837.500844717,-10.529999732971191
1780294837.524333000,1780294837.522592068,-10.680000305175781
1780294837.544966221,1780294837.544688940,-11.029999732971191
1780294837.567890406,1780294837.566564798,-11.029999732971191
1780294837.579834461,1780294837.578221798,-11.15999984741211
1780294837.602431059,1780294837.600593567,-11.449999809265137
1780294837.624093533,1780294837.623062849,-11.449999809265137
1780294837.645853758,1780294837.645005465,-11.739999771118164
1780294837.660331726,1780294837.658525944,-11.739999771118164
1780294837.682797194,1780294837.681897879,-11.800000190734863
1780294837.711297274,1780294837.704341650,-12.029999732971191
1780294837.719817162,1780294837.717611551,-12.029999732971191
1780294837.742844820,1780294837.741708279,-12.069999694824219
1780294837.765140772,1780294837.764378548,-12.199999809265137
1780294837.787731886,1780294837.786550760,-12.199999809265137
1780294837.810276747,1780294837.808719397,-12.279999732971191
1780294837.821547270,1780294837.820332527,-12.5
1780294837.850501776,1780294837.842395544,-12.5
1780294837.865951300,1780294837.864812851,-12.630000114440918
1780294837.888108492,1780294837.887145281,-12.630000114440918
1780294837.902944088,1780294837.900393724,-12.920000076293945
1780294837.924126387,1780294837.922933817,-13.270000457763672
1780294837.946789265,1780294837.944279671,-13.270000457763672
1780294837.968076229,1780294837.966429472,-13.380000114440918
1780294837.979908466,1780294837.978391647,-13.670000076293945
1780294838.000901937,1780294838.000254869,-13.670000076293945
1780294838.023504972,1780294838.022470474,-13.779999732971191
1780294838.045080900,1780294838.044767857,-14.069999694824219
1780294838.060372829,1780294838.058277369,-14.069999694824219
1780294838.081196070,1780294838.080485344,-14.1899995803833
1780294838.103656054,1780294838.103193283,-14.289999961853027
1780294838.120795012,1780294838.119967699,-14.289999961853027
1780294838.141868114,1780294838.141401529,-14.3100004196167
1780294838.167977571,1780294838.167073488,-14.3100004196167
1780294838.179600000,1780294838.179082632,-14.289999961853027
1780294838.202568531,1780294838.202387333,-14.289999961853027
1780294838.226531744,1780294838.225867033,-14.289999961853027
1780294838.239914656,1780294838.238206863,-14.289999961853027
1780294838.272729158,1780294838.263588905,-14.289999961853027
1780294838.290300608,1780294838.289855003,-14.289999961853027
1780294838.302407026,1780294838.301909685,-14.289999961853027
1780294838.324420691,1780294838.323868990,-14.289999961853027
1780294838.347585201,1780294838.347266912,-14.289999961853027
1780294838.360468388,1780294838.360099792,-14.289999961853027
1780294838.386966705,1780294838.383260250,-14.289999961853027
1780294838.398036480,1780294838.397567511,-14.289999961853027
1780294838.421883583,1780294838.421165228,-14.289999961853027
1780294838.444046736,1780294838.443296909,-14.289999961853027
1780294838.469078779,1780294838.468448639,-14.289999961853027
1780294838.482083082,1780294838.480191946,-14.289999961853027
1780294838.503575563,1780294838.503157616,-14.289999961853027
1780294838.526209354,1780294838.525824070,-14.289999961853027
1780294838.544507027,1780294838.543168306,-14.289999961853027
1780294838.567088842,1780294838.566013813,-14.289999961853027
1780294838.584801674,1780294838.582531452,-14.289999961853027
1780294838.606021404,1780294838.605182886,-14.289999961853027
1780294838.620576620,1780294838.619781733,-14.289999961853027
1780294838.646098137,1780294838.645442963,-14.300000190734863
1780294838.663259268,1780294838.660689592,-14.300000190734863
1780294838.677207470,1780294838.676626682,-14.289999961853027
1780294838.703926802,1780294838.702413797,-14.289999961853027
1780294838.725418091,1780294838.724793434,-14.289999961853027
1780294838.748014927,1780294838.747296572,-14.289999961853027
1780294838.761783123,1780294838.761272907,-14.289999961853027
1780294838.785069466,1780294838.784283161,-14.289999961853027
1780294838.807338715,1780294838.806527138,-14.289999961853027
1780294838.820101261,1780294838.819493055,-14.289999961853027
1780294838.843788147,1780294838.841418505,-14.289999961853027
1780294838.865058184,1780294838.864209890,-14.289999961853027
1780294838.880668163,1780294838.877601624,-14.289999961853027
1780294838.903454781,1780294838.900555849,-14.289999961853027
1780294838.926110506,1780294838.924872160,-14.289999961853027
1780294838.949419975,1780294838.947400570,-14.289999961853027
1780294838.960298777,1780294838.959237337,-14.289999961853027
1780294838.984420776,1780294838.981679440,-14.289999961853027
1780294839.004641533,1780294839.004004002,-14.289999961853027
1780294839.026014090,1780294839.025659323,-14.289999961853027
1780294839.039654016,1780294839.038858891,-14.289999961853027
1780294839.061835527,1780294839.061263800,-14.289999961853027
1780294839.085814238,1780294839.083336592,-14.279999732971191
1780294839.105744839,1780294839.105402231,-14.270000457763672
1780294839.120630980,1780294839.119270325,-14.270000457763672
1780294839.141845942,1780294839.141478300,-14.270000457763672
1780294839.164345264,1780294839.163733482,-14.270000457763672
1780294839.177742958,1780294839.177376270,-14.260000228881836
1780294839.201272964,1780294839.200636625,-14.260000228881836
1780294839.224889994,1780294839.224577188,-14.260000228881836
1780294839.238019943,1780294839.236994743,-14.260000228881836
1780294839.259852171,1780294839.259209156,-14.270000457763672
1780294839.284957886,1780294839.283935785,-14.270000457763672
1780294839.306952238,1780294839.306364059,-14.239999771118164
1780294839.320184231,1780294839.319251537,-14.180000305175781
1780294839.342381239,1780294839.341592550,-14.180000305175781
1780294839.360266924,1780294839.359681129,-14.020000457763672
1780294839.385098696,1780294839.384156942,-14.020000457763672
1780294839.398669720,1780294839.397201300,-14.020000457763672
1780294839.420739889,1780294839.419586182,-13.850000381469727
1780294839.443240881,1780294839.441801786,-13.850000381469727
1780294839.466480255,1780294839.465454102,-13.819999694824219
1780294839.478828430,1780294839.477527380,-13.729999542236328
1780294839.500580788,1780294839.499662876,-13.729999542236328
1780294839.524052143,1780294839.521266699,-13.670000076293945
1780294839.544796705,1780294839.543239832,-13.550000190734863
1780294839.566229582,1780294839.565464020,-13.550000190734863
1780294839.579752207,1780294839.578528643,-13.470000267028809
1780294839.601837158,1780294839.601008177,-13.350000381469727
1780294839.624734640,1780294839.623918295,-13.350000381469727
1780294839.646333218,1780294839.645211458,-13.260000228881836
1780294839.667829752,1780294839.667299509,-13.260000228881836
1780294839.680578709,1780294839.679598808,-13.140000343322754
1780294839.701759100,1780294839.701383114,-12.90999984741211
1780294839.725013971,1780294839.724462986,-12.90999984741211
1780294839.747301340,1780294839.746453762,-12.859999656677246
1780294839.760816097,1780294839.758154631,-12.670000076293945
1780294839.782513857,1780294839.780743122,-12.670000076293945
1780294839.803644419,1780294839.802438736,-12.569999694824219
1780294839.830097914,1780294839.817524433,-12.270000457763672
1780294839.843780518,1780294839.842062950,-12.270000457763672
1780294839.859468699,1780294839.857742071,-11.90999984741211
1780294839.882302761,1780294839.879248381,-11.90999984741211
1780294839.901941776,1780294839.901304722,-11.779999732971191
1780294839.924807787,1780294839.923660278,-11.350000381469727
1780294839.948374033,1780294839.946212769,-11.350000381469727
1780294839.959260225,1780294839.958374739,-11.1899995803833
1780294839.989546776,1780294839.980263472,-10.800000190734863
1780294840.003849268,1780294840.002824306,-10.800000190734863
1780294840.027743578,1780294840.027185440,-10.600000381469727
1780294840.039875507,1780294840.039361000,-10.100000381469727
1780294840.062764168,1780294840.062365055,-10.100000381469727
1780294840.086013317,1780294840.085170984,-9.850000381469727
1780294840.097660065,1780294840.097303867,-9.25
1780294840.120102882,1780294840.119731903,-9.25
1780294840.144634485,1780294840.144249201,-8.9399995803833
1780294840.170800924,1780294840.166231871,-8.9399995803833
1780294840.179258823,1780294840.178859472,-8.3100004196167
1780294840.202157021,1780294840.201686859,-7.610000133514404
1780294840.224107981,1780294840.223566532,-7.610000133514404
1780294840.246223927,1780294840.245414019,-7.25
1780294840.258463621,1780294840.258083820,-6.599999904632568
1780294840.281076908,1780294840.280550957,-6.599999904632568
1780294840.305801868,1780294840.304386377,-6.230000019073486
1780294840.326941490,1780294840.326642513,-5.539999961853027
1780294840.339093685,1780294840.338352442,-5.539999961853027
1780294840.360642672,1780294840.360232592,-4.849999904632568
1780294840.383317947,1780294840.382866144,-4.849999904632568
1780294840.405794621,1780294840.404867887,-4.599999904632568
1780294840.427042246,1780294840.426535368,-4.090000152587891
1780294840.439390898,1780294840.438163996,-4.090000152587891
1780294840.462969780,1780294840.461292744,-3.9200000762939453
1780294840.484791040,1780294840.484343529,-3.619999885559082
1780294840.496999025,1780294840.496741295,-3.619999885559082
1780294840.519283772,1780294840.519031525,-3.5
1780294840.542340755,1780294840.540729523,-3.299999952316284
1780294840.563304663,1780294840.562507391,-3.299999952316284
1780294840.585449219,1780294840.585011005,-3.1700000762939453
1780294840.604307652,1780294840.597357512,-3.0
1780294840.632854700,1780294840.623104811,-3.0
1780294840.646685123,1780294840.645568609,-2.7100000381469727
1780294840.658215761,1780294840.657582283,-2.7100000381469727
1780294840.682224512,1780294840.680703163,-2.6600000858306885
1780294840.703704834,1780294840.702797651,-2.3399999141693115
1780294840.725086212,1780294840.724626064,-2.3399999141693115
1780294840.751644373,1780294840.747132540,-2.25
1780294840.761291265,1780294840.760168791,-2.009999990463257
1780294840.783723593,1780294840.783034801,-2.009999990463257
1780294840.819051743,1780294840.805917740,-1.8799999952316284
1780294840.824776411,1780294840.824296951,-1.600000023841858
1780294840.846755981,1780294840.846161842,-1.600000023841858
1780294840.860092878,1780294840.859139919,-1.4500000476837158
1780294840.882263660,1780294840.881223202,-1.4500000476837158
1780294840.922366619,1780294840.903146744,-1.2400000095367432
1780294840.931253195,1780294840.925457001,-1.0099999904632568
1780294840.940934658,1780294840.938763857,-1.0099999904632568
1780294840.961144924,1780294840.960110188,-0.9900000095367432
1780294840.983446836,1780294840.982601404,-0.949999988079071
1780294841.010987520,1780294841.004651785,-0.949999988079071
1780294841.020651817,1780294841.016790390,-0.9300000071525574
1780294841.043027163,1780294841.041872263,-0.9100000262260437
1780294841.069012403,1780294841.064958334,-0.9100000262260437
1780294841.080546141,1780294841.079974174,-0.9100000262260437
1780294841.103593349,1780294841.103315353,-0.9399999976158142
1780294841.124134779,1780294841.120628119,-0.9399999976158142
1780294841.144989729,1780294841.144189596,-0.9399999976158142
1780294841.168403864,1780294841.166585922,-0.9399999976158142
1780294841.184228182,1780294841.182721376,-0.9300000071525574
1780294841.205084801,1780294841.204548597,-0.9300000071525574
1780294841.218052149,1780294841.217546940,-0.9300000071525574
1780294841.239636183,1780294841.239304066,-0.9200000166893005
1780294841.264860153,1780294841.264444828,-0.9300000071525574
1780294841.287765265,1780294841.286636114,-0.9300000071525574
1780294841.300842762,1780294841.300356865,-0.9300000071525574
1780294841.325170279,1780294841.323149204,-0.9300000071525574
1780294841.352371216,1780294841.345636845,-0.9300000071525574
1780294841.359372616,1780294841.358088970,-0.800000011920929
1780294841.381273031,1780294841.380312920,-0.800000011920929
1780294841.402799368,1780294841.402103424,-0.7900000214576721
1780294841.424829245,1780294841.424136400,-0.5799999833106995
1780294841.447384119,1780294841.446328878,-0.5799999833106995
1780294841.459309816,1780294841.458389282,-0.5299999713897705
1780294841.482883453,1780294841.481958866,-0.3400000035762787
1780294841.503930807,1780294841.503695011,-0.3400000035762787
1780294841.527347088,1780294841.526769400,-0.28999999165534973
1780294841.546301365,1780294841.540681362,-0.20999999344348907
1780294841.557882547,1780294841.557574272,-0.20999999344348907
1780294841.580162048,1780294841.579926252,-0.14000000059604645
1780294841.603489637,1780294841.603109360,-0.12999999523162842
1780294841.625611067,1780294841.625176430,-0.12999999523162842
1780294841.638042688,1780294841.637766838,-0.07999999821186066
1780294841.661016226,1780294841.660645962,-0.07999999821186066
1780294841.683443069,1780294841.682895184,-0.07000000029802322
1780294841.698233128,1780294841.697712421,-0.03999999910593033
1780294841.720373631,1780294841.719962120,-0.03999999910593033
1780294841.743434906,1780294841.743006706,-0.05000000074505806
1780294841.766531944,1780294841.766292334,-0.029999999329447746
1780294841.779786110,1780294841.778625727,-0.029999999329447746
1780294841.801928997,1780294841.800589800,-0.05000000074505806
1780294841.825693846,1780294841.822453976,-0.05000000074505806
1780294841.850049496,1780294841.845738649,-0.05000000074505806
1780294841.863785982,1780294841.857648611,-0.05000000074505806
1780294841.880267143,1780294841.879481792,-0.05000000074505806
1780294841.904917955,1780294841.902175903,-0.05000000074505806
1780294841.924934864,1780294841.924266100,-0.05000000074505806
1780294841.946148396,1780294841.937974930,-0.05000000074505806
1780294841.965108156,1780294841.960455418,-0.05000000074505806
1780294841.984105587,1780294841.982534409,-0.05000000074505806
1780294842.006504536,1780294842.004303217,-0.05000000074505806
1780294842.031764746,1780294842.026182175,-0.05000000074505806
1780294842.040476322,1780294842.038272858,-0.05000000074505806
1780294842.061894178,1780294842.061136007,-0.05000000074505806
1780294842.079584837,1780294842.076927423,-0.05000000074505806
1780294842.101096869,1780294842.099190474,-0.05000000074505806
1780294842.122587681,1780294842.122304916,-0.05000000074505806
1780294842.145343781,1780294842.144725084,0.029999999329447746
1780294842.171576500,1780294842.166200399,0.029999999329447746
1780294842.179406881,1780294842.178331852,0.029999999329447746
1780294842.204040289,1780294842.202203035,0.05999999865889549
1780294842.226020098,1780294842.225373983,0.05999999865889549
1780294842.237665176,1780294842.237060070,0.05999999865889549
1780294842.269746780,1780294842.269222260,0.07999999821186066
1780294842.284219503,1780294842.282324314,0.07999999821186066
1780294842.305126905,1780294842.304225206,0.03999999910593033
1780294842.326980352,1780294842.326505184,0.05000000074505806
1780294842.339580297,1780294842.338561058,0.05000000074505806
1780294842.362574100,1780294842.360636950,0.05999999865889549
1780294842.385130644,1780294842.383770704,0.05999999865889549
1780294842.407663822,1780294842.406700850,0.05999999865889549
1780294842.420692444,1780294842.419771910,0.05999999865889549
1780294842.444362402,1780294842.443561316,0.05999999865889549
1780294842.465770245,1780294842.465097666,0.05000000074505806
1780294842.478028297,1780294842.476980448,0.05999999865889549
1780294842.502506018,1780294842.499123812,0.05999999865889549
1780294842.524106264,1780294842.522707701,0.05999999865889549
1780294842.551446676,1780294842.544292450,0.05999999865889549
1780294842.566850185,1780294842.566413641,0.05999999865889549
1780294842.579378605,1780294842.578916788,0.05999999865889549
1780294842.601862669,1780294842.601384640,0.05999999865889549
1780294842.623599768,1780294842.623288870,0.05999999865889549
1780294842.646420002,1780294842.645133495,0.1599999964237213
1780294842.659482956,1780294842.659198999,0.1599999964237213
1780294842.681541920,1780294842.681041241,0.1599999964237213
1780294842.704879522,1780294842.704549789,0.3799999952316284
1780294842.725911617,1780294842.718251467,0.3799999952316284
1780294842.746181250,1780294842.745556831,0.41999998688697815
1780294842.762650728,1780294842.762027025,0.5799999833106995
1780294842.784987450,1780294842.784569740,0.5799999833106995
1780294842.806775570,1780294842.806238890,0.6700000166893005
1780294842.820775747,1780294842.820262194,0.8600000143051147
1780294842.844944239,1780294842.844273806,0.8600000143051147
1780294842.867952347,1780294842.866656065,1.0099999904632568
1780294842.882310867,1780294842.878501177,1.0099999904632568
1780294842.902990818,1780294842.900219917,1.0099999904632568
1780294842.923927546,1780294842.922682524,1.1699999570846558
1780294842.945432186,1780294842.944024324,1.1699999570846558
1780294842.957758665,1780294842.956877947,1.1699999570846558
1780294842.981155872,1780294842.979152203,1.2400000095367432
1780294843.002185106,1780294843.001360893,1.2400000095367432
1780294843.024061441,1780294843.023346663,1.3200000524520874
1780294843.045833349,1780294843.045193195,1.4700000286102295
1780294843.058348417,1780294843.057037592,1.4700000286102295
1780294843.079517365,1780294843.079097509,1.5499999523162842
1780294843.101834774,1780294843.101568222,1.6399999856948853
1780294843.123599768,1780294843.123209715,1.6399999856948853
1780294843.146721125,1780294843.146015406,1.7200000286102295
1780294843.162207842,1780294843.159176350,1.7200000286102295
1780294843.181946754,1780294843.181267500,1.7799999713897705
1780294843.203797579,1780294843.203070641,1.850000023841858
1780294843.226895571,1780294843.225369453,1.850000023841858
1780294843.239095926,1780294843.238029480,1.850000023841858
1780294843.261904716,1780294843.260822535,1.8700000047683716
1780294843.283841133,1780294843.283174992,1.8700000047683716
1780294843.306038141,1780294843.305313349,1.8700000047683716
1780294843.318588257,1780294843.318236351,1.8799999952316284
1780294843.340633869,1780294843.340100765,1.8799999952316284
1780294843.363503218,1780294843.362970591,1.8600000143051147
1780294843.386936426,1780294843.386080742,1.8600000143051147
1780294843.399474144,1780294843.399117231,1.8600000143051147
1780294843.422039509,1780294843.421678543,1.8700000047683716
1780294843.445743799,1780294843.443728924,1.8700000047683716
1780294843.469177723,1780294843.466764212,1.8700000047683716
1780294843.483043909,1780294843.480306387,1.8700000047683716
1780294843.503497362,1780294843.503121138,1.8700000047683716
1780294843.523474693,1780294843.521314859,1.8700000047683716
1780294843.547529936,1780294843.544761181,1.8700000047683716
1780294843.559676886,1780294843.558888674,1.8700000047683716
1780294843.588680983,1780294843.583652735,1.8700000047683716
1780294843.610171080,1780294843.606564999,1.8799999952316284
1780294843.619272709,1780294843.618902206,1.8799999952316284
1780294843.645088434,1780294843.641669273,1.8700000047683716
1780294843.664810896,1780294843.664408922,1.8700000047683716
1780294843.690126181,1780294843.686709881,1.8700000047683716
1780294843.698763371,1780294843.698371649,1.8700000047683716
1780294843.723146677,1780294843.722773314,1.8700000047683716
1780294843.748258352,1780294843.745292425,1.8700000047683716
1780294843.763852358,1780294843.757884502,1.8700000047683716
1780294843.780679703,1780294843.780339003,1.8700000047683716
1780294843.812016487,1780294843.803611279,1.8700000047683716
1780294843.826075315,1780294843.825368404,1.8700000047683716
1780294843.837770939,1780294843.837534904,1.8700000047683716
1780294843.859982491,1780294843.859528303,1.8700000047683716
1780294843.882346869,1780294843.881996870,1.8700000047683716
1780294843.904923439,1780294843.904176474,1.8700000047683716
1780294843.926774025,1780294843.926483870,1.8700000047683716
1780294843.938566685,1780294843.938253880,1.8700000047683716
1780294843.960498095,1780294843.960028648,1.8700000047683716
1780294843.982617378,1780294843.982203960,1.8700000047683716
1780294844.007860661,1780294844.004036188,1.8700000047683716
1780294844.027026892,1780294844.026567698,1.8700000047683716
1780294844.040237427,1780294844.039833546,1.8700000047683716
1780294844.065135956,1780294844.061723709,1.8700000047683716
1780294844.087335825,1780294844.082998991,1.8700000047683716
1780294844.114767313,1780294844.106191635,1.8700000047683716
1780294844.123565912,1780294844.121440172,1.8700000047683716
1780294844.158010006,1780294844.145506620,1.8600000143051147
1780294844.161672354,1780294844.159022570,1.8600000143051147
1780294844.182407141,1780294844.181316376,1.8600000143051147
1780294844.205042601,1780294844.203162193,1.7899999618530273
1780294844.229706049,1780294844.226735592,1.7899999618530273
1780294844.239009857,1780294844.238700628,1.7899999618530273
1780294844.261969090,1780294844.260544300,1.7899999618530273
1780294844.282489538,1780294844.282016277,1.7899999618530273
1780294844.304716349,1780294844.304060459,1.7799999713897705
1780294844.321143150,1780294844.320379257,1.7599999904632568
1780294844.344122171,1780294844.342484474,1.7599999904632568
1780294844.368055344,1780294844.364843845,1.7799999713897705
1780294844.386402607,1780294844.384279728,1.7799999713897705
1780294844.410478354,1780294844.407105923,1.7799999713897705
1780294844.419948816,1780294844.419007778,1.7699999809265137
1780294844.442298174,1780294844.441214085,1.7699999809265137
1780294844.466945410,1780294844.465044498,1.7699999809265137
1780294844.477696180,1780294844.476976156,1.7699999809265137
1780294844.500692368,1780294844.500352144,1.7699999809265137
1780294844.524227142,1780294844.522265911,1.7699999809265137
1780294844.546938658,1780294844.544282436,1.7699999809265137
1780294844.567006350,1780294844.566461086,1.7699999809265137
1780294844.579366446,1780294844.579025984,1.7699999809265137
1780294844.602916718,1780294844.601547241,1.7699999809265137
1780294844.624215126,1780294844.623678923,1.7699999809265137
1780294844.647998571,1780294844.647678375,1.7699999809265137
1780294844.660570145,1780294844.660231352,1.7699999809265137
1780294844.683648586,1780294844.683067799,1.7699999809265137
1780294844.705681086,1780294844.705250740,1.7699999809265137
1780294844.723043919,1780294844.722413063,1.7699999809265137
1780294844.747796297,1780294844.745860338,1.7699999809265137
1780294844.758714437,1780294844.758448601,1.7699999809265137
1780294844.783822298,1780294844.782218933,1.7699999809265137
1780294844.804843664,1780294844.804318905,1.7699999809265137
1780294844.821507215,1780294844.817589283,1.7699999809265137
1780294844.842534304,1780294844.841765881,1.7699999809265137
1780294844.858982325,1780294844.858443022,1.6799999475479126
1780294844.886775732,1780294844.885257483,1.6799999475479126
1780294844.908754826,1780294844.907619476,1.6399999856948853
1780294844.921855927,1780294844.919207573,1.4700000286102295
1780294844.943727970,1780294844.941748142,1.4700000286102295
1780294844.966576099,1780294844.965075016,1.4600000381469727
1780294844.978802204,1780294844.977265358,1.409999966621399
1780294844.999652386,1780294844.998943567,1.409999966621399
1780294845.022892714,1780294845.021771431,1.440000057220459
1780294845.046630859,1780294845.043835163,1.399999976158142
1780294845.066130400,1780294845.065416813,1.399999976158142
1780294845.079841852,1780294845.077725649,1.4500000476837158
1780294845.101216078,1780294845.099317074,1.4299999475479126
1780294845.122047186,1780294845.121226072,1.4299999475479126
1780294845.144682884,1780294845.144062519,1.4199999570846558
1780294845.166325569,1780294845.166034222,1.4199999570846558
1780294845.178899050,1780294845.177905083,1.4299999475479126
1780294845.200653315,1780294845.200397968,1.4299999475479126
1780294845.225663900,1780294845.225360632,1.4299999475479126
1780294845.237262487,1780294845.236907721,1.4299999475479126
1780294845.260858536,1780294845.260564804,1.4299999475479126
1780294845.282636642,1780294845.282251596,1.4299999475479126
1780294845.304552078,1780294845.304045439,1.4299999475479126
1780294845.320723295,1780294845.320082188,1.4299999475479126
1780294845.345871925,1780294845.343027353,1.4299999475479126
1780294845.365833044,1780294845.365144730,1.4299999475479126
1780294845.378046513,1780294845.376847029,1.4299999475479126
1780294845.401323318,1780294845.400152922,1.4299999475479126
1780294845.423390388,1780294845.422849178,1.4299999475479126
1780294845.446693182,1780294845.445286512,1.4299999475479126
1780294845.469377756,1780294845.469130039,1.4299999475479126
1780294845.481309652,1780294845.480934143,1.4299999475479126
1780294845.503212690,1780294845.502954960,1.4299999475479126
1780294845.527089357,1780294845.526662350,1.4299999475479126
1780294845.539458990,1780294845.538995266,1.4299999475479126
1780294845.563301325,1780294845.562721014,1.4299999475479126
1780294845.586389065,1780294845.584219456,1.4299999475479126
1780294845.607151747,1780294845.606316805,1.4299999475479126
1780294845.619527102,1780294845.618067741,1.4299999475479126
1780294845.640489578,1780294845.640115261,1.2300000190734863
1780294845.666678190,1780294845.666285753,1.2300000190734863
1780294845.678482533,1780294845.677883148,1.2000000476837158
1780294845.701083660,1780294845.700499058,0.9700000286102295
1780294845.727977276,1780294845.722448349,0.9700000286102295
1780294845.745112658,1780294845.744713068,0.9100000262260437
1780294845.758824587,1780294845.757642984,0.7400000095367432
1780294845.779556036,1780294845.779167891,0.7400000095367432
1780294845.803043604,1780294845.802749395,0.6399999856948853
1780294845.824575663,1780294845.824083805,0.5899999737739563
1780294845.847997665,1780294845.847366810,0.5899999737739563
1780294845.860135078,1780294845.858957529,0.5
1780294845.885155678,1780294845.884341717,0.5
1780294845.908098936,1780294845.906447649,0.49000000953674316
1780294845.918636322,1780294845.918051243,0.49000000953674316
1780294845.941260338,1780294845.940907001,0.49000000953674316
1780294845.964977026,1780294845.964534760,0.5
1780294845.987739801,1780294845.986564636,0.4699999988079071
1780294845.999631643,1780294845.998899460,0.4699999988079071
1780294846.024380445,1780294846.021682501,0.49000000953674316
1780294846.047243357,1780294846.043891191,0.49000000953674316
1780294846.071615696,1780294846.066717863,0.49000000953674316
1780294846.082034111,1780294846.081721067,0.4099999964237213
1780294846.104111195,1780294846.103743792,0.3199999928474426
1780294846.126029015,1780294846.125613689,0.3199999928474426
1780294846.138608694,1780294846.138026476,0.20999999344348907
1780294846.161594152,1780294846.160850525,0.20999999344348907
1780294846.184308290,1780294846.183039904,0.03999999910593033
1780294846.207933664,1780294846.205410719,-0.20000000298023224
1780294846.218415976,1780294846.217858553,-0.20000000298023224
1780294846.240839243,1780294846.240485668,-0.25999999046325684
1780294846.263232470,1780294846.262915611,-0.3799999952316284
1780294846.285953760,1780294846.285569906,-0.3799999952316284
1780294846.298434496,1780294846.296836615,-0.47999998927116394
1780294846.320361376,1780294846.320011854,-0.5400000214576721
1780294846.343540430,1780294846.342978954,-0.5400000214576721
1780294846.370455980,1780294846.366413593,-0.5799999833106995
1780294846.378798008,1780294846.378238201,-0.5799999833106995
1780294846.400806904,1780294846.400435925,-0.5699999928474426
1780294846.422843933,1780294846.422323942,-0.550000011920929
1780294846.444782972,1780294846.444223642,-0.550000011920929
1780294846.466841698,1780294846.466075182,-0.550000011920929
1780294846.479356289,1780294846.478071928,-0.5600000023841858
1780294846.500873566,1780294846.500022888,-0.5600000023841858
1780294846.524146557,1780294846.523060799,-0.5600000023841858
1780294846.545667410,1780294846.545231104,-0.5600000023841858
1780294846.558881760,1780294846.556861401,-0.5600000023841858
1780294846.581466198,1780294846.581131220,-0.5600000023841858
1780294846.605776072,1780294846.605287313,-0.5600000023841858
1780294846.619812489,1780294846.619264364,-0.5600000023841858
1780294846.641780615,1780294846.640906096,-0.5600000023841858
1780294846.663606882,1780294846.663083792,-0.5600000023841858
1780294846.686726809,1780294846.686101913,-0.5600000023841858
1780294846.699699163,1780294846.699381828,-0.5600000023841858
1780294846.724076033,1780294846.723469496,-0.5600000023841858
1780294846.745666265,1780294846.745194197,-0.5600000023841858
1780294846.762503624,1780294846.761041880,-0.5600000023841858
1780294846.785986900,1780294846.784950733,-0.5600000023841858
1780294846.799422026,1780294846.797482491,-0.5600000023841858
1780294846.821379900,1780294846.820348263,-0.5600000023841858
1780294846.838195086,1780294846.836559534,-0.5600000023841858
1780294846.861327410,1780294846.860761881,-0.5600000023841858
1780294846.886124849,1780294846.885037899,-0.5600000023841858
1780294846.900113344,1780294846.896935940,-0.5600000023841858
1780294846.926641464,1780294846.922389984,-0.5600000023841858
1780294846.946427822,1780294846.945182562,-0.5600000023841858
1780294846.970579863,1780294846.967004776,-0.5600000023841858
1780294846.979344845,1780294846.979024410,-0.5600000023841858
1780294847.001251698,1780294847.000892162,-0.5600000023841858
1780294847.023755312,1780294847.023427725,-0.5600000023841858
1780294847.045382977,1780294847.044918776,-0.5699999928474426
1780294847.057423353,1780294847.057018757,-0.5699999928474426
1780294847.080425024,1780294847.079715252,-0.5699999928474426
1780294847.103810787,1780294847.103392601,-0.5600000023841858
1780294847.119517803,1780294847.119040489,-0.5600000023841858
1780294847.142127514,1780294847.141387701,-0.5600000023841858
1780294847.164333820,1780294847.163735390,-0.5600000023841858
1780294847.177667141,1780294847.176510811,-0.5600000023841858
1780294847.198689938,1780294847.198003054,-0.7699999809265137
1780294847.220581770,1780294847.220182180,-0.7699999809265137
1780294847.243660212,1780294847.242745876,-0.7900000214576721
1780294847.264707804,1780294847.264307261,-0.8299999833106995
1780294847.286950350,1780294847.286085129,-0.8299999833106995
1780294847.300591469,1780294847.299776077,-0.9200000166893005
1780294847.322597980,1780294847.322232962,-1.059999942779541
1780294847.345956326,1780294847.344826221,-1.059999942779541
1780294847.358077526,1780294847.357166529,-1.0299999713897705
1780294847.383765697,1780294847.379629135,-1.0099999904632568
1780294847.404699087,1780294847.403800964,-1.0099999904632568
1780294847.426294327,1780294847.425988436,-1.0499999523162842
1780294847.450382471,1780294847.441560268,-1.0299999713897705
1780294847.467806578,1780294847.466303349,-1.0299999713897705
1780294847.478914261,1780294847.478004694,-1.0299999713897705
1780294847.503868818,1780294847.500129223,-1.0299999713897705
1780294847.524060726,1780294847.522145987,-1.0299999713897705
1780294847.545772314,1780294847.544243813,-1.0299999713897705
1780294847.559809208,1780294847.556661606,-1.0299999713897705
1780294847.582084417,1780294847.578861237,-1.0299999713897705
1780294847.603390217,1780294847.602221012,-1.0299999713897705
1780294847.630616903,1780294847.624372005,-1.0299999713897705
1780294847.649800539,1780294847.647597551,-1.0299999713897705
1780294847.660190105,1780294847.659098148,-1.0299999713897705
1780294847.682640076,1780294847.681506395,-1.0299999713897705
1780294847.705203056,1780294847.703532696,-1.0299999713897705
1780294847.724235296,1780294847.721807718,-1.0299999713897705
1780294847.744125843,1780294847.743163586,-1.0299999713897705
1780294847.766175270,1780294847.764877081,-1.0299999713897705
1780294847.778709888,1780294847.777731180,-1.0299999713897705
1780294847.801051140,1780294847.799950600,-1.0299999713897705
1780294847.823208809,1780294847.822342873,-1.0299999713897705
1780294847.845223188,1780294847.844245911,-1.0299999713897705
1780294847.867392302,1780294847.866442919,-1.0299999713897705
1780294847.880885601,1780294847.879594564,-1.0299999713897705
1780294847.903783083,1780294847.902741909,-1.0299999713897705
1780294847.925932884,1780294847.924991369,-1.0299999713897705
1780294847.937783718,1780294847.936818600,-1.059999942779541
1780294847.960493565,1780294847.959328651,-1.059999942779541
1780294847.982330561,1780294847.981651783,-1.059999942779541
1780294848.003911495,1780294848.003108978,-1.0399999618530273
1780294848.026034117,1780294848.024907827,-1.0399999618530273
1780294848.038934946,1780294848.037530661,-0.9900000095367432
1780294848.060552597,1780294848.059394598,-0.9399999976158142
1780294848.082445860,1780294848.081371307,-0.9399999976158142
1780294848.103799820,1780294848.102900743,-0.8700000047683716
1780294848.118244648,1780294848.116954803,-0.75
1780294848.139744997,1780294848.139099121,-0.75
1780294848.162339687,1780294848.160882950,-0.6800000071525574
1780294848.183920860,1780294848.183097839,-0.5699999928474426
1780294848.206115961,1780294848.205271482,-0.5699999928474426
1780294848.218391180,1780294848.217422247,-0.4000000059604645
1780294848.239249945,1780294848.238891840,-0.4000000059604645
1780294848.261762857,1780294848.261053562,-0.38999998569488525
1780294848.285200596,1780294848.284767389,-0.23000000417232513
1780294848.297837973,1780294848.297000408,-0.23000000417232513
1780294848.320495367,1780294848.320066214,-0.23000000417232513
1780294848.342809677,1780294848.342031956,-0.15000000596046448
1780294848.366942644,1780294848.366211891,-0.15000000596046448
1780294848.378870487,1780294848.377762079,-0.10000000149011612
1780294848.400931597,1780294848.400489092,-0.05000000074505806
1780294848.422715902,1780294848.422355413,-0.05000000074505806
1780294848.447026014,1780294848.444411039,0.0
1780294848.457803488,1780294848.457511187,0.03999999910593033
1780294848.480385542,1780294848.479908705,0.03999999910593033
1780294848.504802704,1780294848.503255844,0.07000000029802322
1780294848.525899410,1780294848.525382996,0.07000000029802322
1780294848.539795160,1780294848.538953066,0.07999999821186066
1780294848.562582493,1780294848.561477184,0.11999999731779099
1780294848.587369919,1780294848.584988832,0.11999999731779099
1780294848.599328995,1780294848.598966122,0.11999999731779099
1780294848.624711037,1780294848.623274803,0.12999999523162842
1780294848.646416187,1780294848.645762920,0.12999999523162842
1780294848.660651684,1780294848.659936905,0.10999999940395355
1780294848.682395220,1780294848.682091951,0.10999999940395355
1780294848.705042362,1780294848.704255342,0.10999999940395355
1780294848.718055010,1780294848.716546535,0.10999999940395355
1780294848.739786625,1780294848.739084721,0.10999999940395355
1780294848.762372971,1780294848.761566639,0.10999999940395355
1780294848.786713362,1780294848.786146641,0.10999999940395355
1780294848.811480284,1780294848.808231354,0.10999999940395355
1780294848.822170258,1780294848.820470095,0.10999999940395355
1780294848.845844507,1780294848.845089674,0.10999999940395355
1780294848.859170914,1780294848.858572721,0.10999999940395355
1780294848.884738445,1780294848.879918098,0.10999999940395355
1780294848.909456968,1780294848.903032780,0.10999999940395355
1780294848.919328451,1780294848.918826103,0.10999999940395355
1780294848.941619396,1780294848.940867662,0.10999999940395355
1780294848.965169191,1780294848.964594603,0.10999999940395355
1780294848.979200125,1780294848.976781130,0.10999999940395355
1780294849.000712872,1780294848.999595642,0.10999999940395355
1780294849.026003122,1780294849.021290541,0.10999999940395355
1780294849.047993183,1780294849.046551466,0.10999999940395355
1780294849.060517550,1780294849.058815241,0.10999999940395355
1780294849.085683107,1780294849.081022978,0.10999999940395355
1780294849.104153872,1780294849.103412151,0.10999999940395355
1780294849.130648851,1780294849.126084805,0.10999999940395355
1780294849.140632629,1780294849.140114784,0.10999999940395355
1780294849.165015936,1780294849.163951397,0.10999999940395355
1780294849.178608179,1780294849.178251505,0.10999999940395355
1780294849.202478170,1780294849.200795889,0.10999999940395355
1780294849.224463224,1780294849.222856283,0.10999999940395355
1780294849.245425463,1780294849.244844437,0.10999999940395355
1780294849.257869005,1780294849.257013559,0.10999999940395355
1780294849.283371210,1780294849.282779217,0.10999999940395355
1780294849.305720091,1780294849.305413485,0.10999999940395355
1780294849.321537495,1780294849.320593596,0.10999999940395355
1780294849.342810392,1780294849.342047215,0.10999999940395355
1780294849.364782333,1780294849.363962650,0.10999999940395355
1780294849.388326168,1780294849.386654377,0.10999999940395355
1780294849.399873495,1780294849.399101496,0.10999999940395355
1780294849.422425508,1780294849.421563625,0.10999999940395355
1780294849.446425676,1780294849.444065809,0.10999999940395355
1780294849.457279921,1780294849.456421375,0.10999999940395355
1780294849.480443239,1780294849.479473829,0.10999999940395355
1780294849.505894661,1780294849.505208969,0.10999999940395355
1780294849.518308640,1780294849.517943382,0.10999999940395355
1780294849.547655582,1780294849.541021585,0.10999999940395355
1780294849.565851212,1780294849.565101862,0.10999999940395355
1780294849.577690125,1780294849.577013969,0.10999999940395355
1780294849.599505663,1780294849.598960400,0.10999999940395355
1780294849.622501850,1780294849.621567249,0.10999999940395355
1780294849.638541698,1780294849.637551308,0.10999999940395355
1780294849.664068222,1780294849.663590193,0.10999999940395355
1780294849.687827826,1780294849.686443090,0.10999999940395355
1780294849.699344635,1780294849.698054075,0.10999999940395355
1780294849.721413136,1780294849.721164465,0.10999999940395355
1780294849.743373394,1780294849.742802620,0.10999999940395355
1780294849.766345263,1780294849.766029119,0.10999999940395355
1780294849.780930758,1780294849.780389786,0.10999999940395355
1780294849.803028584,1780294849.802441597,0.10999999940395355
1780294849.825416327,1780294849.824145555,0.10999999940395355
1780294849.847584724,1780294849.846442223,0.10999999940395355
1780294849.859898329,1780294849.859455585,0.10999999940395355
1780294849.881186008,1780294849.880817175,0.10999999940395355
1780294849.903126240,1780294849.902862549,0.10999999940395355
1780294849.927264452,1780294849.924934864,0.10999999940395355
1780294849.938217402,1780294849.937463760,0.10999999940395355
1780294849.960245848,1780294849.959775686,0.10999999940395355
1780294849.983720064,1780294849.982093096,0.10999999940395355
1780294850.005761623,1780294850.004817486,0.10999999940395355
1780294850.028764725,1780294850.027810574,0.10999999940395355
1780294850.043788433,1780294850.041760206,0.10999999940395355
1780294850.065527439,1780294850.064656973,0.10999999940395355
1780294850.077740908,1780294850.076923847,0.10999999940395355
1780294850.105607510,1780294850.103801966,0.10999999940395355
1780294850.129310846,1780294850.126093149,0.10999999940395355
1780294850.143366814,1780294850.142386436,0.10999999940395355
1780294850.165911913,1780294850.164329767,0.10999999940395355
1780294850.187673807,1780294850.186203718,0.10999999940395355
1780294850.198579073,1780294850.197809696,0.10999999940395355
1780294850.221086025,1780294850.220283747,0.10999999940395355
1780294850.243262768,1780294850.242777109,0.10999999940395355
1780294850.265448809,1780294850.264909983,0.10999999940395355
1780294850.277556658,1780294850.276704311,0.10999999940395355
1780294850.299611807,1780294850.299244642,0.10999999940395355
1780294850.322809696,1780294850.321130276,0.10999999940395355
1780294850.346688986,1780294850.345782995,0.10999999940395355
1780294850.358242989,1780294850.358008146,0.10999999940395355
1780294850.383139133,1780294850.380300999,0.10999999940395355
1780294850.404386997,1780294850.404033422,0.10999999940395355
1780294850.422950506,1780294850.421346426,0.10999999940395355
1780294850.443398714,1780294850.442827940,0.10999999940395355
1780294850.465797424,1780294850.465245724,0.10999999940395355
1780294850.477335691,1780294850.476980925,0.10999999940395355
1780294850.503356695,1780294850.502760887,0.10999999940395355
1780294850.525382280,1780294850.524877310,0.10999999940395355
1780294850.540396929,1780294850.536741257,0.10999999940395355
1780294850.560044289,1780294850.559562922,0.10999999940395355
1780294850.582201481,1780294850.580998182,0.10999999940395355
1780294850.604805946,1780294850.604349375,0.10999999940395355
1780294850.617506981,1780294850.617080212,0.10999999940395355
1780294850.645869017,1780294850.639887333,0.10999999940395355
1780294850.664065123,1780294850.662550688,0.10999999940395355
1780294850.685632944,1780294850.685240269,0.10999999940395355
1780294850.702048540,1780294850.699899912,0.10999999940395355
1780294850.723896027,1780294850.723167896,0.10999999940395355
1780294850.749644518,1780294850.744950056,0.10999999940395355
1780294850.758244753,1780294850.756675005,0.10999999940395355
1780294850.781423569,1780294850.779435396,0.10999999940395355
1780294850.803743601,1780294850.800981522,0.10999999940395355
1780294850.824032784,1780294850.823330641,0.10999999940395355
1780294850.851295233,1780294850.844739676,0.10999999940395355
1780294850.870025158,1780294850.866963863,0.10999999940395355
1780294850.879617214,1780294850.878698587,0.10999999940395355
1780294850.902954817,1780294850.901153803,0.10999999940395355
1780294850.925645590,1780294850.923544168,0.10999999940395355
1780294850.946053743,1780294850.945248842,0.10999999940395355
1780294850.958475828,1780294850.957870245,0.10999999940395355
1780294850.981574774,1780294850.980923653,0.10999999940395355
1780294851.003947258,1780294851.003583431,0.10999999940395355
1780294851.020170450,1780294851.019458055,0.10999999940395355
1780294851.042286634,1780294851.041938066,0.10999999940395355
1780294851.064998627,1780294851.064558744,0.10999999940395355
1780294851.077075481,1780294851.076833010,0.10999999940395355
1780294851.109215021,1780294851.108430147,0.10999999940395355
1780294851.122242451,1780294851.121866226,0.10999999940395355
1780294851.145783424,1780294851.144343376,0.10999999940395355
1780294851.169088364,1780294851.165889978,0.10999999940395355
1780294851.179523945,1780294851.179129839,0.10999999940395355
1780294851.202346802,1780294851.200803518,0.10999999940395355
1780294851.223890781,1780294851.222782850,0.10999999940395355
1780294851.246048689,1780294851.244765520,0.10999999940395355
1780294851.258237600,1780294851.257144928,0.10999999940395355
1780294851.279451847,1780294851.278720140,0.10999999940395355
1780294851.302077293,1780294851.300775766,0.10999999940395355
1780294851.323813438,1780294851.323287010,0.10999999940395355
1780294851.346297503,1780294851.345933199,0.10999999940395355
1780294851.358365059,1780294851.357820988,0.10999999940395355
1780294851.381001234,1780294851.380252600,0.10999999940395355
1780294851.402276039,1780294851.401808977,0.10999999940395355
1780294851.417799234,1780294851.416909933,0.10999999940395355
1780294851.440306902,1780294851.439863443,0.10999999940395355
1780294851.462456226,1780294851.462225437,0.10999999940395355
1780294851.484670877,1780294851.484387398,0.10999999940395355
1780294851.506151199,1780294851.505794287,0.10999999940395355
1780294851.519465685,1780294851.518917561,0.10999999940395355
1780294851.541564941,1780294851.541064978,0.10999999940395355
1780294851.565795660,1780294851.564497471,0.10999999940395355
1780294851.576814413,1780294851.576359749,0.10999999940395355
1780294851.599525452,1780294851.598783731,0.10999999940395355
1780294851.622802258,1780294851.621481419,0.10999999940395355
1780294851.643943071,1780294851.642798424,0.10999999940395355
1780294851.667165279,1780294851.666151524,0.10999999940395355
1780294851.679764509,1780294851.679239273,0.10999999940395355
1780294851.702972174,1780294851.701562166,0.10999999940395355
1780294851.724002838,1780294851.723112106,0.10999999940395355
1780294851.745970011,1780294851.744889498,0.10999999940395355
1780294851.768799782,1780294851.768173218,0.10999999940395355
1780294851.781463623,1780294851.780056715,0.10999999940395355
1780294851.803369045,1780294851.802268744,0.10999999940395355
1780294851.824993134,1780294851.824253798,0.10999999940395355
1780294851.847777605,1780294851.845742702,0.10999999940395355
1780294851.867742538,1780294851.866164207,0.10999999940395355
1780294851.885617018,1780294851.880115509,0.10999999940395355
1780294851.906477213,1780294851.902073145,0.10999999940395355
1780294851.934682846,1780294851.926091194,0.10999999940395355
1780294851.940536022,1780294851.938509464,0.10999999940395355
1780294851.961676836,1780294851.961187124,0.10999999940395355
1780294851.985614538,1780294851.984017372,0.10999999940395355
1780294852.006660938,1780294852.005760431,0.10999999940395355
1780294852.025707722,1780294852.020115376,0.10999999940395355
1780294852.044837236,1780294852.042902231,0.10999999940395355
1780294852.065310717,1780294852.064785242,0.10999999940395355
1780294852.077042580,1780294852.076632023,0.10999999940395355
1780294852.101857424,1780294852.099453688,0.10999999940395355
1780294852.125800133,1780294852.124388456,0.10999999940395355
1780294852.147490740,1780294852.146226645,0.10999999940395355
1780294852.160914183,1780294852.157852888,0.10999999940395355
1780294852.181807518,1780294852.179748058,0.10999999940395355
1780294852.205096722,1780294852.204224110,0.10999999940395355
1780294852.218651533,1780294852.217276812,0.10999999940395355
1780294852.241274118,1780294852.240638018,0.10999999940395355
1780294852.264317513,1780294852.263179541,0.10999999940395355
1780294852.286553860,1780294852.285254955,0.10999999940395355
1780294852.303554058,1780294852.298650265,0.10999999940395355
1780294852.322876692,1780294852.320715904,0.10999999940395355
1780294852.344563007,1780294852.343043327,0.10999999940395355
1780294852.365827799,1780294852.364860773,0.10999999940395355
1780294852.386576891,1780294852.385817051,0.10999999940395355
1780294852.410417080,1780294852.408769131,0.10999999940395355
1780294852.424044847,1780294852.423713923,0.10999999940395355
1780294852.446501493,1780294852.445992708,0.10999999940395355
1780294852.462971210,1780294852.460592031,0.10999999940395355
1780294852.484637499,1780294852.483501196,0.10999999940395355
1780294852.502276421,1780294852.501634359,0.10999999940395355
1780294852.519087553,1780294852.518841982,0.10999999940395355
1780294852.545204401,1780294852.544615507,0.10999999940395355
1780294852.557199717,1780294852.556665182,0.10999999940395355
1780294852.580527306,1780294852.579996347,0.10999999940395355
1780294852.603000164,1780294852.601802349,0.10999999940395355
1780294852.624161243,1780294852.623791456,0.10999999940395355
1780294852.646904469,1780294852.646525145,0.10999999940395355
1780294852.659954548,1780294852.659211636,0.10999999940395355
1780294852.681228876,1780294852.680845737,0.10999999940395355
1780294852.705889940,1780294852.704020262,0.10999999940395355
1780294852.729311705,1780294852.726692200,0.10999999940395355
1780294852.741555929,1780294852.740161657,0.10999999940395355
1780294852.762981415,1780294852.762159586,0.10999999940395355
1780294852.785225868,1780294852.783990622,0.10999999940395355
1780294852.798160076,1780294852.796507359,0.10999999940395355
1780294852.821006536,1780294852.819430113,0.10999999940395355
1780294852.845470667,1780294852.843189955,0.10999999940395355
1780294852.866197109,1780294852.864819288,0.10999999940395355
1780294852.878518105,1780294852.877218962,0.10999999940395355
1780294852.902539015,1780294852.900715828,0.10999999940395355
1780294852.925415277,1780294852.922921658,0.10999999940395355
1780294852.944980860,1780294852.944698334,0.10999999940395355
1780294852.957006693,1780294852.956677198,0.10999999940395355
1780294852.980993748,1780294852.979625940,0.10999999940395355
1780294853.003737211,1780294853.002190113,0.10999999940395355
1780294853.024489403,1780294853.024085999,0.10999999940395355
1780294853.037241936,1780294853.036243200,0.10999999940395355
1780294853.058678865,1780294853.057706833,0.10999999940395355
1780294853.082771540,1780294853.081029177,0.10999999940395355
1780294853.103039742,1780294853.102654934,0.10999999940395355
1780294853.125852823,1780294853.124754667,0.10999999940395355
1780294853.143779993,1780294853.141596556,0.10999999940395355
1780294853.165807724,1780294853.164498568,0.10999999940395355
1780294853.177364826,1780294853.176750422,0.10999999940395355
1780294853.202265263,1780294853.198791981,0.10999999940395355
1780294853.221535444,1780294853.220689297,0.10999999940395355
1780294853.244008303,1780294853.242889404,0.10999999940395355
1780294853.266253710,1780294853.265077829,0.10999999940395355
1780294853.280703306,1780294853.278724432,0.10999999940395355
1780294853.303832769,1780294853.301734924,0.10999999940395355
1780294853.326773643,1780294853.326465845,0.10999999940395355
1780294853.339828014,1780294853.338939905,0.10999999940395355
1780294853.361886263,1780294853.361574650,0.10999999940395355
1780294853.384956121,1780294853.384367466,0.10999999940395355
1780294853.406497240,1780294853.405893087,0.10999999940395355
1780294853.420881033,1780294853.420262098,0.10999999940395355
1780294853.442093611,1780294853.441637754,0.10999999940395355
1780294853.464209080,1780294853.463830233,0.10999999940395355
1780294853.486357689,1780294853.485939741,0.10999999940395355
1780294853.499867916,1780294853.498526096,0.10999999940395355
1780294853.520405293,1780294853.520119190,0.10999999940395355
1780294853.542618752,1780294853.541895866,0.10999999940395355
1780294853.564603090,1780294853.564177990,0.10999999940395355
1780294853.588995934,1780294853.585944176,0.10999999940395355
1780294853.599510431,1780294853.597764492,0.10999999940395355
1780294853.620336056,1780294853.619653463,0.10999999940395355
1780294853.645103931,1780294853.644297838,0.10999999940395355
1780294853.659381628,1780294853.656487703,0.10999999940395355
1780294853.679803848,1780294853.678908825,0.10999999940395355
1780294853.703285694,1780294853.700743198,0.10999999940395355
1780294853.724685431,1780294853.722703457,0.10999999940395355
1780294853.748922110,1780294853.745058298,0.10999999940395355
1780294853.758050680,1780294853.757760525,0.10999999940395355
1780294853.785277367,1780294853.779868603,0.10999999940395355
1780294853.803379297,1780294853.803072691,0.10999999940395355
1780294853.825041771,1780294853.824634314,0.10999999940395355
1780294853.838521481,1780294853.836949348,0.10999999940395355
1780294853.862377405,1780294853.860933542,0.10999999940395355
1780294853.884211779,1780294853.883907557,0.10999999940395355
1780294853.897734404,1780294853.897289038,0.10999999940395355
1780294853.920701027,1780294853.920336008,0.10999999940395355
1780294853.945993185,1780294853.942974091,0.10999999940395355
1780294853.966593742,1780294853.966111898,0.10999999940395355
1780294853.982432365,1780294853.980512857,0.10999999940395355
1780294854.003877401,1780294854.002996683,0.10999999940395355
1780294854.026272535,1780294854.025754690,0.10999999940395355
1780294854.040834904,1780294854.039714336,0.10999999940395355
1780294854.062786818,1780294854.062517166,0.10999999940395355
1780294854.088933706,1780294854.085098505,0.10999999940395355
1780294854.098670244,1780294854.097578287,0.10999999940395355
1780294854.123553753,1780294854.122344255,0.10999999940395355
1780294854.150420189,1780294854.144248247,0.10999999940395355
1780294854.157662630,1780294854.156861544,0.10999999940395355
1780294854.183974266,1780294854.180319548,0.10999999940395355
1780294854.202390671,1780294854.201928377,0.10999999940395355
1780294854.225523233,1780294854.224239826,0.10999999940395355
1780294854.246508598,1780294854.245860577,0.10999999940395355
1780294854.262060881,1780294854.258102655,0.10999999940395355
1780294854.289271593,1780294854.283435822,0.10999999940395355
1780294854.302671909,1780294854.297723055,0.10999999940395355
1780294854.323731422,1780294854.322973251,0.10999999940395355
1780294854.346058369,1780294854.345633507,0.10999999940395355
1780294854.358547449,1780294854.357987165,0.10999999940395355
1780294854.380836964,1780294854.379928350,0.10999999940395355
1780294854.403384686,1780294854.401703835,0.10999999940395355
1780294854.424595833,1780294854.424106598,0.10999999940395355
1780294854.442467451,1780294854.442075491,0.10999999940395355
1780294854.466744900,1780294854.466170073,0.10999999940395355
1780294854.478396893,1780294854.478000164,0.10999999940395355
1780294854.503104210,1780294854.499650002,0.10999999940395355
1780294854.523441315,1780294854.523056030,0.10999999940395355
1780294854.545325518,1780294854.544882536,0.10999999940395355
1780294854.558473825,1780294854.556730747,0.10999999940395355
1780294854.579655170,1780294854.578624487,0.10999999940395355
1780294854.603183031,1780294854.600872040,0.10999999940395355
1780294854.624868870,1780294854.623714924,0.10999999940395355
1780294854.640264034,1780294854.639923334,0.10999999940395355
1780294854.663458347,1780294854.663082361,0.10999999940395355
1780294854.685700655,1780294854.685297966,0.10999999940395355
1780294854.701428413,1780294854.701076984,0.10999999940395355
1780294854.718471289,1780294854.718107700,0.10999999940395355
1780294854.745452881,1780294854.744770765,0.10999999940395355
1780294854.759428024,1780294854.756757975,0.10999999940395355
1780294854.779264450,1780294854.778619766,0.10999999940395355
1780294854.803733349,1780294854.802780628,0.10999999940395355
1780294854.827336311,1780294854.825906277,0.10999999940395355
1780294854.840051413,1780294854.839319468,0.10999999940395355
1780294854.865508556,1780294854.860845327,0.10999999940395355
1780294854.885964632,1780294854.885207176,0.10999999940395355
1780294854.899079800,1780294854.897791147,0.10999999940395355
1780294854.923220396,1780294854.921281338,0.10999999940395355
1780294854.944344997,1780294854.943881035,0.10999999940395355
1780294854.966253996,1780294854.965671778,0.10999999940395355
1780294854.979047537,1780294854.978457928,0.10999999940395355
1780294855.002585411,1780294855.001907110,0.10999999940395355
1780294855.024751663,1780294855.023638010,0.10999999940395355
1780294855.046561718,1780294855.045760155,0.10999999940395355
1780294855.058343649,1780294855.057654619,0.10999999940395355
1780294855.080982447,1780294855.080205917,0.10999999940395355
1780294855.102081299,1780294855.101569891,0.10999999940395355
1780294855.126925230,1780294855.123831987,0.10999999940395355
1780294855.152384996,1780294855.146042347,0.10999999940395355
1780294855.161401987,1780294855.160495043,0.10999999940395355
1780294855.185190201,1780294855.183176994,0.10999999940395355
1780294855.206560373,1780294855.205675125,0.10999999940395355
1780294855.218278408,1780294855.217932224,0.10999999940395355
1780294855.240463734,1780294855.239746094,0.10999999940395355
1780294855.263730049,1780294855.261555195,0.10999999940395355
1780294855.284607172,1780294855.283577681,0.10999999940395355
1780294855.307234764,1780294855.305604219,0.10999999940395355
1780294855.321899176,1780294855.317768812,0.10999999940395355
1780294855.341044903,1780294855.340120077,0.10999999940395355
1780294855.363426208,1780294855.363104343,0.10999999940395355
1780294855.385382652,1780294855.385038853,0.10999999940395355
1780294855.397162676,1780294855.396561384,0.10999999940395355
1780294855.420717955,1780294855.419933558,0.10999999940395355
1780294855.442281246,1780294855.441661596,0.10999999940395355
1780294855.464965820,1780294855.464532375,0.10999999940395355
1780294855.480603456,1780294855.478777409,0.10999999940395355
1780294855.502262592,1780294855.501563311,0.10999999940395355
1780294855.524195433,1780294855.523896694,0.10999999940395355
1780294855.546260834,1780294855.545746326,0.10999999940395355
1780294855.558577299,1780294855.558068752,0.10999999940395355
1780294855.581182718,1780294855.580535173,0.10999999940395355
1780294855.604063034,1780294855.603526115,0.10999999940395355
1780294855.618978977,1780294855.617662668,0.10999999940395355
1780294855.640068293,1780294855.639746666,0.10999999940395355
1780294855.662808657,1780294855.661989212,0.10999999940395355
1780294855.686154604,1780294855.684541464,0.10999999940395355
1780294855.698539972,1780294855.696470737,0.10999999940395355
1780294855.719039440,1780294855.718624592,0.10999999940395355
1780294855.741487503,1780294855.741030931,0.10999999940395355
1780294855.767888546,1780294855.764159441,0.10999999940395355
1780294855.777940989,1780294855.776910067,0.10999999940395355
1780294855.813623667,1780294855.800424814,0.10999999940395355
1780294855.825230122,1780294855.823751211,0.10999999940395355
1780294855.851078272,1780294855.845576763,0.10999999940395355
1780294855.860834122,1780294855.859287739,0.10999999940395355
1780294855.884311914,1780294855.881998777,0.10999999940395355
1780294855.905068874,1780294855.903643608,0.10999999940395355
1780294855.928529978,1780294855.925611973,0.10999999940395355
1780294855.940542459,1780294855.939851999,0.10999999940395355
1780294855.964636326,1780294855.963384628,0.10999999940395355
1780294855.979194403,1780294855.977717638,0.10999999940395355
1780294856.002230167,1780294856.000825644,0.10999999940395355
1780294856.023967266,1780294856.022769213,0.10999999940395355
1780294856.046968699,1780294856.045717239,0.10999999940395355
1780294856.062223434,1780294856.060814142,0.10999999940395355
1780294856.083315372,1780294856.082520485,0.10999999940395355
1780294856.108298540,1780294856.105351448,0.10999999940395355
1780294856.117698193,1780294856.116562605,0.10999999940395355
1780294856.151435852,1780294856.138852596,0.10999999940395355
1780294856.161198139,1780294856.160569429,0.10999999940395355
1780294856.185904264,1780294856.183905840,0.10999999940395355
1780294856.198787212,1780294856.197849274,0.10999999940395355
1780294856.220614433,1780294856.220293760,0.10999999940395355
1780294856.244107008,1780294856.243058205,0.10999999940395355
1780294856.265386581,1780294856.264534235,0.10999999940395355
1780294856.280318737,1780294856.279422045,0.10999999940395355
1780294856.302455187,1780294856.301776409,0.10999999940395355
1780294856.325345755,1780294856.324054956,0.10999999940395355
1780294856.346441031,1780294856.345934391,0.10999999940395355
1780294856.361441851,1780294856.360270023,0.10999999940395355
1780294856.382753372,1780294856.381707907,0.10999999940395355
1780294856.404595375,1780294856.403754950,0.10999999940395355
1780294856.418172359,1780294856.416826248,0.10999999940395355
1780294856.440363407,1780294856.439011812,0.10999999940395355
1780294856.461786985,1780294856.460735321,0.10999999940395355
1780294856.483673096,1780294856.482668400,0.10999999940395355
1780294856.506583452,1780294856.504552841,0.10999999940395355
1780294856.527647495,1780294856.526722193,0.10999999940395355
1780294856.540359735,1780294856.538929939,0.10999999940395355
1780294856.563981056,1780294856.561581850,0.10999999940395355
1780294856.583842993,1780294856.583541393,0.10999999940395355
1780294856.607349157,1780294856.606041431,0.10999999940395355
1780294856.618673801,1780294856.617849112,0.10999999940395355
1780294856.639932156,1780294856.639558792,0.10999999940395355
1780294856.664888144,1780294856.664504766,0.10999999940395355
1780294856.687786102,1780294856.686541557,0.10999999940395355
1780294856.703773737,1780294856.703469515,0.10999999940395355
1780294856.727822781,1780294856.725619078,0.10999999940395355
1780294856.738738775,1780294856.738349199,0.10999999940395355
1780294856.767114162,1780294856.760504961,0.10999999940395355
1780294856.782961845,1780294856.782641649,0.10999999940395355
1780294856.806884766,1780294856.804924488,0.10999999940395355
1780294856.818634748,1780294856.818037510,0.10999999940395355
1780294856.840260267,1780294856.839906931,0.10999999940395355
1780294856.863041639,1780294856.862731695,0.10999999940395355
1780294856.885481596,1780294856.884995222,0.10999999940395355
1780294856.897286177,1780294856.896656513,0.10999999940395355
1780294856.919237852,1780294856.918963909,0.10999999940395355
1780294856.942346334,1780294856.941841841,0.10999999940395355
1780294856.964009523,1780294856.963653326,0.10999999940395355
1780294856.986873865,1780294856.986170530,0.10999999940395355
1780294856.997980833,1780294856.997553110,0.10999999940395355
1780294857.021082878,1780294857.020621538,0.10999999940395355
1780294857.044927835,1780294857.044457674,0.10999999940395355
1780294857.074469805,1780294857.073585987,0.10999999940395355
1780294857.077858448,1780294857.077060938,0.10999999940395355
1780294857.110048294,1780294857.103743076,0.10999999940395355
1780294857.126941204,1780294857.125879288,0.10999999940395355
1780294857.144179583,1780294857.141455889,0.10999999940395355
1780294857.164218903,1780294857.163865089,0.10999999940395355
1780294857.177347422,1780294857.176450253,0.10999999940395355
1780294857.200800180,1780294857.199262381,0.10999999940395355
1780294857.224476099,1780294857.223480463,0.10999999940395355
1780294857.238363028,1780294857.237224340,0.10999999940395355
1780294857.261984587,1780294857.260067225,0.10999999940395355
1780294857.282345772,1780294857.281580925,0.10999999940395355
1780294857.304538012,1780294857.303502560,0.10999999940395355
1780294857.327136040,1780294857.326002121,0.10999999940395355
1780294857.340800762,1780294857.339458227,0.10999999940395355
1780294857.362897158,1780294857.361929178,0.10999999940395355
1780294857.385021210,1780294857.383986473,0.10999999940395355
1780294857.397950411,1780294857.396970510,0.10999999940395355
1780294857.422094822,1780294857.420787573,0.10999999940395355
1780294857.444357634,1780294857.443317175,0.10999999940395355
1780294857.466907501,1780294857.465675354,0.10999999940395355
1780294857.481269598,1780294857.479483604,0.10999999940395355
1780294857.502575397,1780294857.501800537,0.10999999940395355
1780294857.524426937,1780294857.523659229,0.10999999940395355
1780294857.547014952,1780294857.545682192,0.10999999940395355
1780294857.559762478,1780294857.557726383,0.10999999940395355
1780294857.583760500,1780294857.580954313,0.10999999940395355
1780294857.605269670,1780294857.604024887,0.10999999940395355
1780294857.628046989,1780294857.626294851,0.10999999940395355
1780294857.640201569,1780294857.638939142,0.10999999940395355
1780294857.665605783,1780294857.663535595,0.10999999940395355
1780294857.688576937,1780294857.685883284,0.10999999940395355
1780294857.699681759,1780294857.698844910,0.10999999940395355
1780294857.722049713,1780294857.721079111,0.10999999940395355
1780294857.744415760,1780294857.742861032,0.10999999940395355
1780294857.766600847,1780294857.765092611,0.10999999940395355
1780294857.790280104,1780294857.788195610,0.10999999940395355
1780294857.810687304,1780294857.809686899,0.10999999940395355
1780294857.823554277,1780294857.822383404,0.10999999940395355
1780294857.846520901,1780294857.845632553,0.10999999940395355
1780294857.859999657,1780294857.858850956,0.10999999940395355
1780294857.882493496,1780294857.880686760,0.10999999940395355
1780294857.904276848,1780294857.903316975,0.10999999940395355
1780294857.925695181,1780294857.924580336,0.10999999940395355
1780294857.937721014,1780294857.936645269,0.10999999940395355
1780294857.961822987,1780294857.960554838,0.10999999940395355
1780294857.983761549,1780294857.982576609,0.10999999940395355
1780294858.006644487,1780294858.004548788,0.10999999940395355
1780294858.019089699,1780294858.017782450,0.10999999940395355
1780294858.043559551,1780294858.040617704,0.10999999940395355
1780294858.066046238,1780294858.062871933,0.10999999940395355
1780294858.088529587,1780294858.086296797,0.10999999940395355
1780294858.105372667,1780294858.101393700,0.10999999940395355
1780294858.128312588,1780294858.124127626,0.10999999940395355
1780294858.140123844,1780294858.137015581,0.10999999940395355
1780294858.158986330,1780294858.158666372,0.10999999940395355
1780294858.182826519,1780294858.180499315,0.10999999940395355
1780294858.204478264,1780294858.202514410,0.10999999940395355
1780294858.228615522,1780294858.226238251,0.10999999940395355
1780294858.250055313,1780294858.248456955,0.10999999940395355
1780294858.261285305,1780294858.260468721,0.10999999940395355
1780294858.285253286,1780294858.284082174,0.10999999940395355
1780294858.306788683,1780294858.305971622,0.10999999940395355
1780294858.318031549,1780294858.317461491,0.10999999940395355
1780294858.340153933,1780294858.339733601,0.10999999940395355
1780294858.363762617,1780294858.363126516,0.10999999940395355
1780294858.386088610,1780294858.385740995,0.10999999940395355
1780294858.398796320,1780294858.398163557,0.10999999940395355
1780294858.422855616,1780294858.421653986,0.10999999940395355
1780294858.443825722,1780294858.443517208,0.10999999940395355
1780294858.457406759,1780294858.457032204,0.10999999940395355
1780294858.478893757,1780294858.478609800,0.10999999940395355
1780294858.502718687,1780294858.502422094,0.10999999940395355
1780294858.528714895,1780294858.524811506,0.10999999940395355
1780294858.537643194,1780294858.537234068,0.10999999940395355
1780294858.562232971,1780294858.561957359,0.10999999940395355
1780294858.584557533,1780294858.584162712,0.10999999940395355
1780294858.605863333,1780294858.605467319,0.10999999940395355
1780294858.619608879,1780294858.618986607,0.10999999940395355
1780294858.642396212,1780294858.641541719,0.10999999940395355
1780294858.666806221,1780294858.664095879,0.10999999940395355
1780294858.691299438,1780294858.685516834,0.10999999940395355
1780294858.699403286,1780294858.697672367,0.10999999940395355
1780294858.722999811,1780294858.721186161,0.10999999940395355
1780294858.743149519,1780294858.742652416,0.10999999940395355
1780294858.766142607,1780294858.764927626,0.10999999940395355
1780294858.777078867,1780294858.776594162,0.10999999940395355
1780294858.801175833,1780294858.800862312,0.10999999940395355
1780294858.824589729,1780294858.823168516,0.10999999940395355
1780294858.844855309,1780294858.844502926,0.10999999940395355
1780294858.857318401,1780294858.856875181,0.10999999940395355
1780294858.884563923,1780294858.880522013,0.10999999940395355
1780294858.903029919,1780294858.902570248,0.10999999940395355
1780294858.925058603,1780294858.924592018,0.10999999940395355
1780294858.939749718,1780294858.939366341,0.10999999940395355
1780294858.962116003,1780294858.961815834,0.10999999940395355
1780294858.983961344,1780294858.983589411,0.10999999940395355
1780294858.998470545,1780294858.996264935,0.10999999940395355
1780294859.020231009,1780294859.019429922,0.10999999940395355
1780294859.041817427,1780294859.041533709,0.10999999940395355
1780294859.064006090,1780294859.063556671,0.10999999940395355
1780294859.076943398,1780294859.076423645,0.10999999940395355
1780294859.101244211,1780294859.100870371,0.10999999940395355
1780294859.123841763,1780294859.123526812,0.10999999940395355
1780294859.146225452,1780294859.145849466,0.10999999940395355
1780294859.160438061,1780294859.159939289,0.10999999940395355
1780294859.182175875,1780294859.181806564,0.10999999940395355
1780294859.206114054,1780294859.205845833,0.10999999940395355
1780294859.218043804,1780294859.217763186,0.10999999940395355
1780294859.241262913,1780294859.240829945,0.10999999940395355
1780294859.264638424,1780294859.264245749,0.10999999940395355
1780294859.277962208,1780294859.277331829,0.10999999940395355
1780294859.301922560,1780294859.301527977,0.10999999940395355
1780294859.324621916,1780294859.324091196,0.10999999940395355
1780294859.346274614,1780294859.345565557,0.10999999940395355
1780294859.358907700,1780294859.357812405,0.10999999940395355
1780294859.380734205,1780294859.379814863,0.10999999940395355
1780294859.402941227,1780294859.402237892,0.10999999940395355
1780294859.425709486,1780294859.424641132,0.10999999940395355
1780294859.436939001,1780294859.436364174,0.10999999940395355
1780294859.459170341,1780294859.458760977,0.10999999940395355
1780294859.482139826,1780294859.480572224,0.10999999940395355
1780294859.503067017,1780294859.502439022,0.10999999940395355
1780294859.525198698,1780294859.524860144,0.10999999940395355
1780294859.536680222,1780294859.536378860,0.10999999940395355
1780294859.560644865,1780294859.558699131,0.10999999940395355
1780294859.581473351,1780294859.580479383,0.10999999940395355
1780294859.602993965,1780294859.602632999,0.10999999940395355
1780294859.624733448,1780294859.624424696,0.10999999940395355
1780294859.636839628,1780294859.636332035,0.10999999940395355
1780294859.660057306,1780294859.659357309,0.10999999940395355
1780294859.682915211,1780294859.682480335,0.10999999940395355
1780294859.697829485,1780294859.696983814,0.10999999940395355
1780294859.719698429,1780294859.718838453,0.10999999940395355
1780294859.743789434,1780294859.742411613,0.10999999940395355
1780294859.775724173,1780294859.764444590,0.10999999940395355
1780294859.777569056,1780294859.776455879,0.10999999940395355
1780294859.803619146,1780294859.798367500,0.10999999940395355
1780294859.820861340,1780294859.820574045,0.10999999940395355
1780294859.842771292,1780294859.842377424,0.10999999940395355
1780294859.864909410,1780294859.864445448,0.10999999940395355
1780294859.876798630,1780294859.876415491,0.10999999940395355
1780294859.899212599,1780294859.898455381,0.10999999940395355
1780294859.921874046,1780294859.920461893,0.10999999940395355
1780294859.944036007,1780294859.943003416,0.10999999940395355
1780294859.965707064,1780294859.964455366,0.10999999940395355
1780294859.977082253,1780294859.976790190,0.10999999940395355
1780294860.000499249,1780294859.999325275,0.10999999940395355
1780294860.022865534,1780294860.021526337,0.10999999940395355
1780294860.044586897,1780294860.043953896,0.10999999940395355
1780294860.057275772,1780294860.056624174,0.10999999940395355
1780294860.080087900,1780294860.079244375,0.10999999940395355
1780294860.101938009,1780294860.101454020,0.10999999940395355
1780294860.126470327,1780294860.125424147,0.10999999940395355
1780294860.138182163,1780294860.137713671,0.10999999940395355
1780294860.164668322,1780294860.163545132,0.10999999940395355
1780294860.176629543,1780294860.176169157,0.10999999940395355
1780294860.206228495,1780294860.205311298,0.10999999940395355
1780294860.219458580,1780294860.219181538,0.10999999940395355
1780294860.242511034,1780294860.241587639,0.10999999940395355
1780294860.265134096,1780294860.264200926,0.10999999940395355
1780294860.286767006,1780294860.285439014,0.10999999940395355
1780294860.298533916,1780294860.297449350,0.10999999940395355
1780294860.327309608,1780294860.323337317,0.10999999940395355
1780294860.338021040,1780294860.337411404,0.10999999940395355
1780294860.360869408,1780294860.360192537,0.10999999940395355
1780294860.384702682,1780294860.382807493,0.10999999940395355
1780294860.411157608,1780294860.405270100,0.10999999940395355
1780294860.424772501,1780294860.421520948,0.10999999940395355
1780294860.444345474,1780294860.443423271,0.10999999940395355
1780294860.467026711,1780294860.466001749,0.10999999940395355
1780294860.487350702,1780294860.477470875,0.10999999940395355
1780294860.502070904,1780294860.501600742,0.10999999940395355
1780294860.524978876,1780294860.523906708,0.10999999940395355
1780294860.537645817,1780294860.536129713,0.10999999940395355
1780294860.562587261,1780294860.561797380,0.10999999940395355
1780294860.584544659,1780294860.583439827,0.10999999940395355
1780294860.598225594,1780294860.596285343,0.10999999940395355
1780294860.621531248,1780294860.618507862,0.10999999940395355
1780294860.643156767,1780294860.641058207,0.10999999940395355
1780294860.663232327,1780294860.662830830,0.10999999940395355
1780294860.685775280,1780294860.684878111,0.10999999940395355
1780294860.697464228,1780294860.696557045,0.10999999940395355
1780294860.723546743,1780294860.720494747,0.10999999940395355
1780294860.745296717,1780294860.743874073,0.10999999940395355
1780294860.768550158,1780294860.765926600,0.10999999940395355
1780294860.778754711,1780294860.777389526,0.10999999940395355
1780294860.800233603,1780294860.799390793,0.10999999940395355
1780294860.823729515,1780294860.823048592,0.10999999940395355
1780294860.844951868,1780294860.844472647,0.10999999940395355
1780294860.857157946,1780294860.856484890,0.10999999940395355
1780294860.879330397,1780294860.878673315,0.10999999940395355
1780294860.900953531,1780294860.900460720,0.10999999940395355
1780294860.924528122,1780294860.923829317,0.10999999940395355
1780294860.937004566,1780294860.936139345,0.10999999940395355
1780294860.960423231,1780294860.958590746,0.10999999940395355
1780294860.984007835,1780294860.980978966,0.10999999940395355
1780294861.006438732,1780294861.002977133,0.10999999940395355
1780294861.028059244,1780294861.025753021,0.10999999940395355
1780294861.045579910,1780294861.044407606,0.10999999940395355
1780294861.059142828,1780294861.057038784,0.10999999940395355
1780294861.081278324,1780294861.079457998,0.10999999940395355
1780294861.105239153,1780294861.104304075,0.10999999940395355
1780294861.117459774,1780294861.116809607,0.10999999940395355
1780294861.139540195,1780294861.138603210,0.10999999940395355
1780294861.163532972,1780294861.162554502,0.10999999940395355
1780294861.185626507,1780294861.184679270,0.10999999940395355
1780294861.200408220,1780294861.198347569,0.10999999940395355
1780294861.221907139,1780294861.220736027,0.10999999940395355
1780294861.245839834,1780294861.244569540,0.10999999940395355
1780294861.258749008,1780294861.258259773,0.10999999940395355
1780294861.285715342,1780294861.284961462,0.10999999940395355
1780294861.297576904,1780294861.297163010,0.10999999940395355
1780294861.328808784,1780294861.325387716,0.10999999940395355
1780294861.341389656,1780294861.339042902,0.10999999940395355
1780294861.362600327,1780294861.361886978,0.10999999940395355
1780294861.388089418,1780294861.386904001,0.10999999940395355
1780294861.401158094,1780294861.400571346,0.10999999940395355
1780294861.425478697,1780294861.425045013,0.10999999940395355
1780294861.438729763,1780294861.438002586,0.10999999940395355
1780294861.460209370,1780294861.459774256,0.10999999940395355
1780294861.482120275,1780294861.481342077,0.10999999940395355
1780294861.504142284,1780294861.503628731,0.10999999940395355
1780294861.526024580,1780294861.525394917,0.10999999940395355
1780294861.539534807,1780294861.538198709,0.10999999940395355
1780294861.566045284,1780294861.560595512,0.10999999940395355
1780294861.583400249,1780294861.582422495,0.10999999940395355
1780294861.605115652,1780294861.604673386,0.10999999940395355
1780294861.627849102,1780294861.627489567,0.10999999940395355
1780294861.641267061,1780294861.639277697,0.10999999940395355
1780294861.663722277,1780294861.663357019,0.10999999940395355
1780294861.685915709,1780294861.685552359,0.10999999940395355
1780294861.698210239,1780294861.697470427,0.10999999940395355
1780294861.721324921,1780294861.719824314,0.10999999940395355
1780294861.736986399,1780294861.736245155,0.10999999940395355
1780294861.759218454,1780294861.758500576,0.10999999940395355
1780294861.785995483,1780294861.780761480,0.10999999940395355
1780294861.807214499,1780294861.805914402,0.10999999940395355
1780294861.819766998,1780294861.819311142,0.10999999940395355
1780294861.842764854,1780294861.841467381,0.10999999940395355
1780294861.865173340,1780294861.863565445,0.10999999940395355
1780294861.879662037,1780294861.877219915,0.10999999940395355
1780294861.902034521,1780294861.900415182,0.10999999940395355
1780294861.924808979,1780294861.922694683,0.10999999940395355
1780294861.944885731,1780294861.944374561,0.10999999940395355
1780294861.963146210,1780294861.961186886,0.10999999940395355
1780294861.990926743,1780294861.987639189,0.10999999940395355
1780294862.001209974,1780294861.999206066,0.10999999940395355
1780294862.021755695,1780294862.021292448,0.10999999940395355
1780294862.043920040,1780294862.043390274,0.10999999940395355
1780294862.070904255,1780294862.058557749,0.10999999940395355
1780294862.081004143,1780294862.080658674,0.10999999940395355
1780294862.103538752,1780294862.103221416,0.10999999940395355
1780294862.117077589,1780294862.116123676,0.10999999940395355
1780294862.138984442,1780294862.138391018,0.10999999940395355
1780294862.162701845,1780294862.160490274,0.10999999940395355
1780294862.183985949,1780294862.182571173,0.10999999940395355
1780294862.208214521,1780294862.206267595,0.10999999940395355
1780294862.229034185,1780294862.218335152,0.10999999940395355
1780294862.240842819,1780294862.240513802,0.10999999940395355
1780294862.266921520,1780294862.262762785,0.10999999940395355
1780294862.284698725,1780294862.284332752,0.10999999940395355
1780294862.297046900,1780294862.296684742,0.10999999940395355
1780294862.323694229,1780294862.321883678,0.10999999940395355
1780294862.345801115,1780294862.343404055,0.10999999940395355
1780294862.366034031,1780294862.365613937,0.10999999940395355
1780294862.379939556,1780294862.379415035,0.10999999940395355
1780294862.403721571,1780294862.402722359,0.10999999940395355
1780294862.423652649,1780294862.419204473,0.10999999940395355
1780294862.446039915,1780294862.442547083,0.10999999940395355
1780294862.467388868,1780294862.464718580,0.10999999940395355
1780294862.480598688,1780294862.477314234,0.10999999940395355
1780294862.500578880,1780294862.499447107,0.10999999940395355
1780294862.522324800,1780294862.521314621,0.10999999940395355
1780294862.543990850,1780294862.543542862,0.10999999940395355
1780294862.557989597,1780294862.556588173,0.10999999940395355
1780294862.582132339,1780294862.579924345,0.10999999940395355
1780294862.610839128,1780294862.603438616,0.10999999940395355
1780294862.630591154,1780294862.625691414,0.10999999940395355
1780294862.639210463,1780294862.637734890,0.10999999940395355
1780294862.661661863,1780294862.659857750,0.10999999940395355
1780294862.682592392,1780294862.682232618,0.10999999940395355
1780294862.706104279,1780294862.705745220,0.10999999940395355
1780294862.734562159,1780294862.720503330,0.10999999940395355
1780294862.744213581,1780294862.743477345,0.10999999940395355
1780294862.761392593,1780294862.760971546,0.10999999940395355
1780294862.784012079,1780294862.783478022,0.10999999940395355
1780294862.798337698,1780294862.797693491,0.10999999940395355
1780294862.821926355,1780294862.821526051,0.10999999940395355
1780294862.849261999,1780294862.844600916,0.10999999940395355
1780294862.861603737,1780294862.861171722,0.10999999940395355
