bag_ts,header_stamp,longitudinal_velocity
1780294752.591457844,1780294752.588158607,0.0
1780294752.600917578,1780294752.599772692,0.0
1780294752.625022650,1780294752.624362230,0.0
1780294752.646770954,1780294752.646002531,0.0
1780294752.669742107,1780294752.668775558,0.0
1780294752.686150551,1780294752.684509277,0.0
1780294752.712792873,1780294752.710889101,0.0
1780294752.724730730,1780294752.723090887,0.0
1780294752.746345758,1780294752.745229959,0.0
1780294752.769073486,1780294752.768299580,0.0
1780294752.780295372,1780294752.779879808,0.0
1780294752.805076361,1780294752.804166079,0.0
1780294752.828235626,1780294752.826879740,0.0
1780294752.849793434,1780294752.849004030,0.0
1780294752.866049051,1780294752.863888741,0.0
1780294752.888700962,1780294752.887621880,0.0
1780294752.903776407,1780294752.901136160,0.0
1780294752.925964117,1780294752.924378395,0.0
1780294752.947238684,1780294752.946645021,0.0
1780294752.959620237,1780294752.959210396,0.0
1780294752.983933210,1780294752.982442617,0.0
1780294753.006264210,1780294753.005925655,0.0
1780294753.028193712,1780294753.027880669,0.0
1780294753.040868044,1780294753.040318489,0.0
1780294753.063895702,1780294753.063577652,0.0
1780294753.085632324,1780294753.084759235,0.0
1780294753.107914925,1780294753.107059717,0.0
1780294753.119395971,1780294753.118913889,0.0
1780294753.141607046,1780294753.141224861,0.0
1780294753.165845394,1780294753.164799213,0.0
1780294753.179137945,1780294753.178819418,0.0
1780294753.202910662,1780294753.202685118,0.0
1780294753.226072073,1780294753.225692511,0.0
1780294753.249764681,1780294753.248378515,0.0
1780294753.261165142,1780294753.259935617,0.0
1780294753.284640074,1780294753.282246113,0.0
1780294753.305262804,1780294753.304006100,0.0
1780294753.329022884,1780294753.326945305,0.0
1780294753.343771458,1780294753.342333794,0.0
1780294753.364351034,1780294753.363893270,0.0
1780294753.386418104,1780294753.385871887,0.0
1780294753.408974409,1780294753.408529997,0.0
1780294753.420154572,1780294753.419883490,0.0
1780294753.443435431,1780294753.442485571,0.0
1780294753.466027260,1780294753.465150118,0.0
1780294753.488510609,1780294753.487144947,0.0
1780294753.504459143,1780294753.503073215,0.0
1780294753.530338526,1780294753.530076027,0.0
1780294753.542090416,1780294753.541841269,0.0
1780294753.566846132,1780294753.564968586,0.0
1780294753.587969065,1780294753.586834908,0.0
1780294753.609190464,1780294753.608894825,0.0
1780294753.621439934,1780294753.620973825,0.0
1780294753.644639492,1780294753.644167900,0.0
1780294753.667894125,1780294753.666307926,0.0
1780294753.689234495,1780294753.688763857,0.0
1780294753.704249620,1780294753.701063395,0.0
1780294753.725299358,1780294753.724722385,0.0
1780294753.747631550,1780294753.747107029,0.0
1780294753.776107311,1780294753.769586802,0.0
1780294753.780981541,1780294753.780807257,0.0
1780294753.803959608,1780294753.803316593,0.0
1780294753.825797319,1780294753.825109720,0.0
1780294753.848211765,1780294753.847351313,0.0
1780294753.869891167,1780294753.868874073,0.0
1780294753.881191730,1780294753.880752325,0.0
1780294753.904438734,1780294753.903158188,0.0
1780294753.928420782,1780294753.927386522,0.0
1780294753.949865580,1780294753.948878050,0.0
1780294753.961526394,1780294753.961014748,0.0
1780294753.984446764,1780294753.983285904,0.0
1780294754.007171392,1780294754.004914761,0.0
1780294754.028252125,1780294754.027929068,0.0
1780294754.040868521,1780294754.040218830,0.0
1780294754.062631845,1780294754.061984539,0.0
1780294754.084380627,1780294754.084038019,0.0
1780294754.107172489,1780294754.106555939,0.0
1780294754.128763676,1780294754.128523588,0.0
1780294754.140933990,1780294754.140111923,0.0
1780294754.166531086,1780294754.166063309,0.0
1780294754.189270735,1780294754.188723087,0.0
1780294754.203528166,1780294754.201817751,0.0
1780294754.227814674,1780294754.227226973,0.0
1780294754.249151707,1780294754.248825073,0.0
1780294754.261485338,1780294754.261186838,0.0
1780294754.284343481,1780294754.283729553,0.0
1780294754.307756186,1780294754.306925058,0.0
1780294754.321397066,1780294754.320745468,0.0
1780294754.344735384,1780294754.344498634,0.0
1780294754.367579222,1780294754.366859674,0.0
1780294754.379384279,1780294754.379107714,0.0
1780294754.401955366,1780294754.401192188,0.0
1780294754.424386740,1780294754.424113512,0.0
1780294754.446974754,1780294754.446431637,0.0
1780294754.460666418,1780294754.460255384,0.0
1780294754.482295752,1780294754.481762409,0.0
1780294754.504358053,1780294754.504024506,0.0
1780294754.527475834,1780294754.527201176,0.0
1780294754.552804232,1780294754.549886942,0.0
1780294754.562295675,1780294754.561976194,0.0
1780294754.584419489,1780294754.584224463,0.0
1780294754.606946468,1780294754.606603622,0.0
1780294754.630140543,1780294754.629803896,0.0
1780294754.642874479,1780294754.642471075,0.0
1780294754.664883375,1780294754.664552927,0.0
1780294754.687090635,1780294754.686810493,0.0
1780294754.700307131,1780294754.699913263,0.0
1780294754.725780010,1780294754.725129843,0.0
1780294754.740174770,1780294754.739881754,0.0
1780294754.763664246,1780294754.762918949,0.0
1780294754.787731647,1780294754.786506653,0.0
1780294754.801597595,1780294754.801042557,0.0
1780294754.824126482,1780294754.823855639,0.0
1780294754.853447199,1780294754.846918106,0.0
1780294754.859916687,1780294754.859133244,0.0
1780294754.884824991,1780294754.881789207,0.0
1780294754.904927492,1780294754.904545784,0.0
1780294754.928252220,1780294754.926165342,0.0
1780294754.940466404,1780294754.939132690,0.0
1780294754.963173389,1780294754.961353064,0.0
1780294754.985319614,1780294754.984489679,0.0
1780294755.006498337,1780294755.006079912,0.0
1780294755.029576778,1780294755.029036522,0.0
1780294755.045558929,1780294755.041882515,0.0
1780294755.066791773,1780294755.065486431,0.0
1780294755.090089321,1780294755.087147236,0.0
1780294755.101224184,1780294755.099486589,0.0
1780294755.126241684,1780294755.124097109,0.0
1780294755.147526979,1780294755.146193743,0.0
1780294755.170192003,1780294755.168817282,0.0
1780294755.182648659,1780294755.181416512,0.0
1780294755.205764532,1780294755.204107761,0.0
1780294755.221359968,1780294755.220327377,0.0
1780294755.246761799,1780294755.243489742,0.0
1780294755.265815973,1780294755.265186071,0.0
1780294755.288173914,1780294755.287149906,0.0
1780294755.300326586,1780294755.299434185,0.0
1780294755.322780371,1780294755.321952343,0.0
1780294755.346928835,1780294755.345838547,0.0
1780294755.369605541,1780294755.368434191,0.0
1780294755.381006479,1780294755.380074978,0.0
1780294755.406567097,1780294755.404608011,0.0
1780294755.430080414,1780294755.427575588,0.0
1780294755.450662136,1780294755.448793888,0.0
1780294755.461959839,1780294755.461021185,0.0
1780294755.484919071,1780294755.483779192,0.0
1780294755.507736683,1780294755.506443501,0.0
1780294755.528563499,1780294755.527881622,0.0
1780294755.541108847,1780294755.540361643,0.0
1780294755.562661886,1780294755.561879635,0.0
1780294755.585961103,1780294755.583771229,0.0
1780294755.606809855,1780294755.605827093,0.0
1780294755.629755020,1780294755.628691435,0.0
1780294755.641427517,1780294755.640813112,0.0
1780294755.665828466,1780294755.663481951,0.0
1780294755.686546087,1780294755.685399771,0.0
1780294755.701286316,1780294755.699806452,0.0
1780294755.726729870,1780294755.723152399,0.0
1780294755.749529123,1780294755.748811722,0.0
1780294755.762316465,1780294755.761159420,0.0
1780294755.785856962,1780294755.782975197,0.0
1780294755.810395718,1780294755.805976868,0.0
1780294755.832475424,1780294755.828074932,0.0
1780294755.842131615,1780294755.840905428,0.0
1780294755.866184473,1780294755.864609718,0.0
1780294755.880953312,1780294755.879082680,0.0
1780294755.903243780,1780294755.902408361,0.0
1780294755.926877260,1780294755.924494028,0.0
1780294755.947533846,1780294755.945816278,0.0
1780294755.969393015,1780294755.968308449,0.0
1780294755.984106779,1780294755.982839346,0.0
1780294756.007521868,1780294756.005281687,0.0
1780294756.029618025,1780294756.027216911,0.0
1780294756.054564953,1780294756.048786163,0.0
1780294756.064788103,1780294756.060846090,0.0
1780294756.104277611,1780294756.083613157,0.0
1780294756.137812376,1780294756.106012821,0.0
1780294756.145219803,1780294756.122646332,0.0
1780294756.148691893,1780294756.145854235,0.0
1780294756.169615984,1780294756.168303013,0.0
1780294756.180743933,1780294756.179759741,0.0
1780294756.203063965,1780294756.201898098,0.0
1780294756.225449324,1780294756.224801540,0.0
1780294756.247948647,1780294756.247000694,0.0
1780294756.259484529,1780294756.258691072,0.0
1780294756.281222820,1780294756.280699492,0.0
1780294756.303082705,1780294756.302604437,0.0
1780294756.325465679,1780294756.325067520,0.0
1780294756.347947121,1780294756.347427130,0.0
1780294756.360173702,1780294756.359740973,0.0
1780294756.382308960,1780294756.381775141,0.0
1780294756.404517651,1780294756.403900146,0.0
1780294756.428828716,1780294756.426192522,0.0
1780294756.449887514,1780294756.448186874,0.0
1780294756.460601568,1780294756.460044861,0.0
1780294756.482343674,1780294756.482053280,0.0
1780294756.506335497,1780294756.504067421,0.0
1780294756.529434681,1780294756.527391911,0.0
1780294756.540894508,1780294756.539699316,0.0
1780294756.564743042,1780294756.562387705,0.0
1780294756.590468884,1780294756.586581707,0.0
1780294756.603740931,1780294756.602105618,0.0
1780294756.629981279,1780294756.628388166,0.0
1780294756.640975237,1780294756.640441179,0.0
1780294756.663759470,1780294756.663402081,0.0
1780294756.685290575,1780294756.685035944,0.0
1780294756.708095551,1780294756.706799746,0.0
1780294756.723947525,1780294756.720971107,0.0
1780294756.744867325,1780294756.742813349,0.0
1780294756.765187740,1780294756.764902830,0.0
1780294756.788841724,1780294756.787354946,0.0
1780294756.799520731,1780294756.798685312,0.0
1780294756.828069925,1780294756.820963383,0.0
1780294756.844356537,1780294756.842756748,0.0
1780294756.866497278,1780294756.865452766,0.0
1780294756.888478756,1780294756.887902975,0.0
1780294756.902226686,1780294756.900825262,0.0
1780294756.924850464,1780294756.923590422,0.0
1780294756.949517727,1780294756.945741177,0.0
1780294756.968304157,1780294756.967962265,0.0
1780294756.979955196,1780294756.979660988,0.0
1780294757.008972645,1780294757.003887415,0.0
1780294757.026923656,1780294757.026586294,0.0
1780294757.050009966,1780294757.048672676,0.0
1780294757.062292099,1780294757.061677933,0.0
1780294757.084546089,1780294757.084247351,0.0
1780294757.106168509,1780294757.105877638,0.0
1780294757.128130198,1780294757.127583027,0.0
1780294757.140619993,1780294757.139902353,0.0
1780294757.162312508,1780294757.161769390,0.0
1780294757.184269905,1780294757.183844328,0.0
1780294757.206393242,1780294757.205813646,0.0
1780294757.221260309,1780294757.218637228,0.0
1780294757.242158175,1780294757.241828680,0.0
1780294757.264906883,1780294757.263890982,0.0
1780294757.286468267,1780294757.285958290,0.0
1780294757.308254004,1780294757.307948589,0.0
1780294757.320753098,1780294757.319855690,0.0
1780294757.343648434,1780294757.341894627,0.0
1780294757.370282888,1780294757.367421865,0.0
1780294757.380291939,1780294757.379939556,0.0
1780294757.403116703,1780294757.401979923,0.0
1780294757.424498796,1780294757.424160957,0.0
1780294757.447775841,1780294757.446964502,0.0
1780294757.459552050,1780294757.459151745,0.0
1780294757.484790087,1780294757.481033802,0.0
1780294757.521927595,1780294757.504346609,0.0
1780294757.528612137,1780294757.527132034,0.0
1780294757.549441576,1780294757.549110889,0.0
1780294757.563190699,1780294757.562803507,0.0
1780294757.586218834,1780294757.585125208,0.0
1780294757.607507467,1780294757.606662989,0.0
1780294757.620884895,1780294757.618794203,0.0
1780294757.642960310,1780294757.642306328,0.0
1780294757.664107084,1780294757.663842678,0.0
1780294757.685887337,1780294757.685656786,0.0
1780294757.708301067,1780294757.708063841,0.0
1780294757.720963478,1780294757.720417023,0.0
1780294757.743114710,1780294757.742699862,0.0
1780294757.765039921,1780294757.764790773,0.0
1780294757.787198544,1780294757.786839485,0.0
1780294757.799024582,1780294757.798699141,0.0
1780294757.820997238,1780294757.820721626,0.0
1780294757.843670130,1780294757.843237877,0.0
1780294757.865182877,1780294757.864699364,0.0
1780294757.887207270,1780294757.886782885,0.0
1780294757.902244568,1780294757.901707888,0.0
1780294757.925004244,1780294757.924492598,0.0
1780294757.946962357,1780294757.946631670,0.0
1780294757.971845150,1780294757.969187737,0.0
1780294757.982373238,1780294757.982014656,0.0
1780294758.007762909,1780294758.007470131,0.0
1780294758.030648470,1780294758.028880835,0.0
1780294758.043447256,1780294758.040841579,0.0
1780294758.065908194,1780294758.063695192,0.0
1780294758.090032339,1780294758.086414337,0.0
1780294758.108399391,1780294758.107994318,0.0
1780294758.120701313,1780294758.120082855,0.0
1780294758.143390894,1780294758.142605543,0.0
1780294758.165084124,1780294758.164628029,0.0
1780294758.188781977,1780294758.188419342,0.0
1780294758.200427532,1780294758.200022459,0.0
1780294758.228952885,1780294758.223347425,0.0
1780294758.245555878,1780294758.244953632,0.0
1780294758.267878294,1780294758.267000198,0.0
1780294758.279732704,1780294758.279014826,0.0
1780294758.305529118,1780294758.303616524,0.0
1780294758.328412294,1780294758.327733040,0.0
1780294758.340454102,1780294758.339686394,0.0
1780294758.364849567,1780294758.362440825,0.0
1780294758.386850119,1780294758.385696650,0.0
1780294758.399193048,1780294758.398552895,0.0
1780294758.421365499,1780294758.420753241,0.0
1780294758.444624662,1780294758.444313765,0.0
1780294758.466687441,1780294758.466433287,0.0
1780294758.489734411,1780294758.489117861,0.0
1780294758.501126289,1780294758.500572920,0.0
1780294758.523543835,1780294758.523212194,0.0
1780294758.545683622,1780294758.545360804,0.0
1780294758.568264961,1780294758.568031073,0.0
1780294758.580240726,1780294758.579996347,0.0
1780294758.604249716,1780294758.603809118,0.0
1780294758.627732992,1780294758.626428366,0.0
1780294758.652657032,1780294758.648558855,0.0
1780294758.661177635,1780294758.660747051,0.0
1780294758.684264660,1780294758.683486223,0.0
1780294758.706300259,1780294758.705875635,0.0
1780294758.728966236,1780294758.728570700,0.0
1780294758.743661642,1780294758.740545750,0.0
1780294758.765004635,1780294758.762794018,0.0
1780294758.785087585,1780294758.784627199,0.0
1780294758.807881832,1780294758.806959867,0.0
1780294758.818830013,1780294758.818470240,0.0
1780294758.844100475,1780294758.840675831,0.0
1780294758.865239859,1780294758.864626646,0.0
1780294758.894847631,1780294758.887661457,0.0
1780294758.903041363,1780294758.899722815,0.0
1780294758.923553944,1780294758.921948910,0.0
1780294758.945582151,1780294758.945288658,0.0
1780294758.967036486,1780294758.966821432,0.0
1780294758.989714384,1780294758.988876343,0.0
1780294759.002721071,1780294759.000916004,0.0
1780294759.028567076,1780294759.024676800,0.0
1780294759.047337055,1780294759.046728134,0.0
1780294759.059271812,1780294759.058618069,0.0
1780294759.082916260,1780294759.082501173,0.0
1780294759.105658531,1780294759.105140924,0.0
1780294759.128855467,1780294759.128526688,0.0
1780294759.141663551,1780294759.141354561,0.0
1780294759.164333582,1780294759.164071083,0.0
1780294759.186287403,1780294759.185855150,0.0
1780294759.200245857,1780294759.198795795,0.0
1780294759.224522352,1780294759.224083662,0.0
1780294759.247518778,1780294759.247203827,0.0
1780294759.258798122,1780294759.258535385,0.0
1780294759.281315804,1780294759.280730486,0.0
1780294759.303414822,1780294759.302716255,0.0
1780294759.326491833,1780294759.326167107,0.0
1780294759.349150896,1780294759.347909927,0.0
1780294759.362126350,1780294759.361409187,0.0
1780294759.384958506,1780294759.384685278,0.0
1780294759.407855034,1780294759.407049894,0.0
1780294759.420166254,1780294759.419942856,0.0
1780294759.442512512,1780294759.442032576,0.0
1780294759.472851753,1780294759.464669704,0.0
1780294759.487871408,1780294759.487440109,0.0
1780294759.502768755,1780294759.499741077,0.0
1780294759.523995399,1780294759.522048712,0.0
1780294759.548734426,1780294759.544436455,0.0
1780294759.568786144,1780294759.566129208,0.0
1780294759.588179111,1780294759.587954760,0.0
1780294759.603163242,1780294759.600236177,0.0
1780294759.624784946,1780294759.621852160,0.0
1780294759.648120165,1780294759.643983364,0.0
1780294759.670662165,1780294759.666373491,0.0
1780294759.698715210,1780294759.688501835,0.0
1780294759.711840391,1780294759.701025009,0.0
1780294759.726947069,1780294759.725057125,0.0
1780294759.749707222,1780294759.746881962,0.0
1780294759.769927740,1780294759.769091129,0.0
1780294759.785227060,1780294759.783585310,0.0
1780294759.807691574,1780294759.806234121,0.0
1780294759.828974962,1780294759.827849388,0.0
1780294759.840356350,1780294759.839534998,0.0
1780294759.863391876,1780294759.861911297,0.0
1780294759.884582281,1780294759.883740425,0.0
1780294759.906846046,1780294759.905655622,0.0
1780294759.929744959,1780294759.927827120,0.0
1780294759.940866947,1780294759.939807892,0.0
1780294759.961872101,1780294759.961646318,0.0
1780294759.984886885,1780294759.983887434,0.0
1780294760.005972862,1780294760.005740166,0.0
1780294760.028141260,1780294760.027872801,0.0
1780294760.040076494,1780294760.039819002,0.0
1780294760.062135696,1780294760.061896086,0.0
1780294760.084256887,1780294760.083977938,0.0
1780294760.106248617,1780294760.106078148,0.0
1780294760.129256010,1780294760.127969503,0.0
1780294760.144773006,1780294760.144356012,0.0
1780294760.167286634,1780294760.166273594,0.0
1780294760.187954903,1780294760.187684774,0.0
1780294760.205787659,1780294760.202047586,0.0
1780294760.224268913,1780294760.224026918,0.0
1780294760.246033192,1780294760.245726347,0.0
1780294760.267819405,1780294760.267533779,0.0
1780294760.280573130,1780294760.279711246,0.0
1780294760.303739309,1780294760.302035332,0.0
1780294760.324462414,1780294760.324213743,0.0
1780294760.345974445,1780294760.345707178,0.0
1780294760.369179010,1780294760.368898392,0.0
1780294760.384130239,1780294760.383644581,0.0
1780294760.406699181,1780294760.405605555,0.0
1780294760.429438114,1780294760.427664995,0.0
1780294760.450655460,1780294760.449770689,0.0
1780294760.464601278,1780294760.461408138,0.0
1780294760.484958887,1780294760.483623505,0.0
1780294760.506131887,1780294760.505463839,0.0
1780294760.528774261,1780294760.527663231,0.0
1780294760.539717913,1780294760.539450884,0.0
1780294760.563925505,1780294760.561825991,0.0
1780294760.584460497,1780294760.584136009,0.0
1780294760.606927395,1780294760.605959892,0.0
1780294760.628417969,1780294760.628066540,0.0
1780294760.640382767,1780294760.640032053,0.0
1780294760.662260771,1780294760.661908388,0.0
1780294760.686237097,1780294760.684952736,0.0
1780294760.707705259,1780294760.706939459,0.0
1780294760.720917702,1780294760.720364332,0.0
1780294760.743111610,1780294760.742869616,0.0
1780294760.765290499,1780294760.764913559,0.0
1780294760.788604498,1780294760.788333416,0.0
1780294760.802673101,1780294760.802200794,0.0
1780294760.824476957,1780294760.824235678,0.0
1780294760.846883774,1780294760.846554995,0.0
1780294760.859252930,1780294760.858800888,0.0
1780294760.883179426,1780294760.881364584,0.0
1780294760.905577421,1780294760.904965401,0.0
1780294760.929068089,1780294760.926962614,0.0
1780294760.939323664,1780294760.938702583,0.0
1780294760.962367773,1780294760.961123705,0.0
1780294760.983177423,1780294760.982612848,0.0
1780294761.008644104,1780294761.006646156,0.0
1780294761.020449162,1780294761.019872189,0.0
1780294761.042381525,1780294761.042139053,0.0
1780294761.066138744,1780294761.065900326,0.0
1780294761.090400934,1780294761.088976145,0.0
1780294761.101469278,1780294761.101055622,0.0
1780294761.123532057,1780294761.123227596,0.0
1780294761.145440340,1780294761.145101786,0.0
1780294761.174124479,1780294761.167833328,0.0
1780294761.180474043,1780294761.180159092,0.0
1780294761.202992439,1780294761.202636003,0.0
1780294761.224752665,1780294761.224564314,0.0
1780294761.248420477,1780294761.247081757,0.0
1780294761.260290861,1780294761.260009766,0.0
1780294761.284754753,1780294761.281923532,0.0
1780294761.303788185,1780294761.300543308,0.0
1780294761.330082178,1780294761.329099894,0.0
1780294761.341592073,1780294761.340866566,0.0
1780294761.364274025,1780294761.363629103,0.0
1780294761.389297962,1780294761.387703657,0.0
1780294761.402328014,1780294761.401327848,0.0
1780294761.424035549,1780294761.423464060,0.0
1780294761.446803331,1780294761.446052790,0.0
1780294761.469519138,1780294761.469168901,0.0
1780294761.482469559,1780294761.481867552,0.0
1780294761.509461164,1780294761.505106926,0.0
1780294761.528271437,1780294761.527298927,0.0
1780294761.542625189,1780294761.538795233,0.0
1780294761.564754009,1780294761.562665701,0.0
1780294761.585797548,1780294761.584867477,0.0
1780294761.608407259,1780294761.607405424,0.0
1780294761.631120682,1780294761.629836798,0.0
1780294761.643346786,1780294761.642455101,0.0
1780294761.668157816,1780294761.666589737,0.0
1780294761.690588474,1780294761.689102888,0.0
1780294761.703658581,1780294761.700918913,0.0
1780294761.726601839,1780294761.724705219,0.0
1780294761.747799158,1780294761.746891260,0.0
1780294761.759479523,1780294761.759228706,0.0
1780294761.783900499,1780294761.782938719,0.0
1780294761.805338144,1780294761.805055618,0.0
1780294761.828620434,1780294761.827798367,0.0
1780294761.852365255,1780294761.850697994,0.0
1780294761.863555670,1780294761.863023043,0.0
1780294761.886168003,1780294761.885396719,0.0
1780294761.907605886,1780294761.907391071,0.0
1780294761.931158304,1780294761.930794716,0.0
1780294761.944494486,1780294761.942582607,0.0
1780294761.968636990,1780294761.965021372,0.0
1780294761.987325191,1780294761.986901283,0.0
1780294761.999232054,1780294761.998877287,0.0
1780294762.023226500,1780294762.022285938,0.0
1780294762.044643164,1780294762.043807268,0.0
1780294762.065949440,1780294762.065598011,0.0
1780294762.080437899,1780294762.080099344,0.0
1780294762.103680611,1780294762.102858067,0.0
1780294762.126745462,1780294762.125894547,0.0
1780294762.138711214,1780294762.138434887,0.0
1780294762.163576841,1780294762.162599325,0.0
1780294762.185461283,1780294762.185238600,0.0
1780294762.208358526,1780294762.208075047,0.0
1780294762.221282959,1780294762.220999241,0.0
1780294762.243017435,1780294762.242636919,0.0
1780294762.265905619,1780294762.264520645,0.0
1780294762.288629055,1780294762.288026810,0.0
1780294762.299771070,1780294762.299457550,0.0
1780294762.324090719,1780294762.323503256,0.0
1780294762.345334053,1780294762.345040083,0.0
1780294762.360049486,1780294762.359537601,0.0
1780294762.382739305,1780294762.382007360,0.0
1780294762.405331135,1780294762.405014753,0.0
1780294762.427423239,1780294762.426943779,0.0
1780294762.439327240,1780294762.438513756,0.0
1780294762.463317394,1780294762.462025166,0.0
1780294762.483991861,1780294762.483653545,0.0
1780294762.505880594,1780294762.505480289,0.0
1780294762.528011799,1780294762.527684927,0.0
1780294762.540136576,1780294762.539801121,0.0
1780294762.564945698,1780294762.562817574,0.0
1780294762.584863424,1780294762.584608793,0.0
1780294762.609619141,1780294762.608127356,0.0
1780294762.621801615,1780294762.621294975,0.0
1780294762.647192478,1780294762.644479513,0.0
1780294762.668479443,1780294762.668031216,0.0
1780294762.682075739,1780294762.681387424,0.0
1780294762.704130411,1780294762.703634024,0.0
1780294762.722518206,1780294762.720656633,0.0
1780294762.744532108,1780294762.743166208,0.0
1780294762.769317150,1780294762.768734217,0.0
1780294762.781102180,1780294762.780830383,0.0
1780294762.813935757,1780294762.804148436,0.0
1780294762.824210405,1780294762.823888540,0.0
1780294762.851384878,1780294762.846401930,0.0
1780294762.859621525,1780294762.859166861,0.0
1780294762.884279728,1780294762.881474495,0.0
1780294762.904823065,1780294762.903976679,0.0
1780294762.925696135,1780294762.925513268,0.0
1780294762.949331284,1780294762.948892117,0.0
1780294762.961009502,1780294762.960753679,0.0
1780294762.982810259,1780294762.982656956,0.0
1780294763.006308794,1780294763.005953789,0.0
1780294763.027860880,1780294763.027568102,0.0
1780294763.039743423,1780294763.039372206,0.0
1780294763.063333035,1780294763.062028170,0.0
1780294763.084128141,1780294763.083853483,0.0
1780294763.106734991,1780294763.106442690,0.0
1780294763.130861998,1780294763.130448341,0.0
1780294763.142867804,1780294763.142483234,0.0
1780294763.166709423,1780294763.166161299,0.0
1780294763.188310385,1780294763.187870741,0.0
1780294763.202471018,1780294763.200138092,0.0
1780294763.224635601,1780294763.223750830,0.0
1780294763.251030684,1780294763.246587992,0.0
1780294763.259542227,1780294763.259252787,0.0
1780294763.285552025,1780294763.284368753,0.0
1780294763.308284998,1780294763.307878733,0.0
1780294763.320779324,1780294763.319765329,0.0
1780294763.342687607,1780294763.342350960,0.0
1780294763.366734743,1780294763.365426779,0.0
1780294763.379180431,1780294763.378857613,0.0
1780294763.401668787,1780294763.401217222,0.0
1780294763.423322201,1780294763.422579765,0.0
1780294763.445762396,1780294763.445304871,0.0
1780294763.462344408,1780294763.461756468,0.0
1780294763.483929396,1780294763.483598232,0.0
1780294763.506640196,1780294763.505696535,0.0
1780294763.529806614,1780294763.529069185,0.0
1780294763.541218042,1780294763.540480614,0.0
1780294763.563584328,1780294763.562623978,0.0
1780294763.586557627,1780294763.585656881,0.0
1780294763.607932806,1780294763.607466698,0.0
1780294763.620768547,1780294763.619703531,0.0
1780294763.643332958,1780294763.641921759,0.0
1780294763.666538239,1780294763.664100409,0.0
1780294763.687279224,1780294763.686652660,0.0
1780294763.709546804,1780294763.708854198,0.0
1780294763.724206924,1780294763.722956181,0.0
1780294763.747374296,1780294763.746483564,0.0
1780294763.769810200,1780294763.769072533,0.0
1780294763.783975124,1780294763.780839205,0.0
1780294763.807324409,1780294763.806899786,0.0
1780294763.820770502,1780294763.820216656,0.0
1780294763.843818903,1780294763.841413736,0.0
1780294763.869378328,1780294763.867403507,0.0
1780294763.896947622,1780294763.890081644,0.0
1780294763.903750420,1780294763.901776791,0.0
1780294763.926181078,1780294763.923943996,0.0
1780294763.948646784,1780294763.946745872,0.0
1780294763.969815254,1780294763.968771935,0.0
1780294763.982720852,1780294763.981895447,0.0
1780294764.006329060,1780294764.004924297,0.0
1780294764.027459621,1780294764.026689053,0.0
1780294764.039354324,1780294764.038347960,0.0
1780294764.071536303,1780294764.070616245,0.0
1780294764.084876299,1780294764.083362818,0.0
1780294764.106992960,1780294764.106156588,0.0
1780294764.120841026,1780294764.120494366,0.0
1780294764.143912554,1780294764.142589808,0.0
1780294764.165913820,1780294764.164549589,0.0
1780294764.187231302,1780294764.186529398,0.0
1780294764.211685658,1780294764.211170197,0.0
1780294764.224732161,1780294764.223653078,0.0
1780294764.252687693,1780294764.250212908,0.0
1780294764.264148235,1780294764.262133837,0.0
1780294764.285267353,1780294764.283649206,0.0
1780294764.306695700,1780294764.305418491,0.0
1780294764.330418110,1780294764.328330755,0.0
1780294764.342197657,1780294764.341134071,0.0
1780294764.364184380,1780294764.363513947,0.0
1780294764.386666775,1780294764.385774136,0.0
1780294764.403320789,1780294764.402604818,0.0
1780294764.427190065,1780294764.426391125,0.0
1780294764.440214634,1780294764.439567804,0.0
1780294764.463757515,1780294764.461611748,0.0
1780294764.486073732,1780294764.484036922,0.0
1780294764.506702185,1780294764.505782843,0.0
1780294764.528688192,1780294764.527687311,0.0
1780294764.550662994,1780294764.549346209,0.0
1780294764.562627077,1780294764.561459541,0.0
1780294764.585016251,1780294764.583909512,0.0
1780294764.606397152,1780294764.605813503,0.0
1780294764.628435373,1780294764.627899408,0.0
1780294764.639730692,1780294764.639346123,0.0
1780294764.662188053,1780294764.661754608,0.0
1780294764.684356213,1780294764.683577061,0.0
1780294764.706736803,1780294764.705802441,0.0
1780294764.728162050,1780294764.727604389,0.0
1780294764.740489244,1780294764.739237070,0.0
1780294764.765463591,1780294764.763954163,0.0
1780294764.789069653,1780294764.786578417,0.0
1780294764.811874151,1780294764.808724165,0.0
1780294764.822885036,1780294764.820605040,0.0
1780294764.843541622,1780294764.842584848,0.0
1780294764.865933418,1780294764.864883900,0.0
1780294764.887060881,1780294764.886590958,0.0
1780294764.908849001,1780294764.908461809,0.0
1780294764.921106577,1780294764.920792580,0.0
1780294764.943984985,1780294764.943266153,0.0
1780294764.966576815,1780294764.965651512,0.0
1780294764.989511728,1780294764.987753391,0.0
1780294765.004659891,1780294764.999556303,0.0
1780294765.023765802,1780294765.021855116,0.0
1780294765.044613600,1780294765.043371916,0.0
1780294765.066607475,1780294765.065790653,0.0
1780294765.080482244,1780294765.079437971,0.0
1780294765.103680134,1780294765.103173971,0.0
1780294765.126895905,1780294765.126606226,0.0
1780294765.149783373,1780294765.149096251,0.0
1780294765.164270639,1780294765.163691521,0.0
1780294765.188874006,1780294765.187010050,0.0
1780294765.209591389,1780294765.208452463,0.0
1780294765.223088980,1780294765.221426010,-0.010999999940395355
1780294765.243933201,1780294765.243642569,-0.010999999940395355
1780294765.268677473,1780294765.267717600,0.0
1780294765.284828901,1780294765.284075737,0.0
1780294765.310719490,1780294765.310008049,0.0
1780294765.323163509,1780294765.321761608,0.0
1780294765.344520092,1780294765.343259096,0.0
1780294765.359046936,1780294765.358462811,0.0
1780294765.381051540,1780294765.380723238,0.0
1780294765.409921169,1780294765.402904034,0.0
1780294765.427029133,1780294765.426471472,0.0
1780294765.448837757,1780294765.448532104,0.0
1780294765.461084843,1780294765.460736036,0.0
1780294765.484748363,1780294765.484342098,0.0
1780294765.508096695,1780294765.507412910,0.0
1780294765.519715786,1780294765.519356489,0.0
1780294765.543731451,1780294765.541924953,0.0
1780294765.565934181,1780294765.564706564,0.0
1780294765.588828087,1780294765.588541269,0.0
1780294765.603039265,1780294765.602328300,0.0
1780294765.627034187,1780294765.625930786,0.0
1780294765.648015499,1780294765.647612572,0.0
1780294765.660743475,1780294765.660220146,0.0
1780294765.684239149,1780294765.683804989,0.0
1780294765.706796646,1780294765.706485033,0.0
1780294765.725751162,1780294765.725221157,0.0
1780294765.747967243,1780294765.747654915,0.0
1780294765.764141083,1780294765.763636351,0.0
1780294765.795125008,1780294765.793985128,0.0
1780294765.806057215,1780294765.805751562,0.0
1780294765.827957869,1780294765.827404261,0.0
1780294765.840882063,1780294765.840372801,0.0
1780294765.865469456,1780294765.863925695,0.0
1780294765.886183023,1780294765.885338068,0.0
1780294765.899807453,1780294765.899441957,0.0
1780294765.924266815,1780294765.924007654,0.0
1780294765.945763111,1780294765.945476294,0.0
1780294765.968377113,1780294765.968023777,0.0
1780294765.980391502,1780294765.979994774,0.0
1780294766.004266024,1780294766.003562927,0.0
1780294766.027017117,1780294766.026287794,0.0
1780294766.049234629,1780294766.048707247,0.0
1780294766.061463833,1780294766.060656309,0.0
1780294766.085441589,1780294766.083143950,0.0
1780294766.108811378,1780294766.106165886,0.0
1780294766.127855778,1780294766.127539158,0.0
1780294766.140122414,1780294766.139323235,0.0
1780294766.165982723,1780294766.165128708,0.0
1780294766.191388369,1780294766.190197229,0.0
1780294766.203477383,1780294766.203056812,0.0
1780294766.231298447,1780294766.227973461,0.0
1780294766.241571903,1780294766.241044521,-0.04500000178813934
1780294766.259069204,1780294766.258232117,-0.04500000178813934
1780294766.281510115,1780294766.280868530,-0.06300000101327896
1780294766.306136131,1780294766.303562164,-0.11900000274181366
1780294766.328505039,1780294766.325705051,-0.11900000274181366
1780294766.347768784,1780294766.347432852,-0.1420000046491623
1780294766.361317635,1780294766.359554291,-0.11999999731779099
1780294766.387259007,1780294766.385106087,-0.11999999731779099
1780294766.400203705,1780294766.399379253,-0.032999999821186066
1780294766.421271563,1780294766.421003342,-0.06800000369548798
1780294766.447432041,1780294766.446481705,-0.06800000369548798
1780294766.468647242,1780294766.468426704,-0.14100000262260437
1780294766.480716228,1780294766.480269194,-0.14100000262260437
1780294766.506747484,1780294766.503866434,-0.1589999943971634
1780294766.526748180,1780294766.525478363,-0.18299999833106995
1780294766.549759865,1780294766.549302340,-0.18299999833106995
1780294766.562937021,1780294766.561439276,-0.22100000083446503
1780294766.588402748,1780294766.585906029,-0.27300000190734863
1780294766.610501289,1780294766.609962225,-0.27300000190734863
1780294766.624333620,1780294766.623264313,-0.29499998688697815
1780294766.647526264,1780294766.646697998,-0.3230000138282776
1780294766.663322926,1780294766.662630320,-0.3230000138282776
1780294766.686060905,1780294766.685321331,-0.3569999933242798
1780294766.708025932,1780294766.707736015,-0.38600000739097595
1780294766.731535435,1780294766.730643511,-0.38600000739097595
1780294766.743615866,1780294766.742694616,-0.40400001406669617
1780294766.766085148,1780294766.764745712,-0.40400001406669617
1780294766.787502766,1780294766.786477089,-0.34200000762939453
1780294766.799953461,1780294766.799362898,-0.28600001335144043
1780294766.823601723,1780294766.821933985,-0.28600001335144043
1780294766.846307039,1780294766.844846725,-0.2800000011920929
1780294766.869398832,1780294766.867744923,-0.2849999964237213
1780294766.880388498,1780294766.879715681,-0.2849999964237213
1780294766.903889179,1780294766.902914524,-0.3179999887943268
1780294766.925550461,1780294766.924474239,-0.40700000524520874
1780294766.948650360,1780294766.948265791,-0.40700000524520874
1780294766.962376118,1780294766.961289406,-0.40700000524520874
1780294766.986773252,1780294766.985438824,-0.3540000021457672
1780294767.010138750,1780294767.007862568,-0.3540000021457672
1780294767.020516872,1780294767.019916773,-0.24899999797344208
1780294767.045099974,1780294767.041919470,-0.01600000075995922
1780294767.066606283,1780294767.063702822,-0.01600000075995922
1780294767.087885618,1780294767.087542057,0.0
1780294767.100557089,1780294767.099239349,0.0
1780294767.125641823,1780294767.125266075,0.0
1780294767.149233818,1780294767.147760868,0.0
1780294767.159794807,1780294767.159241676,0.0
1780294767.183310270,1780294767.181397438,0.007000000216066837
1780294767.203628540,1780294767.203349113,0.0
1780294767.226132393,1780294767.225339413,0.0
1780294767.243293762,1780294767.242770672,0.0
1780294767.265216112,1780294767.264355421,0.0
1780294767.281522512,1780294767.280095816,0.0
1780294767.303375721,1780294767.302895308,0.0
1780294767.325390339,1780294767.324661493,0.012000000104308128
1780294767.351269722,1780294767.346726179,0.012000000104308128
1780294767.368693590,1780294767.368309021,0.0020000000949949026
1780294767.380621195,1780294767.380319834,0.0020000000949949026
1780294767.402657032,1780294767.402440548,0.0
1780294767.425407410,1780294767.424824715,0.0
1780294767.447122335,1780294767.446645975,0.0
1780294767.459383726,1780294767.458373308,-0.013000000268220901
1780294767.481623411,1780294767.480983734,0.0
1780294767.504048347,1780294767.503658533,0.0
1780294767.526097775,1780294767.525562048,-0.010999999940395355
1780294767.548099756,1780294767.547571898,0.0
1780294767.560534239,1780294767.559417725,0.0
1780294767.584275246,1780294767.583557844,0.0
1780294767.606455803,1780294767.605312347,0.013000000268220901
1780294767.628104210,1780294767.627664328,0.013000000268220901
1780294767.640104532,1780294767.639529228,0.004999999888241291
1780294767.672463179,1780294767.671570063,0.0
1780294767.684450865,1780294767.683182478,0.0
1780294767.706297159,1780294767.705472946,0.0
1780294767.728044748,1780294767.727528334,0.0
1780294767.739652872,1780294767.739173412,0.0
1780294767.763539076,1780294767.762378931,0.0
1780294767.786326408,1780294767.784838200,0.017000000923871994
1780294767.807416677,1780294767.806244135,0.017000000923871994
1780294767.818904161,1780294767.818413973,0.0010000000474974513
1780294767.841586590,1780294767.840481997,0.0010000000474974513
1780294767.862683058,1780294767.862316132,0.0
1780294767.885045767,1780294767.884653807,0.0
1780294767.907345772,1780294767.906445980,0.0
1780294767.930456161,1780294767.930059195,0.0
1780294767.946193933,1780294767.945390463,0.0
1780294767.971165895,1780294767.970250130,0.0
1780294767.984379768,1780294767.983640194,0.0
1780294768.001545429,1780294768.000910521,0.0
1780294768.025850058,1780294768.025166035,0.0
1780294768.048709154,1780294768.047978163,0.0
1780294768.062887907,1780294768.061018944,0.0
1780294768.086861610,1780294768.085787535,0.0
1780294768.107904434,1780294768.107698917,0.0
1780294768.122220039,1780294768.121885061,0.0
1780294768.147061825,1780294768.143892050,-0.009999999776482582
1780294768.165700912,1780294768.165347815,-0.007000000216066837
1780294768.178606033,1780294768.178158045,-0.007000000216066837
1780294768.204211473,1780294768.202035904,-0.0010000000474974513
1780294768.223958731,1780294768.223690748,0.0
1780294768.252055883,1780294768.251062155,0.0
1780294768.263346195,1780294768.262876987,0.0
1780294768.285194874,1780294768.284870148,0.0
1780294768.306062460,1780294768.301851511,0.0
1780294768.327008009,1780294768.323753595,0.0
1780294768.346841097,1780294768.345438480,0.0
1780294768.364317894,1780294768.361767530,0.0
1780294768.384580612,1780294768.383417368,0.0
1780294768.407754898,1780294768.405944109,0.0
1780294768.428554058,1780294768.427484274,0.0
1780294768.439655781,1780294768.439310312,0.0
1780294768.462234974,1780294768.461407423,0.0
1780294768.485689878,1780294768.484829903,0.0
1780294768.507221460,1780294768.506297350,0.0
1780294768.520704031,1780294768.520256996,0.013000000268220901
1780294768.544156075,1780294768.543318987,0.013000000268220901
1780294768.567833662,1780294768.566333055,0.0020000000949949026
1780294768.588834524,1780294768.588344336,0.0020000000949949026
1780294768.602105379,1780294768.600324631,0.004000000189989805
1780294768.624603748,1780294768.624055147,0.0
1780294768.646502256,1780294768.645892382,0.0
1780294768.660084009,1780294768.659572124,0.0
1780294768.685728788,1780294768.682596684,0.0
1780294768.710416079,1780294768.705458164,0.0
1780294768.731620789,1780294768.730172157,0.0
1780294768.743932247,1780294768.742475271,0.0
1780294768.765761614,1780294768.764470816,0.0
1780294768.786613464,1780294768.786268950,0.0
1780294768.810231924,1780294768.809149027,0.0
1780294768.822104216,1780294768.821743488,0.0
1780294768.840763092,1780294768.840461493,0.0
1780294768.863197803,1780294768.862642527,0.0
1780294768.886753082,1780294768.885636806,0.0
1780294768.905604362,1780294768.898237228,0.0
1780294768.924565315,1780294768.923276186,0.0
1780294768.947046757,1780294768.946783781,0.0
1780294768.959822416,1780294768.958944082,0.0
1780294768.983495235,1780294768.982353926,0.0
1780294769.003720999,1780294769.002872467,0.0
1780294769.028820992,1780294769.026692390,0.0
1780294769.049422026,1780294769.048997879,0.0
1780294769.060944319,1780294769.060311556,0.0
1780294769.082907200,1780294769.082531691,0.0
1780294769.105655193,1780294769.104411840,0.0
1780294769.131282806,1780294769.127228737,0.0
1780294769.144639969,1780294769.142810345,0.0
1780294769.159773827,1780294769.159034729,0.0
1780294769.181989670,1780294769.181354761,0.0
1780294769.204812765,1780294769.204292297,0.0
1780294769.226851463,1780294769.226460934,0.0
1780294769.249736786,1780294769.248825788,0.0
1780294769.260865927,1780294769.260627508,0.0
1780294769.283809662,1780294769.283518076,0.0
1780294769.307177305,1780294769.306226730,0.0
1780294769.320834637,1780294769.320586205,0.0
1780294769.342923164,1780294769.342615604,0.0
1780294769.366554737,1780294769.365782738,0.0
1780294769.381997108,1780294769.380597353,0.0
1780294769.404581070,1780294769.402166367,0.0
1780294769.424836874,1780294769.424476862,0.0
1780294769.446914434,1780294769.446230650,0.0
1780294769.469148636,1780294769.468891859,0.0
1780294769.480711699,1780294769.480458021,0.0
1780294769.501045465,1780294769.500799417,0.0
1780294769.524868250,1780294769.524628878,0.0
1780294769.546618938,1780294769.546150923,0.0
1780294769.559021711,1780294769.558556080,0.0
1780294769.582052231,1780294769.581420422,0.0
1780294769.604767561,1780294769.604404211,0.0
1780294769.629821777,1780294769.629456758,0.0
1780294769.644533157,1780294769.643834829,0.0
1780294769.665529966,1780294769.665289640,0.0
1780294769.687545300,1780294769.687234879,0.0
1780294769.700664759,1780294769.699718475,0.0
1780294769.724637747,1780294769.723934650,0.0
1780294769.747621536,1780294769.747174740,0.0
1780294769.767275572,1780294769.766969204,0.0
1780294769.779968023,1780294769.779191971,0.0
1780294769.805528164,1780294769.805233717,0.0
1780294769.828533888,1780294769.827830553,0.0
1780294769.839990377,1780294769.839428663,0.0
1780294769.861791611,1780294769.861314058,0.0
1780294769.883756399,1780294769.883303165,0.0
1780294769.905968666,1780294769.905530214,0.0
1780294769.928723812,1780294769.927212954,0.0
1780294769.940242529,1780294769.939244270,0.0
1780294769.964004755,1780294769.962633133,0.0
1780294769.984994888,1780294769.984244347,0.0
1780294770.007638931,1780294770.006849289,0.0
1780294770.029675722,1780294770.028347492,0.0
1780294770.040874958,1780294770.040074110,0.0
1780294770.063351631,1780294770.062884808,0.0
1780294770.085865736,1780294770.085430861,0.0
1780294770.108892441,1780294770.108211279,0.0
1780294770.124261379,1780294770.120629549,0.0
1780294770.145050049,1780294770.144522190,0.0
1780294770.168081045,1780294770.166813612,0.0
1780294770.188795328,1780294770.188207150,0.0
1780294770.201077700,1780294770.200536251,0.0
1780294770.222942829,1780294770.222398520,0.0
1780294770.244667053,1780294770.244209766,0.0
1780294770.267876625,1780294770.267392159,0.0
1780294770.281384468,1780294770.280947447,-0.0010000000474974513
1780294770.310581207,1780294770.307619572,-0.0010000000474974513
1780294770.328833342,1780294770.326791525,0.0
1780294770.340437174,1780294770.338307142,0.0
1780294770.362065077,1780294770.360499859,0.0
1780294770.382678747,1780294770.382177114,0.006000000052154064
1780294770.404778719,1780294770.404160261,0.017000000923871994
1780294770.428620100,1780294770.427129984,0.017000000923871994
1780294770.450081587,1780294770.449182272,0.027000000700354576
1780294770.463058710,1780294770.462391615,0.027000000700354576
1780294770.484450579,1780294770.484171867,0.04100000113248825
1780294770.507326841,1780294770.506142616,0.041999999433755875
1780294770.519457102,1780294770.518353939,0.041999999433755875
1780294770.542276859,1780294770.542032719,0.0689999982714653
1780294770.565193653,1780294770.564176798,0.08299999684095383
1780294770.588051796,1780294770.586861849,0.08299999684095383
1780294770.609990597,1780294770.609748363,0.09799999743700027
1780294770.622160196,1780294770.621239662,0.11900000274181366
1780294770.645652056,1780294770.643764019,0.11900000274181366
1780294770.667733431,1780294770.667349815,0.13199999928474426
1780294770.680239439,1780294770.679231882,0.17800000309944153
1780294770.710104465,1780294770.708907127,0.17800000309944153
1780294770.723411798,1780294770.722997665,0.18400000035762787
1780294770.746210098,1780294770.745646238,0.20600000023841858
1780294770.767788410,1780294770.767204523,0.20600000023841858
1780294770.792097092,1780294770.791458607,0.22599999606609344
1780294770.803588629,1780294770.802954435,0.22599999606609344
1780294770.824773788,1780294770.824047565,0.2540000081062317
1780294770.849074125,1780294770.848693371,0.27399998903274536
1780294770.863072634,1780294770.862776995,0.27399998903274536
1780294770.884823322,1780294770.884512424,0.29899999499320984
1780294770.907773733,1780294770.907416344,0.31200000643730164
1780294770.923943281,1780294770.923454046,0.31200000643730164
1780294770.946055174,1780294770.945294619,0.3409999907016754
1780294770.970476866,1780294770.969800472,0.36899998784065247
1780294770.985692024,1780294770.985071421,0.36899998784065247
1780294771.007584333,1780294771.007336378,0.3880000114440918
1780294771.019784451,1780294771.019357204,0.41600000858306885
1780294771.042577982,1780294771.042376041,0.41600000858306885
1780294771.068846464,1780294771.065074444,0.4350000023841858
1780294771.087472916,1780294771.087229967,0.4350000023841858
1780294771.101566315,1780294771.099449635,0.460999995470047
1780294771.121697426,1780294771.121324301,0.4779999852180481
1780294771.144327879,1780294771.143170357,0.4779999852180481
1780294771.166082859,1780294771.165153265,0.5019999742507935
1780294771.179052353,1780294771.178728342,0.5070000290870667
1780294771.201882362,1780294771.201163769,0.5070000290870667
1780294771.225574970,1780294771.225208282,0.5320000052452087
1780294771.238665104,1780294771.238064766,0.5360000133514404
1780294771.260641575,1780294771.260214090,0.5360000133514404
1780294771.289332867,1780294771.283326626,0.5600000023841858
1780294771.308998346,1780294771.306699276,0.5659999847412109
1780294771.321294308,1780294771.321045399,0.5659999847412109
1780294771.344568253,1780294771.343447447,0.5799999833106995
1780294771.366347790,1780294771.366078377,0.5979999899864197
1780294771.388707399,1780294771.388424635,0.5979999899864197
1780294771.400513649,1780294771.400221825,0.6140000224113464
1780294771.427904844,1780294771.426989079,0.6140000224113464
1780294771.440011263,1780294771.439348221,0.6169999837875366
1780294771.462591410,1780294771.462027788,0.6240000128746033
1780294771.484900713,1780294771.484205484,0.6240000128746033
1780294771.507852077,1780294771.506820440,0.6290000081062317
1780294771.529039383,1780294771.528610706,0.6290000081062317
1780294771.542580366,1780294771.542257786,0.6290000081062317
1780294771.565206528,1780294771.564504385,0.6399999856948853
1780294771.588784218,1780294771.588259935,0.652999997138977
1780294771.600658655,1780294771.600251198,0.652999997138977
1780294771.625097275,1780294771.623624563,0.6639999747276306
1780294771.647550583,1780294771.645943165,0.6679999828338623
1780294771.660134792,1780294771.658408880,0.6679999828338623
1780294771.683492422,1780294771.681186676,0.671999990940094
1780294771.711509943,1780294771.709350348,0.671999990940094
1780294771.723062038,1780294771.721357584,0.6759999990463257
1780294771.743929386,1780294771.743261576,0.671999990940094
1780294771.773059368,1780294771.767422676,0.671999990940094
1780294771.780158281,1780294771.779276133,0.6769999861717224
1780294771.810570002,1780294771.803015947,0.6869999766349792
1780294771.829183102,1780294771.828745842,0.6869999766349792
1780294771.841236830,1780294771.840615273,0.6930000185966492
1780294771.864279985,1780294771.862179518,0.699999988079071
1780294771.885030270,1780294771.884372473,0.699999988079071
1780294771.907930136,1780294771.907120228,0.7059999704360962
1780294771.919669628,1780294771.919180632,0.7059999704360962
1780294771.946647644,1780294771.942395449,0.7210000157356262
1780294771.968574524,1780294771.967258453,0.718999981880188
1780294771.982430220,1780294771.981643677,0.718999981880188
1780294772.006021023,1780294772.004665852,0.7360000014305115
1780294772.031186581,1780294772.027719736,0.7419999837875366
1780294772.039869308,1780294772.039034128,0.7419999837875366
1780294772.065237522,1780294772.061268091,0.7419999837875366
1780294772.085886002,1780294772.083329916,0.7540000081062317
1780294772.106831789,1780294772.105436563,0.7540000081062317
1780294772.121834040,1780294772.121043682,0.7710000276565552
1780294772.146881104,1780294772.144593716,0.7799999713897705
1780294772.169658899,1780294772.168991804,0.7799999713897705
1780294772.184325695,1780294772.183857203,0.7910000085830688
1780294772.214713097,1780294772.207383394,0.8029999732971191
1780294772.223457336,1780294772.222911358,0.8029999732971191
1780294772.247038841,1780294772.245992899,0.8190000057220459
1780294772.259513140,1780294772.259010315,0.8190000057220459
1780294772.282828808,1780294772.281738281,0.8399999737739563
1780294772.305794239,1780294772.304591179,0.8529999852180481
1780294772.327685118,1780294772.326488256,0.8529999852180481
1780294772.340229750,1780294772.339627743,0.8840000033378601
1780294772.363666058,1780294772.361181498,0.8970000147819519
1780294772.386369228,1780294772.385689259,0.8970000147819519
1780294772.411318064,1780294772.408623457,0.925000011920929
1780294772.422564268,1780294772.421670675,0.9380000233650208
1780294772.445210695,1780294772.444635630,0.9380000233650208
1780294772.468715906,1780294772.468424559,0.953000009059906
1780294772.480690479,1780294772.480262756,0.9599999785423279
1780294772.503477812,1780294772.502952814,0.9599999785423279
1780294772.525640011,1780294772.525368929,0.9670000076293945
1780294772.547848701,1780294772.547652245,0.9670000076293945
1780294772.559164762,1780294772.558956385,0.9860000014305115
1780294772.582234383,1780294772.581061602,1.0240000486373901
1780294772.603653908,1780294772.603364706,1.0240000486373901
1780294772.626135349,1780294772.625293016,1.0520000457763672
1780294772.647696257,1780294772.647438765,1.0740000009536743
1780294772.659877300,1780294772.659124374,1.0740000009536743
1780294772.682325602,1780294772.681773186,1.1030000448226929
1780294772.704600573,1780294772.704149008,1.1150000095367432
1780294772.728201628,1780294772.726477385,1.1150000095367432
1780294772.748442411,1780294772.748172283,1.1230000257492065
1780294772.760473967,1780294772.760053396,1.128000020980835
1780294772.782413960,1780294772.782138348,1.128000020980835
1780294772.815716267,1780294772.815343618,1.1319999694824219
1780294772.828678370,1780294772.828197718,1.1319999694824219
1780294772.850672245,1780294772.850008965,1.128999948501587
1780294772.863159895,1780294772.862013817,1.1469999551773071
1780294772.884505510,1780294772.884165049,1.1469999551773071
1780294772.908024073,1780294772.907130718,1.1660000085830688
1780294772.921970367,1780294772.919357538,1.187999963760376
1780294772.945600033,1780294772.945008278,1.187999963760376
1780294772.968228579,1780294772.967914343,1.187000036239624
1780294772.979487419,1780294772.979119301,1.194000005722046
1780294773.004165649,1780294773.003759384,1.194000005722046
1780294773.029441118,1780294773.029155970,1.1770000457763672
1780294773.042098999,1780294773.041771173,1.1770000457763672
1780294773.068158627,1780294773.067913532,1.1799999475479126
1780294773.080597401,1780294773.080251217,1.1790000200271606
1780294773.100303411,1780294773.099840879,1.1790000200271606
1780294773.129621267,1780294773.129138231,1.1970000267028809
1780294773.147171021,1780294773.146286726,1.194000005722046
1780294773.160845518,1780294773.160353184,1.194000005722046
1780294773.187988520,1780294773.187112570,1.2020000219345093
1780294773.200995684,1780294773.200487852,1.2000000476837158
1780294773.223749399,1780294773.223504305,1.2000000476837158
1780294773.246264219,1780294773.246030569,1.1959999799728394
1780294773.259521961,1780294773.259224653,1.187999963760376
1780294773.283086777,1780294773.282817125,1.187999963760376
1780294773.313464403,1780294773.304130554,1.184999942779541
1780294773.326568604,1780294773.326295853,1.184999942779541
1780294773.338851213,1780294773.338544369,1.187000036239624
1780294773.362412691,1780294773.361215591,1.1859999895095825
1780294773.383654356,1780294773.383136988,1.1859999895095825
1780294773.405650139,1780294773.405267477,1.2050000429153442
1780294773.427600384,1780294773.427247763,1.2020000219345093
1780294773.439327955,1780294773.438925028,1.2020000219345093
1780294773.462180614,1780294773.461112261,1.1970000267028809
1780294773.485154390,1780294773.483963490,1.187000036239624
1780294773.507051468,1780294773.506371737,1.187000036239624
1780294773.518257380,1780294773.517902374,1.184999942779541
1780294773.541673899,1780294773.541221857,1.184999942779541
1780294773.565570831,1780294773.563757658,1.180999994277954
1780294773.587696552,1780294773.586666584,1.190999984741211
1780294773.599395275,1780294773.598263025,1.190999984741211
1780294773.631237268,1780294773.630440474,1.2020000219345093
1780294773.642972708,1780294773.642281294,1.187000036239624
1780294773.664963722,1780294773.664605141,1.187000036239624
1780294773.691105843,1780294773.687916994,1.1859999895095825
1780294773.703266144,1780294773.702717066,1.1790000200271606
1780294773.726087093,1780294773.725737572,1.1790000200271606
1780294773.748970270,1780294773.748205900,1.1820000410079956
1780294773.760909081,1780294773.760093927,1.1829999685287476
1780294773.783703089,1780294773.782035828,1.1829999685287476
1780294773.805318356,1780294773.804887295,1.1920000314712524
1780294773.821174383,1780294773.820695400,1.1920000314712524
1780294773.844533205,1780294773.843897104,1.2029999494552612
1780294773.867412806,1780294773.866635561,1.2109999656677246
1780294773.878653288,1780294773.877917290,1.2109999656677246
1780294773.903190613,1780294773.900462389,1.2029999494552612
1780294773.923079729,1780294773.922847748,1.2050000429153442
1780294773.944277287,1780294773.944011211,1.2050000429153442
1780294773.967701197,1780294773.967287779,1.215999960899353
1780294773.979696274,1780294773.979353428,1.225000023841858
1780294774.001734734,1780294774.001242876,1.225000023841858
1780294774.026857376,1780294774.024208069,1.246999979019165
1780294774.047902346,1780294774.046204329,1.246999979019165
1780294774.069607496,1780294774.068332672,1.2569999694824219
1780294774.082092762,1780294774.080222368,1.2669999599456787
1780294774.106830120,1780294774.104623079,1.2669999599456787
1780294774.127097130,1780294774.126795292,1.284999966621399
1780294774.148910522,1780294774.148246765,1.2910000085830688
1780294774.160514832,1780294774.160020113,1.2910000085830688
1780294774.182426929,1780294774.182176352,1.3009999990463257
1780294774.205706120,1780294774.205196619,1.3170000314712524
1780294774.228119850,1780294774.227482796,1.3170000314712524
1780294774.239510536,1780294774.238945007,1.3350000381469727
1780294774.265627146,1780294774.261988640,1.3389999866485596
1780294774.285308123,1780294774.285022736,1.3389999866485596
1780294774.307554245,1780294774.307025909,1.3459999561309814
1780294774.325768471,1780294774.324063540,1.3459999561309814
1780294774.347866774,1780294774.347123623,1.3609999418258667
1780294774.359524727,1780294774.359062672,1.3930000066757202
1780294774.381992340,1780294774.381410122,1.3930000066757202
1780294774.406331539,1780294774.405778646,1.4329999685287476
1780294774.427680254,1780294774.426938295,1.4429999589920044
1780294774.440063238,1780294774.439601183,1.4429999589920044
1780294774.462559700,1780294774.461645365,1.4529999494552612
1780294774.485915184,1780294774.485348701,1.4589999914169312
1780294774.507743120,1780294774.507288933,1.4589999914169312
1780294774.521646261,1780294774.520876169,1.475000023841858
1780294774.544202805,1780294774.543845892,1.475000023841858
1780294774.566983938,1780294774.566660166,1.4830000400543213
1780294774.589060068,1780294774.588723898,1.5110000371932983
1780294774.605373383,1780294774.601321697,1.5110000371932983
1780294774.625029087,1780294774.624801874,1.527999997138977
1780294774.646519661,1780294774.646134853,1.555999994277954
1780294774.669465542,1780294774.668212891,1.555999994277954
1780294774.683173418,1780294774.680553913,1.562000036239624
1780294774.702892065,1780294774.702570677,1.562999963760376
1780294774.724996567,1780294774.724123240,1.562999963760376
1780294774.747524738,1780294774.747276306,1.5670000314712524
1780294774.760367155,1780294774.760111570,1.5770000219345093
1780294774.788092613,1780294774.782181025,1.5770000219345093
1780294774.806258202,1780294774.804583073,1.6069999933242798
1780294774.831876993,1780294774.831061125,1.6069999933242798
1780294774.845530748,1780294774.843855619,1.628999948501587
1780294774.867319822,1780294774.866240978,1.652999997138977
1780294774.888741255,1780294774.888192892,1.652999997138977
1780294774.900775433,1780294774.900375366,1.6469999551773071
1780294774.923998594,1780294774.923680544,1.628000020980835
1780294774.947199821,1780294774.946413517,1.628000020980835
1780294774.958735466,1780294774.958075523,1.6260000467300415
1780294774.980326414,1780294774.980102777,1.6430000066757202
1780294775.003042698,1780294775.002533197,1.6430000066757202
1780294775.024811983,1780294775.024534941,1.6799999475479126
1780294775.046754599,1780294775.046400547,1.6799999475479126
1780294775.069091320,1780294775.068578482,1.6959999799728394
1780294775.080468893,1780294775.080051899,1.7089999914169312
1780294775.104662895,1780294775.103237867,1.7089999914169312
1780294775.126865625,1780294775.126058817,1.7100000381469727
1780294775.139281511,1780294775.138417244,1.7100000381469727
1780294775.163405657,1780294775.162052155,1.7100000381469727
1780294775.186019659,1780294775.184556961,1.7130000591278076
1780294775.207198143,1780294775.206557989,1.718999981880188
1780294775.230125904,1780294775.227965832,1.718999981880188
1780294775.242923021,1780294775.241668701,1.7359999418258667
1780294775.264023066,1780294775.263217688,1.7419999837875366
1780294775.287812471,1780294775.285254955,1.7419999837875366
1780294775.308491468,1780294775.306983471,1.7300000190734863
1780294775.320243359,1780294775.318930626,1.7300000190734863
1780294775.345441818,1780294775.345074892,1.7200000286102295
1780294775.369117260,1780294775.368539095,1.6979999542236328
1780294775.382854700,1780294775.380630732,1.6979999542236328
1780294775.403606415,1780294775.402935028,1.6979999542236328
1780294775.425290585,1780294775.424921513,1.6979999542236328
1780294775.448679686,1780294775.447753191,1.6979999542236328
1780294775.460143805,1780294775.459259272,1.7200000286102295
1780294775.482289314,1780294775.481351614,1.7209999561309814
1780294775.504577160,1780294775.504008293,1.7209999561309814
1780294775.527098656,1780294775.526240587,1.7130000591278076
1780294775.548983574,1780294775.548348188,1.7130000591278076
1780294775.560389519,1780294775.560033798,1.7000000476837158
1780294775.583223104,1780294775.582906485,1.687000036239624
1780294775.605628490,1780294775.605084419,1.687000036239624
1780294775.622106791,1780294775.619842291,1.690000057220459
1780294775.642573595,1780294775.642137766,1.6859999895095825
1780294775.664926767,1780294775.663950443,1.6859999895095825
1780294775.686624289,1780294775.685899496,1.6859999895095825
1780294775.709683418,1780294775.709258318,1.6679999828338623
1780294775.723016739,1780294775.722725153,1.6679999828338623
1780294775.745165348,1780294775.744596720,1.656000018119812
1780294775.768983603,1780294775.768237591,1.656999945640564
1780294775.783299208,1780294775.780969381,1.656999945640564
1780294775.805403948,1780294775.804352045,1.659000039100647
1780294775.839754105,1780294775.838603735,1.659000039100647
1780294775.842221260,1780294775.841349840,1.6629999876022339
1780294775.864076138,1780294775.863428354,1.6710000038146973
1780294775.887377024,1780294775.885354757,1.6710000038146973
1780294775.908540726,1780294775.907030344,1.6729999780654907
1780294775.920782089,1780294775.919223547,1.6749999523162842
1780294775.942937613,1780294775.941107988,1.6749999523162842
1780294775.964078903,1780294775.963253736,1.6710000038146973
1780294775.986384153,1780294775.985915184,1.6660000085830688
1780294776.009372950,1780294776.008323669,1.6660000085830688
1780294776.020873547,1780294776.020215988,1.6699999570846558
1780294776.043481827,1780294776.042671919,1.6699999570846558
1780294776.065821409,1780294776.064234495,1.6660000085830688
1780294776.088749170,1780294776.086732864,1.6480000019073486
1780294776.101912498,1780294776.099164486,1.6480000019073486
1780294776.122904539,1780294776.121442795,1.6449999809265137
1780294776.143465757,1780294776.143178463,1.6369999647140503
1780294776.167140722,1780294776.166323662,1.6369999647140503
1780294776.188556671,1780294776.188106298,1.6399999856948853
1780294776.201851845,1780294776.200377703,1.6390000581741333
1780294776.222794771,1780294776.222469807,1.6390000581741333
1780294776.245870590,1780294776.243929386,1.61899995803833
1780294776.268103123,1780294776.266857386,1.6139999628067017
1780294776.289232254,1780294776.288918734,1.6139999628067017
1780294776.303395271,1780294776.302138805,1.6050000190734863
1780294776.327964306,1780294776.327280521,1.6050000190734863
1780294776.339260101,1780294776.338767767,1.6050000190734863
1780294776.362476349,1780294776.361062050,1.6019999980926514
1780294776.384819746,1780294776.382930756,1.6019999980926514
1780294776.406334162,1780294776.404990911,1.5980000495910645
1780294776.428551435,1780294776.428107023,1.597000002861023
1780294776.442682505,1780294776.440152168,1.597000002861023
1780294776.462989092,1780294776.462158203,1.5959999561309814
1780294776.485025644,1780294776.484599829,1.593999981880188
1780294776.507434845,1780294776.507091284,1.593999981880188
1780294776.520329475,1780294776.518946886,1.590999960899353
1780294776.544353724,1780294776.541182756,1.590999960899353
1780294776.564606905,1780294776.563158751,1.5859999656677246
1780294776.587338686,1780294776.585073948,1.5850000381469727
1780294776.611399889,1780294776.609047413,1.5850000381469727
1780294776.621559143,1780294776.621042252,1.5809999704360962
1780294776.644642830,1780294776.644194841,1.5850000381469727
1780294776.667055845,1780294776.666582346,1.5850000381469727
1780294776.681221962,1780294776.679605961,1.5829999446868896
1780294776.702746391,1780294776.701806545,1.5750000476837158
1780294776.728292227,1780294776.727935553,1.5750000476837158
1780294776.740911484,1780294776.740118504,1.569000005722046
1780294776.763749838,1780294776.761947632,1.569000005722046
1780294776.786014557,1780294776.784873009,1.5579999685287476
1780294776.808082819,1780294776.807003498,1.5290000438690186
1780294776.822934628,1780294776.821653843,1.5290000438690186
1780294776.850126982,1780294776.849407911,1.5160000324249268
1780294776.862159014,1780294776.861388683,1.5180000066757202
1780294776.884450674,1780294776.883682013,1.5180000066757202
1780294776.906038046,1780294776.905398130,1.5240000486373901
1780294776.928429842,1780294776.927999258,1.5260000228881836
1780294776.941982985,1780294776.941151142,1.5260000228881836
1780294776.963294744,1780294776.963009596,1.5390000343322754
1780294776.986419201,1780294776.985655546,1.5379999876022339
1780294777.013647795,1780294777.007811546,1.5379999876022339
1780294777.027452469,1780294777.023804665,1.534000039100647
1780294777.047550678,1780294777.045944691,1.534000039100647
1780294777.068887949,1780294777.067868471,1.5329999923706055
1780294777.084926844,1780294777.079910040,1.531000018119812
1780294777.110145092,1780294777.102738857,1.531000018119812
1780294777.127370596,1780294777.125498295,1.5260000228881836
1780294777.149913311,1780294777.148792505,1.5210000276565552
1780294777.163204908,1780294777.162065744,1.5210000276565552
1780294777.185360670,1780294777.184601307,1.5
1780294777.209875822,1780294777.209388494,1.4780000448226929
1780294777.224095821,1780294777.223228216,1.4780000448226929
1780294777.247889519,1780294777.246812344,1.4359999895095825
1780294777.276170015,1780294777.274058104,1.4359999895095825
1780294777.286871433,1780294777.286299944,1.440999984741211
1780294777.301123381,1780294777.298910379,1.465999960899353
1780294777.323011875,1780294777.321941614,1.465999960899353
1780294777.353245735,1780294777.351054907,1.4839999675750732
1780294777.363243580,1780294777.363006592,1.5049999952316284
1780294777.387626648,1780294777.385396957,1.5049999952316284
1780294777.409533262,1780294777.407908678,1.5140000581741333
1780294777.420979261,1780294777.419950247,1.5069999694824219
1780294777.442176104,1780294777.441936970,1.5069999694824219
1780294777.464272976,1780294777.463873386,1.503000020980835
1780294777.487034321,1780294777.486201286,1.496999979019165
1780294777.511403799,1780294777.510291815,1.496999979019165
1780294777.523276806,1780294777.522343397,1.5140000581741333
1780294777.545994759,1780294777.543792009,1.5140000581741333
1780294777.566931486,1780294777.566402912,1.5180000066757202
1780294777.589191675,1780294777.587890148,1.5110000371932983
1780294777.600654364,1780294777.600208282,1.5110000371932983
1780294777.624123096,1780294777.623558283,1.4980000257492065
1780294777.649999619,1780294777.649149418,1.475000023841858
1780294777.661702394,1780294777.661257982,1.475000023841858
1780294777.684752226,1780294777.684420824,1.4709999561309814
1780294777.707915783,1780294777.706032038,1.4859999418258667
1780294777.720494270,1780294777.720063448,1.4859999418258667
1780294777.744460583,1780294777.744140863,1.49399995803833
1780294777.767109632,1780294777.766215801,1.4889999628067017
1780294777.790026665,1780294777.788214207,1.4889999628067017
1780294777.801107168,1780294777.800673485,1.465000033378601
1780294777.824496984,1780294777.823594093,1.465000033378601
1780294777.848622561,1780294777.848137856,1.4459999799728394
1780294777.863076925,1780294777.860725641,1.444000005722046
1780294777.888783216,1780294777.884946823,1.444000005722046
1780294777.910654306,1780294777.907175541,1.4539999961853027
1780294777.921447277,1780294777.920928001,1.4889999628067017
1780294777.943909883,1780294777.943395138,1.4889999628067017
1780294777.967869043,1780294777.967115402,1.49399995803833
1780294777.981755733,1780294777.980669498,1.5010000467300415
1780294778.003881931,1780294778.003376722,1.5010000467300415
1780294778.025677443,1780294778.025254011,1.4730000495910645
1780294778.047782183,1780294778.047464132,1.4730000495910645
1780294778.060486317,1780294778.059978485,1.4589999914169312
1780294778.083785772,1780294778.082745552,1.4459999799728394
1780294778.105971098,1780294778.105613232,1.4459999799728394
1780294778.123861790,1780294778.123491287,1.4470000267028809
1780294778.148211479,1780294778.146974087,1.468999981880188
1780294778.161275387,1780294778.160898924,1.468999981880188
1780294778.185038805,1780294778.183134317,1.472000002861023
1780294778.206816673,1780294778.206008673,1.4609999656677246
1780294778.229435205,1780294778.228734970,1.4609999656677246
1780294778.246905804,1780294778.242475748,1.444000005722046
1780294778.268850088,1780294778.266855955,1.4259999990463257
1780294778.279994965,1780294778.278839111,1.4259999990463257
1780294778.303456545,1780294778.301871061,1.4249999523162842
1780294778.325107098,1780294778.324584007,1.4249999523162842
1780294778.353313208,1780294778.350340843,1.4270000457763672
1780294778.364079952,1780294778.363168478,1.437000036239624
1780294778.388923168,1780294778.387925148,1.437000036239624
1780294778.411924601,1780294778.411097527,1.4320000410079956
1780294778.426666260,1780294778.424728394,1.4240000247955322
1780294778.454324961,1780294778.448351145,1.4240000247955322
1780294778.464553595,1780294778.459841967,1.4129999876022339
1780294778.484342575,1780294778.482227802,1.375
1780294778.505656004,1780294778.504062176,1.375
1780294778.526877880,1780294778.526160002,1.3680000305175781
1780294778.550388098,1780294778.548317671,1.3680000305175781
1780294778.563484430,1780294778.560092688,1.3619999885559082
1780294778.583215237,1780294778.582414865,1.3650000095367432
1780294778.605815172,1780294778.603916168,1.3650000095367432
1780294778.627763748,1780294778.625934124,1.3630000352859497
1780294778.650300264,1780294778.648754597,1.3559999465942383
1780294778.662171364,1780294778.661861897,1.3559999465942383
1780294778.685027361,1780294778.683997631,1.3480000495910645
1780294778.706569910,1780294778.706186056,1.340999960899353
1780294778.729302883,1780294778.729006290,1.340999960899353
1780294778.742952347,1780294778.741919756,1.3270000219345093
1780294778.764120102,1780294778.763872862,1.3240000009536743
1780294778.780211449,1780294778.779161692,1.3240000009536743
1780294778.801671267,1780294778.801386118,1.3170000314712524
1780294778.826472521,1780294778.824018478,1.3170000314712524
1780294778.846608639,1780294778.845948458,1.3070000410079956
1780294778.868251324,1780294778.867986202,1.2910000085830688
1780294778.880805969,1780294778.879961491,1.2910000085830688
1780294778.904330969,1780294778.903287888,1.2879999876022339
1780294778.925251961,1780294778.924801111,1.2799999713897705
1780294778.948449612,1780294778.946894169,1.2799999713897705
1780294778.962437391,1780294778.961205482,1.2799999713897705
1780294778.986850739,1780294778.984003305,1.2730000019073486
1780294779.006571770,1780294779.005931616,1.2730000019073486
1780294779.029921293,1780294779.028019905,1.2730000019073486
1780294779.041454792,1780294779.040132284,1.2730000019073486
1780294779.062824249,1780294779.061908722,1.2730000019073486
1780294779.085918903,1780294779.083863020,1.2599999904632568
1780294779.106554508,1780294779.106161118,1.2599999904632568
1780294779.119354248,1780294779.119059086,1.2510000467300415
1780294779.142299175,1780294779.141200066,1.2419999837875366
1780294779.166648388,1780294779.164668322,1.2419999837875366
1780294779.188174725,1780294779.186683655,1.2450000047683716
1780294779.200648785,1780294779.199569941,1.2359999418258667
1780294779.225788832,1780294779.222276449,1.2359999418258667
1780294779.244457722,1780294779.244046688,1.2209999561309814
1780294779.270399094,1780294779.268638372,1.2089999914169312
1780294779.281153440,1780294779.280825615,1.2089999914169312
1780294779.304572105,1780294779.304202318,1.2300000190734863
1780294779.326934099,1780294779.326493263,1.2300000190734863
1780294779.340841055,1780294779.340333223,1.2419999837875366
1780294779.363631487,1780294779.362773657,1.225000023841858
1780294779.385622740,1780294779.384856939,1.225000023841858
1780294779.414382219,1780294779.408764362,1.2050000429153442
1780294779.422742844,1780294779.420912504,1.187999963760376
1780294779.443811893,1780294779.442820787,1.187999963760376
1780294779.465300083,1780294779.464899302,1.1859999895095825
1780294779.488724232,1780294779.488115311,1.2309999465942383
1780294779.501378775,1780294779.500884533,1.2309999465942383
1780294779.524276018,1780294779.523737907,1.2380000352859497
1780294779.546518087,1780294779.545783520,1.2380000352859497
1780294779.568677187,1780294779.568145037,1.2330000400543213
1780294779.580595255,1780294779.579908609,1.2269999980926514
1780294779.602905512,1780294779.602317333,1.2269999980926514
1780294779.624517679,1780294779.624037981,1.225000023841858
1780294779.646024466,1780294779.645774364,1.2259999513626099
1780294779.668886185,1780294779.668112040,1.2259999513626099
1780294779.680397272,1780294779.680081129,1.2309999465942383
1780294779.703529358,1780294779.701824427,1.2170000076293945
1780294779.725347281,1780294779.724423409,1.2170000076293945
1780294779.747504234,1780294779.746081352,1.2170000076293945
1780294779.769724607,1780294779.768229961,1.225000023841858
1780294779.782150507,1780294779.780886412,1.225000023841858
1780294779.804928541,1780294779.803686619,1.2230000495910645
1780294779.827238321,1780294779.826137543,1.2230000495910645
1780294779.849680901,1780294779.848988771,1.2269999980926514
1780294779.865076065,1780294779.864063740,1.2269999980926514
1780294779.890392542,1780294779.889405251,1.2269999980926514
1780294779.903953791,1780294779.901947737,1.2280000448226929
1780294779.925023556,1780294779.924146175,1.2269999980926514
1780294779.946247339,1780294779.945833683,1.2269999980926514
1780294779.968845129,1780294779.968358278,1.2259999513626099
1780294779.980776548,1780294779.979978800,1.2059999704360962
1780294780.003927231,1780294780.003428936,1.2059999704360962
1780294780.026612282,1780294780.025374889,1.2029999494552612
1780294780.048805714,1780294780.048270464,1.2029999494552612
1780294780.060773134,1780294780.059980869,1.1959999799728394
1780294780.083173275,1780294780.082789421,1.184999942779541
1780294780.105760574,1780294780.105402708,1.184999942779541
1780294780.128630877,1780294780.128256321,1.1699999570846558
1780294780.140519619,1780294780.140202522,1.159999966621399
1780294780.163333893,1780294780.162584543,1.159999966621399
1780294780.184036970,1780294780.183805704,1.1660000085830688
1780294780.206407309,1780294780.206152678,1.1490000486373901
1780294780.228323221,1780294780.227991581,1.1490000486373901
1780294780.240203857,1780294780.239870787,1.1490000486373901
1780294780.262595177,1780294780.262058496,1.1410000324249268
1780294780.284422159,1780294780.284091473,1.1410000324249268
1780294780.306299686,1780294780.306008101,1.1349999904632568
1780294780.328441381,1780294780.328126669,1.1349999904632568
1780294780.345398426,1780294780.344952822,1.1319999694824219
1780294780.367242813,1780294780.366910696,1.1490000486373901
1780294780.392778873,1780294780.391804218,1.1490000486373901
1780294780.404633284,1780294780.404262066,1.1410000324249268
1780294780.427887917,1780294780.427238703,1.1299999952316284
1780294780.439674377,1780294780.439283848,1.1299999952316284
1780294780.461881399,1780294780.460909843,1.1059999465942383
1780294780.483858109,1780294780.483563900,1.090000033378601
1780294780.505141258,1780294780.504908323,1.090000033378601
1780294780.527646780,1780294780.527263641,1.0809999704360962
1780294780.548061848,1780294780.547628403,1.0809999704360962
1780294780.560439110,1780294780.560085773,1.0410000085830688
1780294780.582638979,1780294780.581982136,1.0219999551773071
1780294780.604450703,1780294780.603858948,1.0219999551773071
1780294780.626364708,1780294780.626144409,0.9900000095367432
1780294780.639523745,1780294780.639288425,0.9950000047683716
1780294780.661784887,1780294780.661335707,0.9950000047683716
1780294780.686779737,1780294780.686418295,0.9950000047683716
1780294780.699666739,1780294780.699330568,0.9729999899864197
1780294780.724124432,1780294780.723782539,0.9729999899864197
1780294780.747485638,1780294780.746249199,0.9580000042915344
1780294780.760619640,1780294780.760028839,0.9200000166893005
1780294780.782823563,1780294780.781953812,0.9200000166893005
1780294780.804820061,1780294780.803962231,0.9139999747276306
1780294780.826722383,1780294780.825766087,0.9139999747276306
1780294780.842931032,1780294780.840971231,0.8960000276565552
1780294780.866441727,1780294780.864114285,0.8840000033378601
1780294780.887916565,1780294780.886411667,0.8840000033378601
1780294780.900084496,1780294780.899469614,0.8610000014305115
1780294780.924020767,1780294780.922781229,0.8230000138282776
1780294780.945754766,1780294780.945002079,0.8230000138282776
1780294780.965032339,1780294780.964509726,0.8109999895095825
1780294780.988325596,1780294780.986770630,0.8130000233650208
1780294781.001064062,1780294780.999222040,0.8130000233650208
1780294781.023040295,1780294781.021224976,0.8050000071525574
1780294781.044412851,1780294781.043165207,0.8050000071525574
1780294781.065346479,1780294781.064910889,0.800000011920929
1780294781.089133978,1780294781.088260174,0.7850000262260437
1780294781.104063272,1780294781.102276087,0.7850000262260437
1780294781.126407623,1780294781.124884367,0.7609999775886536
1780294781.148601770,1780294781.148189545,0.7379999756813049
1780294781.163678169,1780294781.162128448,0.7379999756813049
1780294781.185683012,1780294781.184823036,0.7390000224113464
1780294781.208478212,1780294781.207431316,0.7329999804496765
1780294781.219964266,1780294781.219153643,0.7329999804496765
1780294781.243000507,1780294781.242020845,0.7279999852180481
1780294781.267328978,1780294781.264348507,0.7289999723434448
1780294781.288207054,1780294781.287994623,0.7289999723434448
1780294781.313349724,1780294781.311698437,0.722000002861023
1780294781.325232506,1780294781.324732304,0.722000002861023
1780294781.347525835,1780294781.347187996,0.7210000157356262
1780294781.369651794,1780294781.369045258,0.722000002861023
1780294781.381742477,1780294781.381171942,0.722000002861023
1780294781.401259422,1780294781.401119709,0.7250000238418579
1780294781.427209139,1780294781.427037001,0.7200000286102295
1780294781.439207554,1780294781.438821793,0.7200000286102295
1780294781.461349010,1780294781.460988998,0.718999981880188
1780294781.487211227,1780294781.486088276,0.7160000205039978
1780294781.508206606,1780294781.507940054,0.7160000205039978
1780294781.521804333,1780294781.520427704,0.703000009059906
1780294781.543906689,1780294781.541930914,0.6650000214576721
1780294781.564607620,1780294781.564153433,0.6650000214576721
1780294781.586457253,1780294781.585831404,0.6570000052452087
1780294781.602885723,1780294781.599509239,0.6589999794960022
1780294781.623890400,1780294781.622027874,0.6589999794960022
1780294781.645076990,1780294781.644870281,0.6639999747276306
1780294781.668063641,1780294781.666795731,0.6639999747276306
1780294781.691635132,1780294781.689785719,0.652999997138977
1780294781.703411341,1780294781.701915026,0.6460000276565552
1780294781.724537611,1780294781.724035501,0.6460000276565552
1780294781.746996641,1780294781.746179819,0.652999997138977
1780294781.769018888,1780294781.768518925,0.6890000104904175
1780294781.781039715,1780294781.779812574,0.6890000104904175
1780294781.804604530,1780294781.804210901,0.7020000219345093
1780294781.826653004,1780294781.826055288,0.7149999737739563
1780294781.850893021,1780294781.848728180,0.7149999737739563
1780294781.863708258,1780294781.861699104,0.7110000252723694
1780294781.884815693,1780294781.884330273,0.7110000252723694
1780294781.907716036,1780294781.906991720,0.7110000252723694
1780294781.929173946,1780294781.928716898,0.7139999866485596
1780294781.942643881,1780294781.942046165,0.7139999866485596
1780294781.965312004,1780294781.964447260,0.7229999899864197
1780294781.986348391,1780294781.985770941,0.7289999723434448
1780294782.000497103,1780294781.999951124,0.7289999723434448
1780294782.024856091,1780294782.024529219,0.7509999871253967
1780294782.047700644,1780294782.047384262,0.7559999823570251
1780294782.069472790,1780294782.068707228,0.7559999823570251
1780294782.081153393,1780294782.080561399,0.7649999856948853
1780294782.104578257,1780294782.104320288,0.7829999923706055
1780294782.127632141,1780294782.126235247,0.7829999923706055
1780294782.148161650,1780294782.147912025,0.8009999990463257
1780294782.160848856,1780294782.160239458,0.8199999928474426
1780294782.182497740,1780294782.182182789,0.8199999928474426
1780294782.203988552,1780294782.203683853,0.8349999785423279
1780294782.226639271,1780294782.226252556,0.8529999852180481
1780294782.241034269,1780294782.240570307,0.8529999852180481
1780294782.266090393,1780294782.263936281,0.8669999837875366
1780294782.290444374,1780294782.288374901,0.8669999837875366
1780294782.301954746,1780294782.301680326,0.8799999952316284
1780294782.327232122,1780294782.324798346,0.8820000290870667
1780294782.349013329,1780294782.348085880,0.8820000290870667
1780294782.360752821,1780294782.360478640,0.9010000228881836
1780294782.382595301,1780294782.382117271,0.9160000085830688
1780294782.414714336,1780294782.413895369,0.9160000085830688
1780294782.427249432,1780294782.426380634,0.9300000071525574
1780294782.455889225,1780294782.449545383,0.9599999785423279
1780294782.461628199,1780294782.461123705,0.9599999785423279
1780294782.483639479,1780294782.482697964,0.9700000286102295
1780294782.507560968,1780294782.504954100,0.9810000061988831
1780294782.528911829,1780294782.527214527,0.9810000061988831
1780294782.539280176,1780294782.538809776,0.9810000061988831
1780294782.562603235,1780294782.561886549,0.9810000061988831
1780294782.584961653,1780294782.584409952,0.9890000224113464
1780294782.609302282,1780294782.607726812,0.9950000047683716
1780294782.620269775,1780294782.619757652,0.9950000047683716
1780294782.645527840,1780294782.643923521,1.0210000276565552
1780294782.666990757,1780294782.665778160,1.0399999618530273
1780294782.692039967,1780294782.688380003,1.0399999618530273
1780294782.701598167,1780294782.700832844,1.0540000200271606
1780294782.723701477,1780294782.723327637,1.059999942779541
1780294782.747338295,1780294782.746786118,1.059999942779541
1780294782.760249138,1780294782.759936810,1.0609999895095825
1780294782.784699678,1780294782.783833027,1.0609999895095825
1780294782.813463211,1780294782.806426525,1.062999963760376
1780294782.829188108,1780294782.828136921,1.059999942779541
1780294782.840316772,1780294782.839980602,1.059999942779541
1780294782.862605572,1780294782.862239361,1.062999963760376
1780294782.885066032,1780294782.884527922,1.0640000104904175
1780294782.906777620,1780294782.905955315,1.0640000104904175
1780294782.929475546,1780294782.928892374,1.0679999589920044
1780294782.943822145,1780294782.942960978,1.0740000009536743
1780294782.966097355,1780294782.965237617,1.0740000009536743
1780294782.986870050,1780294782.986610651,1.0959999561309814
1780294782.999638796,1780294782.998925686,1.1030000448226929
1780294783.024704218,1780294783.023906469,1.1030000448226929
1780294783.049396515,1780294783.049001455,1.1030000448226929
1780294783.061752319,1780294783.061545134,1.1030000448226929
1780294783.084614277,1780294783.084198952,1.0920000076293945
1780294783.106247425,1780294783.105778933,1.090000033378601
1780294783.128594875,1780294783.127879381,1.090000033378601
1780294783.140470028,1780294783.139757395,1.0950000286102295
1780294783.162238121,1780294783.161699295,1.0950000286102295
1780294783.184570789,1780294783.184134722,1.0950000286102295
1780294783.207081795,1780294783.206110001,1.121000051498413
1780294783.227937460,1780294783.227676153,1.1260000467300415
1780294783.241825104,1780294783.239731312,1.1260000467300415
1780294783.265123844,1780294783.262371778,1.125
1780294783.286053419,1780294783.284294128,1.125
1780294783.307904720,1780294783.306288481,1.097000002861023
1780294783.328659058,1780294783.328435183,1.1069999933242798
1780294783.342998743,1780294783.341438055,1.1069999933242798
1780294783.366686344,1780294783.362858772,1.1130000352859497
1780294783.385413885,1780294783.384825468,1.1119999885559082
1780294783.409186125,1780294783.408835888,1.1119999885559082
1780294783.425053120,1780294783.424088240,1.11899995803833
1780294783.447012186,1780294783.446318626,1.125
1780294783.468890429,1780294783.467982292,1.125
1780294783.481663704,1780294783.479879141,1.1319999694824219
1780294783.502675772,1780294783.501719475,1.1460000276565552
1780294783.526998520,1780294783.523807764,1.1460000276565552
1780294783.547032118,1780294783.545801640,1.1399999856948853
1780294783.569198370,1780294783.568112612,1.1399999856948853
1780294783.580008507,1780294783.579777479,1.1629999876022339
1780294783.603762150,1780294783.601840734,1.1549999713897705
1780294783.624662399,1780294783.623846054,1.1549999713897705
1780294783.647298336,1780294783.645842791,1.1649999618530273
1780294783.669172049,1780294783.667815447,1.1749999523162842
1780294783.680770874,1780294783.679791451,1.1749999523162842
1780294783.705320358,1780294783.703011990,1.184999942779541
1780294783.726245880,1780294783.725473166,1.184999942779541
1780294783.748627663,1780294783.747668743,1.184999942779541
1780294783.763266087,1780294783.760650396,1.187999963760376
1780294783.785252810,1780294783.784737349,1.187999963760376
1780294783.801575422,1780294783.799780369,1.2039999961853027
1780294783.822588444,1780294783.821639776,1.215000033378601
1780294783.844886065,1780294783.844057322,1.215000033378601
1780294783.867523432,1780294783.867208719,1.2300000190734863
1780294783.879849672,1780294783.879402637,1.2300000190734863
1780294783.903995752,1780294783.901762247,1.2300000190734863
1780294783.928535223,1780294783.927356720,1.2170000076293945
1780294783.940518618,1780294783.940044641,1.222000002861023
1780294783.966025352,1780294783.963497162,1.222000002861023
1780294783.987145185,1780294783.985791683,1.2369999885559082
1780294784.009004831,1780294784.007665634,1.2730000019073486
1780294784.019942045,1780294784.019671679,1.2730000019073486
1780294784.042283058,1780294784.041717291,1.2740000486373901
1780294784.064058304,1780294784.063629150,1.2740000486373901
1780294784.091014624,1780294784.085782051,1.2710000276565552
1780294784.109463215,1780294784.109033108,1.2649999856948853
1780294784.121822596,1780294784.120792150,1.2649999856948853
1780294784.143247366,1780294784.142990828,1.2589999437332153
1780294784.167815208,1780294784.166978598,1.2569999694824219
1780294784.182411671,1780294784.182138920,1.2569999694824219
1780294784.210639000,1780294784.205208063,1.25600004196167
1780294784.227902412,1780294784.227133274,1.2630000114440918
1780294784.238966703,1780294784.238590479,1.2630000114440918
1780294784.261792898,1780294784.261606216,1.2890000343322754
1780294784.284751654,1780294784.284005880,1.2890000343322754
1780294784.307562113,1780294784.305878878,1.3009999990463257
1780294784.328505754,1780294784.327931166,1.2970000505447388
1780294784.341655731,1780294784.340726376,1.2970000505447388
1780294784.363059521,1780294784.362814188,1.2790000438690186
1780294784.384940386,1780294784.384613037,1.2760000228881836
1780294784.408822536,1780294784.408180952,1.2760000228881836
1780294784.420826197,1780294784.419879675,1.2890000343322754
1780294784.444146872,1780294784.443562031,1.2960000038146973
1780294784.468473673,1780294784.467092991,1.2960000038146973
1780294784.481353760,1780294784.479498863,1.319000005722046
1780294784.502464056,1780294784.501813412,1.3229999542236328
1780294784.524553061,1780294784.524012327,1.3229999542236328
1780294784.546895742,1780294784.545699358,1.3209999799728394
1780294784.559935808,1780294784.559025049,1.3209999799728394
1780294784.582120657,1780294784.580728531,1.2949999570846558
1780294784.603365898,1780294784.603075743,1.2879999876022339
1780294784.625181198,1780294784.624742031,1.2879999876022339
1780294784.647962570,1780294784.647160530,1.2899999618530273
1780294784.659717083,1780294784.658801794,1.2949999570846558
1780294784.683347225,1780294784.682916164,1.2949999570846558
1780294784.707310200,1780294784.706798315,1.315999984741211
1780294784.723345041,1780294784.722641945,1.3220000267028809
1780294784.749116421,1780294784.747101784,1.3220000267028809
1780294784.771844864,1780294784.770541430,1.3270000219345093
1780294784.788508892,1780294784.783875704,1.3270000219345093
1780294784.808554888,1780294784.806203127,1.3020000457763672
1780294784.830429077,1780294784.829022408,1.2970000505447388
1780294784.842378378,1780294784.840826273,1.2970000505447388
1780294784.867068768,1780294784.866413116,1.3020000457763672
1780294784.880459309,1780294784.879312038,1.3070000410079956
1780294784.904468775,1780294784.903426170,1.3070000410079956
1780294784.919275999,1780294784.918699980,1.3220000267028809
1780294784.943922997,1780294784.941850662,1.3240000009536743
1780294784.965582371,1780294784.964992523,1.3240000009536743
1780294784.988139391,1780294784.987708807,1.3240000009536743
1780294785.003182173,1780294785.001030684,1.319000005722046
1780294785.024493217,1780294785.023888826,1.319000005722046
1780294785.047294140,1780294785.046729088,1.309999942779541
1780294785.060672045,1780294785.059636116,1.309999942779541
1780294785.085512877,1780294785.082501411,1.305999994277954
1780294785.107371569,1780294785.106651783,1.3070000410079956
1780294785.124342442,1780294785.123127699,1.3070000410079956
1780294785.146692753,1780294785.145943642,1.3070000410079956
1780294785.169230700,1780294785.168383837,1.309999942779541
1780294785.182115555,1780294785.181137323,1.309999942779541
1780294785.205257416,1780294785.204108238,1.312000036239624
1780294785.229794264,1780294785.228680134,1.309999942779541
1780294785.241394043,1780294785.240599632,1.309999942779541
1780294785.263381243,1780294785.262664080,1.2990000247955322
1780294785.285597324,1780294785.285324335,1.2990000247955322
1780294785.299852371,1780294785.299556255,1.2910000085830688
1780294785.325075626,1780294785.324428797,1.3009999990463257
1780294785.347606659,1780294785.347133160,1.3009999990463257
1780294785.368870020,1780294785.368575335,1.3220000267028809
1780294785.381081343,1780294785.380762100,1.3240000009536743
1780294785.404987335,1780294785.403901100,1.3240000009536743
1780294785.427232027,1780294785.426664114,1.3329999446868896
1780294785.448444605,1780294785.442231178,1.3279999494552612
1780294785.466146708,1780294785.464383364,1.3279999494552612
1780294785.487458229,1780294785.487118721,1.3179999589920044
1780294785.501283646,1780294785.499088526,1.312999963760376
1780294785.523323298,1780294785.523074627,1.312999963760376
1780294785.545381784,1780294785.544940710,1.3079999685287476
1780294785.567070484,1780294785.566812992,1.3079999685287476
1780294785.579740763,1780294785.579429626,1.3079999685287476
1780294785.603785753,1780294785.601706028,1.3079999685287476
1780294785.624640942,1780294785.624255896,1.3079999685287476
1780294785.645841837,1780294785.645568371,1.2949999570846558
1780294785.668049335,1780294785.667788982,1.284999966621399
1780294785.680212498,1780294785.679931402,1.284999966621399
1780294785.702963591,1780294785.702677011,1.2869999408721924
1780294785.725335598,1780294785.724873781,1.3009999990463257
1780294785.747606277,1780294785.746659994,1.3009999990463257
1780294785.759537697,1780294785.758699656,1.315999984741211
1780294785.782122850,1780294785.781816483,1.315999984741211
1780294785.804477215,1780294785.803482294,1.3229999542236328
1780294785.827120781,1780294785.826801538,1.3350000381469727
1780294785.840553045,1780294785.839679480,1.3350000381469727
1780294785.863928795,1780294785.862014532,1.3530000448226929
1780294785.885058403,1780294785.884707451,1.3569999933242798
1780294785.909317017,1780294785.906543732,1.3569999933242798
1780294785.921012878,1780294785.920554161,1.343999981880188
1780294785.946388006,1780294785.945926428,1.340000033378601
1780294785.968080282,1780294785.967797756,1.340000033378601
1780294785.980004549,1780294785.979656935,1.3300000429153442
1780294786.006228924,1780294786.001810074,1.343999981880188
1780294786.025200129,1780294786.024958611,1.343999981880188
1780294786.047395229,1780294786.046940565,1.3569999933242798
1780294786.061285019,1780294786.060948610,1.3569999933242798
1780294786.085074425,1780294786.083887815,1.3589999675750732
1780294786.109469891,1780294786.106014252,1.3669999837875366
1780294786.120985031,1780294786.118815660,1.3669999837875366
1780294786.141861200,1780294786.140613794,1.3589999675750732
1780294786.167000532,1780294786.162725210,1.3380000591278076
1780294786.186188221,1780294786.185932636,1.3380000591278076
1780294786.209729195,1780294786.207674026,1.3279999494552612
1780294786.222174168,1780294786.221542358,1.3309999704360962
1780294786.244465351,1780294786.244134903,1.3309999704360962
1780294786.267031431,1780294786.266582966,1.340000033378601
1780294786.279105425,1780294786.278655529,1.340000033378601
1780294786.302839756,1780294786.302161455,1.3519999980926514
1780294786.328253269,1780294786.326848269,1.3630000352859497
1780294786.339267254,1780294786.338955402,1.3630000352859497
1780294786.361028910,1780294786.360708475,1.3680000305175781
1780294786.383922338,1780294786.383694410,1.3799999952316284
1780294786.406416178,1780294786.406140804,1.3799999952316284
1780294786.422435522,1780294786.422172070,1.38100004196167
1780294786.447115898,1780294786.446201563,1.3630000352859497
1780294786.464121103,1780294786.463703394,1.3630000352859497
1780294786.486585855,1780294786.486034393,1.3420000076293945
1780294786.503322840,1780294786.502836943,1.340999960899353
1780294786.526038647,1780294786.525420666,1.340999960899353
1780294786.541449547,1780294786.541279793,1.3380000591278076
1780294786.564531088,1780294786.562834263,1.3380000591278076
1780294786.586557865,1780294786.586305857,1.340999960899353
1780294786.609997749,1780294786.609760761,1.3380000591278076
1780294786.624330044,1780294786.623838663,1.3380000591278076
1780294786.648058414,1780294786.647684574,1.3359999656677246
1780294786.660373449,1780294786.659804344,1.3300000429153442
1780294786.684952974,1780294786.682355165,1.3300000429153442
1780294786.708484650,1780294786.707397938,1.3339999914169312
1780294786.720555067,1780294786.719894886,1.3329999446868896
1780294786.742077351,1780294786.741508722,1.3329999446868896
1780294786.765244484,1780294786.763626099,1.3270000219345093
1780294786.786265612,1780294786.785919428,1.3270000219345093
1780294786.808617830,1780294786.808228970,1.3289999961853027
1780294786.823349714,1780294786.822877169,1.3140000104904175
1780294786.850705624,1780294786.849951029,1.3140000104904175
1780294786.867298841,1780294786.862128735,1.3049999475479126
1780294786.889253378,1780294786.884265661,1.2899999618530273
1780294786.906990051,1780294786.906679630,1.2899999618530273
1780294786.919517279,1780294786.919277668,1.2899999618530273
1780294786.942743778,1780294786.942500353,1.2829999923706055
1780294786.966041565,1780294786.965178013,1.2829999923706055
1780294786.989084959,1780294786.988041639,1.2740000486373901
1780294787.003892183,1780294787.000846863,1.2669999599456787
1780294787.023470640,1780294787.022952557,1.2669999599456787
1780294787.046252728,1780294787.045766830,1.2619999647140503
1780294787.071508169,1780294787.068557262,1.2619999647140503
1780294787.085061789,1780294787.081291437,1.2569999694824219
1780294787.106230497,1780294787.105423212,1.2450000047683716
1780294787.119857788,1780294787.119609833,1.2450000047683716
1780294787.148534060,1780294787.146233559,1.2389999628067017
1780294787.165278435,1780294787.158410311,1.2230000495910645
1780294787.184817791,1780294787.181032419,1.2230000495910645
1780294787.205916643,1780294787.204113722,1.225000023841858
1780294787.226451397,1780294787.225870609,1.218999981880188
1780294787.257067442,1780294787.247607946,1.218999981880188
1780294787.260390282,1780294787.260187149,1.2130000591278076
1780294787.282624006,1780294787.282056332,1.2130000591278076
1780294787.305410147,1780294787.304956436,1.215000033378601
1780294787.329852581,1780294787.328085899,1.2109999656677246
1780294787.341718674,1780294787.340476751,1.2109999656677246
1780294787.364469767,1780294787.364082575,1.2109999656677246
1780294787.387832165,1780294787.386400461,1.1979999542236328
1780294787.400746822,1780294787.399116755,1.1979999542236328
1780294787.421949625,1780294787.421694040,1.1920000314712524
1780294787.447278738,1780294787.444191933,1.180999994277954
1780294787.467257261,1780294787.466704130,1.180999994277954
1780294787.479487658,1780294787.479068995,1.1920000314712524
1780294787.502119303,1780294787.501800776,1.1920000314712524
1780294787.524379969,1780294787.524149179,1.1920000314712524
1780294787.548025370,1780294787.547644615,1.2029999494552612
1780294787.561939001,1780294787.560199261,1.2029999494552612
1780294787.586542845,1780294787.586253166,1.1990000009536743
1780294787.599916458,1780294787.599119186,1.180999994277954
1780294787.624824286,1780294787.624178886,1.180999994277954
1780294787.647958994,1780294787.647440910,1.1540000438690186
1780294787.664594889,1780294787.664256096,1.1469999551773071
1780294787.687948465,1780294787.687299013,1.1469999551773071
1780294787.701245785,1780294787.699960709,1.1679999828338623
1780294787.724584103,1780294787.722812414,1.2089999914169312
1780294787.746620893,1780294787.745042324,1.2089999914169312
1780294787.768161297,1780294787.767552614,1.215999960899353
1780294787.780646086,1780294787.779933929,1.215999960899353
1780294787.808462381,1780294787.803270578,1.1979999542236328
1780294787.830411196,1780294787.827392101,1.1649999618530273
1780294787.841772079,1780294787.840882301,1.1649999618530273
1780294787.867020130,1780294787.863219738,1.180999994277954
1780294787.886273384,1780294787.884803295,1.2039999961853027
1780294787.910590649,1780294787.907765627,1.2039999961853027
1780294787.919694424,1780294787.919363976,1.222000002861023
1780294787.942200661,1780294787.941859245,1.2419999837875366
1780294787.965899467,1780294787.964010715,1.2419999837875366
1780294787.991261482,1780294787.985725880,1.24399995803833
1780294788.011555910,1780294788.007741928,1.2549999952316284
1780294788.021901846,1780294788.019749403,1.2549999952316284
1780294788.045114756,1780294788.041463375,1.2619999647140503
1780294788.064029455,1780294788.063544750,1.2619999647140503
1780294788.086289167,1780294788.085903168,1.277999997138977
1780294788.111328840,1780294788.107637882,1.2970000505447388
1780294788.121724367,1780294788.120865107,1.2970000505447388
1780294788.144849062,1780294788.143478155,1.3070000410079956
1780294788.165992260,1780294788.165451765,1.3300000429153442
1780294788.187846661,1780294788.187434912,1.3300000429153442
1780294788.202616692,1780294788.199633837,1.3380000591278076
1780294788.224640131,1780294788.224099874,1.3339999914169312
1780294788.248173237,1780294788.247107267,1.3339999914169312
1780294788.269079685,1780294788.268659115,1.3220000267028809
1780294788.282561541,1780294788.281277895,1.3220000267028809
1780294788.303769350,1780294788.303463936,1.3240000009536743
1780294788.326396942,1780294788.325855970,1.3359999656677246
1780294788.341056108,1780294788.340594769,1.3359999656677246
1780294788.365415573,1780294788.364640713,1.3669999837875366
1780294788.387105227,1780294788.386589527,1.3860000371932983
1780294788.410710812,1780294788.408700228,1.3860000371932983
1780294788.424033642,1780294788.423547029,1.3949999809265137
1780294788.446320295,1780294788.445940018,1.3960000276565552
1780294788.468475580,1780294788.468094110,1.3960000276565552
1780294788.480361700,1780294788.480047464,1.3990000486373901
1780294788.504433870,1780294788.503153563,1.409000039100647
1780294788.528015614,1780294788.526162624,1.409000039100647
1780294788.544871092,1780294788.544125795,1.4140000343322754
1780294788.567631960,1780294788.566952944,1.4140000343322754
1780294788.578916311,1780294788.578605175,1.4149999618530273
1780294788.603575945,1780294788.603046894,1.4179999828338623
1780294788.625767231,1780294788.625088215,1.4179999828338623
1780294788.647232056,1780294788.646747828,1.4140000343322754
1780294788.659010410,1780294788.658696651,1.4040000438690186
1780294788.685036421,1780294788.682047367,1.4040000438690186
1780294788.707763910,1780294788.703880548,1.4019999504089355
1780294788.732876062,1780294788.727140903,1.4049999713897705
1780294788.753030062,1780294788.749269962,1.4049999713897705
1780294788.763289690,1780294788.760931492,1.4129999876022339
1780294788.784482956,1780294788.782411814,1.4129999876022339
1780294788.805161476,1780294788.804695129,1.430999994277954
1780294788.826699734,1780294788.826488256,1.4420000314712524
1780294788.839791298,1780294788.839466333,1.4420000314712524
1780294788.862760544,1780294788.862501860,1.4220000505447388
1780294788.884907961,1780294788.884577751,1.402999997138977
1780294788.907067537,1780294788.906626463,1.402999997138977
1780294788.922862530,1780294788.921863079,1.3589999675750732
1780294788.944987535,1780294788.944243670,1.371999979019165
1780294788.966915607,1780294788.966553211,1.371999979019165
1780294788.982162237,1780294788.978607893,1.3869999647140503
1780294789.004403114,1780294789.001735449,1.4149999618530273
1780294789.025785685,1780294789.025275707,1.4149999618530273
1780294789.048382759,1780294789.047721386,1.4259999990463257
1780294789.061209679,1780294789.060348749,1.4259999990463257
1780294789.083943605,1780294789.083284140,1.4290000200271606
1780294789.106021166,1780294789.105303526,1.4129999876022339
1780294789.128332138,1780294789.127407312,1.4129999876022339
1780294789.143481970,1780294789.141052008,1.3559999465942383
1780294789.166030407,1780294789.165165901,1.350000023841858
1780294789.187677860,1780294789.186555862,1.350000023841858
1780294789.209647417,1780294789.208367109,1.371999979019165
1780294789.223019361,1780294789.221366882,1.4040000438690186
1780294789.240810394,1780294789.239270687,1.4040000438690186
1780294789.265304804,1780294789.262479544,1.409000039100647
1780294789.285251617,1780294789.284379959,1.409000039100647
1780294789.313532829,1780294789.306371450,1.3869999647140503
1780294789.320756912,1780294789.320007563,1.38100004196167
1780294789.343209028,1780294789.341711283,1.38100004196167
1780294789.365075111,1780294789.363971233,1.3700000047683716
1780294789.390153170,1780294789.388207674,1.378000020980835
1780294789.404500961,1780294789.403339386,1.378000020980835
1780294789.428395271,1780294789.425973415,1.3930000066757202
1780294789.439617395,1780294789.438697577,1.4019999504089355
1780294789.461647749,1780294789.461303473,1.4019999504089355
1780294789.485568047,1780294789.485096931,1.4119999408721924
1780294789.507850409,1780294789.506844997,1.4160000085830688
1780294789.528879881,1780294789.528618336,1.4160000085830688
1780294789.542958736,1780294789.541092396,1.4149999618530273
1780294789.564264536,1780294789.563003063,1.4149999618530273
1780294789.585526705,1780294789.584680796,1.3960000276565552
1780294789.608978271,1780294789.606552124,1.3899999856948853
1780294789.619535208,1780294789.619214773,1.3899999856948853
1780294789.641172409,1780294789.640762806,1.3960000276565552
1780294789.665997982,1780294789.664601803,1.4079999923706055
1780294789.687262774,1780294789.686831951,1.4079999923706055
1780294789.699721336,1780294789.699239731,1.437999963760376
1780294789.724331141,1780294789.723511219,1.4589999914169312
1780294789.746878386,1780294789.746608257,1.4589999914169312
1780294789.769393444,1780294789.768643141,1.4609999656677246
1780294789.781965256,1780294789.781527042,1.4609999656677246
1780294789.805271864,1780294789.803701878,1.4559999704360962
1780294789.832201481,1780294789.827449799,1.4550000429153442
1780294789.841757059,1780294789.839700937,1.4550000429153442
1780294789.865229845,1780294789.863945723,1.4589999914169312
1780294789.887027502,1780294789.886599541,1.465999960899353
1780294789.899448156,1780294789.898836374,1.465999960899353
1780294789.919194460,1780294789.918766022,1.4889999628067017
1780294789.944079876,1780294789.942474604,1.4839999675750732
1780294789.965048313,1780294789.964610100,1.4839999675750732
1780294789.988201141,1780294789.987453699,1.4919999837875366
1780294790.002424240,1780294790.001455307,1.496999979019165
1780294790.026149035,1780294790.025927067,1.496999979019165
1780294790.048655033,1780294790.048348188,1.5010000467300415
1780294790.063780785,1780294790.063462496,1.5010000467300415
1780294790.087001801,1780294790.086500645,1.5160000324249268
1780294790.109130383,1780294790.108835697,1.5230000019073486
1780294790.121214151,1780294790.120499849,1.5230000019073486
1780294790.145318985,1780294790.144184589,1.5329999923706055
1780294790.168352365,1780294790.165753603,1.5219999551773071
1780294790.188740730,1780294790.187970400,1.5219999551773071
1780294790.202191114,1780294790.199387074,1.5140000581741333
1780294790.222836256,1780294790.222580194,1.5399999618530273
1780294790.244857788,1780294790.244549513,1.5399999618530273
1780294790.266953230,1780294790.266623497,1.565999984741211
1780294790.289062500,1780294790.288528681,1.565999984741211
1780294790.300952673,1780294790.300531626,1.6169999837875366
1780294790.323614597,1780294790.323124409,1.621999979019165
1780294790.345026970,1780294790.344603777,1.621999979019165
1780294790.367735386,1780294790.367409468,1.6089999675750732
1780294790.380044222,1780294790.379757404,1.6019999980926514
1780294790.406135321,1780294790.402967691,1.6019999980926514
1780294790.425037861,1780294790.424704790,1.6200000047683716
1780294790.449228764,1780294790.446952105,1.6369999647140503
1780294790.460327625,1780294790.458820581,1.6369999647140503
1780294790.481285572,1780294790.481001139,1.6460000276565552
1780294790.506300688,1780294790.503465652,1.6130000352859497
1780294790.528006554,1780294790.525889397,1.6130000352859497
1780294790.541807175,1780294790.539993048,1.6019999980926514
1780294790.566922188,1780294790.564042568,1.6019999980926514
1780294790.588423729,1780294790.588063955,1.628999948501587
1780294790.600491047,1780294790.599859953,1.6629999876022339
1780294790.625614405,1780294790.622262716,1.6629999876022339
1780294790.649371147,1780294790.648789167,1.7200000286102295
1780294790.667810678,1780294790.665980816,1.7339999675750732
1780294790.689732313,1780294790.688191414,1.7339999675750732
1780294790.702503443,1780294790.701193810,1.7369999885559082
1780294790.724500418,1780294790.723351240,1.7269999980926514
1780294790.744351864,1780294790.741068125,1.7269999980926514
1780294790.766601801,1780294790.764945269,1.7070000171661377
1780294790.789120913,1780294790.787082911,1.7070000171661377
1780294790.809739828,1780294790.808556080,1.7070000171661377
1780294790.826867819,1780294790.824591398,1.715000033378601
1780294790.849138021,1780294790.848333597,1.715000033378601
1780294790.862839699,1780294790.861783266,1.7419999837875366
1780294790.884166241,1780294790.883615255,1.7589999437332153
1780294790.906075001,1780294790.905774355,1.7589999437332153
1780294790.928757906,1780294790.928322792,1.7990000247955322
1780294790.941151857,1780294790.940607309,1.815999984741211
1780294790.966194391,1780294790.963551521,1.815999984741211
1780294790.979192734,1780294790.978843927,1.809999942779541
1780294791.006834269,1780294791.001424313,1.781999945640564
1780294791.026136875,1780294791.024356127,1.781999945640564
1780294791.047781467,1780294791.046676636,1.7589999437332153
1780294791.059820890,1780294791.058635235,1.7589999437332153
1780294791.088499069,1780294791.087267637,1.7999999523162842
1780294791.100503445,1780294791.099607706,1.8300000429153442
1780294791.124698639,1780294791.123543262,1.8300000429153442
1780294791.147937298,1780294791.147502184,1.8660000562667847
1780294791.159693480,1780294791.159360170,1.8630000352859497
1780294791.182435751,1780294791.181819439,1.8630000352859497
1780294791.204732180,1780294791.203950405,1.8289999961853027
1780294791.226034641,1780294791.225629091,1.8170000314712524
1780294791.249320745,1780294791.247495651,1.8170000314712524
1780294791.263453960,1780294791.260133505,1.815999984741211
1780294791.282099962,1780294791.281253338,1.815999984741211
1780294791.304636240,1780294791.303857803,1.8289999961853027
1780294791.327876568,1780294791.326087952,1.8279999494552612
1780294791.338966131,1780294791.338537455,1.8279999494552612
1780294791.362115383,1780294791.361726761,1.8300000429153442
1780294791.384807110,1780294791.384254932,1.8350000381469727
1780294791.407314062,1780294791.406790018,1.8350000381469727
1780294791.421066523,1780294791.420682907,1.8270000219345093
1780294791.443226576,1780294791.442782640,1.8270000219345093
1780294791.468162775,1780294791.465729237,1.8270000219345093
1780294791.480519295,1780294791.479238510,1.8229999542236328
1780294791.506526470,1780294791.503021479,1.8209999799728394
1780294791.525064707,1780294791.524716616,1.8209999799728394
1780294791.548763514,1780294791.547806263,1.8229999542236328
1780294791.560726166,1780294791.560475349,1.8229999542236328
1780294791.584185600,1780294791.582987070,1.8350000381469727
1780294791.605506182,1780294791.605223179,1.8329999446868896
1780294791.619688272,1780294791.619185209,1.8329999446868896
1780294791.643612862,1780294791.642191887,1.8220000267028809
1780294791.663798094,1780294791.663592815,1.815000057220459
1780294791.687970400,1780294791.686305046,1.815000057220459
1780294791.703484297,1780294791.701770067,1.8009999990463257
1780294791.725225925,1780294791.724492550,1.7960000038146973
1780294791.748022079,1780294791.746608973,1.7960000038146973
1780294791.770248413,1780294791.768501997,1.7879999876022339
1780294791.784601450,1780294791.780492783,1.7879999876022339
1780294791.804625988,1780294791.803499222,1.7829999923706055
1780294791.831634283,1780294791.827838659,1.784000039100647
1780294791.843319178,1780294791.839854479,1.784000039100647
1780294791.864796638,1780294791.861932516,1.7940000295639038
1780294791.887995720,1780294791.884572506,1.7940000295639038
1780294791.908671141,1780294791.906973839,1.7940000295639038
1780294791.920984507,1780294791.918926239,1.7929999828338623
1780294791.947543859,1780294791.947112083,1.7879999876022339
1780294791.961248636,1780294791.960208416,1.7879999876022339
1780294791.983267546,1780294791.982722998,1.75
1780294792.010027170,1780294791.999837637,1.7359999418258667
1780294792.023120165,1780294792.022705555,1.7359999418258667
1780294792.045326710,1780294792.044675827,1.7380000352859497
1780294792.067452431,1780294792.067074537,1.7380000352859497
1780294792.078743458,1780294792.078502893,1.7369999885559082
1780294792.111454248,1780294792.110976219,1.74399995803833
1780294792.124065399,1780294792.123804569,1.74399995803833
1780294792.148760319,1780294792.145689964,1.74399995803833
1780294792.169132710,1780294792.168878794,1.7419999837875366
1780294792.181540728,1780294792.180381775,1.7419999837875366
1780294792.202850580,1780294792.202317238,1.7259999513626099
1780294792.225089788,1780294792.224916458,1.7139999866485596
1780294792.248327494,1780294792.246593952,1.7139999866485596
1780294792.261882544,1780294792.260691881,1.7109999656677246
1780294792.286003828,1780294792.284280300,1.7109999656677246
1780294792.307333946,1780294792.307131290,1.7139999866485596
1780294792.319806099,1780294792.319649458,1.7200000286102295
1780294792.342153549,1780294792.341870070,1.7200000286102295
1780294792.365710735,1780294792.365376711,1.715000033378601
1780294792.379539251,1780294792.379318476,1.6959999799728394
1780294792.402947426,1780294792.401933432,1.6959999799728394
1780294792.424271822,1780294792.423771858,1.6490000486373901
1780294792.447719812,1780294792.446119547,1.6540000438690186
1780294792.459281206,1780294792.458999634,1.6540000438690186
1780294792.483039618,1780294792.480736256,1.6820000410079956
1780294792.505066156,1780294792.504882336,1.6820000410079956
1780294792.528018236,1780294792.526577234,1.6959999799728394
1780294792.539245367,1780294792.538948059,1.7109999656677246
1780294792.565897942,1780294792.560568094,1.7109999656677246
1780294792.586237192,1780294792.585373640,1.715999960899353
1780294792.601045370,1780294792.599392176,1.6990000009536743
1780294792.623058319,1780294792.621466637,1.6990000009536743
1780294792.645918131,1780294792.643483162,1.6410000324249268
1780294792.661081553,1780294792.659127951,1.6519999504089355
1780294792.687783957,1780294792.684739828,1.6519999504089355
1780294792.709125042,1780294792.706565380,1.687000036239624
1780294792.722107172,1780294792.718820810,1.7000000476837158
1780294792.741612434,1780294792.741298676,1.7000000476837158
1780294792.775718212,1780294792.767049313,1.7070000171661377
1780294792.781074524,1780294792.780306578,1.7070000171661377
1780294792.805061579,1780294792.802354813,1.680999994277954
1780294792.825813055,1780294792.825506210,1.6130000352859497
1780294792.839026451,1780294792.838794470,1.6130000352859497
1780294792.862797976,1780294792.862609863,1.61899995803833
1780294792.886578083,1780294792.885232449,1.659000039100647
1780294792.910081387,1780294792.909337282,1.659000039100647
1780294792.921370268,1780294792.921147823,1.6829999685287476
1780294792.945586443,1780294792.944957018,1.7039999961853027
1780294792.967725992,1780294792.967379332,1.7039999961853027
1780294792.982448816,1780294792.979893684,1.6829999685287476
1780294793.006147385,1780294793.002681255,1.6490000486373901
1780294793.027550459,1780294793.026541233,1.6490000486373901
1780294793.049656868,1780294793.048873901,1.593999981880188
1780294793.062322617,1780294793.060882568,1.593999981880188
1780294793.084292173,1780294793.082413197,1.6059999465942383
1780294793.106836081,1780294793.105968952,1.6519999504089355
1780294793.137696028,1780294793.119598627,1.6519999504089355
1780294793.144704580,1780294793.141304493,1.6729999780654907
1780294793.165962458,1780294793.163994074,1.687000036239624
1780294793.188105822,1780294793.185341597,1.687000036239624
1780294793.209445000,1780294793.207937002,1.652999997138977
1780294793.221973181,1780294793.220513344,1.628000020980835
1780294793.243252039,1780294793.242657661,1.628000020980835
1780294793.265020609,1780294793.264701843,1.621999979019165
1780294793.287805080,1780294793.286354303,1.621999979019165
1780294793.299342632,1780294793.298352957,1.6369999647140503
1780294793.321440458,1780294793.320751667,1.6649999618530273
1780294793.343707561,1780294793.343229055,1.6649999618530273
1780294793.366787672,1780294793.365609884,1.6710000038146973
1780294793.395259857,1780294793.388492346,1.659999966621399
1780294793.403196573,1780294793.402905226,1.659999966621399
1780294793.426172256,1780294793.425454378,1.6430000066757202
1780294793.442284822,1780294793.441351414,1.6089999675750732
1780294793.466859341,1780294793.466355085,1.6089999675750732
1780294793.480408430,1780294793.480175972,1.63100004196167
1780294793.502696514,1780294793.502518892,1.6410000324249268
1780294793.531064272,1780294793.524485350,1.6410000324249268
1780294793.552869558,1780294793.546457052,1.6540000438690186
1780294793.568800688,1780294793.568475962,1.6540000438690186
1780294793.583058596,1780294793.581340790,1.6469999551773071
1780294793.603981733,1780294793.603528500,1.6299999952316284
1780294793.626162529,1780294793.625794888,1.6299999952316284
1780294793.648992062,1780294793.648747206,1.628000020980835
1780294793.660938501,1780294793.660436630,1.6390000581741333
1780294793.686042547,1780294793.685655594,1.6390000581741333
1780294793.702709675,1780294793.702425718,1.6109999418258667
1780294793.725678921,1780294793.725288391,1.597000002861023
1780294793.748116493,1780294793.747661591,1.597000002861023
1780294793.759917736,1780294793.759691954,1.5950000286102295
1780294793.782860041,1780294793.782507658,1.5950000286102295
1780294793.805148602,1780294793.804816961,1.61899995803833
1780294793.827367544,1780294793.826546669,1.6540000438690186
1780294793.848732233,1780294793.848469257,1.6540000438690186
1780294793.861356258,1780294793.860583782,1.6619999408721924
1780294793.882659674,1780294793.882404327,1.6369999647140503
1780294793.904962301,1780294793.904702425,1.6369999647140503
1780294793.927809954,1780294793.927352428,1.6139999628067017
1780294793.950429201,1780294793.949977398,1.6130000352859497
1780294793.964334726,1780294793.961783171,1.6130000352859497
1780294793.982909918,1780294793.981613874,1.6299999952316284
1780294794.004450321,1780294794.003338575,1.6299999952316284
1780294794.026269913,1780294794.025278807,1.628999948501587
1780294794.048865557,1780294794.047232389,1.6339999437332153
1780294794.060631037,1780294794.059166193,1.6339999437332153
1780294794.084221125,1780294794.081741571,1.6410000324249268
1780294794.104396343,1780294794.103664637,1.6490000486373901
1780294794.125962019,1780294794.125182152,1.6490000486373901
1780294794.147761106,1780294794.147326946,1.6510000228881836
1780294794.160756111,1780294794.159439802,1.6299999952316284
1780294794.181710720,1780294794.181339741,1.6299999952316284
1780294794.204683304,1780294794.204421520,1.6260000467300415
1780294794.226823807,1780294794.226599216,1.6369999647140503
1780294794.249108791,1780294794.248341084,1.6369999647140503
1780294794.263181210,1780294794.262919426,1.656000018119812
1780294794.286651134,1780294794.286162138,1.656000018119812
1780294794.310559511,1780294794.310177565,1.659000039100647
1780294794.326684237,1780294794.326160669,1.6480000019073486
1780294794.348791599,1780294794.348415852,1.6480000019073486
1780294794.360700607,1780294794.360339403,1.6369999647140503
1780294794.386489630,1780294794.385767937,1.6200000047683716
1780294794.409340620,1780294794.408915281,1.6200000047683716
1780294794.422935247,1780294794.420145750,1.6410000324249268
1780294794.442900181,1780294794.442432642,1.6579999923706055
1780294794.465214252,1780294794.464453936,1.6579999923706055
1780294794.486980200,1780294794.486661673,1.6799999475479126
1780294794.499894142,1780294794.498939991,1.6799999475479126
1780294794.527167559,1780294794.526762009,1.6790000200271606
1780294794.549658537,1780294794.548737049,1.659000039100647
1780294794.562346935,1780294794.561351061,1.659000039100647
1780294794.583683491,1780294794.583409071,1.6510000228881836
1780294794.607879639,1780294794.607566833,1.659000039100647
1780294794.623303890,1780294794.623036861,1.659000039100647
1780294794.646730900,1780294794.646439314,1.6649999618530273
1780294794.668779373,1780294794.668452263,1.6790000200271606
1780294794.685069084,1780294794.684789181,1.6790000200271606
1780294794.717258930,1780294794.716925144,1.6729999780654907
1780294794.721192360,1780294794.720361233,1.652999997138977
1780294794.743062735,1780294794.742419481,1.652999997138977
1780294794.764517069,1780294794.764308691,1.6460000276565552
1780294794.786817789,1780294794.786548376,1.6460000276565552
1780294794.808737993,1780294794.808475971,1.6579999923706055
1780294794.820602179,1780294794.820345163,1.6729999780654907
1780294794.842875719,1780294794.842585802,1.6729999780654907
1780294794.866449118,1780294794.866186619,1.684999942779541
1780294794.890289068,1780294794.890026093,1.6959999799728394
1780294794.903038502,1780294794.902722359,1.6959999799728394
1780294794.925025463,1780294794.924808502,1.7039999961853027
1780294794.953387737,1780294794.949683428,1.6859999895095825
1780294794.962079763,1780294794.961842537,1.6859999895095825
1780294794.984125137,1780294794.983812571,1.656999945640564
1780294795.006292582,1780294795.005781174,1.6490000486373901
1780294795.035395622,1780294795.032305956,1.6490000486373901
1780294795.041159868,1780294795.040377855,1.6510000228881836
1780294795.063897371,1780294795.063649416,1.6510000228881836
1780294795.085981846,1780294795.085581779,1.6619999408721924
1780294795.108099222,1780294795.107827663,1.6790000200271606
1780294795.119743109,1780294795.119450808,1.6790000200271606
1780294795.141832113,1780294795.141328335,1.6790000200271606
1780294795.163637161,1780294795.163304090,1.6699999570846558
1780294795.188018799,1780294795.186961651,1.6699999570846558
1780294795.209920883,1780294795.208910704,1.6579999923706055
1780294795.225854397,1780294795.220863581,1.6640000343322754
1780294795.244326353,1780294795.243418694,1.6640000343322754
1780294795.271552324,1780294795.265890360,1.6679999828338623
1780294795.281026125,1780294795.278872728,1.6679999828338623
1780294795.301606178,1780294795.301222563,1.6749999523162842
1780294795.324596167,1780294795.324282646,1.6799999475479126
1780294795.347962618,1780294795.347634077,1.6799999475479126
1780294795.359992504,1780294795.359323263,1.680999994277954
1780294795.381887436,1780294795.381385326,1.6740000247955322
1780294795.404084444,1780294795.403578520,1.6740000247955322
1780294795.425631523,1780294795.425243616,1.6619999408721924
1780294795.448188305,1780294795.447989464,1.6490000486373901
1780294795.462287426,1780294795.462012053,1.6490000486373901
1780294795.483679771,1780294795.483290195,1.652999997138977
1780294795.506069899,1780294795.505285025,1.6699999570846558
1780294795.527950048,1780294795.527253151,1.6699999570846558
1780294795.544104338,1780294795.539089680,1.6790000200271606
1780294795.561873913,1780294795.561395168,1.6790000200271606
1780294795.585663080,1780294795.584661484,1.6770000457763672
1780294795.600952625,1780294795.599551201,1.6729999780654907
1780294795.623883724,1780294795.622962713,1.6729999780654907
1780294795.645455360,1780294795.645130157,1.6749999523162842
1780294795.667615175,1780294795.667286158,1.6859999895095825
1780294795.680021524,1780294795.679094315,1.6859999895095825
1780294795.701974630,1780294795.701675415,1.684999942779541
1780294795.723690510,1780294795.723434448,1.6640000343322754
1780294795.747044325,1780294795.745258808,1.6640000343322754
1780294795.767514229,1780294795.767176151,1.659999966621399
1780294795.779393196,1780294795.779034138,1.659999966621399
1780294795.801598310,1780294795.801252842,1.684999942779541
1780294795.823809862,1780294795.823435068,1.7139999866485596
1780294795.845979214,1780294795.845668316,1.7139999866485596
1780294795.867836952,1780294795.867516518,1.718999981880188
1780294795.879684210,1780294795.879214048,1.7050000429153442
1780294795.903720140,1780294795.903211355,1.7050000429153442
1780294795.926189184,1780294795.925851107,1.690000057220459
1780294795.949051857,1780294795.948522329,1.6690000295639038
1780294795.961353540,1780294795.960053205,1.6690000295639038
1780294795.983957529,1780294795.982663870,1.6740000247955322
1780294796.005811214,1780294796.004985809,1.7020000219345093
1780294796.027747631,1780294796.026658297,1.7020000219345093
1780294796.040405512,1780294796.038951635,1.7170000076293945
1780294796.063392162,1780294796.062296152,1.7170000076293945
1780294796.085628271,1780294796.084186792,1.7300000190734863
1780294796.106783152,1780294796.106554031,1.7369999885559082
1780294796.122434139,1780294796.121971369,1.7369999885559082
1780294796.149949074,1780294796.145847321,1.7359999418258667
1780294796.169163704,1780294796.168235302,1.7039999961853027
1780294796.183006287,1780294796.182301760,1.7039999961853027
1780294796.214291811,1780294796.204468250,1.687000036239624
1780294796.227534294,1780294796.227113008,1.6770000457763672
1780294796.241118431,1780294796.239678383,1.6770000457763672
1780294796.262306929,1780294796.261336088,1.690999984741211
1780294796.284239769,1780294796.283896208,1.690999984741211
1780294796.309284449,1780294796.306214333,1.7130000591278076
1780294796.332380056,1780294796.328202248,1.7170000076293945
1780294796.341300964,1780294796.340334415,1.7170000076293945
1780294796.364368677,1780294796.362822771,1.7209999561309814
1780294796.389314651,1780294796.385354519,1.718999981880188
1780294796.407526970,1780294796.399429560,1.718999981880188
1780294796.422991514,1780294796.422069788,1.7089999914169312
1780294796.445029497,1780294796.444682837,1.6929999589920044
1780294796.467800617,1780294796.467497826,1.6929999589920044
1780294796.487643480,1780294796.479382753,1.6929999589920044
1780294796.502648115,1780294796.502418280,1.687999963760376
1780294796.524606943,1780294796.524313211,1.687999963760376
1780294796.548778057,1780294796.546645164,1.6820000410079956
1780294796.568603039,1780294796.568276882,1.6820000410079956
1780294796.581065655,1780294796.580762148,1.652999997138977
1780294796.606750727,1780294796.604446411,1.625
1780294796.632728577,1780294796.627231836,1.625
1780294796.652013063,1780294796.650532007,1.625
1780294796.663020611,1780294796.662071943,1.6490000486373901
1780294796.685434341,1780294796.684504032,1.6490000486373901
1780294796.707489491,1780294796.707136154,1.6619999408721924
1780294796.719470501,1780294796.719231129,1.6770000457763672
1780294796.742053986,1780294796.741430759,1.6770000457763672
1780294796.767750263,1780294796.765851021,1.6790000200271606
1780294796.787885666,1780294796.787319660,1.6790000200271606
1780294796.800309420,1780294796.799532413,1.6790000200271606
1780294796.825830460,1780294796.824257851,1.6759999990463257
1780294796.846753120,1780294796.846101522,1.6759999990463257
1780294796.869218349,1780294796.868260384,1.659999966621399
1780294796.880834579,1780294796.880082607,1.6510000228881836
1780294796.902683496,1780294796.902284145,1.6510000228881836
1780294796.925328493,1780294796.925022364,1.656000018119812
1780294796.947788954,1780294796.947459698,1.659000039100647
1780294796.969917297,1780294796.969332695,1.659000039100647
1780294796.981337786,1780294796.981025219,1.6540000438690186
1780294797.003666878,1780294797.003307343,1.6540000438690186
1780294797.026986361,1780294797.025304079,1.6339999437332153
1780294797.048730135,1780294797.048291683,1.6139999628067017
1780294797.060631752,1780294797.060361385,1.6139999628067017
1780294797.083182812,1780294797.082694292,1.600000023841858
1780294797.107178450,1780294797.105916500,1.6080000400543213
1780294797.119169950,1780294797.118392944,1.6080000400543213
1780294797.141932726,1780294797.141177177,1.6230000257492065
1780294797.163876295,1780294797.163280487,1.6349999904632568
1780294797.186047316,1780294797.185293913,1.6349999904632568
1780294797.207927704,1780294797.207340240,1.6399999856948853
1780294797.220337152,1780294797.219137430,1.6109999418258667
1780294797.241614342,1780294797.241155386,1.6109999418258667
1780294797.263510942,1780294797.263159513,1.5670000314712524
1780294797.287561178,1780294797.285063028,1.5670000314712524
1780294797.309162855,1780294797.307516575,1.5460000038146973
1780294797.320588112,1780294797.320241928,1.569000005722046
1780294797.344436646,1780294797.342962980,1.569000005722046
1780294797.369778633,1780294797.365718603,1.6069999933242798
1780294797.387397766,1780294797.387047768,1.63100004196167
1780294797.402840137,1780294797.402004957,1.63100004196167
1780294797.429064274,1780294797.427903891,1.6349999904632568
1780294797.440478086,1780294797.440112114,1.5889999866485596
1780294797.462748766,1780294797.462295055,1.5889999866485596
1780294797.485934973,1780294797.484155655,1.5549999475479126
1780294797.506887197,1780294797.506086588,1.5520000457763672
1780294797.519892931,1780294797.519208431,1.5520000457763672
1780294797.553167582,1780294797.551423311,1.5789999961853027
1780294797.566953421,1780294797.563133717,1.5789999961853027
1780294797.586578369,1780294797.585761547,1.6119999885559082
1780294797.607847452,1780294797.607212543,1.621999979019165
1780294797.623432398,1780294797.619257450,1.621999979019165
1780294797.665109634,1780294797.642292023,1.5950000286102295
1780294797.666685343,1780294797.666238308,1.5640000104904175
1780294797.688614845,1780294797.688207388,1.5640000104904175
1780294797.700688839,1780294797.700417757,1.559999942779541
1780294797.723941326,1780294797.723347425,1.5920000076293945
1780294797.750083923,1780294797.745020390,1.5920000076293945
1780294797.759902477,1780294797.759305000,1.6030000448226929
1780294797.781442404,1780294797.781064987,1.6030000448226929
1780294797.804307222,1780294797.803554058,1.621999979019165
1780294797.826010466,1780294797.825729847,1.621999979019165
1780294797.848342180,1780294797.847702503,1.621999979019165
1780294797.871079445,1780294797.869088411,1.5920000076293945
1780294797.882213831,1780294797.881046295,1.5750000476837158
1780294797.904235840,1780294797.903787136,1.5750000476837158
1780294797.925441980,1780294797.925160646,1.5800000429153442
1780294797.947312832,1780294797.947083950,1.590000033378601
1780294797.960502386,1780294797.959199905,1.590000033378601
1780294797.982045412,1780294797.981857777,1.6130000352859497
1780294798.005396605,1780294798.004329205,1.6150000095367432
1780294798.027323961,1780294798.027043819,1.6150000095367432
1780294798.039895058,1780294798.039130211,1.5959999561309814
1780294798.062721491,1780294798.061433077,1.5959999561309814
1780294798.084082842,1780294798.083090305,1.5670000314712524
1780294798.107691526,1780294798.106775045,1.565999984741211
1780294798.122863770,1780294798.120975733,1.565999984741211
1780294798.150017500,1780294798.146401882,1.590000033378601
1780294798.162153482,1780294798.159267664,1.6139999628067017
1780294798.182401419,1780294798.181430101,1.6139999628067017
1780294798.206085443,1780294798.204402924,1.6130000352859497
1780294798.226761818,1780294798.226377010,1.6059999465942383
1780294798.240745544,1780294798.239306927,1.6059999465942383
1780294798.264158487,1780294798.263078928,1.6030000448226929
1780294798.285625935,1780294798.285112381,1.6030000448226929
1780294798.302747965,1780294798.299314737,1.6139999628067017
1780294798.325857162,1780294798.322189808,1.6230000257492065
1780294798.346092224,1780294798.345828056,1.6230000257492065
1780294798.359905958,1780294798.359165668,1.628000020980835
1780294798.386284828,1780294798.383353710,1.621999979019165
1780294798.407235622,1780294798.406859398,1.621999979019165
1780294798.421246290,1780294798.421008587,1.621999979019165
1780294798.443488836,1780294798.443223715,1.6469999551773071
1780294798.458518744,1780294798.458289862,1.6469999551773071
1780294798.480744600,1780294798.480453253,1.656000018119812
1780294798.503301859,1780294798.502500534,1.656000018119812
1780294798.526637316,1780294798.525884867,1.656999945640564
1780294798.548942089,1780294798.547394991,1.6449999809265137
1780294798.560834169,1780294798.559310913,1.6449999809265137
1780294798.582906008,1780294798.582145929,1.6469999551773071
1780294798.605664015,1780294798.604705095,1.6619999408721924
1780294798.626866102,1780294798.626365900,1.6619999408721924
1780294798.639159203,1780294798.638827801,1.7130000591278076
1780294798.660477400,1780294798.660066605,1.7300000190734863
1780294798.688290119,1780294798.684235334,1.7300000190734863
1780294798.712552786,1780294798.707053185,1.7139999866485596
1780294798.721727371,1780294798.721019506,1.6959999799728394
1780294798.744704485,1780294798.743391037,1.6959999799728394
1780294798.766079903,1780294798.765440702,1.6990000009536743
1780294798.790527344,1780294798.787010670,1.6990000009536743
1780294798.801751137,1780294798.801364899,1.718999981880188
1780294798.825984716,1780294798.825687885,1.725000023841858
1780294798.847471476,1780294798.847201586,1.725000023841858
1780294798.859485626,1780294798.859201193,1.7400000095367432
1780294798.882592440,1780294798.881292105,1.7510000467300415
1780294798.904005289,1780294798.903236866,1.7510000467300415
1780294798.926209927,1780294798.925306559,1.7589999437332153
1780294798.948050976,1780294798.947185040,1.7680000066757202
1780294798.961133957,1780294798.959492683,1.7680000066757202
1780294798.985545874,1780294798.982110262,1.7619999647140503
1780294799.005443096,1780294799.004846573,1.7760000228881836
1780294799.027629852,1780294799.026127100,1.7760000228881836
1780294799.055860996,1780294799.048418045,1.7940000295639038
1780294799.064431667,1780294799.060173035,1.7940000295639038
1780294799.084500551,1780294799.082186937,1.815999984741211
1780294799.105577946,1780294799.104374647,1.8300000429153442
1780294799.127277613,1780294799.126317501,1.8300000429153442
1780294799.152296782,1780294799.148227930,1.8079999685287476
1780294799.161183357,1780294799.160038710,1.8020000457763672
1780294799.183295012,1780294799.182292938,1.8020000457763672
1780294799.204445362,1780294799.204185247,1.8020000457763672
1780294799.227386475,1780294799.226376057,1.8329999446868896
1780294799.249712229,1780294799.248144150,1.8329999446868896
1780294799.260694027,1780294799.259995937,1.8450000286102295
1780294799.287497997,1780294799.282258511,1.8450000286102295
1780294799.307083130,1780294799.306667328,1.850000023841858
1780294799.319796562,1780294799.318761349,1.850000023841858
1780294799.342672348,1780294799.340064526,1.850000023841858
1780294799.362818003,1780294799.362070084,1.8489999771118164
1780294799.384674072,1780294799.384208918,1.8489999771118164
1780294799.406673670,1780294799.406356573,1.8489999771118164
1780294799.429153442,1780294799.428223133,1.8530000448226929
1780294799.441562414,1780294799.440185785,1.8589999675750732
1780294799.462929726,1780294799.462214947,1.8589999675750732
1780294799.486199379,1780294799.485896349,1.871999979019165
1780294799.508881807,1780294799.508559227,1.8630000352859497
1780294799.522562265,1780294799.521425962,1.8630000352859497
1780294799.544658661,1780294799.544279099,1.8550000190734863
1780294799.567430973,1780294799.566534042,1.8550000190734863
1780294799.589630842,1780294799.589218616,1.8289999961853027
1780294799.603010893,1780294799.602499723,1.8220000267028809
1780294799.624797344,1780294799.624559164,1.8220000267028809
1780294799.646842241,1780294799.646581888,1.8109999895095825
1780294799.659704685,1780294799.659452915,1.8170000314712524
1780294799.681790590,1780294799.681507587,1.8170000314712524
1780294799.704485893,1780294799.704167604,1.8339999914169312
1780294799.727166414,1780294799.726912260,1.843999981880188
1780294799.741631031,1780294799.740947008,1.843999981880188
1780294799.763943434,1780294799.763151884,1.8509999513626099
1780294799.786630869,1780294799.785236835,1.8509999513626099
1780294799.808289289,1780294799.807211637,1.847000002861023
1780294799.823780537,1780294799.822767258,1.8279999494552612
1780294799.847833395,1780294799.845098495,1.8279999494552612
1780294799.869615555,1780294799.867312193,1.8049999475479126
1780294799.886695862,1780294799.879361153,1.8040000200271606
1780294799.902655363,1780294799.902299404,1.8040000200271606
1780294799.925221920,1780294799.924485922,1.8240000009536743
1780294799.947654009,1780294799.946777344,1.8220000267028809
1780294799.960029840,1780294799.958987951,1.8220000267028809
1780294799.981974363,1780294799.981704950,1.8220000267028809
1780294800.005392313,1780294800.004635096,1.8220000267028809
1780294800.027049065,1780294800.026390314,1.815000057220459
1780294800.038380146,1780294800.038134813,1.812999963760376
1780294800.061216593,1780294800.060711384,1.812999963760376
1780294800.084827662,1780294800.084594727,1.8049999475479126
1780294800.107141018,1780294800.106861115,1.8009999990463257
1780294800.119777679,1780294800.119227171,1.8009999990463257
1780294800.146326780,1780294800.144254684,1.784999966621399
1780294800.170479059,1780294800.167847633,1.7790000438690186
1780294800.183756828,1780294800.182390213,1.7790000438690186
1780294800.205966711,1780294800.205458403,1.7660000324249268
1780294800.221263170,1780294800.220761299,1.7669999599456787
1780294800.245671988,1780294800.243121386,1.7669999599456787
1780294800.274539232,1780294800.266604424,1.7760000228881836
1780294800.280128717,1780294800.279805183,1.7760000228881836
1780294800.304287434,1780294800.302978516,1.7899999618530273
1780294800.329959631,1780294800.329136848,1.7949999570846558
1780294800.346323729,1780294800.344071388,1.7949999570846558
1780294800.368644953,1780294800.367197514,1.7910000085830688
1780294800.380476713,1780294800.379411936,1.784999966621399
1780294800.402961493,1780294800.402158737,1.784999966621399
1780294800.425313473,1780294800.424053907,1.718999981880188
1780294800.450700045,1780294800.446946621,1.6959999799728394
1780294800.461622953,1780294800.459402561,1.6959999799728394
1780294800.481870174,1780294800.481153965,1.7130000591278076
1780294800.513803959,1780294800.503171444,1.7269999980926514
1780294800.527351141,1780294800.526419878,1.7269999980926514
1780294800.542654037,1780294800.541631699,1.753999948501587
1780294800.569203138,1780294800.568864584,1.753999948501587
1780294800.581187010,1780294800.580969572,1.7719999551773071
1780294800.607248068,1780294800.605992079,1.7649999856948853
1780294800.628394842,1780294800.628024817,1.7649999856948853
1780294800.640427589,1780294800.639972925,1.7309999465942383
1780294800.664106369,1780294800.662550211,1.722000002861023
1780294800.685663939,1780294800.684329748,1.722000002861023
1780294800.709208488,1780294800.708477259,1.7330000400543213
1780294800.722324371,1780294800.722027779,1.7419999837875366
1780294800.747088432,1780294800.746479511,1.7419999837875366
1780294800.762569427,1780294800.759544611,1.7380000352859497
1780294800.786202669,1780294800.785656691,1.7380000352859497
1780294800.800519466,1780294800.798226595,1.722000002861023
1780294800.830116749,1780294800.828317881,1.6749999523162842
1780294800.842148781,1780294800.841961622,1.6749999523162842
1780294800.867211103,1780294800.865691662,1.690000057220459
1780294800.888974428,1780294800.887182474,1.7079999446868896
1780294800.903703213,1780294800.900289774,1.7079999446868896
1780294800.924731255,1780294800.922252178,1.7230000495910645
1780294800.946603775,1780294800.945371628,1.7259999513626099
1780294800.961950302,1780294800.960495234,1.7259999513626099
1780294800.995371342,1780294800.984880686,1.7330000400543213
1780294801.014402866,1780294801.007458210,1.7309999465942383
1780294801.025465965,1780294801.020225286,1.7309999465942383
1780294801.042619705,1780294801.042359591,1.6859999895095825
1780294801.065146923,1780294801.064691544,1.6859999895095825
1780294801.087357044,1780294801.086570978,1.656999945640564
1780294801.110647440,1780294801.109668493,1.6490000486373901
1780294801.122656584,1780294801.121011734,1.6490000486373901
1780294801.145127058,1780294801.143020391,1.6920000314712524
1780294801.169619083,1780294801.166795015,1.7139999866485596
1780294801.184948921,1780294801.182145834,1.7139999866485596
1780294801.199432135,1780294801.198923826,1.7209999561309814
1780294801.222883463,1780294801.221111774,1.7029999494552612
1780294801.243429661,1780294801.243134737,1.7029999494552612
1780294801.266103983,1780294801.265202284,1.659999966621399
1780294801.287452459,1780294801.287071466,1.659999966621399
1780294801.310697317,1780294801.310117722,1.6540000438690186
1780294801.325120211,1780294801.324231148,1.6729999780654907
1780294801.346851587,1780294801.346255779,1.6729999780654907
1780294801.361062050,1780294801.359753132,1.6859999895095825
1780294801.382262707,1780294801.380740404,1.690999984741211
1780294801.405037642,1780294801.403353453,1.690999984741211
1780294801.421396255,1780294801.419462442,1.6979999542236328
1780294801.447759151,1780294801.441692829,1.7050000429153442
1780294801.469014168,1780294801.464321375,1.7050000429153442
1780294801.487919569,1780294801.486808538,1.7070000171661377
1780294801.507465363,1780294801.500168800,1.7070000171661377
1780294801.526602268,1780294801.522227526,1.684999942779541
1780294801.548337936,1780294801.545041561,1.5850000381469727
1780294801.569751740,1780294801.567414522,1.5850000381469727
1780294801.580931425,1780294801.580612421,1.5479999780654907
1780294801.603680849,1780294801.603022814,1.5800000429153442
1780294801.625979185,1780294801.625606537,1.5800000429153442
1780294801.648072720,1780294801.647832155,1.6480000019073486
1780294801.660217047,1780294801.659983158,1.6710000038146973
1780294801.684896708,1780294801.684233904,1.6710000038146973
1780294801.708077669,1780294801.707703590,1.6970000267028809
1780294801.728352308,1780294801.726267338,1.6929999589920044
1780294801.738652229,1780294801.738368750,1.6929999589920044
1780294801.763123035,1780294801.762385607,1.6469999551773071
1780294801.785531998,1780294801.784950733,1.6469999551773071
1780294801.809720278,1780294801.809190273,1.5959999561309814
1780294801.821974277,1780294801.820528269,1.5800000429153442
1780294801.843441725,1780294801.842600584,1.5800000429153442
1780294801.867123365,1780294801.866462708,1.6360000371932983
1780294801.879664898,1780294801.878285646,1.659999966621399
1780294801.903944731,1780294801.901884556,1.659999966621399
1780294801.926679611,1780294801.925028801,1.684999942779541
1780294801.938767195,1780294801.938249111,1.6799999475479126
1780294801.962175369,1780294801.961325407,1.6799999475479126
1780294801.985515118,1780294801.983941078,1.5920000076293945
1780294802.008793592,1780294802.006340981,1.5920000076293945
1780294802.021870136,1780294802.018768072,1.5579999685287476
1780294802.045103550,1780294802.041530132,1.5959999561309814
1780294802.066983700,1780294802.065615177,1.5959999561309814
1780294802.087489843,1780294802.086922169,1.6490000486373901
1780294802.101079941,1780294802.099112034,1.6679999828338623
1780294802.128086805,1780294802.124707222,1.6679999828338623
1780294802.152168512,1780294802.148475409,1.6799999475479126
1780294802.165098429,1780294802.163047075,1.6390000581741333
1780294802.187029600,1780294802.185350657,1.6390000581741333
1780294802.202843189,1780294802.198374510,1.5499999523162842
1780294802.222918749,1780294802.222236872,1.5499999523162842
1780294802.246112347,1780294802.245048285,1.5499999523162842
1780294802.269152880,1780294802.267476082,1.6130000352859497
1780294802.281088829,1780294802.279110670,1.6130000352859497
1780294802.302351713,1780294802.301259041,1.6430000066757202
1780294802.326864719,1780294802.324080229,1.6710000038146973
1780294802.347461939,1780294802.346971273,1.6710000038146973
1780294802.360807180,1780294802.359894276,1.6690000295639038
1780294802.385650635,1780294802.383908033,1.6150000095367432
1780294802.402039051,1780294802.401500463,1.6150000095367432
1780294802.426963806,1780294802.422980547,1.590999960899353
1780294802.446287394,1780294802.445021629,1.5959999561309814
1780294802.468071461,1780294802.466962576,1.5959999561309814
1780294802.479628325,1780294802.479163170,1.6260000467300415
1780294802.501941204,1780294802.501174927,1.63100004196167
1780294802.523516893,1780294802.523073435,1.63100004196167
1780294802.548558235,1780294802.545279026,1.6449999809265137
1780294802.568593740,1780294802.567051888,1.6449999809265137
1780294802.580565453,1780294802.579035044,1.6410000324249268
1780294802.602658272,1780294802.601821423,1.6230000257492065
1780294802.625161171,1780294802.624624014,1.6230000257492065
1780294802.648425102,1780294802.646496773,1.6050000190734863
1780294802.670608521,1780294802.668056965,1.590999960899353
1780294802.681897640,1780294802.680667162,1.590999960899353
1780294802.705392838,1780294802.703912973,1.61899995803833
1780294802.728282690,1780294802.727939844,1.6410000324249268
1780294802.741809607,1780294802.740890026,1.6410000324249268
1780294802.763333082,1780294802.763055563,1.6710000038146973
1780294802.785618544,1780294802.785262108,1.6710000038146973
1780294802.809153318,1780294802.808906794,1.6710000038146973
1780294802.822442532,1780294802.822282076,1.6480000019073486
1780294802.851135492,1780294802.847641945,1.6480000019073486
1780294802.861719370,1780294802.860230446,1.6230000257492065
1780294802.884742260,1780294802.884008884,1.625
1780294802.903094053,1780294802.902776718,1.625
1780294802.925264835,1780294802.924999952,1.6460000276565552
1780294802.951073647,1780294802.950836897,1.6510000228881836
1780294802.963056564,1780294802.962878466,1.6510000228881836
1780294802.988313198,1780294802.987995386,1.6490000486373901
1780294803.001594067,1780294803.001306534,1.6490000486373901
1780294803.023660898,1780294803.023333549,1.6449999809265137
1780294803.046172619,1780294803.045878410,1.659999966621399
1780294803.069302559,1780294803.068128347,1.659999966621399
1780294803.080182076,1780294803.079873323,1.6640000343322754
1780294803.103292227,1780294803.102797031,1.6360000371932983
1780294803.125626802,1780294803.125005245,1.6360000371932983
1780294803.148414850,1780294803.147000074,1.6089999675750732
1780294803.160150528,1780294803.159048796,1.6080000400543213
1780294803.182800770,1780294803.180839539,1.6080000400543213
1780294803.203251600,1780294803.202925444,1.6390000581741333
1780294803.226001024,1780294803.225409031,1.656999945640564
1780294803.238644123,1780294803.238220453,1.656999945640564
1780294803.262248039,1780294803.260079861,1.684999942779541
1780294803.284112215,1780294803.282891035,1.684999942779541
1780294803.305822849,1780294803.305327415,1.6820000410079956
1780294803.318796635,1780294803.318423271,1.6460000276565552
1780294803.343074560,1780294803.340505123,1.6460000276565552
1780294803.362870216,1780294803.362414837,1.6119999885559082
1780294803.387341022,1780294803.384561062,1.6069999933242798
1780294803.400994778,1780294803.399075747,1.6069999933242798
1780294803.423681974,1780294803.421829700,1.628999948501587
1780294803.446622610,1780294803.444221497,1.6469999551773071
1780294803.468824148,1780294803.467394114,1.6469999551773071
1780294803.479821444,1780294803.478815079,1.687000036239624
1780294803.502681017,1780294803.501378775,1.687000036239624
1780294803.523880720,1780294803.522973061,1.690000057220459
1780294803.547472715,1780294803.545445919,1.684999942779541
1780294803.568806171,1780294803.567926645,1.684999942779541
1780294803.581258774,1780294803.580026388,1.6740000247955322
1780294803.602953434,1780294803.602045774,1.6540000438690186
1780294803.624511957,1780294803.624175310,1.6540000438690186
1780294803.646426201,1780294803.646077871,1.6540000438690186
1780294803.659048796,1780294803.658120394,1.6579999923706055
1780294803.680765629,1780294803.680279732,1.6579999923706055
1780294803.702930212,1780294803.702584028,1.6660000085830688
1780294803.724640369,1780294803.723907232,1.6699999570846558
1780294803.747018337,1780294803.745938778,1.6699999570846558
1780294803.769691944,1780294803.768730640,1.687000036239624
1780294803.782295465,1780294803.781119108,1.687000036239624
1780294803.804039478,1780294803.803196669,1.6959999799728394
1780294803.825839281,1780294803.824954987,1.6710000038146973
1780294803.848229647,1780294803.847624302,1.6710000038146973
1780294803.860721350,1780294803.860035181,1.6419999599456787
1780294803.883053064,1780294803.882425070,1.6130000352859497
1780294803.904231787,1780294803.903882504,1.6130000352859497
1780294803.926142693,1780294803.925801516,1.6449999809265137
1780294803.941144466,1780294803.937908173,1.6640000343322754
1780294803.961474180,1780294803.960813522,1.6640000343322754
1780294803.983414888,1780294803.982967377,1.6990000009536743
1780294804.005801678,1780294804.005004168,1.7100000381469727
1780294804.027510643,1780294804.026839256,1.7100000381469727
1780294804.041284561,1780294804.038725853,1.6970000267028809
1780294804.064766407,1780294804.064468622,1.6970000267028809
1780294804.086166859,1780294804.085841417,1.6699999570846558
1780294804.098392248,1780294804.098069429,1.6390000581741333
1780294804.123774529,1780294804.122546911,1.6390000581741333
1780294804.144224167,1780294804.143930197,1.6410000324249268
1780294804.167470694,1780294804.167212009,1.6740000247955322
1780294804.179649830,1780294804.179044485,1.6740000247955322
1780294804.202859163,1780294804.202257156,1.690999984741211
1780294804.225053787,1780294804.224800348,1.6990000009536743
1780294804.247270823,1780294804.246941090,1.6990000009536743
1780294804.261150360,1780294804.260002851,1.690999984741211
1780294804.282437563,1780294804.282140732,1.690999984741211
1780294804.304937363,1780294804.303999424,1.6820000410079956
1780294804.326377392,1780294804.325874805,1.6629999876022339
1780294804.341091633,1780294804.338150978,1.6629999876022339
1780294804.362936735,1780294804.362626314,1.6619999408721924
1780294804.386329412,1780294804.385305405,1.659000039100647
1780294804.408818483,1780294804.407990456,1.659000039100647
1780294804.420908213,1780294804.420622110,1.659000039100647
1780294804.444098473,1780294804.443605423,1.6579999923706055
1780294804.467503071,1780294804.466223955,1.6579999923706055
1780294804.478717566,1780294804.478052378,1.6460000276565552
1780294804.501970291,1780294804.500561714,1.6460000276565552
1780294804.525989056,1780294804.525076389,1.6419999599456787
1780294804.547660351,1780294804.547208786,1.6260000467300415
1780294804.559917212,1780294804.558750629,1.6260000467300415
1780294804.583153248,1780294804.580845118,1.625
1780294804.606576920,1780294804.603286505,1.6150000095367432
1780294804.630247355,1780294804.626091003,1.6150000095367432
1780294804.641477585,1780294804.639975071,1.6180000305175781
1780294804.662561178,1780294804.662015915,1.6119999885559082
1780294804.684699297,1780294804.684351444,1.6119999885559082
1780294804.707708836,1780294804.706957340,1.6089999675750732
1780294804.721979856,1780294804.721708775,1.6030000448226929
1780294804.745994091,1780294804.745722294,1.6030000448226929
1780294804.771016121,1780294804.769860506,1.597000002861023
1780294804.784613371,1780294804.784303427,1.597000002861023
1780294804.808736086,1780294804.808194637,1.5920000076293945
1780294804.820556879,1780294804.819770575,1.5880000591278076
1780294804.842214108,1780294804.841851711,1.5880000591278076
1780294804.868050337,1780294804.867464304,1.5880000591278076
1780294804.879348278,1780294804.878854513,1.5850000381469727
1780294804.901569366,1780294804.901260376,1.5850000381469727
1780294804.925329685,1780294804.924996853,1.5859999656677246
1780294804.948499680,1780294804.947745800,1.5850000381469727
1780294804.961558342,1780294804.959771156,1.5850000381469727
1780294804.986627340,1780294804.985200882,1.5859999656677246
1780294805.007200480,1780294805.006805897,1.5789999961853027
1780294805.019570589,1780294805.018995762,1.5789999961853027
1780294805.044991493,1780294805.043861628,1.5750000476837158
1780294805.066858292,1780294805.065920353,1.5750000476837158
1780294805.078382015,1780294805.077997684,1.5809999704360962
1780294805.101462841,1780294805.101104736,1.5709999799728394
1780294805.128099442,1780294805.126262903,1.5709999799728394
1780294805.148284435,1780294805.147817373,1.5770000219345093
1780294805.160239458,1780294805.159865379,1.5770000219345093
1780294805.187116623,1780294805.185914278,1.5770000219345093
1780294805.200996876,1780294805.200814009,1.569000005722046
1780294805.224476814,1780294805.223098040,1.5679999589920044
1780294805.246487141,1780294805.244916916,1.5679999589920044
1780294805.268697262,1780294805.267226934,1.5579999685287476
1780294805.279381275,1780294805.278900146,1.5579999685287476
1780294805.303852797,1780294805.303474426,1.5509999990463257
1780294805.326400995,1780294805.326004505,1.5099999904632568
1780294805.348729849,1780294805.348095417,1.5099999904632568
1780294805.366324425,1780294805.359999657,1.4889999628067017
1780294805.386483192,1780294805.383145571,1.4889999628067017
1780294805.405813456,1780294805.404926300,1.4889999628067017
1780294805.431581020,1780294805.431200027,1.5089999437332153
1780294805.443291903,1780294805.442867041,1.5240000486373901
1780294805.465976238,1780294805.465317726,1.5240000486373901
1780294805.487413406,1780294805.487013102,1.534000039100647
1780294805.499616146,1780294805.499207973,1.534000039100647
1780294805.528205395,1780294805.521575212,1.5369999408721924
1780294805.547357559,1780294805.545315981,1.4930000305175781
1780294805.569780350,1780294805.567991018,1.4930000305175781
1780294805.581402302,1780294805.580993891,1.4800000190734863
1780294805.605353117,1780294805.604230881,1.4819999933242798
1780294805.627964735,1780294805.627456665,1.4819999933242798
1780294805.642552853,1780294805.640257835,1.4869999885559082
1780294805.664936304,1780294805.662901640,1.4989999532699585
1780294805.686619759,1780294805.684812784,1.4989999532699585
1780294805.709088802,1780294805.707077265,1.5219999551773071
1780294805.725116014,1780294805.722137213,1.5410000085830688
1780294805.748301983,1780294805.745026350,1.5410000085830688
1780294805.775599003,1780294805.768167973,1.5169999599456787
1780294805.782081842,1780294805.781690121,1.5169999599456787
1780294805.807782173,1780294805.807208538,1.4919999837875366
1780294805.823908091,1780294805.822948456,1.4800000190734863
1780294805.846903324,1780294805.846420527,1.4800000190734863
1780294805.862293720,1780294805.858848810,1.4930000305175781
1780294805.884472132,1780294805.884169340,1.5199999809265137
1780294805.912282705,1780294805.910764694,1.5199999809265137
1780294805.926062346,1780294805.925550699,1.5290000438690186
1780294805.949153423,1780294805.947984695,1.5549999475479126
1780294805.963059664,1780294805.960808754,1.5549999475479126
1780294805.986394882,1780294805.985229254,1.555999994277954
1780294806.009076118,1780294806.008383274,1.5169999599456787
1780294806.021401882,1780294806.020356417,1.5169999599456787
1780294806.042531252,1780294806.042058468,1.49399995803833
1780294806.066934347,1780294806.066429377,1.49399995803833
1780294806.080431223,1780294806.078842878,1.4980000257492065
1780294806.103259802,1780294806.101053953,1.5260000228881836
1780294806.123153925,1780294806.122784853,1.5260000228881836
1780294806.145191431,1780294806.144817114,1.5429999828338623
1780294806.159342766,1780294806.158695698,1.5509999990463257
1780294806.183768034,1780294806.183479786,1.5509999990463257
1780294806.207355738,1780294806.206376314,1.5379999876022339
1780294806.219519615,1780294806.219036102,1.5089999437332153
1780294806.242190361,1780294806.241886854,1.5089999437332153
1780294806.266995668,1780294806.266675472,1.503000020980835
1780294806.279890776,1780294806.279181480,1.503000020980835
1780294806.303229809,1780294806.302789450,1.503000020980835
1780294806.319033623,1780294806.318609238,1.5260000228881836
1780294806.342787266,1780294806.341319084,1.5260000228881836
1780294806.364350080,1780294806.363166809,1.5379999876022339
1780294806.387247562,1780294806.385899544,1.5449999570846558
1780294806.410002947,1780294806.409080267,1.5449999570846558
1780294806.424217224,1780294806.423342466,1.5429999828338623
1780294806.445966959,1780294806.445739508,1.5219999551773071
1780294806.469387770,1780294806.469010592,1.5219999551773071
1780294806.483994961,1780294806.483719110,1.5069999694824219
1780294806.508263350,1780294806.506426811,1.496999979019165
1780294806.529788017,1780294806.527962208,1.496999979019165
1780294806.542805910,1780294806.542383194,1.4930000305175781
1780294806.566030979,1780294806.564981222,1.4930000305175781
1780294806.587884426,1780294806.586707354,1.5089999437332153
1780294806.602384567,1780294806.599469662,1.5089999437332153
1780294806.623534918,1780294806.622861147,1.5089999437332153
1780294806.645173788,1780294806.644867897,1.503999948501587
1780294806.659351349,1780294806.659059763,1.5110000371932983
1780294806.685236692,1780294806.685058355,1.5110000371932983
1780294806.708569050,1780294806.707877398,1.5049999952316284
1780294806.722754717,1780294806.720819235,1.4889999628067017
1780294806.744668484,1780294806.743135929,1.4889999628067017
1780294806.766522169,1780294806.764738321,1.4889999628067017
1780294806.787877560,1780294806.786900997,1.4889999628067017
1780294806.803496838,1780294806.801515341,1.4709999561309814
1780294806.823493004,1780294806.822835445,1.468999981880188
1780294806.845882654,1780294806.845002651,1.468999981880188
1780294806.868300438,1780294806.867433071,1.465000033378601
1780294806.880763531,1780294806.879301071,1.468999981880188
1780294806.902368784,1780294806.901463985,1.468999981880188
1780294806.924276829,1780294806.923788309,1.4670000076293945
1780294806.946551323,1780294806.945964336,1.4550000429153442
1780294806.969339609,1780294806.968079329,1.4550000429153442
1780294806.983378887,1780294806.982255459,1.4470000267028809
1780294807.006003857,1780294807.004355431,1.437000036239624
1780294807.028232574,1780294807.026338577,1.437000036239624
1780294807.048759937,1780294807.047988892,1.4299999475479126
1780294807.060819387,1780294807.060211658,1.4299999475479126
1780294807.086221218,1780294807.083323717,1.4329999685287476
1780294807.106528997,1780294807.105566263,1.430999994277954
1780294807.121424198,1780294807.120288849,1.430999994277954
1780294807.144065380,1780294807.142722368,1.4259999990463257
1780294807.170391560,1780294807.165750980,1.409999966621399
1780294807.184795618,1780294807.178692102,1.409999966621399
1780294807.202716112,1780294807.201860905,1.4010000228881836
1780294807.226446867,1780294807.224713564,1.4019999504089355
1780294807.248954535,1780294807.247091770,1.4019999504089355
1780294807.259587526,1780294807.259061813,1.4079999923706055
1780294807.282674551,1780294807.281782866,1.4079999923706055
1780294807.306123257,1780294807.305121899,1.4220000505447388
1780294807.327833891,1780294807.326796532,1.4149999618530273
1780294807.340523958,1780294807.338755608,1.4149999618530273
1780294807.362879515,1780294807.361734629,1.4040000438690186
1780294807.385410786,1780294807.384360790,1.3799999952316284
1780294807.408525705,1780294807.406414747,1.3799999952316284
1780294807.420989037,1780294807.419136763,1.38100004196167
1780294807.441628695,1780294807.440899849,1.3960000276565552
1780294807.465016127,1780294807.463669777,1.3960000276565552
1780294807.486888409,1780294807.486063480,1.3990000486373901
1780294807.509824038,1780294807.508824348,1.3910000324249268
1780294807.524100542,1780294807.520573378,1.3910000324249268
1780294807.543971300,1780294807.543622255,1.3869999647140503
1780294807.566653013,1780294807.565770149,1.3869999647140503
1780294807.578822136,1780294807.578391314,1.378999948501587
1780294807.601152897,1780294807.600496769,1.3730000257492065
1780294807.624514818,1780294807.621814251,1.3730000257492065
1780294807.646249056,1780294807.645045519,1.3730000257492065
1780294807.670090675,1780294807.667109728,1.38100004196167
1780294807.679758072,1780294807.678964138,1.38100004196167
1780294807.702075005,1780294807.701039314,1.3860000371932983
1780294807.723913431,1780294807.723145962,1.4010000228881836
1780294807.748358011,1780294807.746076345,1.4010000228881836
1780294807.769049883,1780294807.767840862,1.4019999504089355
1780294807.782903194,1780294807.780952930,1.4019999504089355
1780294807.804154158,1780294807.802833080,1.3930000066757202
1780294807.827528477,1780294807.824852943,1.3919999599456787
1780294807.849583149,1780294807.847517729,1.3919999599456787
1780294807.861186981,1780294807.859066010,1.3949999809265137
1780294807.884686708,1780294807.880696058,1.4079999923706055
1780294807.904186964,1780294807.902679443,1.4079999923706055
1780294807.929113388,1780294807.924716234,1.409999966621399
1780294807.949085951,1780294807.946822643,1.4199999570846558
1780294807.962039232,1780294807.958833218,1.4199999570846558
1780294807.982648611,1780294807.981896639,1.4210000038146973
1780294808.005745888,1780294808.004175901,1.4160000085830688
1780294808.027521610,1780294808.026441813,1.4160000085830688
1780294808.049261570,1780294808.047744513,1.4149999618530273
1780294808.061451674,1780294808.059919357,1.4149999618530273
1780294808.083392859,1780294808.081694603,1.4190000295639038
1780294808.107470036,1780294808.103903770,1.4259999990463257
1780294808.129048109,1780294808.127886772,1.4259999990463257
1780294808.140869379,1780294808.140330791,1.4320000410079956
1780294808.163389206,1780294808.162639141,1.430999994277954
1780294808.187988997,1780294808.187184572,1.430999994277954
1780294808.200634718,1780294808.199336767,1.4329999685287476
1780294808.223368645,1780294808.222407579,1.4490000009536743
1780294808.245307446,1780294808.243728399,1.4490000009536743
1780294808.266483068,1780294808.265726566,1.4600000381469727
1780294808.281956673,1780294808.279099464,1.4600000381469727
1780294808.307125330,1780294808.306808472,1.4759999513626099
1780294808.321177959,1780294808.318863392,1.472000002861023
1780294808.342864037,1780294808.340824366,1.472000002861023
1780294808.369706869,1780294808.367183447,1.4670000076293945
1780294808.381012917,1780294808.379464149,1.4700000286102295
1780294808.402542114,1780294808.401661396,1.4700000286102295
1780294808.426358700,1780294808.423748493,1.4759999513626099
1780294808.453504086,1780294808.446606636,1.4869999885559082
1780294808.461470366,1780294808.460625648,1.4869999885559082
1780294808.484511852,1780294808.483389378,1.4919999837875366
1780294808.507237434,1780294808.504962921,1.5010000467300415
1780294808.519597769,1780294808.518603563,1.5010000467300415
1780294808.542429447,1780294808.541948080,1.5049999952316284
1780294808.564470530,1780294808.563590765,1.5049999952316284
1780294808.587466955,1780294808.586967230,1.5160000324249268
1780294808.599923134,1780294808.599277258,1.527999997138977
1780294808.622698307,1780294808.622490644,1.527999997138977
1780294808.645513535,1780294808.643770456,1.5290000438690186
1780294808.666239023,1780294808.666039228,1.5140000581741333
1780294808.679808378,1780294808.678077221,1.5140000581741333
1780294808.701817036,1780294808.701440573,1.5069999694824219
1780294808.724368334,1780294808.723937273,1.5069999694824219
1780294808.747727394,1780294808.745738029,1.5069999694824219
1780294808.768119812,1780294808.767650604,1.5180000066757202
1780294808.780163765,1780294808.779589415,1.5180000066757202
1780294808.803014278,1780294808.801908016,1.5479999780654907
1780294808.824246168,1780294808.823901176,1.5509999990463257
1780294808.846970081,1780294808.845867872,1.5509999990463257
1780294808.868083715,1780294808.867703676,1.5440000295639038
1780294808.879884005,1780294808.879615068,1.5269999504089355
1780294808.903925657,1780294808.903441429,1.5269999504089355
1780294808.930187464,1780294808.924592972,1.5290000438690186
1780294808.940454960,1780294808.940074444,1.534000039100647
1780294808.962786436,1780294808.962102175,1.534000039100647
1780294808.984901905,1780294808.984467268,1.5379999876022339
1780294809.003310680,1780294809.002287149,1.555999994277954
1780294809.025506258,1780294809.023726940,1.555999994277954
1780294809.046694756,1780294809.046302319,1.5540000200271606
1780294809.069555283,1780294809.067919493,1.5540000200271606
1780294809.081301212,1780294809.080953121,1.5410000085830688
1780294809.105325222,1780294809.104738474,1.531999945640564
1780294809.128122807,1780294809.127618790,1.531999945640564
1780294809.141020060,1780294809.140558243,1.5180000066757202
1780294809.163900375,1780294809.163353443,1.5219999551773071
1780294809.187201738,1780294809.185395241,1.5219999551773071
1780294809.210276127,1780294809.207856178,1.5329999923706055
1780294809.220590591,1780294809.220070601,1.5490000247955322
1780294809.242133856,1780294809.241751671,1.5490000247955322
1780294809.268204927,1780294809.267764330,1.555999994277954
1780294809.280831337,1780294809.279858112,1.555999994277954
1780294809.306731939,1780294809.302580833,1.5479999780654907
1780294809.325375795,1780294809.324806690,1.5369999408721924
1780294809.346923113,1780294809.346733570,1.5369999408721924
1780294809.359947681,1780294809.359074354,1.5219999551773071
1780294809.381113768,1780294809.380632639,1.5260000228881836
1780294809.404215097,1780294809.403293610,1.5260000228881836
1780294809.425175190,1780294809.424753189,1.534999966621399
1780294809.450481176,1780294809.447215796,1.5490000247955322
1780294809.462375164,1780294809.458703756,1.5490000247955322
1780294809.483054638,1780294809.482326031,1.5460000038146973
1780294809.505295038,1780294809.504726410,1.5460000038146973
1780294809.527835131,1780294809.526716709,1.5460000038146973
1780294809.539779425,1780294809.538892746,1.5399999618530273
1780294809.563544273,1780294809.562082291,1.5399999618530273
1780294809.585110426,1780294809.584344387,1.534999966621399
1780294809.610235691,1780294809.608833551,1.5429999828338623
1780294809.621129990,1780294809.620617390,1.5429999828338623
1780294809.643615246,1780294809.642864227,1.5410000085830688
1780294809.668155193,1780294809.665483952,1.5329999923706055
1780294809.688796043,1780294809.687736034,1.5329999923706055
1780294809.701916933,1780294809.700229645,1.5269999504089355
1780294809.722919464,1780294809.722509384,1.5240000486373901
1780294809.747225285,1780294809.745309591,1.5240000486373901
1780294809.767535210,1780294809.766967773,1.531000018119812
1780294809.779228926,1780294809.778515339,1.531000018119812
1780294809.802147388,1780294809.801437140,1.5449999570846558
1780294809.830034733,1780294809.825387239,1.5399999618530273
1780294809.848539352,1780294809.847858906,1.5399999618530273
1780294809.860112667,1780294809.859665871,1.5379999876022339
1780294809.885086298,1780294809.884036303,1.527999997138977
1780294809.907647133,1780294809.906999350,1.527999997138977
1780294809.919775248,1780294809.918750048,1.531999945640564
1780294809.941561699,1780294809.940711737,1.5329999923706055
1780294809.964495420,1780294809.963653088,1.5329999923706055
1780294809.986989975,1780294809.985691786,1.5429999828338623
1780294810.010240078,1780294810.007865429,1.5570000410079956
1780294810.022500515,1780294810.019698858,1.5570000410079956
1780294810.047588110,1780294810.042202950,1.5579999685287476
1780294810.066550970,1780294810.065795183,1.5579999685287476
1780294810.080574989,1780294810.080270290,1.559999942779541
1780294810.103574753,1780294810.103294373,1.5499999523162842
1780294810.128405333,1780294810.127783298,1.5499999523162842
1780294810.141045809,1780294810.140256166,1.5230000019073486
1780294810.168697119,1780294810.166085005,1.5119999647140503
1780294810.182044983,1780294810.181169033,1.5119999647140503
1780294810.208777666,1780294810.208155155,1.5169999599456787
1780294810.220264912,1780294810.219541550,1.5240000486373901
1780294810.243313074,1780294810.243132114,1.5240000486373901
1780294810.265497923,1780294810.264647007,1.531000018119812
1780294810.287694931,1780294810.287349224,1.531000018119812
1780294810.300011635,1780294810.298605442,1.5410000085830688
1780294810.323079586,1780294810.320633173,1.527999997138977
1780294810.343554735,1780294810.342845678,1.527999997138977
1780294810.358687878,1780294810.358386993,1.5199999809265137
1780294810.383715153,1780294810.383087158,1.5160000324249268
1780294810.405283451,1780294810.404722929,1.5160000324249268
1780294810.427208185,1780294810.426741838,1.5290000438690186
1780294810.439350128,1780294810.438956022,1.534999966621399
1780294810.463851929,1780294810.463472366,1.534999966621399
1780294810.487334728,1780294810.486809969,1.5410000085830688
1780294810.499249220,1780294810.498734236,1.534000039100647
1780294810.522713423,1780294810.522013187,1.534000039100647
1780294810.544503450,1780294810.543547630,1.5290000438690186
1780294810.568207264,1780294810.565898657,1.5290000438690186
1780294810.580023766,1780294810.578697681,1.531999945640564
1780294810.602786779,1780294810.602192640,1.5399999618530273
1780294810.624229908,1780294810.623715878,1.5399999618530273
1780294810.647715330,1780294810.647025108,1.5499999523162842
1780294810.660105228,1780294810.658883572,1.5509999990463257
1780294810.682033539,1780294810.681075573,1.5509999990463257
1780294810.704568148,1780294810.703738689,1.5640000104904175
1780294810.727213860,1780294810.726405382,1.5770000219345093
1780294810.739125729,1780294810.738562346,1.5770000219345093
1780294810.761529922,1780294810.761039972,1.569000005722046
1780294810.787319183,1780294810.783262253,1.569000005722046
1780294810.806491613,1780294810.805401564,1.5089999437332153
1780294810.822795391,1780294810.822383881,1.4889999628067017
1780294810.844733477,1780294810.843827963,1.4889999628067017
1780294810.867757082,1780294810.866375208,1.4819999933242798
1780294810.889721870,1780294810.888679266,1.496999979019165
1780294810.902606249,1780294810.902153015,1.496999979019165
1780294810.925800085,1780294810.923932552,1.531999945640564
1780294810.946715832,1780294810.946355820,1.5449999570846558
1780294810.969165325,1780294810.967894793,1.5449999570846558
1780294810.980912209,1780294810.979749918,1.5410000085830688
1780294811.002212048,1780294811.001702070,1.5219999551773071
1780294811.024178028,1780294811.023660898,1.5219999551773071
1780294811.046221733,1780294811.045806885,1.4989999532699585
1780294811.070559740,1780294811.070257902,1.4989999532699585
1780294811.082326889,1780294811.081735134,1.4989999532699585
1780294811.104184389,1780294811.103723049,1.5089999437332153
1780294811.130015612,1780294811.126404285,1.5089999437332153
1780294811.139175177,1780294811.138613462,1.5260000228881836
1780294811.160784960,1780294811.160593748,1.5369999408721924
1780294811.183857918,1780294811.182623386,1.5369999408721924
1780294811.205013037,1780294811.204828024,1.531999945640564
1780294811.227968693,1780294811.227324963,1.5149999856948853
1780294811.239229202,1780294811.238590717,1.5149999856948853
1780294811.260712147,1780294811.260489225,1.4780000448226929
1780294811.284090042,1780294811.283879757,1.4780000448226929
1780294811.307278872,1780294811.306439877,1.4600000381469727
1780294811.325077057,1780294811.324481726,1.4550000429153442
1780294811.347047567,1780294811.346640825,1.4550000429153442
1780294811.360360146,1780294811.358478069,1.4609999656677246
1780294811.384091616,1780294811.383188725,1.4700000286102295
1780294811.406461477,1780294811.405850410,1.4700000286102295
1780294811.429330111,1780294811.427805901,1.4880000352859497
1780294811.442562580,1780294811.442240715,1.5049999952316284
1780294811.466841698,1780294811.464217424,1.5049999952316284
1780294811.486498594,1780294811.485661983,1.5329999923706055
1780294811.498080730,1780294811.497780085,1.527999997138977
1780294811.522860289,1780294811.520604849,1.527999997138977
1780294811.545755386,1780294811.545470238,1.5160000324249268
1780294811.558302879,1780294811.558054686,1.5160000324249268
1780294811.581893921,1780294811.579703331,1.4900000095367432
1780294811.604491711,1780294811.602366686,1.4880000352859497
1780294811.624882221,1780294811.624679089,1.4880000352859497
1780294811.647859335,1780294811.646834850,1.503999948501587
1780294811.658668995,1780294811.658447266,1.5099999904632568
1780294811.681444645,1780294811.681084156,1.5099999904632568
1780294811.703042269,1780294811.702838421,1.534999966621399
1780294811.725512266,1780294811.725279093,1.5410000085830688
1780294811.748168230,1780294811.746701241,1.5410000085830688
1780294811.758941412,1780294811.758615255,1.5210000276565552
1780294811.784406900,1780294811.781033993,1.5210000276565552
1780294811.803732872,1780294811.803038597,1.4930000305175781
1780294811.826169491,1780294811.825838327,1.4989999532699585
1780294811.839379787,1780294811.838135004,1.4989999532699585
1780294811.861151457,1780294811.860840082,1.5099999904632568
1780294811.885926485,1780294811.885093212,1.5119999647140503
1780294811.899009228,1780294811.898486137,1.5119999647140503
1780294811.923656225,1780294811.923265219,1.5169999599456787
1780294811.946729422,1780294811.945840359,1.5230000019073486
1780294811.968082905,1780294811.967818975,1.5230000019073486
1780294811.979794502,1780294811.979628325,1.5290000438690186
1780294812.002455950,1780294812.001893044,1.5379999876022339
1780294812.026185513,1780294812.024390221,1.5379999876022339
1780294812.045993805,1780294812.045766115,1.531999945640564
1780294812.068136930,1780294812.067883253,1.531999945640564
1780294812.080005169,1780294812.079577923,1.5230000019073486
1780294812.102452040,1780294812.101962566,1.5240000486373901
1780294812.125058413,1780294812.124791145,1.5240000486373901
1780294812.147606134,1780294812.146726847,1.531999945640564
1780294812.163493395,1780294812.158631563,1.5390000343322754
1780294812.181540489,1780294812.181183815,1.5390000343322754
1780294812.204647541,1780294812.204323769,1.534999966621399
1780294812.231955767,1780294812.227296591,1.534000039100647
1780294812.243740559,1780294812.243189335,1.534000039100647
1780294812.265737295,1780294812.265483856,1.534999966621399
1780294812.278670549,1780294812.278405666,1.534999966621399
1780294812.306025505,1780294812.302081347,1.5460000038146973
1780294812.324331284,1780294812.324081898,1.5460000038146973
1780294812.346725464,1780294812.346447706,1.5460000038146973
1780294812.359396935,1780294812.358573914,1.5440000295639038
1780294812.381074905,1780294812.380749941,1.5390000343322754
1780294812.403530121,1780294812.403187752,1.5390000343322754
1780294812.426651955,1780294812.426014185,1.5269999504089355
1780294812.440275669,1780294812.438066483,1.531999945640564
1780294812.471885920,1780294812.470654011,1.531999945640564
1780294812.483625889,1780294812.482640743,1.5509999990463257
1780294812.506108284,1780294812.505764484,1.562999963760376
1780294812.532113791,1780294812.527596474,1.562999963760376
1780294812.542573690,1780294812.540118217,1.5770000219345093
1780294812.562330246,1780294812.561814785,1.5770000219345093
1780294812.584434032,1780294812.583425522,1.5859999656677246
1780294812.606434107,1780294812.606037617,1.5959999561309814
1780294812.620493412,1780294812.618654728,1.5959999561309814
1780294812.646549940,1780294812.642573118,1.5959999561309814
1780294812.665347099,1780294812.664907694,1.590000033378601
1780294812.687368870,1780294812.686632633,1.590000033378601
1780294812.700546265,1780294812.698892117,1.5859999656677246
1780294812.721363306,1780294812.720927954,1.5889999866485596
1780294812.744433403,1780294812.744187832,1.5889999866485596
1780294812.767148733,1780294812.766710281,1.5800000429153442
1780294812.789124966,1780294812.788603306,1.5800000429153442
1780294812.801038265,1780294812.800434828,1.5740000009536743
1780294812.823281765,1780294812.822504997,1.5549999475479126
1780294812.845882654,1780294812.844512224,1.5549999475479126
1780294812.868302345,1780294812.867521286,1.5570000410079956
1780294812.880569458,1780294812.879886866,1.5479999780654907
1780294812.902205467,1780294812.901668072,1.5479999780654907
1780294812.925151587,1780294812.924220324,1.5219999551773071
1780294812.947358131,1780294812.945811510,1.503000020980835
1780294812.968766928,1780294812.967694521,1.503000020980835
1780294812.980737209,1780294812.979561329,1.5149999856948853
1780294813.002143145,1780294813.001770496,1.5440000295639038
1780294813.025093317,1780294813.024649143,1.5440000295639038
1780294813.047209263,1780294813.046654940,1.600000023841858
1780294813.058912039,1780294813.058530569,1.600000023841858
1780294813.082197666,1780294813.081899166,1.6299999952316284
1780294813.103975296,1780294813.103561878,1.621999979019165
1780294813.127085447,1780294813.125895023,1.621999979019165
1780294813.140760422,1780294813.140338898,1.5720000267028809
1780294813.163270473,1780294813.162259340,1.5449999570846558
1780294813.184670687,1780294813.183549643,1.5449999570846558
1780294813.207019567,1780294813.206073523,1.5479999780654907
1780294813.226232529,1780294813.225869417,1.565999984741211
1780294813.238808155,1780294813.238466740,1.565999984741211
1780294813.262081146,1780294813.260852098,1.6050000190734863
1780294813.283829451,1780294813.282809973,1.6050000190734863
1780294813.315605402,1780294813.304791451,1.61899995803833
1780294813.331529140,1780294813.326698303,1.6119999885559082
1780294813.341187477,1780294813.339466572,1.6119999885559082
1780294813.369554520,1780294813.368575096,1.5750000476837158
1780294813.382291317,1780294813.381629705,1.565999984741211
1780294813.406163931,1780294813.405745983,1.565999984741211
1780294813.418188572,1780294813.417689562,1.5579999685287476
1780294813.440470219,1780294813.440157652,1.5549999475479126
1780294813.465087652,1780294813.464792967,1.5549999475479126
1780294813.487729311,1780294813.487055063,1.5740000009536743
1780294813.499356747,1780294813.498976946,1.5740000009536743
1780294813.526230335,1780294813.525866508,1.5809999704360962
1780294813.548145294,1780294813.547733068,1.5839999914169312
1780294813.560366869,1780294813.559890985,1.5839999914169312
1780294813.581876278,1780294813.581478834,1.5859999656677246
1780294813.604331732,1780294813.603587151,1.5859999656677246
1780294813.626902580,1780294813.626526594,1.5859999656677246
1780294813.640673876,1780294813.638487339,1.600000023841858
1780294813.661158323,1780294813.660431385,1.6030000448226929
1780294813.684426069,1780294813.683415651,1.6030000448226929
1780294813.707422256,1780294813.706160784,1.600000023841858
1780294813.719621181,1780294813.718479872,1.590000033378601
1780294813.742213964,1780294813.741857529,1.590000033378601
1780294813.765614748,1780294813.765335083,1.5640000104904175
1780294813.779777765,1780294813.778905392,1.5640000104904175
1780294813.802740574,1780294813.801671267,1.5499999523162842
1780294813.823766470,1780294813.823454380,1.5410000085830688
1780294813.846178770,1780294813.845783234,1.5410000085830688
1780294813.869182110,1780294813.867989302,1.5740000009536743
1780294813.891558409,1780294813.890372515,1.590999960899353
1780294813.902839899,1780294813.902296066,1.590999960899353
1780294813.927325964,1780294813.925710678,1.5920000076293945
1780294813.938117266,1780294813.937761545,1.5920000076293945
1780294813.961152077,1780294813.960587740,1.5920000076293945
1780294813.982947111,1780294813.982545137,1.5839999914169312
1780294814.005125284,1780294814.004641771,1.5859999656677246
1780294814.028060675,1780294814.027479410,1.5859999656677246
1780294814.044436693,1780294814.044085026,1.6119999885559082
1780294814.058772326,1780294814.057917356,1.6119999885559082
1780294814.082117081,1780294814.081130743,1.625
1780294814.103551388,1780294814.102531672,1.6260000467300415
1780294814.125600100,1780294814.125142813,1.6260000467300415
1780294814.147605419,1780294814.147146463,1.6050000190734863
1780294814.165805340,1780294814.158893347,1.6089999675750732
1780294814.188217163,1780294814.182062626,1.6089999675750732
1780294814.211634636,1780294814.204653263,1.6180000305175781
1780294814.235766888,1780294814.235100269,1.61899995803833
1780294814.246889591,1780294814.237968922,1.61899995803833
1780294814.263580561,1780294814.262437344,1.6230000257492065
1780294814.285802126,1780294814.284400225,1.6230000257492065
1780294814.306970596,1780294814.306464434,1.6239999532699585
1780294814.319911718,1780294814.318934679,1.628000020980835
1780294814.341159105,1780294814.340557575,1.628000020980835
1780294814.363339901,1780294814.362533331,1.6349999904632568
1780294814.387005568,1780294814.386277199,1.6430000066757202
1780294814.398892164,1780294814.398385763,1.6430000066757202
1780294814.420973778,1780294814.420440435,1.6360000371932983
1780294814.443810463,1780294814.442992926,1.63100004196167
1780294814.465970755,1780294814.464864492,1.63100004196167
1780294814.483434439,1780294814.482403994,1.6180000305175781
1780294814.505628824,1780294814.504978418,1.6180000305175781
1780294814.519810915,1780294814.519315481,1.6139999628067017
1780294814.543904066,1780294814.542597294,1.6109999418258667
1780294814.565426111,1780294814.564637899,1.6109999418258667
1780294814.587762594,1780294814.586715698,1.628000020980835
1780294814.605123997,1780294814.598541975,1.6410000324249268
1780294814.627589703,1780294814.626927853,1.6410000324249268
1780294814.638978958,1780294814.638395071,1.6510000228881836
1780294814.663787603,1780294814.663083553,1.6430000066757202
1780294814.685756207,1780294814.685103416,1.6430000066757202
1780294814.700797081,1780294814.699244022,1.6339999437332153
1780294814.722557783,1780294814.721398592,1.628999948501587
1780294814.744106054,1780294814.740079880,1.628999948501587
1780294814.762745380,1780294814.761715889,1.6360000371932983
1780294814.785571814,1780294814.784297466,1.6360000371932983
1780294814.807372808,1780294814.806506634,1.656000018119812
1780294814.820031881,1780294814.818839312,1.684999942779541
1780294814.841216803,1780294814.840941668,1.684999942779541
1780294814.864126682,1780294814.863312721,1.6979999542236328
1780294814.886746645,1780294814.885937452,1.687000036239624
1780294814.898965597,1780294814.898080587,1.687000036239624
1780294814.922794580,1780294814.921616793,1.6770000457763672
1780294814.944360971,1780294814.943696260,1.6640000343322754
1780294814.960129499,1780294814.959353447,1.6640000343322754
1780294814.982997417,1780294814.982685328,1.6799999475479126
1780294815.005377293,1780294815.004551411,1.6829999685287476
1780294815.027829647,1780294815.027133226,1.6829999685287476
1780294815.039428711,1780294815.039186478,1.6740000247955322
1780294815.064289570,1780294815.063206673,1.6740000247955322
1780294815.086229801,1780294815.085231304,1.6699999570846558
1780294815.107911825,1780294815.107535362,1.6820000410079956
1780294815.120879412,1780294815.120412111,1.6820000410079956
1780294815.144772053,1780294815.144330740,1.6959999799728394
1780294815.167300463,1780294815.166595697,1.7020000219345093
1780294815.179637671,1780294815.179070950,1.7020000219345093
1780294815.201338053,1780294815.200593472,1.6920000314712524
1780294815.223901510,1780294815.223098993,1.6829999685287476
1780294815.246004105,1780294815.245484114,1.6829999685287476
1780294815.268117905,1780294815.267493248,1.6749999523162842
1780294815.280575752,1780294815.279482365,1.6749999523162842
1780294815.304687262,1780294815.301466942,1.6699999570846558
1780294815.326347351,1780294815.323874712,1.6740000247955322
1780294815.346708775,1780294815.345540524,1.6740000247955322
1780294815.369631052,1780294815.367534399,1.6660000085830688
1780294815.380841732,1780294815.380605936,1.6660000085830688
1780294815.403184652,1780294815.402404070,1.6660000085830688
1780294815.424981833,1780294815.424553156,1.6679999828338623
1780294815.447600842,1780294815.447275639,1.6629999876022339
1780294815.459637403,1780294815.459379435,1.6629999876022339
1780294815.482285500,1780294815.481309891,1.656999945640564
1780294815.504203796,1780294815.503623247,1.656999945640564
1780294815.527313709,1780294815.525646925,1.659000039100647
1780294815.540927649,1780294815.538808584,1.6759999990463257
1780294815.561339855,1780294815.560336590,1.6759999990463257
1780294815.585007191,1780294815.583383083,1.684999942779541
1780294815.606336594,1780294815.605987787,1.6970000267028809
1780294815.620834112,1780294815.620617151,1.6970000267028809
1780294815.645398378,1780294815.642932415,1.6990000009536743
1780294815.664994717,1780294815.664679050,1.6959999799728394
1780294815.687581301,1780294815.687277079,1.6959999799728394
1780294815.699692726,1780294815.699433088,1.6920000314712524
1780294815.727852821,1780294815.727257252,1.6859999895095825
1780294815.743321419,1780294815.740566730,1.6859999895095825
1780294815.765510559,1780294815.764782667,1.687000036239624
1780294815.783624887,1780294815.782883883,1.687000036239624
1780294815.806784391,1780294815.806422949,1.680999994277954
1780294815.820148230,1780294815.819402218,1.6629999876022339
1780294815.841726065,1780294815.841502428,1.6629999876022339
1780294815.864652872,1780294815.864017010,1.659000039100647
1780294815.886521816,1780294815.886242628,1.6790000200271606
1780294815.902009010,1780294815.901312828,1.6790000200271606
1780294815.921129942,1780294815.919269800,1.6970000267028809
1780294815.947427034,1780294815.944901466,1.7139999866485596
1780294815.967355251,1780294815.966707230,1.7139999866485596
1780294815.979776859,1780294815.978760481,1.7259999513626099
1780294816.003104210,1780294816.002220869,1.7259999513626099
1780294816.028757572,1780294816.026857376,1.7259999513626099
1780294816.041182518,1780294816.040291548,1.7259999513626099
1780294816.064267635,1780294816.063391209,1.7259999513626099
1780294816.086178780,1780294816.085381746,1.725000023841858
1780294816.108044624,1780294816.107727289,1.722000002861023
1780294816.122059345,1780294816.120065928,1.722000002861023
1780294816.144506693,1780294816.144072771,1.722000002861023
1780294816.168516397,1780294816.167177677,1.7170000076293945
1780294816.180249691,1780294816.179570913,1.7170000076293945
1780294816.204208612,1780294816.203428745,1.7089999914169312
1780294816.226083755,1780294816.225871563,1.6929999589920044
1780294816.239787102,1780294816.239586592,1.6929999589920044
1780294816.266288519,1780294816.261784554,1.6829999685287476
1780294816.288092375,1780294816.284132957,1.6829999685287476
1780294816.305424929,1780294816.297780275,1.680999994277954
1780294816.324290276,1780294816.322397470,1.684999942779541
1780294816.345642567,1780294816.344973326,1.684999942779541
1780294816.366914511,1780294816.366717815,1.690999984741211
1780294816.380965948,1780294816.378912926,1.690000057220459
1780294816.402471542,1780294816.401847124,1.690000057220459
1780294816.426162481,1780294816.425447226,1.684999942779541
1780294816.439131021,1780294816.438385725,1.680999994277954
1780294816.462012291,1780294816.461760759,1.680999994277954
1780294816.484239578,1780294816.483727932,1.684999942779541
1780294816.510764837,1780294816.505922079,1.6799999475479126
1780294816.520402193,1780294816.519691706,1.6799999475479126
1780294816.544116020,1780294816.543581963,1.6770000457763672
1780294816.563142776,1780294816.558719635,1.6770000457763672
1780294816.580971479,1780294816.580381393,1.6729999780654907
1780294816.602964640,1780294816.602387905,1.6759999990463257
1780294816.625306845,1780294816.624601603,1.6759999990463257
1780294816.650649309,1780294816.647044182,1.6829999685287476
1780294816.663803577,1780294816.660760403,1.687999963760376
1780294816.691693068,1780294816.690960407,1.687999963760376
1780294816.703454733,1780294816.703215599,1.690999984741211
1780294816.727734566,1780294816.726949930,1.6820000410079956
1780294816.742064238,1780294816.738719463,1.6820000410079956
1780294816.765486717,1780294816.761924982,1.6740000247955322
1780294816.785182476,1780294816.784871578,1.6740000247955322
1780294816.808313370,1780294816.806876898,1.6749999523162842
1780294816.831521749,1780294816.821232319,1.6959999799728394
1780294816.846345186,1780294816.844321489,1.6959999799728394
1780294816.869612932,1780294816.867380381,1.7020000219345093
1780294816.880627394,1780294816.880238771,1.7039999961853027
1780294816.904122591,1780294816.903589010,1.7039999961853027
1780294816.927393198,1780294816.927152157,1.6979999542236328
1780294816.939032078,1780294816.938646078,1.6759999990463257
1780294816.963492393,1780294816.961540937,1.6759999990463257
1780294816.983994722,1780294816.983454227,1.6649999618530273
1780294817.006136656,1780294817.005765915,1.6260000467300415
1780294817.018598795,1780294817.018042326,1.6260000467300415
1780294817.041616917,1780294817.040896416,1.5770000219345093
1780294817.064519882,1780294817.062382936,1.5770000219345093
1780294817.085335970,1780294817.084700346,1.5490000247955322
1780294817.098202705,1780294817.097921848,1.5920000076293945
1780294817.122625828,1780294817.121392250,1.5920000076293945
1780294817.146374226,1780294817.145294428,1.628999948501587
1780294817.169011354,1780294817.167941093,1.590999960899353
1780294817.181281567,1780294817.180951595,1.590999960899353
1780294817.203879118,1780294817.203550100,1.5449999570846558
1780294817.221107244,1780294817.220734835,1.4579999446868896
1780294817.245073795,1780294817.243056297,1.4579999446868896
1780294817.266509771,1780294817.265058279,1.4149999618530273
1780294817.291342974,1780294817.286788702,1.4149999618530273
1780294817.302644253,1780294817.299281120,1.371999979019165
1780294817.325024366,1780294817.322656870,1.2949999570846558
1780294817.347341776,1780294817.344293118,1.2949999570846558
1780294817.368223190,1780294817.366925478,1.24399995803833
1780294817.380468607,1780294817.378363609,1.1770000457763672
1780294817.401467562,1780294817.401039600,1.1770000457763672
1780294817.425558329,1780294817.424562931,1.128999948501587
1780294817.447928429,1780294817.446370363,1.0490000247955322
1780294817.460706949,1780294817.458458424,1.0490000247955322
1780294817.482137442,1780294817.481008768,0.9789999723434448
1780294817.504150391,1780294817.503029346,0.9789999723434448
1780294817.521246910,1780294817.519023657,0.9319999814033508
1780294817.542280674,1780294817.541813135,0.8560000061988831
1780294817.567298889,1780294817.563509226,0.8560000061988831
1780294817.587564707,1780294817.587286711,0.8119999766349792
1780294817.602294922,1780294817.601541758,0.7459999918937683
1780294817.625543356,1780294817.625351191,0.7459999918937683
1780294817.648025274,1780294817.647550821,0.7200000286102295
1780294817.659605503,1780294817.659445286,0.6359999775886536
1780294817.682763338,1780294817.681739569,0.6359999775886536
1780294817.705699921,1780294817.705110312,0.6029999852180481
1780294817.718679905,1780294817.718093395,0.5180000066757202
1780294817.741445303,1780294817.740219355,0.5180000066757202
1780294817.765208721,1780294817.764902830,0.42800000309944153
1780294817.788590908,1780294817.786248684,0.42800000309944153
1780294817.802763939,1780294817.798230648,0.3880000114440918
1780294817.822827816,1780294817.820951462,0.3709999918937683
1780294817.844630241,1780294817.842909575,0.3709999918937683
1780294817.868891239,1780294817.864993572,0.35199999809265137
1780294817.887342930,1780294817.886628389,0.31200000643730164
1780294817.899155617,1780294817.898197889,0.31200000643730164
1780294817.922736645,1780294817.922018290,0.29100000858306885
1780294817.947164774,1780294817.943494081,0.2619999945163727
1780294817.967167377,1780294817.966337919,0.2619999945163727
1780294817.980780125,1780294817.978464603,0.23800000548362732
1780294818.013482809,1780294818.000731230,0.20999999344348907
1780294818.024372101,1780294818.023366213,0.20999999344348907
1780294818.047252655,1780294818.046050072,0.19499999284744263
1780294818.060887098,1780294818.058284998,0.1979999989271164
1780294818.084162712,1780294818.083728790,0.1979999989271164
1780294818.106231689,1780294818.105851412,0.20499999821186066
1780294818.128394842,1780294818.127847433,0.20499999821186066
1780294818.139596462,1780294818.139209509,0.21199999749660492
1780294818.161949396,1780294818.161407232,0.2370000034570694
1780294818.184350252,1780294818.183971167,0.2370000034570694
1780294818.200385571,1780294818.198101759,0.24500000476837158
1780294818.221755743,1780294818.220824480,0.2590000033378601
1780294818.244813204,1780294818.243540525,0.2590000033378601
1780294818.266942501,1780294818.266490459,0.26499998569488525
1780294818.279958963,1780294818.278555155,0.22499999403953552
1780294818.302170038,1780294818.300530910,0.22499999403953552
1780294818.324172974,1780294818.323256016,0.2029999941587448
1780294818.345829248,1780294818.345427036,0.21400000154972076
1780294818.368042707,1780294818.367360353,0.21400000154972076
1780294818.379809856,1780294818.379247189,0.23899999260902405
1780294818.401997089,1780294818.401503563,0.25999999046325684
1780294818.427882910,1780294818.427347422,0.25999999046325684
1780294818.442970753,1780294818.442576885,0.25699999928474426
1780294818.467002153,1780294818.466686487,0.2770000100135803
1780294818.479053974,1780294818.478416204,0.2770000100135803
1780294818.501124620,1780294818.500265598,0.29600000381469727
1780294818.527766228,1780294818.526795864,0.29600000381469727
1780294818.539405823,1780294818.539147854,0.3370000123977661
1780294818.562358618,1780294818.561339140,0.3400000035762787
1780294818.586857319,1780294818.586553574,0.3400000035762787
1780294818.599447966,1780294818.598289728,0.3409999907016754
1780294818.622757673,1780294818.621779203,0.38100001215934753
1780294818.643565416,1780294818.643235922,0.38100001215934753
1780294818.666550159,1780294818.666300297,0.38999998569488525
1780294818.682449818,1780294818.678567171,0.4099999964237213
1780294818.702648878,1780294818.701256990,0.4099999964237213
1780294818.724915028,1780294818.723910809,0.42800000309944153
1780294818.747197628,1780294818.746840239,0.4490000009536743
1780294818.762495995,1780294818.761395693,0.4490000009536743
1780294818.784999132,1780294818.783561707,0.4659999907016754
1780294818.806433678,1780294818.805776119,0.4659999907016754
1780294818.819899797,1780294818.819084644,0.4959999918937683
1780294818.844429255,1780294818.844210863,0.5130000114440918
1780294818.858263969,1780294818.857989550,0.5130000114440918
1780294818.880465508,1780294818.880287409,0.527999997138977
1780294818.902726173,1780294818.902477264,0.550000011920929
1780294818.925677538,1780294818.924463511,0.550000011920929
1780294818.949509144,1780294818.946488857,0.5630000233650208
1780294818.961072683,1780294818.958296299,0.5910000205039978
1780294818.981000185,1780294818.980540514,0.5910000205039978
1780294819.002770424,1780294819.002378702,0.609000027179718
1780294819.026187658,1780294819.024644613,0.6309999823570251
1780294819.047555685,1780294819.046251774,0.6309999823570251
1780294819.058544397,1780294819.058249950,0.6460000276565552
1780294819.081105947,1780294819.080607414,0.6759999990463257
1780294819.103303909,1780294819.102606535,0.6759999990463257
1780294819.126613379,1780294819.126149654,0.6909999847412109
1780294819.138965607,1780294819.138320923,0.6909999847412109
1780294819.162827969,1780294819.160271645,0.718999981880188
1780294819.184224129,1780294819.183872700,0.7490000128746033
1780294819.199535131,1780294819.198600531,0.7490000128746033
1780294819.221901894,1780294819.221158743,0.7680000066757202
1780294819.243979216,1780294819.243596077,0.7929999828338623
1780294819.266260147,1780294819.265317678,0.7929999828338623
1780294819.288286209,1780294819.287519455,0.8050000071525574
1780294819.302431345,1780294819.299364328,0.8370000123977661
1780294819.321883202,1780294819.321415424,0.8370000123977661
1780294819.343905449,1780294819.343476534,0.8529999852180481
1780294819.368185759,1780294819.367668152,0.8820000290870667
1780294819.382267475,1780294819.379635096,0.8820000290870667
1780294819.402255058,1780294819.401682854,0.890999972820282
1780294819.423540831,1780294819.423372030,0.890999972820282
1780294819.445502043,1780294819.445313692,0.9259999990463257
1780294819.468480349,1780294819.467690945,0.9580000042915344
1780294819.489698172,1780294819.482207775,0.9580000042915344
1780294819.498942137,1780294819.498301983,0.968999981880188
1780294819.521771431,1780294819.520326614,0.9919999837875366
1780294819.545907021,1780294819.543180227,0.9919999837875366
1780294819.569389343,1780294819.566009283,1.0
1780294819.588509321,1780294819.587265015,1.0299999713897705
1780294819.601398945,1780294819.599617958,1.0299999713897705
1780294819.622521639,1780294819.621777058,1.0410000085830688
1780294819.646156549,1780294819.644118547,1.0410000085830688
1780294819.666624069,1780294819.666331291,1.0789999961853027
1780294819.679767847,1780294819.678941011,1.0809999704360962
1780294819.703246355,1780294819.701415062,1.0809999704360962
1780294819.724298716,1780294819.723326683,1.1080000400543213
1780294819.745712757,1780294819.745337248,1.1180000305175781
1780294819.772926807,1780294819.767338991,1.1180000305175781
1780294819.781637192,1780294819.779203176,1.13100004196167
1780294819.803027630,1780294819.801204920,1.1629999876022339
1780294819.823519707,1780294819.823276758,1.1629999876022339
1780294819.845311165,1780294819.845122576,1.1699999570846558
1780294819.869711161,1780294819.869295597,1.1959999799728394
1780294819.881531477,1780294819.881281376,1.1959999799728394
1780294819.903952837,1780294819.903756142,1.2039999961853027
1780294819.925695181,1780294819.925450563,1.2039999961853027
1780294819.938853264,1780294819.938530207,1.2319999933242798
1780294819.965285778,1780294819.961678028,1.2450000047683716
1780294819.984023809,1780294819.983668566,1.2450000047683716
1780294820.008928299,1780294820.005446911,1.2710000276565552
1780294820.028815746,1780294820.027490854,1.2940000295639038
1780294820.042854309,1780294820.039429665,1.2940000295639038
1780294820.063403130,1780294820.062488317,1.309999942779541
1780294820.085402727,1780294820.084565401,1.3389999866485596
1780294820.107252598,1780294820.106637716,1.3389999866485596
1780294820.119076729,1780294820.118316650,1.3509999513626099
1780294820.141613007,1780294820.140513659,1.3860000371932983
1780294820.163249016,1780294820.162137985,1.3860000371932983
1780294820.185723305,1780294820.185127974,1.3930000066757202
1780294820.198032141,1780294820.197782278,1.3930000066757202
1780294820.221085787,1780294820.220542431,1.4140000343322754
1780294820.245445967,1780294820.244505167,1.4210000038146973
1780294820.267330170,1780294820.266794205,1.4210000038146973
1780294820.283132792,1780294820.282267332,1.4470000267028809
1780294820.308353186,1780294820.306854725,1.4780000448226929
1780294820.320702791,1780294820.319530964,1.4780000448226929
1780294820.341739655,1780294820.341419697,1.4809999465942383
1780294820.366453648,1780294820.365917206,1.5140000581741333
1780294820.388697386,1780294820.387227297,1.5140000581741333
1780294820.399957895,1780294820.399099350,1.5149999856948853
1780294820.423222780,1780294820.422904015,1.5149999856948853
1780294820.445057631,1780294820.444293976,1.5440000295639038
1780294820.467812300,1780294820.467218161,1.5609999895095825
1780294820.481356621,1780294820.480973721,1.5609999895095825
1780294820.503100157,1780294820.502626419,1.593999981880188
1780294820.526155710,1780294820.524742603,1.625
1780294820.546922445,1780294820.546456575,1.625
1780294820.559754610,1780294820.558237314,1.6390000581741333
1780294820.581420898,1780294820.580656528,1.659999966621399
1780294820.603165388,1780294820.602198362,1.659999966621399
1780294820.626036167,1780294820.625261784,1.6679999828338623
1780294820.638398409,1780294820.637823582,1.6679999828338623
1780294820.663522005,1780294820.663161039,1.6929999589920044
1780294820.686499357,1780294820.686107635,1.7050000429153442
1780294820.698744535,1780294820.698084354,1.7050000429153442
1780294820.723346710,1780294820.722187996,1.7280000448226929
1780294820.745214939,1780294820.745013475,1.7510000467300415
1780294820.758375883,1780294820.758097887,1.7510000467300415
1780294820.782332420,1780294820.781329393,1.75600004196167
1780294820.810811758,1780294820.804345608,1.7829999923706055
1780294820.822073936,1780294820.820130825,1.7829999923706055
1780294820.843923092,1780294820.842554808,1.7990000247955322
1780294820.866033077,1780294820.864795923,1.8350000381469727
1780294820.880636454,1780294820.878249168,1.8350000381469727
1780294820.904046774,1780294820.902529716,1.8580000400543213
1780294820.926714420,1780294820.925814629,1.8580000400543213
1780294820.939386845,1780294820.938733339,1.8930000066757202
1780294820.965359926,1780294820.963287592,1.9019999504089355
1780294820.988056183,1780294820.986634970,1.9019999504089355
1780294821.000720263,1780294820.999473095,1.8919999599456787
1780294821.023918629,1780294821.022389412,1.8960000276565552
1780294821.046268225,1780294821.045356512,1.8960000276565552
1780294821.060256004,1780294821.058986425,1.9329999685287476
1780294821.084390163,1780294821.082840443,1.9609999656677246
1780294821.107140779,1780294821.106136084,1.9609999656677246
1780294821.120726347,1780294821.119669437,1.9609999656677246
1780294821.142642736,1780294821.141828299,1.9609999656677246
1780294821.165956497,1780294821.165288687,1.9479999542236328
1780294821.178639174,1780294821.178430080,1.9420000314712524
1780294821.202419281,1780294821.200486898,1.9420000314712524
1780294821.225218773,1780294821.223866701,1.9479999542236328
1780294821.251767159,1780294821.250400543,1.9470000267028809
1780294821.264549017,1780294821.263405800,1.9470000267028809
1780294821.286332369,1780294821.285291195,1.9600000381469727
1780294821.310495853,1780294821.307741404,1.965000033378601
1780294821.322261810,1780294821.320806742,1.965000033378601
1780294821.343954086,1780294821.343333721,1.975000023841858
1780294821.367610455,1780294821.366010189,1.9759999513626099
1780294821.378280401,1780294821.378046036,1.9759999513626099
1780294821.403057337,1780294821.401547432,1.965999960899353
1780294821.424144506,1780294821.423634052,1.965999960899353
1780294821.449199915,1780294821.445661783,1.9290000200271606
1780294821.469092131,1780294821.467218876,1.9140000343322754
1780294821.483786583,1780294821.481235743,1.9140000343322754
1780294821.504731655,1780294821.503691196,1.9240000247955322
1780294821.527471066,1780294821.525361300,1.9420000314712524
1780294821.547930241,1780294821.547629356,1.9420000314712524
1780294821.560163975,1780294821.559906960,1.9830000400543213
1780294821.585545301,1780294821.582379341,2.003000020980835
1780294821.606791735,1780294821.605973482,2.003000020980835
1780294821.624017000,1780294821.623375177,1.9989999532699585
1780294821.652154922,1780294821.650367498,1.9600000381469727
1780294821.668634176,1780294821.668076992,1.9600000381469727
1780294821.680888891,1780294821.680240631,1.9270000457763672
1780294821.705103397,1780294821.704082012,1.902999997138977
1780294821.721043348,1780294821.720137358,1.902999997138977
1780294821.743424892,1780294821.742411137,1.9140000343322754
1780294821.769727707,1780294821.764488935,1.9140000343322754
1780294821.788856983,1780294821.787111521,1.937000036239624
1780294821.801535368,1780294821.800260544,1.9459999799728394
1780294821.823232412,1780294821.822525263,1.9459999799728394
1780294821.847190142,1780294821.844880819,1.9520000219345093
1780294821.859112740,1780294821.858358383,1.940000057220459
1780294821.881027460,1780294821.880305290,1.940000057220459
1780294821.910144091,1780294821.908430338,1.9299999475479126
1780294821.924015284,1780294821.923340797,1.8839999437332153
1780294821.939444065,1780294821.938077211,1.8839999437332153
1780294821.964354753,1780294821.960858822,1.8700000047683716
1780294821.983978510,1780294821.983755112,1.8700000047683716
1780294822.009933472,1780294822.008182287,1.8609999418258667
1780294822.020371675,1780294822.020147800,1.8619999885559082
1780294822.043074608,1780294822.042251587,1.8619999885559082
1780294822.065903425,1780294822.064392567,1.8569999933242798
1780294822.088068724,1780294822.086500645,1.8580000400543213
1780294822.103760242,1780294822.099210262,1.8580000400543213
1780294822.122190714,1780294822.121808290,1.8459999561309814
1780294822.147835732,1780294822.147538662,1.8339999914169312
1780294822.160871029,1780294822.159095049,1.8339999914169312
1780294822.182586432,1780294822.181152105,1.8170000314712524
1780294822.210256338,1780294822.203259945,1.8070000410079956
1780294822.226323128,1780294822.225924015,1.8070000410079956
1780294822.243131161,1780294822.240802050,1.819000005722046
1780294822.264078379,1780294822.263342142,1.819000005722046
1780294822.286376715,1780294822.286154985,1.8509999513626099
1780294822.300329685,1780294822.298355103,1.8380000591278076
1780294822.324051619,1780294822.323771477,1.8380000591278076
1780294822.337893963,1780294822.337616682,1.784000039100647
1780294822.363609791,1780294822.362817049,1.7619999647140503
1780294822.385819674,1780294822.385378361,1.7619999647140503
1780294822.402737379,1780294822.398304224,1.7280000448226929
1780294822.420730829,1780294822.420347214,1.725000023841858
1780294822.443046093,1780294822.442246437,1.725000023841858
1780294822.464717627,1780294822.464399815,1.7649999856948853
1780294822.488601208,1780294822.486232281,1.7649999856948853
1780294822.502281427,1780294822.498208761,1.7649999856948853
1780294822.522869349,1780294822.522430420,1.7389999628067017
1780294822.544868469,1780294822.544239521,1.7389999628067017
1780294822.566498518,1780294822.566208601,1.687999963760376
1780294822.578736305,1780294822.578467607,1.6740000247955322
1780294822.602279186,1780294822.601970196,1.6740000247955322
1780294822.626759529,1780294822.624382496,1.6660000085830688
1780294822.639673948,1780294822.638169527,1.6829999685287476
1780294822.663323641,1780294822.662198544,1.6829999685287476
1780294822.689844847,1780294822.686568737,1.7050000429153442
1780294822.700899363,1780294822.699829817,1.6929999589920044
1780294822.727012634,1780294822.724574566,1.6929999589920044
1780294822.739731073,1780294822.738654852,1.6619999408721924
1780294822.762725830,1780294822.762236357,1.6460000276565552
1780294822.785434961,1780294822.785107136,1.6460000276565552
1780294822.799522638,1780294822.798418522,1.6260000467300415
1780294822.825166225,1780294822.821005583,1.6260000467300415
1780294822.845397949,1780294822.845116854,1.621999979019165
1780294822.860806704,1780294822.860199451,1.61899995803833
1780294822.885795593,1780294822.885204077,1.61899995803833
1780294822.898377419,1780294822.897976398,1.6169999837875366
1780294822.921100378,1780294822.920587301,1.6180000305175781
1780294822.943953991,1780294822.943523645,1.6180000305175781
1780294822.958407879,1780294822.957837582,1.6030000448226929
1780294822.980857372,1780294822.980628490,1.600000023841858
1780294822.998116970,1780294822.997506380,1.600000023841858
1780294823.022794962,1780294823.020495415,1.5800000429153442
1780294823.043850183,1780294823.043052912,1.5800000429153442
1780294823.057955027,1780294823.057402849,1.5770000219345093
1780294823.081109285,1780294823.080688238,1.5770000219345093
1780294823.103798389,1780294823.103029728,1.5770000219345093
1780294823.125575304,1780294823.125085354,1.5709999799728394
1780294823.147889614,1780294823.147031784,1.559999942779541
1780294823.169530392,1780294823.158994198,1.559999942779541
1780294823.185338497,1780294823.181164265,1.5440000295639038
1780294823.203646898,1780294823.203112364,1.534999966621399
1780294823.229696512,1780294823.225209713,1.534999966621399
1780294823.248491049,1780294823.247807741,1.5180000066757202
1780294823.259577751,1780294823.258999586,1.5140000581741333
1780294823.282233238,1780294823.281246662,1.5140000581741333
1780294823.304018497,1780294823.303191662,1.5110000371932983
1780294823.325444698,1780294823.325097799,1.5110000371932983
1780294823.347350597,1780294823.347047091,1.5010000467300415
1780294823.359414339,1780294823.359090567,1.496999979019165
1780294823.381377697,1780294823.381035805,1.496999979019165
1780294823.404218674,1780294823.403853178,1.4869999885559082
1780294823.426339626,1780294823.426039934,1.4800000190734863
1780294823.438323498,1780294823.438007116,1.4800000190734863
1780294823.462120295,1780294823.460996389,1.4700000286102295
1780294823.483531952,1780294823.483273029,1.4769999980926514
1780294823.505793333,1780294823.505172491,1.4769999980926514
1780294823.527639866,1780294823.527177572,1.4980000257492065
1780294823.542149782,1780294823.541861534,1.4980000257492065
1780294823.565435648,1780294823.564695358,1.5049999952316284
1780294823.586659431,1780294823.586219311,1.4900000095367432
1780294823.602386236,1780294823.598055601,1.4900000095367432
1780294823.621355057,1780294823.620960712,1.4830000400543213
1780294823.643983841,1780294823.643462181,1.4759999513626099
1780294823.666759968,1780294823.666499853,1.4759999513626099
1780294823.678836346,1780294823.678112984,1.472000002861023
1780294823.701112986,1780294823.700385571,1.468999981880188
1780294823.723655224,1780294823.723172188,1.468999981880188
1780294823.748252153,1780294823.747355223,1.4700000286102295
1780294823.759455681,1780294823.759092569,1.4609999656677246
1780294823.787252903,1780294823.783888578,1.4609999656677246
1780294823.807589531,1780294823.806872129,1.4329999685287476
1780294823.824044943,1780294823.819407940,1.4329999685287476
1780294823.844172955,1780294823.843225241,1.3869999647140503
1780294823.866737366,1780294823.865739822,1.3890000581741333
1780294823.887366056,1780294823.886983633,1.3890000581741333
1780294823.900962114,1780294823.900465012,1.4119999408721924
1780294823.923748493,1780294823.922900915,1.4240000247955322
1780294823.944607973,1780294823.944394827,1.4240000247955322
1780294823.966354370,1780294823.966131449,1.4579999446868896
1780294823.980077982,1780294823.979723692,1.4709999561309814
1780294824.001363277,1780294824.001044750,1.4709999561309814
1780294824.023372650,1780294824.023151398,1.4869999885559082
1780294824.045729637,1780294824.045400858,1.4869999885559082
1780294824.058090448,1780294824.057769299,1.4290000200271606
1780294824.080740690,1780294824.080089569,1.4119999408721924
1780294824.104826689,1780294824.104511499,1.4119999408721924
1780294824.120419025,1780294824.119343758,1.4520000219345093
1780294824.141653776,1780294824.141422749,1.468999981880188
1780294824.163897991,1780294824.163617373,1.468999981880188
1780294824.185940504,1780294824.185174942,1.4709999561309814
1780294824.199275732,1780294824.198089838,1.4299999475479126
1780294824.222159147,1780294824.221700430,1.4299999475479126
1780294824.244769335,1780294824.244004726,1.3359999656677246
1780294824.266315937,1780294824.266091824,1.3519999980926514
1780294824.278674364,1780294824.278389454,1.3519999980926514
1780294824.302204847,1780294824.300296068,1.437999963760376
1780294824.323471546,1780294824.322769880,1.437999963760376
1780294824.345801592,1780294824.344408274,1.4980000257492065
1780294824.366897821,1780294824.366250753,1.5160000324249268
1780294824.378739119,1780294824.378243446,1.5160000324249268
1780294824.402120829,1780294824.401028156,1.4550000429153442
1780294824.423648834,1780294824.423087358,1.3869999647140503
1780294824.446131706,1780294824.445551395,1.3869999647140503
1780294824.461158991,1780294824.458653450,1.350000023841858
1780294824.494096041,1780294824.480128527,1.3890000581741333
1780294824.502379179,1780294824.499206543,1.3890000581741333
1780294824.523196459,1780294824.521248579,1.465000033378601
1780294824.544736385,1780294824.543207169,1.465000033378601
1780294824.568258762,1780294824.567009449,1.4930000305175781
1780294824.579313517,1780294824.578964472,1.4759999513626099
1780294824.603594303,1780294824.601221085,1.4759999513626099
1780294824.623942137,1780294824.623093128,1.4240000247955322
1780294824.645925760,1780294824.645281076,1.406999945640564
1780294824.667916536,1780294824.667129755,1.406999945640564
1780294824.683227777,1780294824.680078983,1.4199999570846558
1780294824.703267336,1780294824.701766491,1.4420000314712524
1780294824.724723816,1780294824.723990679,1.4420000314712524
1780294824.749779940,1780294824.746024609,1.4600000381469727
1780294824.761247873,1780294824.758159161,1.465000033378601
1780294824.781112194,1780294824.780101061,1.465000033378601
1780294824.820484161,1780294824.815752745,1.4459999799728394
1780294824.822825909,1780294824.818543434,1.4459999799728394
1780294824.847142935,1780294824.840417624,1.4149999618530273
1780294824.866548777,1780294824.862704515,1.409000039100647
1780294824.888373613,1780294824.886006355,1.409000039100647
1780294824.898472548,1780294824.898162365,1.4240000247955322
1780294824.921434164,1780294824.920996428,1.4299999475479126
1780294824.943669558,1780294824.943168402,1.4299999475479126
1780294824.966695786,1780294824.966293812,1.444000005722046
1780294824.980458021,1780294824.980176210,1.4420000314712524
1780294825.003179550,1780294825.002859831,1.4420000314712524
1780294825.026668310,1780294825.026337624,1.4329999685287476
1780294825.066804886,1780294825.039646626,1.4329999685287476
1780294825.066865683,1780294825.061363220,1.4049999713897705
1780294825.086973906,1780294825.086554766,1.3930000066757202
1780294825.101287842,1780294825.098830938,1.3930000066757202
1780294825.125614166,1780294825.123630047,1.3919999599456787
1780294825.147083282,1780294825.146293879,1.4019999504089355
1780294825.163130283,1780294825.161842585,1.4019999504089355
1780294825.185582638,1780294825.184518814,1.409000039100647
1780294825.207983732,1780294825.207191706,1.4149999618530273
1780294825.221213818,1780294825.219310284,1.4149999618530273
1780294825.242705107,1780294825.241845846,1.406999945640564
1780294825.265671968,1780294825.264652967,1.406999945640564
1780294825.287284851,1780294825.286323786,1.3910000324249268
1780294825.300229073,1780294825.298922062,1.3890000581741333
1780294825.323995829,1780294825.323166609,1.3890000581741333
1780294825.346003532,1780294825.345191240,1.3910000324249268
1780294825.361322880,1780294825.359836340,1.3910000324249268
1780294825.383378744,1780294825.382047415,1.3910000324249268
1780294825.406007051,1780294825.404966831,1.3899999856948853
1780294825.419735193,1780294825.418639660,1.3930000066757202
1780294825.441357613,1780294825.440376997,1.3930000066757202
1780294825.466411352,1780294825.462752104,1.3760000467300415
1780294825.485652447,1780294825.485040426,1.3730000257492065
1780294825.512106180,1780294825.497776270,1.3730000257492065
1780294825.524541378,1780294825.523963928,1.3559999465942383
1780294825.549021244,1780294825.547531366,1.3559999465942383
1780294825.560337543,1780294825.558943033,1.3450000286102295
1780294825.582837343,1780294825.580985785,1.343999981880188
1780294825.607269526,1780294825.603327751,1.343999981880188
1780294825.626177311,1780294825.625740528,1.3289999961853027
1780294825.655424833,1780294825.647771835,1.3289999961853027
1780294825.662770510,1780294825.660748959,1.3289999961853027
1780294825.690242767,1780294825.687067986,1.3339999914169312
1780294825.709290504,1780294825.706437111,1.3380000591278076
1780294825.719867229,1780294825.718095064,1.3380000591278076
1780294825.744392395,1780294825.742512465,1.3509999513626099
1780294825.765239477,1780294825.765028477,1.350000023841858
1780294825.780238628,1780294825.779783010,1.350000023841858
1780294825.807876110,1780294825.802292585,1.3519999980926514
1780294825.825462818,1780294825.824251413,1.3519999980926514
1780294825.840361118,1780294825.837873220,1.3480000495910645
1780294825.864246130,1780294825.863370419,1.3309999704360962
1780294825.887866259,1780294825.886399746,1.3309999704360962
1780294825.900355339,1780294825.898636341,1.3240000009536743
1780294825.924928665,1780294825.924121380,1.312999963760376
1780294825.938867331,1780294825.937828064,1.312999963760376
1780294825.960854530,1780294825.960405350,1.3289999961853027
1780294825.987807512,1780294825.984621286,1.3389999866485596
1780294826.007278442,1780294826.006211281,1.3389999866485596
1780294826.022442102,1780294826.018100023,1.3450000286102295
1780294826.046201229,1780294826.040007830,1.340999960899353
1780294826.064593792,1780294826.062450409,1.340999960899353
1780294826.084781408,1780294826.084095478,1.3040000200271606
1780294826.106822252,1780294826.106236458,1.2929999828338623
1780294826.119693518,1780294826.118059158,1.2929999828338623
1780294826.143461704,1780294826.141984701,1.3229999542236328
1780294826.165843010,1780294826.164034605,1.3229999542236328
1780294826.190654755,1780294826.186823845,1.3389999866485596
1780294826.206134558,1780294826.198785782,1.343999981880188
1780294826.221437454,1780294826.220566511,1.343999981880188
1780294826.248599291,1780294826.242466450,1.3450000286102295
1780294826.266927719,1780294826.264381886,1.3420000076293945
1780294826.287456512,1780294826.286674500,1.3420000076293945
1780294826.299252748,1780294826.297841072,1.3639999628067017
1780294826.324712515,1780294826.322123528,1.3730000257492065
1780294826.346869946,1780294826.345760345,1.3730000257492065
1780294826.360925436,1780294826.359120369,1.378000020980835
1780294826.387030840,1780294826.384091854,1.378000020980835
1780294826.408851147,1780294826.406737566,1.3760000467300415
1780294826.424970865,1780294826.418036938,1.3899999856948853
1780294826.447909594,1780294826.445232868,1.3899999856948853
1780294826.460517645,1780294826.458586454,1.402999997138977
1780294826.493391037,1780294826.483722925,1.4199999570846558
1780294826.513807058,1780294826.506161928,1.4199999570846558
1780294826.522655010,1780294826.517995119,1.4220000505447388
1780294826.540817022,1780294826.540382385,1.4320000410079956
1780294826.563522577,1780294826.563056469,1.4320000410079956
1780294826.586454630,1780294826.586158514,1.4609999656677246
1780294826.605381250,1780294826.598461151,1.468999981880188
1780294826.624193192,1780294826.622196913,1.468999981880188
1780294826.645853758,1780294826.644136667,1.4670000076293945
1780294826.667940617,1780294826.666751623,1.4670000076293945
1780294826.684276104,1780294826.680510283,1.475000023841858
1780294826.706225634,1780294826.705403805,1.50600004196167
1780294826.721074104,1780294826.718230963,1.50600004196167
1780294826.744604111,1780294826.741829634,1.5149999856948853
1780294826.766380548,1780294826.764159679,1.5199999809265137
1780294826.788490534,1780294826.787309647,1.5199999809265137
1780294826.803706884,1780294826.799124956,1.5379999876022339
1780294826.821660995,1780294826.821403980,1.5440000295639038
1780294826.845649481,1780294826.844742060,1.5440000295639038
1780294826.866524220,1780294826.866275072,1.5709999799728394
1780294826.879268646,1780294826.878942013,1.5709999799728394
1780294826.902498960,1780294826.901345730,1.5800000429153442
1780294826.925433159,1780294826.924709082,1.590999960899353
1780294826.946754932,1780294826.946431875,1.590999960899353
1780294826.958206892,1780294826.957980156,1.5889999866485596
1780294826.983315468,1780294826.981722355,1.5839999914169312
1780294827.005187035,1780294827.004917860,1.5839999914169312
1780294827.027805090,1780294827.027305603,1.590000033378601
1780294827.040093660,1780294827.039559603,1.5859999656677246
1780294827.061279774,1780294827.060918570,1.5859999656677246
1780294827.083624363,1780294827.083220482,1.6059999465942383
1780294827.106432676,1780294827.105671167,1.6200000047683716
1780294827.119256496,1780294827.118922710,1.6200000047683716
1780294827.141267776,1780294827.140908241,1.6579999923706055
1780294827.163915396,1780294827.163146973,1.6579999923706055
1780294827.185377836,1780294827.185072422,1.6690000295639038
1780294827.198033333,1780294827.197730541,1.6430000066757202
1780294827.222887278,1780294827.222060204,1.6430000066757202
1780294827.244372129,1780294827.244115353,1.6119999885559082
1780294827.267645597,1780294827.266180515,1.5880000591278076
1780294827.280096054,1780294827.278317928,1.5880000591278076
1780294827.303473473,1780294827.303139925,1.628999948501587
1780294827.325615644,1780294827.325081110,1.656999945640564
1780294827.347855330,1780294827.347239256,1.656999945640564
1780294827.366125822,1780294827.365740299,1.6820000410079956
1780294827.387429237,1780294827.387215376,1.6820000410079956
1780294827.399778605,1780294827.398736715,1.6749999523162842
1780294827.420361996,1780294827.420087576,1.6339999437332153
1780294827.442478180,1780294827.442155838,1.6339999437332153
1780294827.464379311,1780294827.464160442,1.6200000047683716
1780294827.491286993,1780294827.490964174,1.628999948501587
1780294827.503593922,1780294827.503274918,1.628999948501587
1780294827.528825998,1780294827.526288748,1.6449999809265137
1780294827.538551569,1780294827.538213253,1.6820000410079956
1780294827.560743093,1780294827.560375690,1.6820000410079956
1780294827.583187580,1780294827.581956625,1.7050000429153442
1780294827.605366945,1780294827.604263067,1.7079999446868896
1780294827.626411438,1780294827.626080513,1.7079999446868896
1780294827.638727903,1780294827.638368607,1.687000036239624
1780294827.660873890,1780294827.660734415,1.687000036239624
1780294827.687028646,1780294827.683219433,1.6710000038146973
1780294827.706750154,1780294827.705668688,1.6469999551773071
1780294827.719461679,1780294827.719032764,1.6469999551773071
1780294827.743629217,1780294827.742039919,1.6510000228881836
1780294827.766525984,1780294827.765779972,1.6770000457763672
1780294827.778821230,1780294827.778441191,1.6770000457763672
1780294827.802754879,1780294827.802062750,1.7079999446868896
1780294827.827038765,1780294827.825338602,1.715999960899353
1780294827.842561245,1780294827.837740660,1.715999960899353
1780294827.862248421,1780294827.860312700,1.7139999866485596
1780294827.884213924,1780294827.882894039,1.7139999866485596
1780294827.906126499,1780294827.905454397,1.7039999961853027
1780294827.923438787,1780294827.917971849,1.6970000267028809
1780294827.941869497,1780294827.940320015,1.6970000267028809
1780294827.962870121,1780294827.962419271,1.7039999961853027
1780294827.985152006,1780294827.984263659,1.7209999561309814
1780294828.008500576,1780294828.006334782,1.7209999561309814
1780294828.023649216,1780294828.018398523,1.7280000448226929
1780294828.042715788,1780294828.041970253,1.7380000352859497
1780294828.066508055,1780294828.066146851,1.7380000352859497
1780294828.082282543,1780294828.079604149,1.7309999465942383
1780294828.103118420,1780294828.102384567,1.7230000495910645
1780294828.124243021,1780294828.123857975,1.7230000495910645
1780294828.146466255,1780294828.145922184,1.7280000448226929
1780294828.159034014,1780294828.157956600,1.7280000448226929
1780294828.181326389,1780294828.180910826,1.7380000352859497
1780294828.208075285,1780294828.207282066,1.7640000581741333
1780294828.222588778,1780294828.221200943,1.7640000581741333
1780294828.246580124,1780294828.246112585,1.7699999809265137
1780294828.261092663,1780294828.259429455,1.7769999504089355
1780294828.282180786,1780294828.281077385,1.7769999504089355
1780294828.304636717,1780294828.303739786,1.7760000228881836
1780294828.321758509,1780294828.317286015,1.781000018119812
1780294828.342386246,1780294828.342095137,1.781000018119812
1780294828.364885330,1780294828.364560604,1.8070000410079956
1780294828.386848450,1780294828.386516094,1.8070000410079956
1780294828.398212671,1780294828.397855759,1.8270000219345093
1780294828.425047874,1780294828.424555540,1.8420000076293945
1780294828.446732044,1780294828.446539164,1.8420000076293945
1780294828.459186077,1780294828.458458662,1.840999960899353
1780294828.482996225,1780294828.482805729,1.8229999542236328
1780294828.506418467,1780294828.506173134,1.8229999542236328
1780294828.519449949,1780294828.518816710,1.8070000410079956
1780294828.542856455,1780294828.542191982,1.7999999523162842
1780294828.566737890,1780294828.565827131,1.7999999523162842
1780294828.581068754,1780294828.578189611,1.8220000267028809
1780294828.601466656,1780294828.601125479,1.847000002861023
1780294828.624149084,1780294828.623167992,1.847000002861023
1780294828.650916815,1780294828.647194862,1.8730000257492065
1780294828.661441565,1780294828.660440683,1.8730000257492065
1780294828.687340260,1780294828.681830645,1.8580000400543213
1780294828.705011845,1780294828.704144239,1.805999994277954
1780294828.726487160,1780294828.726203918,1.805999994277954
1780294828.739319801,1780294828.738795042,1.7990000247955322
1780294828.762814760,1780294828.762445450,1.8240000009536743
1780294828.784947872,1780294828.783812523,1.8240000009536743
1780294828.807228565,1780294828.806398869,1.850000023841858
1780294828.819688559,1780294828.818384647,1.8609999418258667
1780294828.842691183,1780294828.841261148,1.8609999418258667
1780294828.866215229,1780294828.865303755,1.8240000009536743
1780294828.887313843,1780294828.887112856,1.8240000009536743
1780294828.899646282,1780294828.899099588,1.809999942779541
1780294828.923711061,1780294828.923548222,1.8179999589920044
1780294828.946624279,1780294828.946276188,1.8179999589920044
1780294828.958501339,1780294828.958059072,1.8250000476837158
1780294828.981453419,1780294828.981227398,1.8389999866485596
1780294829.003578186,1780294829.003325939,1.8389999866485596
1780294829.026584387,1780294829.026263475,1.8420000076293945
1780294829.038419962,1780294829.038131714,1.8450000286102295
1780294829.060242176,1780294829.059994698,1.8450000286102295
1780294829.083141565,1780294829.082794666,1.847000002861023
1780294829.107190132,1780294829.105185509,1.8459999561309814
1780294829.127567291,1780294829.127201796,1.8459999561309814
1780294829.139306784,1780294829.138831854,1.8250000476837158
1780294829.164828062,1780294829.162503958,1.8250000476837158
1780294829.185386658,1780294829.183914423,1.8170000314712524
1780294829.207477093,1780294829.205960274,1.8179999589920044
1780294829.219811916,1780294829.218213558,1.8179999589920044
1780294829.241230011,1780294829.240027666,1.8220000267028809
1780294829.266674280,1780294829.265427351,1.843999981880188
1780294829.287290335,1780294829.286927700,1.843999981880188
1780294829.301233292,1780294829.298821449,1.8509999513626099
1780294829.322373390,1780294829.321995497,1.8450000286102295
1780294829.344484568,1780294829.343933582,1.8450000286102295
1780294829.366337061,1780294829.366041422,1.8229999542236328
1780294829.378437519,1780294829.377881765,1.8229999542236328
1780294829.411284924,1780294829.410956621,1.812999963760376
1780294829.423203707,1780294829.422894955,1.8070000410079956
1780294829.445953369,1780294829.445414782,1.8070000410079956
1780294829.458402634,1780294829.457845688,1.815000057220459
1780294829.480727434,1780294829.480347633,1.840000033378601
1780294829.503181219,1780294829.502811193,1.840000033378601
1780294829.525291920,1780294829.524902344,1.847000002861023
1780294829.537701368,1780294829.537152052,1.840999960899353
1780294829.560861588,1780294829.560136080,1.840999960899353
1780294829.582525015,1780294829.582232475,1.8240000009536743
1780294829.604642630,1780294829.603814840,1.8229999542236328
1780294829.627300024,1780294829.626272678,1.8229999542236328
1780294829.638551712,1780294829.637790918,1.8209999799728394
1780294829.661908150,1780294829.661349058,1.8209999799728394
1780294829.683791161,1780294829.682784557,1.8240000009536743
1780294829.705417395,1780294829.705179930,1.8350000381469727
1780294829.719587326,1780294829.719377279,1.8350000381469727
1780294829.741723061,1780294829.741221189,1.8350000381469727
1780294829.765554428,1780294829.764369011,1.8489999771118164
1780294829.794218302,1780294829.793232203,1.8489999771118164
1780294829.810062408,1780294829.806599855,1.8519999980926514
1780294829.828457594,1780294829.824604034,1.8389999866485596
1780294829.847112894,1780294829.846786261,1.8389999866485596
1780294829.860136032,1780294829.859817505,1.8250000476837158
1780294829.894519806,1780294829.885036945,1.8250000476837158
1780294829.907873869,1780294829.907711029,1.812999963760376
1780294829.922177553,1780294829.921948910,1.809999942779541
1780294829.944453478,1780294829.944051266,1.809999942779541
1780294829.966337204,1780294829.966124535,1.812999963760376
1780294829.978729248,1780294829.978466511,1.8250000476837158
1780294830.001865864,1780294830.000810146,1.8250000476837158
1780294830.024526358,1780294830.022976160,1.8320000171661377
1780294830.045775890,1780294830.044966936,1.8380000591278076
1780294830.067739487,1780294830.067278862,1.8380000591278076
1780294830.079600334,1780294830.079243898,1.8329999446868896
1780294830.104077816,1780294830.102714300,1.8209999799728394
1780294830.128953934,1780294830.127059221,1.8209999799728394
1780294830.139506340,1780294830.138771534,1.8079999685287476
1780294830.163799763,1780294830.161046505,1.8079999685287476
1780294830.184135437,1780294830.183850527,1.7960000038146973
1780294830.207974911,1780294830.206985950,1.8079999685287476
1780294830.224576712,1780294830.218690872,1.8079999685287476
1780294830.244212627,1780294830.240902185,1.8250000476837158
1780294830.263626337,1780294830.263293266,1.8519999980926514
1780294830.278049231,1780294830.277381182,1.8519999980926514
1780294830.302715063,1780294830.301028967,1.8580000400543213
1780294830.324504852,1780294830.323585749,1.8559999465942383
1780294830.349505901,1780294830.345042944,1.8559999465942383
1780294830.368775845,1780294830.367784977,1.840999960899353
1780294830.383720875,1780294830.379788399,1.840999960899353
1780294830.404038429,1780294830.401795864,1.8270000219345093
1780294830.425255060,1780294830.423881292,1.8350000381469727
1780294830.447298050,1780294830.445822477,1.8350000381469727
1780294830.460193396,1780294830.458528996,1.850000023841858
1780294830.481893301,1780294830.480958700,1.878000020980835
1780294830.506028175,1780294830.505054235,1.878000020980835
1780294830.520455360,1780294830.518467426,1.88100004196167
1780294830.541868687,1780294830.540607214,1.8660000562667847
1780294830.564719915,1780294830.562679768,1.8660000562667847
1780294830.586625576,1780294830.586042404,1.8580000400543213
1780294830.598317385,1780294830.597831011,1.86899995803833
1780294830.620898485,1780294830.620117664,1.86899995803833
1780294830.643312931,1780294830.641845703,1.878999948501587
1780294830.665310621,1780294830.664588213,1.878999948501587
1780294830.678468943,1780294830.677483797,1.8890000581741333
1780294830.703941345,1780294830.701171875,1.8969999551773071
1780294830.725463629,1780294830.723068237,1.8969999551773071
1780294830.747035265,1780294830.745139837,1.8990000486373901
1780294830.768851280,1780294830.766977549,1.8849999904632568
1780294830.780667543,1780294830.778689623,1.8849999904632568
1780294830.801919937,1780294830.800811529,1.8739999532699585
1780294830.824666977,1780294830.823863029,1.8680000305175781
1780294830.847121477,1780294830.846504688,1.8680000305175781
1780294830.860047579,1780294830.859277487,1.8730000257492065
1780294830.881637812,1780294830.880943537,1.8730000257492065
1780294830.904589415,1780294830.903267384,1.8890000581741333
1780294830.926155090,1780294830.924924135,1.8960000276565552
1780294830.947871685,1780294830.947047710,1.8960000276565552
1780294830.959505558,1780294830.958658218,1.9129999876022339
1780294830.981828690,1780294830.980907917,1.9129999876022339
1780294831.006123781,1780294831.004063845,1.9129999876022339
1780294831.026414156,1780294831.026040554,1.906000018119812
1780294831.038529873,1780294831.038162470,1.8930000066757202
1780294831.062176466,1780294831.060031176,1.8930000066757202
1780294831.083549500,1780294831.083218336,1.8899999856948853
1780294831.106230736,1780294831.105718136,1.9119999408721924
1780294831.120135307,1780294831.118566990,1.9119999408721924
1780294831.141551971,1780294831.140998840,1.9210000038146973
1780294831.165115833,1780294831.164653301,1.9210000038146973
1780294831.188307762,1780294831.186792612,1.9140000343322754
1780294831.200042248,1780294831.199777365,1.906000018119812
1780294831.223517656,1780294831.222712517,1.906000018119812
1780294831.246501446,1780294831.246151209,1.906000018119812
1780294831.259224176,1780294831.258503437,1.9320000410079956
1780294831.281139612,1780294831.280691147,1.9320000410079956
1780294831.304442167,1780294831.303960085,1.9470000267028809
1780294831.326700211,1780294831.326130629,1.9520000219345093
1780294831.340026379,1780294831.338254213,1.9520000219345093
1780294831.360908985,1780294831.360008001,1.9479999542236328
1780294831.384114504,1780294831.382626057,1.9479999542236328
1780294831.406456947,1780294831.405477047,1.9290000200271606
1780294831.430235386,1780294831.427032471,1.9249999523162842
1780294831.443718672,1780294831.438891411,1.9249999523162842
1780294831.463758945,1780294831.461891174,1.940000057220459
1780294831.486873627,1780294831.484199047,1.9589999914169312
1780294831.507276058,1780294831.505942822,1.9589999914169312
1780294831.518321514,1780294831.517628908,1.968999981880188
1780294831.540116072,1780294831.539901972,1.9609999656677246
1780294831.563577414,1780294831.561976671,1.9609999656677246
1780294831.584405422,1780294831.584151983,1.9539999961853027
1780294831.606357813,1780294831.605816841,1.9329999685287476
1780294831.618907928,1780294831.617798090,1.9329999685287476
1780294831.644589186,1780294831.643512964,1.9299999475479126
1780294831.667275667,1780294831.666150331,1.9299999475479126
1780294831.679406166,1780294831.678599119,1.9420000314712524
1780294831.701656103,1780294831.701084852,1.940999984741211
1780294831.725647449,1780294831.725056171,1.940999984741211
1780294831.747722387,1780294831.747329235,1.9490000009536743
1780294831.759825230,1780294831.759444952,1.9470000267028809
1780294831.782813549,1780294831.781899691,1.9470000267028809
1780294831.804343224,1780294831.804104328,1.9270000457763672
1780294831.828204393,1780294831.827744007,1.8969999551773071
1780294831.840267897,1780294831.839617252,1.8969999551773071
1780294831.863206148,1780294831.862376451,1.8869999647140503
1780294831.885994196,1780294831.883912563,1.8869999647140503
1780294831.906545401,1780294831.906167269,1.8990000486373901
1780294831.918162107,1780294831.917785406,1.9179999828338623
1780294831.941061974,1780294831.940064430,1.9179999828338623
1780294831.963860989,1780294831.962234974,1.944000005722046
1780294831.987301588,1780294831.986722708,1.944000005722046
1780294832.002324343,1780294832.001593351,1.944000005722046
1780294832.024662018,1780294832.024441957,1.934999942779541
1780294832.046783686,1780294832.045779228,1.9140000343322754
1780294832.061131954,1780294832.060856342,1.9140000343322754
1780294832.083784580,1780294832.083585739,1.902999997138977
1780294832.105148315,1780294832.104872942,1.9010000228881836
1780294832.117990732,1780294832.117688417,1.9010000228881836
1780294832.141806364,1780294832.139882565,1.906999945640564
1780294832.163106203,1780294832.162126064,1.906999945640564
1780294832.186566353,1780294832.184197426,1.9270000457763672
1780294832.207306862,1780294832.206104279,1.9329999685287476
1780294832.218559742,1780294832.218348265,1.9329999685287476
1780294832.240714788,1780294832.240194559,1.940999984741211
1780294832.263259172,1780294832.262750864,1.9429999589920044
1780294832.286205292,1780294832.285924435,1.9429999589920044
1780294832.298148870,1780294832.297903299,1.9299999475479126
1780294832.318765163,1780294832.317442894,1.9290000200271606
1780294832.339999676,1780294832.339790106,1.9290000200271606
1780294832.362992048,1780294832.362685919,1.9320000410079956
1780294832.386602402,1780294832.386090755,1.9320000410079956
1780294832.398576021,1780294832.397845268,1.9470000267028809
1780294832.420968056,1780294832.420379162,1.9539999961853027
1780294832.442434788,1780294832.442116261,1.9539999961853027
1780294832.464237690,1780294832.463809013,1.9500000476837158
1780294832.486505985,1780294832.485791683,1.9329999685287476
1780294832.498430252,1780294832.497735500,1.9329999685287476
1780294832.520866632,1780294832.519762754,1.9010000228881836
1780294832.542412996,1780294832.541951180,1.8949999809265137
1780294832.564095020,1780294832.563812494,1.8949999809265137
1780294832.587323666,1780294832.585838318,1.902999997138977
1780294832.598338366,1780294832.597978830,1.9140000343322754
1780294832.622864962,1780294832.622644424,1.9140000343322754
1780294832.645340443,1780294832.644952536,1.9149999618530273
1780294832.667370319,1780294832.666799307,1.9149999618530273
1780294832.679208994,1780294832.678960562,1.9199999570846558
1780294832.702192545,1780294832.701095819,1.9190000295639038
1780294832.723046064,1780294832.722764730,1.9190000295639038
1780294832.745171309,1780294832.744953871,1.9079999923706055
1780294832.767513990,1780294832.767221451,1.8980000019073486
1780294832.779091120,1780294832.778864384,1.8980000019073486
1780294832.804195881,1780294832.803939104,1.8899999856948853
1780294832.826693773,1780294832.826345921,1.906999945640564
1780294832.838395357,1780294832.838196278,1.906999945640564
1780294832.860941648,1780294832.860072613,1.9140000343322754
1780294832.882420778,1780294832.881692410,1.9140000343322754
1780294832.904462337,1780294832.904177666,1.9249999523162842
1780294832.925716639,1780294832.923240423,1.9190000295639038
1780294832.945619106,1780294832.944869995,1.9190000295639038
1780294832.967274666,1780294832.966974497,1.8849999904632568
1780294832.981292486,1780294832.979389429,1.86899995803833
1780294833.002783537,1780294833.001862526,1.86899995803833
1780294833.025243759,1780294833.024995089,1.86899995803833
1780294833.047156811,1780294833.046888828,1.9010000228881836
1780294833.063648701,1780294833.062606335,1.9010000228881836
1780294833.087363005,1780294833.087150574,1.9160000085830688
1780294833.102444410,1780294833.098811388,1.9359999895095825
1780294833.124117613,1780294833.123837948,1.9359999895095825
1780294833.146725893,1780294833.146343708,1.9320000410079956
1780294833.158920765,1780294833.158702612,1.9320000410079956
1780294833.182709932,1780294833.182465792,1.8910000324249268
1780294833.206129789,1780294833.203790426,1.871999979019165
1780294833.226014137,1780294833.225804090,1.871999979019165
1780294833.238338947,1780294833.237682819,1.878999948501587
1780294833.260146856,1780294833.259931564,1.8839999437332153
1780294833.282716274,1780294833.282183409,1.8839999437332153
1780294833.304404497,1780294833.303867579,1.8899999856948853
1780294833.326851606,1780294833.326246500,1.8849999904632568
1780294833.338487864,1780294833.337815523,1.8849999904632568
1780294833.360313177,1780294833.359853745,1.8799999952316284
1780294833.382049322,1780294833.381832361,1.8799999952316284
1780294833.404186726,1780294833.403654337,1.8700000047683716
1780294833.422449589,1780294833.421841621,1.8609999418258667
1780294833.444794416,1780294833.443743706,1.8609999418258667
1780294833.466559410,1780294833.466266394,1.8519999980926514
1780294833.479420185,1780294833.478629112,1.8569999933242798
1780294833.503947735,1780294833.500869036,1.8569999933242798
1780294833.524967194,1780294833.524435997,1.8860000371932983
1780294833.547314644,1780294833.547027349,1.9040000438690186
1780294833.560431004,1780294833.560173273,1.9040000438690186
1780294833.584559202,1780294833.584033251,1.906000018119812
1780294833.606694937,1780294833.606426716,1.878999948501587
1780294833.619880915,1780294833.619453907,1.878999948501587
1780294833.641142845,1780294833.640789747,1.8639999628067017
1780294833.663620710,1780294833.663235188,1.8639999628067017
1780294833.686502218,1780294833.685841084,1.8559999465942383
1780294833.700510740,1780294833.697710752,1.8580000400543213
1780294833.721144438,1780294833.719783306,1.8580000400543213
1780294833.742142200,1780294833.741724968,1.878000020980835
1780294833.766939163,1780294833.765801191,1.88100004196167
1780294833.778664112,1780294833.777855635,1.88100004196167
1780294833.801383734,1780294833.799868822,1.8739999532699585
1780294833.823022127,1780294833.822716713,1.878000020980835
1780294833.847238779,1780294833.845908165,1.878000020980835
1780294833.859872818,1780294833.858689547,1.8819999694824219
1780294833.881913185,1780294833.880861044,1.8819999694824219
1780294833.903384209,1780294833.902787924,1.8819999694824219
1780294833.925869465,1780294833.924678564,1.878999948501587
1780294833.948444843,1780294833.947536230,1.878999948501587
1780294833.960507870,1780294833.960069895,1.8580000400543213
1780294833.989955902,1780294833.982813120,1.8459999561309814
1780294834.006669521,1780294834.005154610,1.8459999561309814
1780294834.021820545,1780294834.021005392,1.850000023841858
1780294834.045085192,1780294834.044453382,1.8580000400543213
1780294834.062370062,1780294834.062085867,1.8580000400543213
1780294834.084144592,1780294834.083825827,1.8609999418258667
1780294834.106291533,1780294834.105977535,1.8420000076293945
1780294834.118177176,1780294834.117870569,1.8420000076293945
1780294834.151357412,1780294834.149908066,1.8350000381469727
1780294834.163518906,1780294834.163129330,1.8350000381469727
1780294834.185396910,1780294834.184726954,1.8509999513626099
1780294834.208325624,1780294834.207517385,1.8589999675750732
1780294834.226181269,1780294834.225890160,1.8589999675750732
1780294834.238689184,1780294834.237991333,1.8739999532699585
1780294834.261725903,1780294834.261292934,1.8799999952316284
1780294834.283435583,1780294834.283135414,1.8799999952316284
1780294834.305661201,1780294834.305173874,1.8739999532699585
1780294834.328411579,1780294834.328074217,1.8320000171661377
1780294834.340538979,1780294834.340183735,1.8320000171661377
1780294834.364812851,1780294834.364163876,1.805999994277954
1780294834.386401176,1780294834.385749817,1.805999994277954
1780294834.400937796,1780294834.397605658,1.7999999523162842
1780294834.423923254,1780294834.423591614,1.8049999475479126
1780294834.446093321,1780294834.445769072,1.8049999475479126
1780294834.458741665,1780294834.458029509,1.8289999961853027
1780294834.484568834,1780294834.483525276,1.8329999446868896
1780294834.506827831,1780294834.506499529,1.8329999446868896
1780294834.530227900,1780294834.529296398,1.8339999914169312
1780294834.543429852,1780294834.541787148,1.840999960899353
1780294834.565868139,1780294834.564633131,1.840999960899353
1780294834.579075098,1780294834.577268124,1.8389999866485596
1780294834.602612734,1780294834.601763010,1.8250000476837158
1780294834.624691963,1780294834.623556614,1.8250000476837158
1780294834.646744251,1780294834.646339893,1.8209999799728394
1780294834.661371708,1780294834.657785892,1.8209999799728394
1780294834.680700302,1780294834.680058956,1.815999984741211
1780294834.702391386,1780294834.700104237,1.8179999589920044
1780294834.723146200,1780294834.722108364,1.8179999589920044
1780294834.748731852,1780294834.747682810,1.819000005722046
1780294834.760789633,1780294834.760044813,1.8079999685287476
1780294834.784443617,1780294834.781900644,1.8079999685287476
1780294834.806496143,1780294834.806089878,1.7960000038146973
1780294834.824867487,1780294834.824495077,1.809999942779541
1780294834.847904205,1780294834.847272873,1.809999942779541
1780294834.860548258,1780294834.858528614,1.8250000476837158
1780294834.886299849,1780294834.881698132,1.8250000476837158
1780294834.906162977,1780294834.904258013,1.8389999866485596
1780294834.935328007,1780294834.925791264,1.8359999656677246
1780294834.939244509,1780294834.938708544,1.8359999656677246
1780294834.961358786,1780294834.960667372,1.8240000009536743
1780294834.983856440,1780294834.983069897,1.8250000476837158
1780294835.005418062,1780294835.005198002,1.8250000476837158
1780294835.027213097,1780294835.026963234,1.8079999685287476
1780294835.040004492,1780294835.039118767,1.8009999990463257
1780294835.064604998,1780294835.061084270,1.8009999990463257
1780294835.085269928,1780294835.084846497,1.8009999990463257
1780294835.108003378,1780294835.107140779,1.8020000457763672
1780294835.120312214,1780294835.119020224,1.8020000457763672
1780294835.141730309,1780294835.140856743,1.8109999895095825
1780294835.165752411,1780294835.165338993,1.8109999895095825
1780294835.179220676,1780294835.177783012,1.8300000429153442
1780294835.203803778,1780294835.199611425,1.8329999446868896
1780294835.223190546,1780294835.222411394,1.8329999446868896
1780294835.244410038,1780294835.243814707,1.840999960899353
1780294835.266819715,1780294835.265778780,1.843999981880188
1780294835.279512167,1780294835.277922392,1.843999981880188
1780294835.311444044,1780294835.309784412,1.8279999494552612
1780294835.322062731,1780294835.321768284,1.819000005722046
1780294835.344549656,1780294835.344356775,1.819000005722046
1780294835.366088390,1780294835.365740776,1.8170000314712524
1780294835.378409624,1780294835.377724171,1.8170000314712524
1780294835.400434732,1780294835.399652243,1.8300000429153442
1780294835.422647715,1780294835.422157049,1.8300000429153442
1780294835.449130297,1780294835.443778038,1.8300000429153442
1780294835.466487169,1780294835.466163158,1.8250000476837158
1780294835.483628511,1780294835.477542400,1.8300000429153442
1780294835.501447201,1780294835.499832392,1.8300000429153442
1780294835.523046970,1780294835.521869421,1.850000023841858
1780294835.545378208,1780294835.544326782,1.8630000352859497
1780294835.566941023,1780294835.566507578,1.8630000352859497
1780294835.581547737,1780294835.579549551,1.8849999904632568
1780294835.605658531,1780294835.602201700,1.8890000581741333
1780294835.624808311,1780294835.624430180,1.8890000581741333
1780294835.647271872,1780294835.646709919,1.8899999856948853
1780294835.666155815,1780294835.665830612,1.8899999856948853
1780294835.678978920,1780294835.678524494,1.8910000324249268
1780294835.703953266,1780294835.703014612,1.8849999904632568
1780294835.725236416,1780294835.724566460,1.8849999904632568
1780294835.748156309,1780294835.746711016,1.8530000448226929
1780294835.758936405,1780294835.758601427,1.840000033378601
1780294835.781589985,1780294835.781015873,1.840000033378601
1780294835.804638624,1780294835.804222584,1.8359999656677246
1780294835.827934742,1780294835.827241898,1.8489999771118164
1780294835.839000463,1780294835.838698149,1.8489999771118164
1780294835.862041235,1780294835.860782385,1.8619999885559082
1780294835.883249044,1780294835.882919073,1.8619999885559082
1780294835.906931639,1780294835.906020403,1.8489999771118164
1780294835.917876005,1780294835.917516232,1.8350000381469727
1780294835.940537930,1780294835.939499140,1.8350000381469727
1780294835.962501526,1780294835.962267876,1.8270000219345093
1780294835.984853029,1780294835.984513283,1.8339999914169312
1780294836.007382870,1780294836.007087469,1.8339999914169312
1780294836.020509720,1780294836.020104408,1.8240000009536743
1780294836.042370558,1780294836.041625977,1.8170000314712524
1780294836.064076424,1780294836.063822985,1.8170000314712524
1780294836.079262733,1780294836.078636646,1.8020000457763672
1780294836.102935553,1780294836.101246119,1.8070000410079956
1780294836.124998331,1780294836.123449802,1.8070000410079956
1780294836.147068977,1780294836.146584034,1.815000057220459
1780294836.159623384,1780294836.158985615,1.815000057220459
1780294836.181189060,1780294836.180774450,1.8389999866485596
1780294836.206996918,1780294836.206466436,1.8420000076293945
1780294836.221133471,1780294836.219464302,1.8420000076293945
1780294836.241158962,1780294836.240788698,1.8339999914169312
1780294836.263700008,1780294836.263306141,1.8240000009536743
1780294836.285261869,1780294836.284728289,1.8240000009536743
1780294836.307434559,1780294836.306905746,1.7999999523162842
1780294836.321139574,1780294836.320521832,1.7940000295639038
1780294836.344221115,1780294836.343484879,1.7940000295639038
1780294836.366615295,1780294836.365946054,1.8170000314712524
1780294836.378498077,1780294836.377801418,1.8170000314712524
1780294836.405280352,1780294836.401432037,1.8250000476837158
1780294836.425762892,1780294836.424688101,1.8240000009536743
1780294836.447336674,1780294836.446661472,1.8240000009536743
1780294836.459757566,1780294836.458452702,1.7899999618530273
1780294836.481093884,1780294836.480577469,1.7910000085830688
1780294836.503258944,1780294836.502593279,1.7910000085830688
1780294836.524975300,1780294836.524588585,1.812000036239624
1780294836.547351599,1780294836.546681881,1.8240000009536743
1780294836.559450388,1780294836.558776617,1.8240000009536743
1780294836.580998659,1780294836.580637693,1.840999960899353
1780294836.603471041,1780294836.602596760,1.840999960899353
1780294836.625790119,1780294836.624527454,1.840999960899353
1780294836.647881985,1780294836.646887302,1.8279999494552612
1780294836.660183191,1780294836.658804178,1.8279999494552612
1780294836.682620525,1780294836.681664467,1.781999945640564
1780294836.704604864,1780294836.704085112,1.7719999551773071
1780294836.718078852,1780294836.717808008,1.7719999551773071
1780294836.740609646,1780294836.740235090,1.7869999408721924
1780294836.763425589,1780294836.761921406,1.7960000038146973
1780294836.784633636,1780294836.783685207,1.7960000038146973
1780294836.806651831,1780294836.805961132,1.815999984741211
1780294836.820684910,1780294836.819934368,1.8109999895095825
1780294836.843571424,1780294836.842662096,1.8109999895095825
1780294836.866951704,1780294836.866163969,1.8049999475479126
1780294836.877786160,1780294836.877435923,1.8049999475479126
1780294836.900589466,1780294836.899785519,1.784999966621399
1780294836.923610687,1780294836.923261166,1.784999966621399
1780294836.950528622,1780294836.948048830,1.784999966621399
1780294836.964043617,1780294836.960709810,1.784000039100647
1780294836.985049009,1780294836.983780861,1.7699999809265137
1780294837.007262945,1780294837.006976128,1.7699999809265137
1780294837.019294977,1780294837.019057512,1.7309999465942383
1780294837.045681000,1780294837.041219473,1.7230000495910645
1780294837.066607237,1780294837.063299656,1.7230000495910645
1780294837.085681200,1780294837.084901571,1.7339999675750732
1780294837.102449179,1780294837.098186016,1.7450000047683716
1780294837.122087240,1780294837.121414900,1.7450000047683716
1780294837.145335436,1780294837.144969702,1.7619999647140503
1780294837.158187151,1780294837.156948805,1.7619999647140503
1780294837.179246664,1780294837.178936243,1.7610000371932983
1780294837.201368570,1780294837.201129913,1.7619999647140503
1780294837.224989891,1780294837.224685192,1.7619999647140503
1780294837.237972260,1780294837.237024784,1.75600004196167
1780294837.266462326,1780294837.265884399,1.7480000257492065
1780294837.288031816,1780294837.287650347,1.7480000257492065
1780294837.301073790,1780294837.300159454,1.7269999980926514
1780294837.322850943,1780294837.322062254,1.7209999561309814
1780294837.345605373,1780294837.344410181,1.7209999561309814
1780294837.362729549,1780294837.362210751,1.725000023841858
1780294837.384200096,1780294837.383823633,1.725000023841858
1780294837.411187887,1780294837.406938553,1.7319999933242798
1780294837.419741869,1780294837.418887615,1.7419999837875366
1780294837.447399378,1780294837.440871000,1.7419999837875366
1780294837.469512701,1780294837.466854572,1.74399995803833
1780294837.480833054,1780294837.478569269,1.7740000486373901
1780294837.505034685,1780294837.501114845,1.7740000486373901
1780294837.524361610,1780294837.522764683,1.7869999408721924
1780294837.545067787,1780294837.544882536,1.781999945640564
1780294837.567919016,1780294837.566900253,1.781999945640564
1780294837.579843521,1780294837.578450441,1.74399995803833
1780294837.602449417,1780294837.600803852,1.7389999628067017
1780294837.624111176,1780294837.623291492,1.7389999628067017
1780294837.645871639,1780294837.645200014,1.7610000371932983
1780294837.660352230,1780294837.658806324,1.7610000371932983
1780294837.682820320,1780294837.682096481,1.7719999551773071
1780294837.711302757,1780294837.704665422,1.7960000038146973
1780294837.719823837,1780294837.717747688,1.7960000038146973
1780294837.742865324,1780294837.741904020,1.7879999876022339
1780294837.765166044,1780294837.764588833,1.75600004196167
1780294837.787757635,1780294837.786743402,1.75600004196167
1780294837.810281277,1780294837.808942080,1.7450000047683716
1780294837.821572542,1780294837.820630074,1.7400000095367432
1780294837.850509644,1780294837.842581272,1.7400000095367432
1780294837.865976334,1780294837.865077019,1.7489999532699585
1780294837.888139963,1780294837.887384653,1.7489999532699585
1780294837.902949810,1780294837.900702477,1.7569999694824219
1780294837.924152613,1780294837.923119783,1.7869999408721924
1780294837.946819067,1780294837.944551945,1.7869999408721924
1780294837.968104362,1780294837.966660261,1.8040000200271606
1780294837.979916811,1780294837.978616238,1.7940000295639038
1780294838.000922918,1780294838.000526190,1.7940000295639038
1780294838.023527622,1780294838.022711277,1.7879999876022339
1780294838.045226812,1780294838.045021057,1.7730000019073486
1780294838.060378313,1780294838.058406591,1.7730000019073486
1780294838.081202507,1780294838.080749989,1.7790000438690186
1780294838.103672743,1780294838.103331327,1.7829999923706055
1780294838.120800734,1780294838.120269299,1.7829999923706055
1780294838.142124176,1780294838.141782522,1.7890000343322754
1780294838.167992830,1780294838.167280674,1.7890000343322754
1780294838.179631710,1780294838.179396391,1.7879999876022339
1780294838.202697039,1780294838.202531099,1.8049999475479126
1780294838.226549149,1780294838.226094723,1.8049999475479126
1780294838.239946365,1780294838.238414288,1.7999999523162842
1780294838.272735834,1780294838.263919830,1.7740000486373901
1780294838.290315866,1780294838.290004015,1.7740000486373901
1780294838.302432775,1780294838.302107096,1.7730000019073486
1780294838.324465036,1780294838.324110270,1.7910000085830688
1780294838.347779512,1780294838.347492695,1.7910000085830688
1780294838.360749960,1780294838.360383034,1.8079999685287476
1780294838.386996984,1780294838.383500338,1.8079999685287476
1780294838.398160458,1780294838.397937536,1.8020000457763672
1780294838.421910286,1780294838.421578407,1.781999945640564
1780294838.444067001,1780294838.443551302,1.781999945640564
1780294838.469086170,1780294838.468774796,1.781000018119812
1780294838.482110977,1780294838.480418682,1.8079999685287476
1780294838.503747702,1780294838.503412724,1.8079999685287476
1780294838.526503325,1780294838.526107073,1.8240000009536743
1780294838.544532537,1780294838.543431759,1.812999963760376
1780294838.567110777,1780294838.566255331,1.812999963760376
1780294838.584829569,1780294838.582800865,1.781999945640564
1780294838.606047392,1780294838.605420113,1.777999997138977
1780294838.620595217,1780294838.620135784,1.777999997138977
1780294838.646126747,1780294838.645585537,1.8209999799728394
1780294838.663285732,1780294838.660958290,1.8209999799728394
1780294838.677212954,1780294838.676880598,1.840999960899353
1780294838.703954697,1780294838.702603579,1.840999960899353
1780294838.725432873,1780294838.725053072,1.840999960899353
1780294838.748036146,1780294838.747566223,1.812999963760376
1780294838.762142897,1780294838.761785030,1.7990000247955322
1780294838.785095453,1780294838.784497023,1.7990000247955322
1780294838.807364464,1780294838.806712389,1.8040000200271606
1780294838.820120335,1780294838.819729805,1.8380000591278076
1780294838.843811274,1780294838.842206001,1.8380000591278076
1780294838.865065813,1780294838.864465475,1.8530000448226929
1780294838.880673647,1780294838.877805710,1.8530000448226929
1780294838.903461933,1780294838.900784969,1.8530000448226929
1780294838.926438808,1780294838.925243616,1.8329999446868896
1780294838.949547291,1780294838.947673559,1.8329999446868896
1780294838.960313797,1780294838.959382057,1.8170000314712524
1780294838.984429359,1780294838.981832504,1.7829999923706055
1780294839.004662752,1780294839.004233122,1.7829999923706055
1780294839.027562141,1780294839.025924683,1.7979999780654907
1780294839.039663315,1780294839.039020300,1.847000002861023
1780294839.063031197,1780294839.061727762,1.847000002861023
1780294839.085838556,1780294839.083554029,1.878000020980835
1780294839.106756687,1780294839.106118202,1.906000018119812
1780294839.120650768,1780294839.119518280,1.906000018119812
1780294839.142099142,1780294839.141738176,1.8980000019073486
1780294839.164368153,1780294839.163989305,1.8980000019073486
1780294839.178401709,1780294839.178043365,1.8730000257492065
1780294839.201288462,1780294839.200905561,1.819000005722046
1780294839.225233316,1780294839.224805117,1.819000005722046
1780294839.238057137,1780294839.237306118,1.815999984741211
1780294839.259876728,1780294839.259552479,1.847000002861023
1780294839.284983873,1780294839.284267902,1.847000002861023
1780294839.307471991,1780294839.306829214,1.871999979019165
1780294839.320200920,1780294839.319528341,1.9010000228881836
1780294839.343190193,1780294839.342629194,1.9010000228881836
1780294839.360285521,1780294839.359942198,1.9010000228881836
1780294839.385130405,1780294839.384367466,1.9010000228881836
1780294839.398677349,1780294839.397411585,1.878000020980835
1780294839.420761108,1780294839.419807434,1.8240000009536743
1780294839.443283081,1780294839.442086935,1.8240000009536743
1780294839.466511011,1780294839.465705633,1.815000057220459
1780294839.478833914,1780294839.477712154,1.8289999961853027
1780294839.500598431,1780294839.499799967,1.8289999961853027
1780294839.524079323,1780294839.521417379,1.8459999561309814
1780294839.544827223,1780294839.543368816,1.8589999675750732
1780294839.566255569,1780294839.565699339,1.8589999675750732
1780294839.579758644,1780294839.578782320,1.8609999418258667
1780294839.601867914,1780294839.601332664,1.8609999418258667
1780294839.624757767,1780294839.624193907,1.8609999418258667
1780294839.646363497,1780294839.645592451,1.843999981880188
1780294839.667868853,1780294839.667486429,1.843999981880188
1780294839.680600166,1780294839.679848194,1.8229999542236328
1780294839.702279806,1780294839.701967716,1.7979999780654907
1780294839.725027323,1780294839.724725246,1.7979999780654907
1780294839.747372866,1780294839.746809483,1.8040000200271606
1780294839.760844469,1780294839.758314610,1.8450000286102295
1780294839.782542706,1780294839.780938148,1.8450000286102295
1780294839.803652287,1780294839.802629948,1.8630000352859497
1780294839.830106735,1780294839.817675352,1.8799999952316284
1780294839.843811989,1780294839.842463493,1.8799999952316284
1780294839.859570503,1780294839.857906818,1.8619999885559082
1780294839.882325649,1780294839.879493237,1.8619999885559082
1780294839.902505875,1780294839.902012110,1.847000002861023
1780294839.925293207,1780294839.923880100,1.8270000219345093
1780294839.948527575,1780294839.946604013,1.8270000219345093
1780294839.959265709,1780294839.958552837,1.8329999446868896
1780294839.989554644,1780294839.980557680,1.8550000190734863
1780294840.003873348,1780294840.002989769,1.8550000190734863
1780294840.027755022,1780294840.027448654,1.8669999837875366
1780294840.039889574,1780294840.039587021,1.8869999647140503
1780294840.062781334,1780294840.062504768,1.8869999647140503
1780294840.086020231,1780294840.085500240,1.8919999599456787
1780294840.098266840,1780294840.097965956,1.8919999599456787
1780294840.121089935,1780294840.119977236,1.8919999599456787
1780294840.144842148,1780294840.144551754,1.8630000352859497
1780294840.170807600,1780294840.166447878,1.8630000352859497
1780294840.179276228,1780294840.179075956,1.8459999561309814
1780294840.202173710,1780294840.201856613,1.8580000400543213
1780294840.224132299,1780294840.223763227,1.8580000400543213
1780294840.246946335,1780294840.246684074,1.8669999837875366
1780294840.258596659,1780294840.258386850,1.8760000467300415
1780294840.281095505,1780294840.280785322,1.8760000467300415
1780294840.305831432,1780294840.304622650,1.871999979019165
1780294840.327082157,1780294840.326871872,1.8580000400543213
1780294840.339099407,1780294840.338550091,1.8580000400543213
1780294840.360837221,1780294840.360589027,1.8550000190734863
1780294840.383330584,1780294840.383056879,1.8550000190734863
1780294840.405821323,1780294840.405155897,1.8660000562667847
1780294840.427064896,1780294840.426704884,1.8910000324249268
1780294840.439399242,1780294840.438337326,1.8910000324249268
1780294840.462974787,1780294840.462372541,1.8960000276565552
1780294840.485019445,1780294840.484656811,1.8949999809265137
1780294840.497269154,1780294840.496916533,1.8949999809265137
1780294840.519374847,1780294840.519196510,1.878000020980835
1780294840.542369843,1780294840.541056395,1.8459999561309814
1780294840.563333273,1780294840.562649727,1.8459999561309814
1780294840.586415529,1780294840.585332870,1.8389999866485596
1780294840.604313135,1780294840.600707054,1.8389999866485596
1780294840.632862568,1780294840.623286724,1.8389999866485596
1780294840.646714926,1780294840.645855665,1.8890000581741333
1780294840.658221245,1780294840.657759666,1.8890000581741333
1780294840.682256937,1780294840.680873871,1.9149999618530273
1780294840.703724146,1780294840.703009605,1.9459999799728394
1780294840.725106955,1780294840.724817991,1.9459999799728394
1780294840.751652002,1780294840.747329712,1.9490000009536743
1780294840.761313915,1780294840.760332584,1.8990000486373901
1780294840.783747435,1780294840.783286572,1.8990000486373901
1780294840.819060802,1780294840.806206465,1.8669999837875366
1780294840.825143337,1780294840.824604750,1.850000023841858
1780294840.846862555,1780294840.846585035,1.850000023841858
1780294840.860100269,1780294840.859374523,1.8660000562667847
1780294840.882290363,1780294840.881475687,1.8660000562667847
1780294840.922372818,1780294840.903412580,1.8919999599456787
1780294840.931257725,1780294840.925735235,1.9040000438690186
1780294840.940947294,1780294840.938936472,1.9040000438690186
1780294840.961169720,1780294840.960416555,1.9190000295639038
1780294840.983465910,1780294840.982874155,1.9160000085830688
1780294841.011051655,1780294841.004838228,1.9160000085830688
1780294841.020658493,1780294841.016989470,1.906000018119812
1780294841.043051720,1780294841.042030334,1.875
1780294841.069038391,1780294841.065196276,1.875
1780294841.080553055,1780294841.080244064,1.871999979019165
1780294841.103854179,1780294841.103581905,1.8899999856948853
1780294841.124140739,1780294841.120807171,1.8899999856948853
1780294841.145013571,1780294841.144372702,1.8899999856948853
1780294841.168513060,1780294841.166801929,1.8899999856948853
1780294841.184264660,1780294841.182897806,1.8630000352859497
1780294841.205106974,1780294841.204804420,1.8109999895095825
1780294841.218059301,1780294841.217735767,1.8109999895095825
1780294841.240128040,1780294841.239540815,1.7960000038146973
1780294841.265163422,1780294841.264775276,1.8270000219345093
1780294841.287796497,1780294841.287047863,1.8270000219345093
1780294841.300865889,1780294841.300555706,1.8550000190734863
1780294841.325196505,1780294841.323411942,1.8969999551773071
1780294841.352376938,1780294841.345819235,1.8969999551773071
1780294841.359378099,1780294841.358303547,1.906000018119812
1780294841.381298304,1780294841.380521536,1.906000018119812
1780294841.402823210,1780294841.402347088,1.8890000581741333
1780294841.424854279,1780294841.424386978,1.8589999675750732
1780294841.447418213,1780294841.446738243,1.8589999675750732
1780294841.459325552,1780294841.458722830,1.8389999866485596
1780294841.484305620,1780294841.482142210,1.8489999771118164
1780294841.504236698,1780294841.503883362,1.8489999771118164
1780294841.527361631,1780294841.526994467,1.8630000352859497
1780294841.546329975,1780294841.540897131,1.906999945640564
1780294841.558005571,1780294841.557772875,1.906999945640564
1780294841.580294371,1780294841.580125809,1.9179999828338623
1780294841.603500605,1780294841.603263140,1.9240000247955322
1780294841.626129150,1780294841.625872374,1.9240000247955322
1780294841.638193607,1780294841.638003588,1.9140000343322754
1780294841.661467791,1780294841.660940409,1.9140000343322754
1780294841.683478594,1780294841.683035851,1.8630000352859497
1780294841.698250294,1780294841.697960854,1.8559999465942383
1780294841.720484972,1780294841.720295429,1.8559999465942383
1780294841.743505716,1780294841.743277073,1.871999979019165
1780294841.766752481,1780294841.766487598,1.909999966621399
1780294841.779806137,1780294841.778833866,1.909999966621399
1780294841.802032471,1780294841.800827026,1.9259999990463257
1780294841.825719595,1780294841.822657585,1.9359999895095825
1780294841.850054979,1780294841.845926285,1.9359999895095825
1780294841.863791943,1780294841.857788563,1.9299999475479126
1780294841.880282879,1780294841.879920959,1.9299999475479126
1780294841.904925346,1780294841.902462482,1.8990000486373901
1780294841.925327778,1780294841.924524784,1.88100004196167
1780294841.946170568,1780294841.938225031,1.88100004196167
1780294841.965139389,1780294841.960725069,1.8580000400543213
1780294841.984139204,1780294841.982735872,1.843999981880188
1780294842.006530523,1780294842.004508734,1.843999981880188
1780294842.031769753,1780294842.026560068,1.847000002861023
1780294842.040574789,1780294842.038471222,1.8700000047683716
1780294842.061911106,1780294842.061318874,1.8700000047683716
1780294842.079591513,1780294842.077335358,1.8739999532699585
1780294842.101102591,1780294842.099370956,1.8519999980926514
1780294842.123934269,1780294842.122510910,1.8519999980926514
1780294842.145366669,1780294842.145016670,1.8450000286102295
1780294842.171581984,1780294842.166471243,1.8450000286102295
1780294842.179415464,1780294842.178536654,1.8519999980926514
1780294842.204060316,1780294842.202480555,1.86899995803833
1780294842.226310015,1780294842.226048231,1.86899995803833
1780294842.237694740,1780294842.237261534,1.8680000305175781
1780294842.271197319,1780294842.270610332,1.8609999418258667
1780294842.284252644,1780294842.282523394,1.8609999418258667
1780294842.305152416,1780294842.304542780,1.8639999628067017
1780294842.327003717,1780294842.326643944,1.8639999628067017
1780294842.339598656,1780294842.338725805,1.8639999628067017
1780294842.362596035,1780294842.360926628,1.850000023841858
1780294842.385152102,1780294842.384104252,1.850000023841858
1780294842.407686949,1780294842.407017231,1.8279999494552612
1780294842.420714140,1780294842.419979811,1.8300000429153442
1780294842.444395065,1780294842.443801403,1.8300000429153442
1780294842.465796471,1780294842.465320110,1.8680000305175781
1780294842.478034973,1780294842.477208853,1.8960000276565552
1780294842.502523661,1780294842.499294281,1.8960000276565552
1780294842.524123192,1780294842.522930861,1.902999997138977
1780294842.551453590,1780294842.544460058,1.909000039100647
1780294842.566875696,1780294842.566604376,1.909000039100647
1780294842.579392195,1780294842.579129457,1.906000018119812
1780294842.602111816,1780294842.601840019,1.8930000066757202
1780294842.623791456,1780294842.623539209,1.8930000066757202
1780294842.646452904,1780294842.645468473,1.8890000581741333
1780294842.659544230,1780294842.659367085,1.8890000581741333
1780294842.681565046,1780294842.681310415,1.9119999408721924
1780294842.707473755,1780294842.706720591,1.9520000219345093
1780294842.725920200,1780294842.718443871,1.9520000219345093
1780294842.746212721,1780294842.745732069,1.965000033378601
1780294842.762671947,1780294842.762290239,1.965000033378601
1780294842.785181522,1780294842.784854889,1.965000033378601
1780294842.807165861,1780294842.806607008,1.9529999494552612
1780294842.820994377,1780294842.820600271,1.9240000247955322
1780294842.844995260,1780294842.844541788,1.9240000247955322
1780294842.867978811,1780294842.866891384,1.9299999475479126
1780294842.882318258,1780294842.878731489,1.9299999475479126
1780294842.903029680,1780294842.900486469,1.9529999494552612
1780294842.923949003,1780294842.922909975,1.965000033378601
1780294842.945459127,1780294842.944347858,1.965000033378601
1780294842.957774162,1780294842.957151890,1.9800000190734863
1780294842.981179237,1780294842.979401350,1.9819999933242798
1780294843.002231598,1780294843.001757383,1.9819999933242798
1780294843.024081707,1780294843.023563147,1.9579999446868896
1780294843.045863867,1780294843.045542479,1.930999994277954
1780294843.058355331,1780294843.057209730,1.930999994277954
1780294843.079529285,1780294843.079288006,1.930999994277954
1780294843.102925539,1780294843.101785660,1.940999984741211
1780294843.123915195,1780294843.123442650,1.940999984741211
1780294843.146751881,1780294843.146253824,1.944000005722046
1780294843.162240028,1780294843.159343243,1.944000005722046
1780294843.182676315,1780294843.181473970,1.940999984741211
1780294843.203818798,1780294843.203308105,1.9479999542236328
1780294843.226926088,1780294843.225684881,1.9479999542236328
1780294843.239116907,1780294843.238315582,1.975000023841858
1780294843.261933565,1780294843.261186123,1.9859999418258667
1780294843.283855438,1780294843.283385515,1.9859999418258667
1780294843.306091547,1780294843.305636883,1.99399995803833
1780294843.318949461,1780294843.318616152,1.9839999675750732
1780294843.340641975,1780294843.340276957,1.9839999675750732
1780294843.363552332,1780294843.363241434,1.9780000448226929
1780294843.386957407,1780294843.386265278,1.9780000448226929
1780294843.399650574,1780294843.399407148,1.9630000591278076
1780294843.422482729,1780294843.421927452,1.9670000076293945
1780294843.445755005,1780294843.443919420,1.9670000076293945
1780294843.469182014,1780294843.467008829,1.9780000448226929
1780294843.483067751,1780294843.480656862,1.9910000562667847
1780294843.503626585,1780294843.503358364,1.9910000562667847
1780294843.523500204,1780294843.522826910,1.9830000400543213
1780294843.547556639,1780294843.545089722,1.9500000476837158
1780294843.559705973,1780294843.559243917,1.9500000476837158
1780294843.588688135,1780294843.583919764,1.9329999685287476
1780294843.610176802,1780294843.606741905,1.9229999780654907
1780294843.619603395,1780294843.619168043,1.9229999780654907
1780294843.645129442,1780294843.641940832,1.9329999685287476
1780294843.664971113,1780294843.664641619,1.9329999685287476
1780294843.690130472,1780294843.687039614,1.9609999656677246
1780294843.698922157,1780294843.698695898,1.9769999980926514
1780294843.723283529,1780294843.723074198,1.9769999980926514
1780294843.748264313,1780294843.745569944,1.9880000352859497
1780294843.763859510,1780294843.758046865,1.9880000352859497
1780294843.780814886,1780294843.780580521,1.9880000352859497
1780294843.812022686,1780294843.803863287,1.9630000591278076
1780294843.826106071,1780294843.825718164,1.9630000591278076
1780294843.837974787,1780294843.837746143,1.8899999856948853
1780294843.860084295,1780294843.859857082,1.878000020980835
1780294843.882502317,1780294843.882230997,1.878000020980835
1780294843.904953003,1780294843.904439449,1.8990000486373901
1780294843.926914215,1780294843.926698446,1.9179999828338623
1780294843.939061403,1780294843.938495398,1.9179999828338623
1780294843.960632324,1780294843.960312366,1.934999942779541
1780294843.982845545,1780294843.982528925,1.934999942779541
1780294844.007869720,1780294844.004287243,1.934999942779541
1780294844.027042866,1780294844.026747227,1.9290000200271606
1780294844.040258884,1780294844.039985895,1.9179999828338623
1780294844.065164566,1780294844.062023640,1.9179999828338623
1780294844.087359428,1780294844.083209991,1.9160000085830688
1780294844.114773273,1780294844.106374502,1.9149999618530273
1780294844.123597860,1780294844.121904373,1.9149999618530273
1780294844.158017397,1780294844.145914316,1.9119999408721924
1780294844.161677599,1780294844.159230709,1.9119999408721924
1780294844.182422400,1780294844.181459427,1.902999997138977
1780294844.205091000,1780294844.203340292,1.8819999694824219
1780294844.229730368,1780294844.226916552,1.8819999694824219
1780294844.239362717,1780294844.238843679,1.843999981880188
1780294844.261974335,1780294844.260690212,1.8389999866485596
1780294844.283319235,1780294844.282344341,1.8389999866485596
1780294844.305736065,1780294844.304489613,1.8489999771118164
1780294844.321157455,1780294844.320547581,1.8580000400543213
1780294844.344147921,1780294844.342760324,1.8580000400543213
1780294844.368064404,1780294844.365079880,1.8589999675750732
1780294844.386431456,1780294844.384454489,1.8589999675750732
1780294844.410484552,1780294844.407341480,1.8350000381469727
1780294844.419965506,1780294844.419178963,1.8289999961853027
1780294844.442320585,1780294844.441423178,1.8289999961853027
1780294844.466970682,1780294844.465252638,1.843999981880188
1780294844.477714062,1780294844.477225065,1.8489999771118164
1780294844.500966787,1780294844.500584126,1.8489999771118164
1780294844.524255037,1780294844.522448063,1.8660000562667847
1780294844.546969414,1780294844.544514179,1.8730000257492065
1780294844.567036629,1780294844.566719294,1.8730000257492065
1780294844.579554081,1780294844.579302073,1.8730000257492065
1780294844.602948427,1780294844.601925135,1.8489999771118164
1780294844.624641657,1780294844.624013186,1.8489999771118164
1780294844.648258924,1780294844.647858620,1.8170000314712524
1780294844.660925388,1780294844.660647869,1.8170000314712524
1780294844.683675289,1780294844.683281422,1.8020000457763672
1780294844.705999613,1780294844.705724239,1.812000036239624
1780294844.723070621,1780294844.722616673,1.812000036239624
1780294844.747821331,1780294844.746008396,1.8300000429153442
1780294844.758925915,1780294844.758683920,1.8240000009536743
1780294844.783848286,1780294844.782407284,1.8240000009536743
1780294844.804860830,1780294844.804559231,1.8389999866485596
1780294844.821516991,1780294844.817778111,1.8359999656677246
1780294844.842561245,1780294844.842095852,1.8359999656677246
1780294844.860173464,1780294844.858814716,1.8240000009536743
1780294844.886796713,1780294844.885436058,1.8240000009536743
1780294844.908778191,1780294844.907816172,1.7940000295639038
1780294844.921881914,1780294844.919395208,1.777999997138977
1780294844.943750620,1780294844.942041397,1.777999997138977
1780294844.966609716,1780294844.965295553,1.7680000066757202
1780294844.978808403,1780294844.977472544,1.7640000581741333
1780294844.999679327,1780294844.999295473,1.7640000581741333
1780294845.022914410,1780294845.021922112,1.7660000324249268
1780294845.046649218,1780294845.044028282,1.7649999856948853
1780294845.066291571,1780294845.065934658,1.7649999856948853
1780294845.079847813,1780294845.077919483,1.753000020980835
1780294845.101222277,1780294845.099578142,1.7400000095367432
1780294845.122072697,1780294845.121507168,1.7400000095367432
1780294845.144710302,1780294845.144297838,1.7339999675750732
1780294845.166492224,1780294845.166233301,1.7339999675750732
1780294845.178905725,1780294845.178063393,1.7170000076293945
1780294845.200805187,1780294845.200626612,1.7050000429153442
1780294845.226073027,1780294845.225810528,1.7050000429153442
1780294845.237386465,1780294845.237173557,1.684999942779541
1780294845.260948181,1780294845.260769844,1.6749999523162842
1780294845.282821417,1780294845.282537699,1.6749999523162842
1780294845.304578304,1780294845.304253817,1.6679999828338623
1780294845.320748568,1780294845.320338964,1.7079999446868896
1780294845.345901489,1780294845.343231678,1.7079999446868896
1780294845.365865469,1780294845.365543365,1.7230000495910645
1780294845.378052950,1780294845.377191305,1.7230000495910645
1780294845.401329041,1780294845.400391102,1.7070000171661377
1780294845.423412085,1780294845.423109531,1.687000036239624
1780294845.446720600,1780294845.445459604,1.687000036239624
1780294845.469560862,1780294845.469312906,1.659000039100647
1780294845.481525183,1780294845.481195450,1.6460000276565552
1780294845.503408194,1780294845.503116608,1.6460000276565552
1780294845.527140617,1780294845.526841879,1.6130000352859497
1780294845.539476633,1780294845.539137602,1.590000033378601
1780294845.563355684,1780294845.562942982,1.590000033378601
1780294845.586426973,1780294845.584410429,1.5509999990463257
1780294845.607186317,1780294845.606654167,1.527999997138977
1780294845.619552851,1780294845.618306875,1.527999997138977
1780294845.640959263,1780294845.640357018,1.5169999599456787
1780294845.666933298,1780294845.666534185,1.5169999599456787
1780294845.678493977,1780294845.678020000,1.4819999933242798
1780294845.701284647,1780294845.700738668,1.4700000286102295
1780294845.728010893,1780294845.722617865,1.4700000286102295
1780294845.745327234,1780294845.744998217,1.4420000314712524
1780294845.758832216,1780294845.757812262,1.4320000410079956
1780294845.779568434,1780294845.779304504,1.4320000410079956
1780294845.803198338,1780294845.802993298,1.402999997138977
1780294845.824587584,1780294845.824253559,1.371999979019165
1780294845.848015070,1780294845.847599506,1.371999979019165
1780294845.860140085,1780294845.859201193,1.3609999418258667
1780294845.885204077,1780294845.884629250,1.3609999418258667
1780294845.908128977,1780294845.906718969,1.340000033378601
1780294845.918649912,1780294845.918310881,1.3300000429153442
1780294845.941464186,1780294845.941202164,1.3300000429153442
1780294845.965188503,1780294845.964903831,1.319000005722046
1780294845.987773180,1780294845.986759186,1.315999984741211
1780294845.999637127,1780294845.999189377,1.315999984741211
1780294846.024435043,1780294846.022036314,1.3070000410079956
1780294846.047266006,1780294846.044109821,1.3009999990463257
1780294846.071620703,1780294846.066945314,1.3009999990463257
1780294846.083142281,1780294846.081969500,1.281999945640564
1780294846.104125500,1780294846.103939772,1.2680000066757202
1780294846.127111435,1780294846.125898361,1.2680000066757202
1780294846.138613701,1780294846.138250113,1.2649999856948853
1780294846.162456512,1780294846.161207914,1.2649999856948853
1780294846.184329987,1780294846.183287859,1.2610000371932983
1780294846.207939625,1780294846.205708504,1.2569999694824219
1780294846.218426943,1780294846.218123198,1.2569999694824219
1780294846.241847515,1780294846.240769863,1.2480000257492065
1780294846.263442039,1780294846.263126612,1.246999979019165
1780294846.287513733,1780294846.285859346,1.246999979019165
1780294846.298440456,1780294846.297115564,1.2450000047683716
1780294846.320505857,1780294846.320266962,1.25
1780294846.343568087,1780294846.343151331,1.25
1780294846.370462418,1780294846.366666794,1.2510000467300415
1780294846.378803968,1780294846.378445625,1.2510000467300415
1780294846.401148558,1780294846.400667667,1.2369999885559082
1780294846.422877312,1780294846.422488451,1.2269999980926514
1780294846.444815159,1780294846.444485664,1.2269999980926514
1780294846.466872215,1780294846.466329336,1.2020000219345093
1780294846.479364395,1780294846.478284121,1.194000005722046
1780294846.500895023,1780294846.500334263,1.194000005722046
1780294846.524176836,1780294846.523253202,1.1979999542236328
1780294846.546186209,1780294846.545656204,1.2000000476837158
1780294846.558887959,1780294846.557198048,1.2000000476837158
1780294846.581640482,1780294846.581378222,1.194000005722046
1780294846.605912447,1780294846.605581999,1.1699999570846558
1780294846.619818449,1780294846.619486570,1.1699999570846558
1780294846.641809464,1780294846.641188145,1.1230000257492065
1780294846.663616657,1780294846.663344860,1.1230000257492065
1780294846.686746120,1780294846.686372757,1.1230000257492065
1780294846.699865341,1780294846.699622631,1.1119999885559082
1780294846.724096775,1780294846.723739624,1.1119999885559082
1780294846.746341705,1780294846.745475769,1.0729999542236328
1780294846.762529612,1780294846.761442900,1.0460000038146973
1780294846.786014318,1780294846.785270691,1.0460000038146973
1780294846.799428463,1780294846.797739506,1.003000020980835
1780294846.821405649,1780294846.820736408,0.9670000076293945
1780294846.838203669,1780294846.836794853,0.9670000076293945
1780294846.861428022,1780294846.861110449,0.9179999828338623
1780294846.886155844,1780294846.885269403,0.9179999828338623
1780294846.900120258,1780294846.897168159,0.8920000195503235
1780294846.926673412,1780294846.922555447,0.8389999866485596
1780294846.946469545,1780294846.945327520,0.8389999866485596
1780294846.970712423,1780294846.967284918,0.7710000276565552
1780294846.979498386,1780294846.979291201,0.7490000128746033
1780294847.001432419,1780294847.001171112,0.7490000128746033
1780294847.023898840,1780294847.023689508,0.6859999895095825
1780294847.045598745,1780294847.045245171,0.6549999713897705
1780294847.057443380,1780294847.057208776,0.6549999713897705
1780294847.080451488,1780294847.079975128,0.5899999737739563
1780294847.103998661,1780294847.103658199,0.5699999928474426
1780294847.119530201,1780294847.119199038,0.5699999928474426
1780294847.142156601,1780294847.141666651,0.5109999775886536
1780294847.164366007,1780294847.163990974,0.5109999775886536
1780294847.177698135,1780294847.176771641,0.4390000104904175
1780294847.198694944,1780294847.198204517,0.2770000100135803
1780294847.220817804,1780294847.220448494,0.2770000100135803
1780294847.243667126,1780294847.242946148,0.2590000033378601
1780294847.266888857,1780294847.264576674,0.2540000081062317
1780294847.286974907,1780294847.286276102,0.2540000081062317
1780294847.300637960,1780294847.300027132,0.20000000298023224
1780294847.323110342,1780294847.322389126,0.18199999630451202
1780294847.345987320,1780294847.344990730,0.18199999630451202
1780294847.358082533,1780294847.357458591,0.15199999511241913
1780294847.383770943,1780294847.379981518,0.11800000071525574
1780294847.404793262,1780294847.404028177,0.11800000071525574
1780294847.432599068,1780294847.426230669,0.050999999046325684
1780294847.450387716,1780294847.441807985,0.012000000104308128
1780294847.467813730,1780294847.466509581,0.012000000104308128
1780294847.479087114,1780294847.478240252,0.0
1780294847.503875971,1780294847.500320435,0.0
1780294847.524086952,1780294847.522403955,-0.017000000923871994
1780294847.545801401,1780294847.544580698,-0.00800000037997961
1780294847.559814692,1780294847.556918621,-0.00800000037997961
1780294847.582107306,1780294847.579154730,-0.023000000044703484
1780294847.603423119,1780294847.602398634,-0.03200000151991844
1780294847.630622149,1780294847.624623775,-0.03200000151991844
1780294847.649806738,1780294847.647738457,-0.020999999716877937
1780294847.660196304,1780294847.659279823,-0.02800000086426735
1780294847.682660580,1780294847.681804657,-0.02800000086426735
1780294847.705210686,1780294847.703769684,-0.02500000037252903
1780294847.724260807,1780294847.721982479,-0.004999999888241291
1780294847.744148493,1780294847.743389845,-0.004999999888241291
1780294847.766204596,1780294847.765252590,-0.00800000037997961
1780294847.778715134,1780294847.777954817,-0.0010000000474974513
1780294847.801079988,1780294847.800340891,-0.0010000000474974513
1780294847.823230982,1780294847.822486877,-0.007000000216066837
1780294847.845241308,1780294847.844435453,-0.017000000923871994
1780294847.867423773,1780294847.866680384,-0.017000000923871994
1780294847.880892754,1780294847.879768610,-0.007000000216066837
1780294847.903812170,1780294847.902963400,-0.007000000216066837
1780294847.926115513,1780294847.925163031,-0.0010000000474974513
1780294847.937798262,1780294847.937031269,0.0
1780294847.960508823,1780294847.959509373,0.0
1780294847.982352018,1780294847.981881380,0.0
1780294848.003930807,1780294848.003352880,0.0
1780294848.026055813,1780294848.025130987,0.0
1780294848.038940191,1780294848.037737131,0.01899999938905239
1780294848.060559034,1780294848.059595585,0.004000000189989805
1780294848.082471609,1780294848.081718922,0.004000000189989805
1780294848.103816748,1780294848.103137970,0.0
1780294848.118250132,1780294848.117110729,0.0
1780294848.139760494,1780294848.139289141,0.0
1780294848.162372828,1780294848.161103725,0.0
1780294848.183939219,1780294848.183226109,0.007000000216066837
1780294848.206144810,1780294848.205521822,0.007000000216066837
1780294848.218407869,1780294848.217650652,0.0
1780294848.239439487,1780294848.239113092,0.0
1780294848.261793613,1780294848.261418343,0.0
1780294848.285421610,1780294848.285068989,0.0010000000474974513
1780294848.297842741,1780294848.297271967,0.0010000000474974513
1780294848.320951700,1780294848.320342779,0.0
1780294848.344045877,1780294848.342259169,0.0
1780294848.366971731,1780294848.366479158,0.0
1780294848.378900051,1780294848.377981186,0.0010000000474974513
1780294848.400953770,1780294848.400752068,0.0
1780294848.423413754,1780294848.422571898,0.0
1780294848.447057486,1780294848.444654465,0.0
1780294848.458061218,1780294848.457770586,0.0
1780294848.481074810,1780294848.480219126,0.0
1780294848.504834414,1780294848.503505468,0.0010000000474974513
1780294848.528594732,1780294848.526153564,0.0010000000474974513
1780294848.539809465,1780294848.539175987,0.0
1780294848.562609196,1780294848.561670542,0.0
1780294848.587398767,1780294848.585205078,0.0
1780294848.599339485,1780294848.599115372,0.0
1780294848.624741793,1780294848.623407602,0.0
1780294848.647139072,1780294848.646062851,0.0
1780294848.660671949,1780294848.660193682,0.0
1780294848.682938576,1780294848.682318211,0.0
1780294848.705077648,1780294848.704531908,0.0
1780294848.718061924,1780294848.716681004,0.0
1780294848.739800692,1780294848.739250660,0.0
1780294848.762684822,1780294848.761782408,0.0
1780294848.786743641,1780294848.786475658,0.0
1780294848.811489344,1780294848.808376074,0.017000000923871994
1780294848.822204113,1780294848.820789099,0.017000000923871994
1780294848.845875978,1780294848.845365286,0.0010000000474974513
1780294848.859927654,1780294848.858819008,0.0
1780294848.884743452,1780294848.880105019,0.0
1780294848.909464598,1780294848.903222561,0.0
1780294848.919343472,1780294848.919032812,0.0
1780294848.941648245,1780294848.941177368,0.0
1780294848.966729879,1780294848.965023518,0.0
1780294848.979206324,1780294848.977129936,0.0
1780294849.000718594,1780294848.999809027,0.0
1780294849.026035786,1780294849.021656275,0.0
1780294849.048019648,1780294849.046951532,0.0
1780294849.060543776,1780294849.059124947,0.0
1780294849.085706711,1780294849.081285000,0.0
1780294849.104180098,1780294849.103811502,0.0
1780294849.130655527,1780294849.126265287,0.0
1780294849.142060041,1780294849.140503645,0.0
1780294849.165038347,1780294849.164236307,0.0
1780294849.178825617,1780294849.178491354,0.0
1780294849.202501774,1780294849.201189995,0.0
1780294849.224488258,1780294849.223081827,0.0
1780294849.245453358,1780294849.245193481,0.0
1780294849.257877111,1780294849.257357359,-0.004000000189989805
1780294849.283389568,1780294849.283055544,-0.004000000189989805
1780294849.306231976,1780294849.305868864,0.0
1780294849.321563721,1780294849.320789576,0.0
1780294849.342838287,1780294849.342332125,0.0
1780294849.364810944,1780294849.364172220,0.0
1780294849.388336897,1780294849.386909962,0.0
1780294849.399888754,1780294849.399307966,0.0
1780294849.422451258,1780294849.421962500,0.0
1780294849.446461916,1780294849.444235563,0.0
1780294849.457285404,1780294849.456613541,0.0
1780294849.480465174,1780294849.479832411,0.0
1780294849.506953955,1780294849.506428242,0.0
1780294849.518549919,1780294849.518174887,0.014999999664723873
1780294849.547661066,1780294849.541199923,0.0
1780294849.565882206,1780294849.565275431,0.0
1780294849.577694893,1780294849.577240467,0.0
1780294849.599524498,1780294849.599108696,-0.0010000000474974513
1780294849.622530222,1780294849.621863842,-0.0010000000474974513
1780294849.638557196,1780294849.637681246,0.0
1780294849.664560318,1780294849.663903952,0.0
1780294849.687850714,1780294849.686764479,0.0
1780294849.699365139,1780294849.698182821,0.0
1780294849.722009182,1780294849.721317053,0.0
1780294849.743403673,1780294849.743096828,-0.004000000189989805
1780294849.766490698,1780294849.766263008,-0.0010000000474974513
1780294849.780943632,1780294849.780604839,-0.0010000000474974513
1780294849.803050756,1780294849.802711010,0.0
1780294849.825440407,1780294849.824280739,0.0
1780294849.847616196,1780294849.846629620,0.0
1780294849.859910965,1780294849.859690666,0.0
1780294849.881371975,1780294849.881112576,0.0
1780294849.903264761,1780294849.903055906,0.0
1780294849.927294254,1780294849.925152540,0.0
1780294849.938222885,1780294849.937709093,0.0
1780294849.960272551,1780294849.960015059,0.0
1780294849.983750820,1780294849.982725382,0.0
1780294850.005792141,1780294850.005264282,0.0
1780294850.028770924,1780294850.028062582,0.0
1780294850.043819666,1780294850.042124271,0.0
1780294850.065561533,1780294850.065043926,0.0
1780294850.077765703,1780294850.077276707,0.0
1780294850.105638027,1780294850.104149103,0.0
1780294850.129318476,1780294850.126334667,0.0
1780294850.143398762,1780294850.142679214,0.0
1780294850.165940523,1780294850.164578676,0.0
1780294850.187704802,1780294850.186358213,0.0
1780294850.198584318,1780294850.198042154,0.0
1780294850.221116543,1780294850.220649958,0.0
1780294850.243282318,1780294850.242966890,0.0
1780294850.265472651,1780294850.265153408,0.0020000000949949026
1780294850.277574539,1780294850.277158260,-0.007000000216066837
1780294850.299794197,1780294850.299535751,-0.007000000216066837
1780294850.322840929,1780294850.321507215,-0.0010000000474974513
1780294850.346721649,1780294850.346055984,0.0
1780294850.358445883,1780294850.358219147,0.0
1780294850.384266376,1780294850.381968498,0.0
1780294850.404835463,1780294850.404305935,-0.007000000216066837
1780294850.422977448,1780294850.421737194,-0.007000000216066837
1780294850.443418503,1780294850.443056107,-0.0010000000474974513
1780294850.465820551,1780294850.465484381,0.004999999888241291
1780294850.477346659,1780294850.477129221,0.004999999888241291
1780294850.503379107,1780294850.503058195,-0.02199999988079071
1780294850.525402784,1780294850.525141716,-0.0010000000474974513
1780294850.540403128,1780294850.537044287,-0.0010000000474974513
1780294850.560051680,1780294850.559748173,0.03200000151991844
1780294850.582222700,1780294850.581207752,0.03200000151991844
1780294850.604973793,1780294850.604750156,0.0010000000474974513
1780294850.617514133,1780294850.617217541,0.0
1780294850.645876169,1780294850.640066862,0.0
1780294850.664088249,1780294850.662798166,0.0
1780294850.686720371,1780294850.685460567,0.0
1780294850.702076197,1780294850.700136423,0.0
1780294850.723918676,1780294850.723437786,0.0
1780294850.749651670,1780294850.745311975,0.0
1780294850.758250952,1780294850.756868124,0.0
1780294850.781447887,1780294850.779726028,0.0
1780294850.803829432,1780294850.801224232,0.0
1780294850.824056149,1780294850.823652983,0.0
1780294850.851303577,1780294850.845082521,0.0
1780294850.870032310,1780294850.867161274,0.0
1780294850.879656076,1780294850.878943920,0.0
1780294850.902977467,1780294850.901383162,0.0
1780294850.925683737,1780294850.923763037,0.0
1780294850.946086168,1780294850.945525885,0.0
1780294850.958489418,1780294850.958097219,0.0
1780294850.981601715,1780294850.981153727,0.0
1780294851.004259348,1780294851.003906012,0.0
1780294851.020193100,1780294851.019810915,0.00800000037997961
1780294851.042766809,1780294851.042148829,0.00800000037997961
1780294851.065080166,1780294851.064892054,0.0010000000474974513
1780294851.077222586,1780294851.077005148,-0.004999999888241291
1780294851.109222174,1780294851.108761549,-0.004999999888241291
1780294851.122431993,1780294851.122146368,0.007000000216066837
1780294851.145814180,1780294851.144559145,0.0
1780294851.169095755,1780294851.167517900,0.0
1780294851.179666042,1780294851.179310560,0.0
1780294851.202377558,1780294851.201214075,0.0
1780294851.223930597,1780294851.223069191,0.0
1780294851.246066570,1780294851.245029449,0.0
1780294851.258707523,1780294851.257676125,0.0
1780294851.279465675,1780294851.279068470,0.0
1780294851.302107811,1780294851.301092863,0.0
1780294851.323827028,1780294851.323426247,0.0
1780294851.346501112,1780294851.346216917,0.0
1780294851.358370304,1780294851.358066797,-0.017000000923871994
1780294851.381018639,1780294851.380438328,-0.017000000923871994
1780294851.402291298,1780294851.402063847,0.0020000000949949026
1780294851.417804480,1780294851.417211056,-0.007000000216066837
1780294851.440742970,1780294851.440237284,-0.007000000216066837
1780294851.462716341,1780294851.462391615,0.0
1780294851.485028267,1780294851.484565020,0.0
1780294851.507072687,1780294851.506061077,0.0
1780294851.519487381,1780294851.519062757,0.0
1780294851.543295622,1780294851.541291237,0.0
1780294851.565823555,1780294851.564647436,0.0
1780294851.578264475,1780294851.576633215,0.0
1780294851.599550009,1780294851.599108696,0.0
1780294851.622825384,1780294851.621662617,0.0
1780294851.643969059,1780294851.643143654,0.0
1780294851.667192459,1780294851.666367054,0.0
1780294851.679786205,1780294851.679429770,0.0
1780294851.702978849,1780294851.701765299,0.0
1780294851.724025726,1780294851.723387718,0.0
1780294851.745997667,1780294851.745258093,0.0
1780294851.768821716,1780294851.768528700,0.0
1780294851.781468868,1780294851.780332088,0.0
1780294851.803390503,1780294851.802543163,0.0
1780294851.825025797,1780294851.824600458,0.0
1780294851.847784519,1780294851.846163034,0.0
1780294851.868168592,1780294851.867675066,0.0
1780294851.885626316,1780294851.880324125,0.007000000216066837
1780294851.906484604,1780294851.902244329,0.007000000216066837
1780294851.934688807,1780294851.926466942,-0.007000000216066837
1780294851.940560818,1780294851.938664436,-0.0010000000474974513
1780294851.962213039,1780294851.961688042,-0.0010000000474974513
1780294851.985641956,1780294851.984254599,-0.02199999988079071
1780294852.006702662,1780294852.005986929,-0.0010000000474974513
1780294852.025774002,1780294852.020523310,-0.0010000000474974513
1780294852.044866562,1780294852.043078661,0.0
1780294852.065588474,1780294852.065167427,0.0
1780294852.077269554,1780294852.076993465,0.0
1780294852.101891279,1780294852.099855185,0.0
1780294852.125806332,1780294852.124607086,0.0
1780294852.147499561,1780294852.146470547,0.0
1780294852.160942554,1780294852.158063650,0.0
1780294852.181813002,1780294852.179980040,0.0
1780294852.205119848,1780294852.204496861,0.0
1780294852.218657970,1780294852.217448711,0.0
1780294852.241346598,1780294852.240987301,0.0
1780294852.264323950,1780294852.263336182,0.0
1780294852.286571741,1780294852.285774231,0.0
1780294852.303560734,1780294852.298864365,0.0
1780294852.322882652,1780294852.320937872,0.0
1780294852.344592571,1780294852.343277931,0.0
1780294852.365857363,1780294852.365300179,0.0
1780294852.386973858,1780294852.386133909,0.0
1780294852.410421848,1780294852.409054041,0.0
1780294852.424326658,1780294852.423945665,0.0
1780294852.446696997,1780294852.446376085,0.0
1780294852.463003159,1780294852.460872889,0.0
1780294852.484665632,1780294852.483657837,0.0
1780294852.502293348,1780294852.501858234,0.0
1780294852.519312143,1780294852.519015312,0.0
1780294852.545673609,1780294852.545036316,0.0
1780294852.557219744,1780294852.556866407,0.0
1780294852.581046104,1780294852.580358267,0.0
1780294852.603031635,1780294852.602055073,0.0
1780294852.624858618,1780294852.624012709,0.0
1780294852.647718668,1780294852.646751642,0.0
1780294852.659978151,1780294852.659495354,0.0
1780294852.682955980,1780294852.681069136,0.0
1780294852.705918789,1780294852.704323769,0.0
1780294852.729319334,1780294852.726899147,0.0
1780294852.741586447,1780294852.740532398,0.0
1780294852.763005018,1780294852.762331963,0.0
1780294852.785253286,1780294852.784328461,0.0
1780294852.798173904,1780294852.796763420,0.0
1780294852.821032286,1780294852.819625378,0.014999999664723873
1780294852.845531225,1780294852.843356371,0.00800000037997961
1780294852.866225719,1780294852.865041018,0.00800000037997961
1780294852.878525972,1780294852.877392054,0.0
1780294852.902569771,1780294852.900929689,0.012000000104308128
1780294852.925422192,1780294852.923149347,0.012000000104308128
1780294852.945251703,1780294852.944962740,0.0
1780294852.957227230,1780294852.956948519,0.0
1780294852.981008768,1780294852.979887962,0.0
1780294853.003759623,1780294853.002461433,0.0
1780294853.025281906,1780294853.024377823,0.0
1780294853.037265539,1780294853.036392927,0.0
1780294853.058684111,1780294853.057920456,0.0
1780294853.082800865,1780294853.081180811,0.0
1780294853.103159189,1780294853.102886438,0.0
1780294853.125878572,1780294853.125101566,0.0
1780294853.143785238,1780294853.141812325,0.0
1780294853.165832758,1780294853.164864540,0.0
1780294853.178125620,1780294853.177028656,0.0
1780294853.202286720,1780294853.199016571,0.0
1780294853.221559525,1780294853.221009970,0.0
1780294853.244022846,1780294853.243200302,0.0
1780294853.266278505,1780294853.265291929,0.0
1780294853.280729294,1780294853.278951883,0.0
1780294853.303858280,1780294853.301908255,0.0
1780294853.327093124,1780294853.326696396,0.0
1780294853.339842558,1780294853.339160919,0.0
1780294853.362302542,1780294853.361816645,0.0
1780294853.384977818,1780294853.384506941,0.0
1780294853.406524181,1780294853.406128645,0.0
1780294853.420899391,1780294853.420536757,0.0
1780294853.442478180,1780294853.442008972,0.0
1780294853.464442015,1780294853.464087009,0.0
1780294853.486591578,1780294853.486271620,0.0
1780294853.499874353,1780294853.498662710,0.0
1780294853.520636082,1780294853.520301580,0.0
1780294853.542645931,1780294853.542290211,0.0
1780294853.564620495,1780294853.564367771,0.0
1780294853.589001894,1780294853.586255789,0.0
1780294853.599516153,1780294853.597956896,0.0
1780294853.620354652,1780294853.619989634,0.0
1780294853.645134687,1780294853.644569635,0.0
1780294853.659388781,1780294853.656734705,0.0
1780294853.679818869,1780294853.679235697,0.0
1780294853.703320980,1780294853.700913191,0.0
1780294853.724716187,1780294853.722966433,0.0
1780294853.748930216,1780294853.745469570,0.0
1780294853.758231401,1780294853.758016586,0.0
1780294853.785284996,1780294853.780210018,0.0
1780294853.803503752,1780294853.803296328,0.0
1780294853.825209618,1780294853.824985266,0.0
1780294853.838526487,1780294853.837161779,0.0
1780294853.862411261,1780294853.861283302,0.0
1780294853.885563850,1780294853.885245085,0.0
1780294853.898650646,1780294853.897991180,0.0
1780294853.921154737,1780294853.920634508,0.0
1780294853.946021557,1780294853.943289757,0.0
1780294853.966620684,1780294853.966249228,0.0
1780294853.982464552,1780294853.980747461,0.0
1780294854.003903151,1780294854.003235340,0.0
1780294854.026291132,1780294854.025959253,0.0
1780294854.040859222,1780294854.040076017,0.0
1780294854.063259840,1780294854.062729836,0.0
1780294854.089225292,1780294854.085312128,0.0
1780294854.098677397,1780294854.097760916,0.0
1780294854.123584509,1780294854.122546911,0.0
1780294854.150446177,1780294854.144380808,0.0
1780294854.157668114,1780294854.157033443,0.0
1780294854.183981419,1780294854.180485964,0.0
1780294854.203807592,1780294854.202508688,0.0
1780294854.225530148,1780294854.224435091,0.0
1780294854.246530533,1780294854.246020555,0.0
1780294854.262068748,1780294854.259353161,0.0
1780294854.289277554,1780294854.284162045,0.0
1780294854.302677870,1780294854.297917604,0.0
1780294854.323760509,1780294854.323148012,0.0
1780294854.346684217,1780294854.346011877,0.0
1780294854.358747482,1780294854.358495474,0.0
1780294854.380862474,1780294854.380196095,0.0
1780294854.403407812,1780294854.402442694,0.0
1780294854.425737143,1780294854.424838543,0.0
1780294854.443654776,1780294854.443277597,0.0
1780294854.466771841,1780294854.466393709,0.0
1780294854.478715420,1780294854.478406668,0.0
1780294854.503110409,1780294854.500145197,0.0
1780294854.523873568,1780294854.523353338,0.0
1780294854.545866251,1780294854.545224905,0.0
1780294854.558482170,1780294854.557253599,0.0
1780294854.579672337,1780294854.578931808,0.0
1780294854.603216410,1780294854.601155996,0.0
1780294854.626312971,1780294854.625680685,0.0
1780294854.640498877,1780294854.640147448,0.0
1780294854.663573265,1780294854.663362265,0.0
1780294854.686621904,1780294854.686171532,0.0
1780294854.701636314,1780294854.701324224,0.0
1780294854.718728781,1780294854.718417883,0.0
1780294854.745482445,1780294854.745082617,0.0
1780294854.759436607,1780294854.756965399,0.0
1780294854.779278755,1780294854.778863668,0.0
1780294854.803758383,1780294854.802980423,0.0
1780294854.827360868,1780294854.826076269,0.03200000151991844
1780294854.840064287,1780294854.839568853,0.014999999664723873
1780294854.865538597,1780294854.861143112,0.014999999664723873
1780294854.885993958,1780294854.885448217,0.004000000189989805
1780294854.899102211,1780294854.898128271,0.0
1780294854.923225403,1780294854.921949863,0.0
1780294854.944379568,1780294854.944126606,0.0
1780294854.966275692,1780294854.965923071,0.0
1780294854.979059458,1780294854.978703260,0.0
1780294855.002612829,1780294855.002164602,0.0
1780294855.024772406,1780294855.023913860,-0.017000000923871994
1780294855.046573162,1780294855.046068192,-0.017000000923871994
1780294855.058352947,1780294855.057887793,0.004000000189989805
1780294855.081006527,1780294855.080436945,0.0
1780294855.102541447,1780294855.102082968,0.0
1780294855.126953840,1780294855.124067068,0.0
1780294855.152740002,1780294855.146383524,0.0
1780294855.161436319,1780294855.160888433,-0.01600000075995922
1780294855.185224295,1780294855.183481216,-0.0010000000474974513
1780294855.206596375,1780294855.205876589,-0.0010000000474974513
1780294855.219853401,1780294855.218178511,0.0
1780294855.240497112,1780294855.240022659,0.0
1780294855.263735056,1780294855.261803389,0.0
1780294855.284641504,1780294855.283914566,0.0
1780294855.307264090,1780294855.305851460,0.0
1780294855.321916819,1780294855.317949295,0.0
1780294855.341120958,1780294855.340518951,0.0
1780294855.363637924,1780294855.363373518,0.0
1780294855.385688782,1780294855.385317564,0.0
1780294855.397183180,1780294855.396816969,0.0
1780294855.420732260,1780294855.420199633,0.0
1780294855.442311525,1780294855.441948175,0.0
1780294855.465214968,1780294855.464854717,0.0
1780294855.480633974,1780294855.479065418,0.0
1780294855.502288342,1780294855.501940250,0.0
1780294855.525096416,1780294855.524122238,0.0
1780294855.546288729,1780294855.546062946,0.0
1780294855.558592796,1780294855.558315516,0.0
1780294855.581465483,1780294855.580820322,0.0
1780294855.604082823,1780294855.603788853,0.0
1780294855.618984461,1780294855.617795944,0.0
1780294855.640278339,1780294855.640023470,0.0
1780294855.662845612,1780294855.662205219,0.0
1780294855.686182499,1780294855.684838295,0.0
1780294855.698546648,1780294855.696735382,0.0
1780294855.719296217,1780294855.718940020,0.0
1780294855.741798878,1780294855.741396666,0.006000000052154064
1780294855.767897129,1780294855.764374733,-0.012000000104308128
1780294855.777946949,1780294855.777109385,-0.012000000104308128
1780294855.813630581,1780294855.800857306,0.0
1780294855.825236320,1780294855.824052572,0.007000000216066837
1780294855.851084948,1780294855.845746994,0.007000000216066837
1780294855.860858440,1780294855.859685659,-0.0020000000949949026
1780294855.884342432,1780294855.882236719,-0.0020000000949949026
1780294855.905074596,1780294855.903984785,0.0
1780294855.928536177,1780294855.925983667,0.0
1780294855.940566778,1780294855.940035105,0.0
1780294855.964663744,1780294855.963682413,0.0
1780294855.979209900,1780294855.977928162,0.0
1780294856.002263069,1780294856.000985622,0.0
1780294856.024003744,1780294856.023000002,0.0
1780294856.047001123,1780294856.046119452,0.0
1780294856.062248230,1780294856.061054707,0.0
1780294856.083338499,1780294856.082676172,0.0
1780294856.108321428,1780294856.105589151,0.0
1780294856.117713213,1780294856.116710424,0.0
1780294856.151477575,1780294856.139043331,0.0
1780294856.161218643,1780294856.160739899,0.0
1780294856.185936451,1780294856.184210062,0.0
1780294856.198793411,1780294856.198031425,0.0
1780294856.221194744,1780294856.220515013,0.0
1780294856.244124174,1780294856.243242025,0.0
1780294856.265414476,1780294856.264847040,0.0
1780294856.280337811,1780294856.279648304,0.0
1780294856.302485466,1780294856.301956415,0.0
1780294856.325756311,1780294856.324274302,0.0
1780294856.347234488,1780294856.346329927,0.0
1780294856.361472130,1780294856.360450268,0.0
1780294856.382774591,1780294856.381941557,0.0
1780294856.404616594,1780294856.403927565,0.0
1780294856.418177366,1780294856.417057514,0.0
1780294856.440382719,1780294856.439153194,0.0
1780294856.461813688,1780294856.460980415,0.0
1780294856.483689070,1780294856.482859612,0.0
1780294856.506612778,1780294856.504913092,0.0
1780294856.527662992,1780294856.526969671,0.0
1780294856.540378809,1780294856.539084673,0.0
1780294856.564000130,1780294856.561786413,0.0
1780294856.584536314,1780294856.583738565,0.0
1780294856.607374907,1780294856.606219292,0.0
1780294856.618688345,1780294856.618040800,0.0
1780294856.640593529,1780294856.639819384,0.0
1780294856.666013718,1780294856.664753675,0.0
1780294856.687809944,1780294856.686778784,0.0
1780294856.704390526,1780294856.703676462,0.0
1780294856.727848530,1780294856.725824356,0.0
1780294856.739408493,1780294856.738632917,0.0
1780294856.767167568,1780294856.760918856,0.0
1780294856.783588171,1780294856.782876730,0.0
1780294856.806891680,1780294856.805197954,0.0
1780294856.818640471,1780294856.818268538,0.0
1780294856.840470791,1780294856.840229034,0.0
1780294856.863223076,1780294856.863001347,0.0
1780294856.885724068,1780294856.885357618,0.0
1780294856.897317410,1780294856.896852732,0.0
1780294856.919445038,1780294856.919190884,0.0
1780294856.943308592,1780294856.942042589,0.0
1780294856.964606285,1780294856.963872671,0.0
1780294856.986894608,1780294856.986479044,0.0
1780294856.998085737,1780294856.997709990,0.0
1780294857.021198750,1780294857.020899296,0.0
1780294857.044958353,1780294857.044621229,0.0
1780294857.074491501,1780294857.073773384,0.0
1780294857.077864647,1780294857.077367306,0.0
1780294857.110054970,1780294857.103913069,0.0
1780294857.126964092,1780294857.126180172,0.017000000923871994
1780294857.144208193,1780294857.141710043,0.017000000923871994
1780294857.164401770,1780294857.164062500,0.004000000189989805
1780294857.177380800,1780294857.176846027,0.0
1780294857.200807095,1780294857.199500322,0.0
1780294857.224506617,1780294857.223727703,0.0
1780294857.238387108,1780294857.237390518,0.0
1780294857.261992216,1780294857.260483265,0.0
1780294857.282362461,1780294857.281730413,0.0
1780294857.304569721,1780294857.303825855,0.0
1780294857.327153683,1780294857.326419115,0.0
1780294857.340824366,1780294857.339782000,0.0
1780294857.362927914,1780294857.362197638,0.0
1780294857.385051250,1780294857.384386301,0.0
1780294857.397985935,1780294857.397306442,0.0
1780294857.422127247,1780294857.421231031,0.0
1780294857.444389820,1780294857.443633080,0.0
1780294857.466935158,1780294857.465843439,0.0
1780294857.481666565,1780294857.479767084,0.0
1780294857.502599239,1780294857.502004623,0.0
1780294857.524449348,1780294857.523885727,0.0
1780294857.547022820,1780294857.545949221,0.0
1780294857.559783459,1780294857.557949781,0.0
1780294857.583814859,1780294857.581265450,0.0
1780294857.605299473,1780294857.604242802,0.0
1780294857.628054142,1780294857.626461744,0.0
1780294857.642897367,1780294857.640130758,0.0
1780294857.665637970,1780294857.663701534,0.0
1780294857.688582659,1780294857.686070681,0.0
1780294857.699687243,1780294857.698984385,0.0
1780294857.722074509,1780294857.721395731,0.0
1780294857.744441032,1780294857.743141413,0.0
1780294857.766608715,1780294857.765515089,0.0
1780294857.790285587,1780294857.788346291,0.0
1780294857.810715437,1780294857.809890270,0.0
1780294857.823573351,1780294857.822580338,0.0
1780294857.846549034,1780294857.845840216,0.0
1780294857.860006332,1780294857.859094620,0.0
1780294857.882520199,1780294857.880965471,0.0
1780294857.904291868,1780294857.903460503,0.0
1780294857.925713539,1780294857.924749136,0.0
1780294857.937728882,1780294857.936878681,0.0
1780294857.961845636,1780294857.960878849,0.0
1780294857.983779907,1780294857.982749462,0.0
1780294858.006652355,1780294858.005271196,0.0
1780294858.019096851,1780294858.017943382,-0.007000000216066837
1780294858.043592453,1780294858.040825129,0.0
1780294858.066053629,1780294858.063235998,0.0
1780294858.088556290,1780294858.086601019,0.0
1780294858.105459929,1780294858.101854086,0.0
1780294858.128321886,1780294858.124451637,0.0
1780294858.140158415,1780294858.137168407,0.0
1780294858.159202337,1780294858.158947229,0.0
1780294858.182846308,1780294858.180721045,0.0
1780294858.204504967,1780294858.203208447,0.0
1780294858.228621244,1780294858.226476908,0.0
1780294858.250071764,1780294858.248705626,0.0
1780294858.261320829,1780294858.260620832,0.0
1780294858.285276890,1780294858.284284592,0.0
1780294858.306820869,1780294858.306268215,0.0
1780294858.318038702,1780294858.317718744,0.0
1780294858.340605021,1780294858.340027094,0.0
1780294858.363781929,1780294858.363355637,0.0
1780294858.386692524,1780294858.386021376,0.0
1780294858.398801565,1780294858.398370266,0.0
1780294858.422878027,1780294858.421807289,0.0
1780294858.444315434,1780294858.443726301,0.0
1780294858.457697868,1780294858.457269907,0.0
1780294858.479120016,1780294858.478901148,0.0
1780294858.502917767,1780294858.502684832,0.0
1780294858.528724194,1780294858.525068760,0.0
1780294858.537802458,1780294858.537429571,0.0
1780294858.563453436,1780294858.562114239,0.0
1780294858.584807634,1780294858.584492445,0.0
1780294858.607951403,1780294858.605657816,0.0
1780294858.619840384,1780294858.619305849,0.0
1780294858.642426968,1780294858.641763210,0.0
1780294858.666835070,1780294858.664312840,0.0
1780294858.691306829,1780294858.685728788,0.0
1780294858.699409485,1780294858.697906256,0.0
1780294858.723021269,1780294858.721360683,0.0
1780294858.744434118,1780294858.742964029,0.0
1780294858.766160727,1780294858.765138626,0.0
1780294858.777342319,1780294858.776965141,0.0
1780294858.801437140,1780294858.801071405,0.0
1780294858.824624062,1780294858.823371410,0.0
1780294858.845041752,1780294858.844750881,0.0
1780294858.857348680,1780294858.857010841,0.0
1780294858.884570360,1780294858.880731821,0.0
1780294858.903223753,1780294858.902964354,0.0
1780294858.925085068,1780294858.924845457,0.0
1780294858.939767361,1780294858.939508200,0.0
1780294858.962296486,1780294858.962044477,0.0
1780294858.984523535,1780294858.983896732,0.0
1780294858.998477221,1780294858.996639252,0.0
1780294859.020243406,1780294859.019597292,0.0
1780294859.042260647,1780294859.041789055,0.0
1780294859.064820528,1780294859.063788176,0.0
1780294859.077407360,1780294859.076785088,0.0
1780294859.101456404,1780294859.101187944,0.0
1780294859.124028683,1780294859.123777390,0.0
1780294859.147178650,1780294859.146099091,0.0
1780294859.160449982,1780294859.160186052,0.0
1780294859.182737350,1780294859.182111263,0.0
1780294859.206616402,1780294859.206011534,0.0
1780294859.218210220,1780294859.218003273,0.0
1780294859.241867065,1780294859.241184235,0.0
1780294859.264873028,1780294859.264570236,0.0
1780294859.278140783,1780294859.277833700,0.0
1780294859.302084208,1780294859.301787138,0.0
1780294859.324636698,1780294859.324317217,0.0
1780294859.346299648,1780294859.345748663,0.0
1780294859.358963490,1780294859.358079433,0.0
1780294859.380752802,1780294859.379990816,0.0
1780294859.402958155,1780294859.402475834,0.0
1780294859.425732136,1780294859.424938440,0.0
1780294859.436960697,1780294859.436666250,0.0
1780294859.459391594,1780294859.459078312,0.0
1780294859.482147694,1780294859.480763674,0.0
1780294859.503072262,1780294859.502626419,0.0
1780294859.525408030,1780294859.525118113,0.0
1780294859.537094355,1780294859.536611557,0.0
1780294859.560666561,1780294859.559002399,0.0
1780294859.581503153,1780294859.580687284,0.0
1780294859.603211164,1780294859.602910995,0.0
1780294859.625154018,1780294859.624619007,0.0
1780294859.637761831,1780294859.636704206,0.0
1780294859.660062790,1780294859.659666061,0.0
1780294859.683103800,1780294859.682842731,0.013000000268220901
1780294859.697835684,1780294859.697174311,0.014999999664723873
1780294859.719706059,1780294859.719028711,0.014999999664723873
1780294859.743795633,1780294859.742598534,-0.014999999664723873
1780294859.775730371,1780294859.764689445,-0.014999999664723873
1780294859.777586937,1780294859.776765347,-0.014999999664723873
1780294859.803625107,1780294859.798625946,-0.004000000189989805
1780294859.821575165,1780294859.820834637,-0.004000000189989805
1780294859.843115568,1780294859.842670679,-0.010999999940395355
1780294859.865253210,1780294859.864756107,0.0
1780294859.877355099,1780294859.876718044,0.0
1780294859.899231434,1780294859.898721695,0.0
1780294859.921896219,1780294859.920821905,0.0
1780294859.944058895,1780294859.943274975,0.0
1780294859.965737343,1780294859.964721441,0.0
1780294859.977363586,1780294859.977012634,0.0
1780294860.000508785,1780294859.999566317,0.0
1780294860.022874594,1780294860.021713257,0.0
1780294860.044617891,1780294860.044196367,0.0
1780294860.057290554,1780294860.056830168,0.0
1780294860.080094814,1780294860.079435110,0.0
1780294860.102545500,1780294860.101762295,0.0
1780294860.126497984,1780294860.125823975,0.0
1780294860.138198137,1780294860.137934923,0.0
1780294860.164675474,1780294860.163752079,0.0
1780294860.176859140,1780294860.176523924,0.0
1780294860.206259727,1780294860.205680609,0.0
1780294860.219733715,1780294860.219399691,0.0
1780294860.242536783,1780294860.241741657,0.0
1780294860.265153885,1780294860.264348507,0.0
1780294860.286773920,1780294860.285739183,0.0
1780294860.298558474,1780294860.297742844,0.0
1780294860.327319145,1780294860.326255322,0.0
1780294860.338662624,1780294860.338258982,0.0
1780294860.360895634,1780294860.360380411,0.0
1780294860.384708881,1780294860.383082628,0.0
1780294860.411162376,1780294860.405473471,0.0
1780294860.424780846,1780294860.421757221,0.0
1780294860.444360971,1780294860.443632603,0.0
1780294860.467037916,1780294860.466235876,0.0
1780294860.487357140,1780294860.477641582,0.0
1780294860.502152443,1780294860.501805544,-0.004000000189989805
1780294860.525004387,1780294860.524199963,-0.004000000189989805
1780294860.537652016,1780294860.536318779,-0.012000000104308128
1780294860.562614679,1780294860.561957121,-0.012000000104308128
1780294860.584566593,1780294860.583681107,-0.009999999776482582
1780294860.598232031,1780294860.596513033,0.01600000075995922
1780294860.621537924,1780294860.618740559,0.01600000075995922
1780294860.643162012,1780294860.641191244,-0.0010000000474974513
1780294860.663280010,1780294860.663074017,0.0
1780294860.685798883,1780294860.685122252,0.0
1780294860.697513342,1780294860.696778536,0.0
1780294860.723552227,1780294860.720773935,0.0
1780294860.745319128,1780294860.744160652,0.0
1780294860.768555880,1780294860.766086578,0.0
1780294860.778770208,1780294860.777647734,0.0
1780294860.800238848,1780294860.799558163,0.0
1780294860.823741198,1780294860.823225498,0.0
1780294860.845239401,1780294860.844774246,0.0
1780294860.857175589,1780294860.856673002,0.0
1780294860.879336596,1780294860.878884315,0.0
1780294860.900972128,1780294860.900715590,0.0
1780294860.924572706,1780294860.924024105,0.0
1780294860.937031269,1780294860.936347246,0.0
1780294860.960430384,1780294860.958825350,0.0
1780294860.984039783,1780294860.981165886,0.0
1780294861.006446600,1780294861.003196478,0.0
1780294861.028064251,1780294861.026776075,0.0
1780294861.045599937,1780294861.044668913,0.0
1780294861.059148312,1780294861.057463646,0.0
1780294861.081292629,1780294861.079850435,0.0
1780294861.105267525,1780294861.104531765,0.0
1780294861.117520332,1780294861.117044210,0.0
1780294861.139558315,1780294861.138882160,0.0
1780294861.163562775,1780294861.162766218,0.0
1780294861.185661316,1780294861.185137033,0.0
1780294861.200995922,1780294861.198556423,0.0
1780294861.221925020,1780294861.220991611,0.0
1780294861.245863199,1780294861.244968653,0.0
1780294861.258753300,1780294861.258466959,0.0
1780294861.285734415,1780294861.285179377,0.0
1780294861.297780752,1780294861.297397614,0.0
1780294861.328815937,1780294861.325668335,0.0
1780294861.341414690,1780294861.339232206,0.0
1780294861.362615585,1780294861.362095594,0.0
1780294861.389016628,1780294861.388650417,0.0
1780294861.401170254,1780294861.400713205,0.0
1780294861.425525188,1780294861.425329208,0.0
1780294861.438740253,1780294861.438208342,0.0
1780294861.460421801,1780294861.460087776,0.0
1780294861.482140779,1780294861.481559992,0.0
1780294861.504171610,1780294861.503842354,0.0
1780294861.526358604,1780294861.525893927,0.0
1780294861.539550066,1780294861.538402319,0.0
1780294861.566070318,1780294861.560825825,0.0
1780294861.583427191,1780294861.582705975,0.0
1780294861.605141640,1780294861.604851723,0.0
1780294861.627855778,1780294861.627689600,0.0
1780294861.641296387,1780294861.639439344,0.0
1780294861.664100885,1780294861.663550377,0.0
1780294861.686129808,1780294861.685813189,0.0
1780294861.698217154,1780294861.697768688,0.0
1780294861.721330643,1780294861.720207214,0.0
1780294861.737027645,1780294861.736474514,0.0
1780294861.759223938,1780294861.758681536,0.0
1780294861.786023617,1780294861.782628059,0.0
1780294861.808421373,1780294861.807487011,0.0
1780294861.820717573,1780294861.819589376,0.0
1780294861.842793465,1780294861.841795921,0.0
1780294861.865203619,1780294861.863855600,0.0
1780294861.879667282,1780294861.878244877,0.0
1780294861.902065992,1780294861.900625706,0.004999999888241291
1780294861.924836874,1780294861.923123598,0.0010000000474974513
1780294861.945521593,1780294861.945114613,0.0010000000474974513
1780294861.963170528,1780294861.961444139,0.0
1780294861.990932703,1780294861.988105774,0.0
1780294862.001407146,1780294861.999458313,0.0
1780294862.022418499,1780294862.021861076,0.0
1780294862.048771381,1780294862.044358969,0.0
1780294862.070914745,1780294862.058876276,0.0
1780294862.081220627,1780294862.081005096,0.0
1780294862.103777409,1780294862.103511572,0.0
1780294862.117095947,1780294862.116382122,0.0
1780294862.139229774,1780294862.138961554,0.0
1780294862.162709713,1780294862.160853624,0.0
1780294862.184009552,1780294862.182806253,0.0
1780294862.208224058,1780294862.206536770,0.0
1780294862.229040146,1780294862.218667746,0.0
1780294862.240992785,1780294862.240762234,0.0
1780294862.266941309,1780294862.263153315,0.0
1780294862.284993410,1780294862.284669399,0.0
1780294862.297339201,1780294862.297078371,0.0
1780294862.323715210,1780294862.322113991,0.0
1780294862.345826387,1780294862.343581438,0.0
1780294862.368305683,1780294862.366792202,0.0
1780294862.380495787,1780294862.379863977,0.0
1780294862.403738976,1780294862.402955532,0.0
1780294862.423658371,1780294862.419630527,0.0
1780294862.446048737,1780294862.442933321,0.0
1780294862.467395067,1780294862.465266705,0.0
1780294862.480607510,1780294862.477771282,0.0
1780294862.500603914,1780294862.499812603,0.0
1780294862.522341013,1780294862.521577120,0.0
1780294862.544701338,1780294862.544254780,0.0
1780294862.558564663,1780294862.558286667,0.0
1780294862.582158089,1780294862.580291748,0.0
1780294862.610845089,1780294862.603944302,0.0
1780294862.630597115,1780294862.626151085,0.0
1780294862.639216185,1780294862.637947321,0.0
1780294862.661685705,1780294862.660204172,0.0
1780294862.683927298,1780294862.683522224,0.0
1780294862.706599236,1780294862.706118822,0.0
1780294862.734568834,1780294862.720709085,0.0
1780294862.744237661,1780294862.743838072,0.0
1780294862.761787653,1780294862.761265516,-0.013000000268220901
1780294862.785546541,1780294862.784191608,-0.0020000000949949026
1780294862.799776793,1780294862.798251152,-0.0020000000949949026
1780294862.821951866,1780294862.821729898,0.0
1780294862.849267721,1780294862.847240210,0.0
1780294862.861874819,1780294862.861472130,0.0
